ISO-10303-21;
HEADER;
/* Generated by software containing ST-Developer
 * from STEP Tools, Inc. (www.steptools.com) 
 */
/* OPTION: strings as raw bytes, not using required /X/ escapes */

FILE_DESCRIPTION(
/* description */ ('Unknown'),
/* implementation_level */ '2;1');

FILE_NAME(
/* name */ '42TM018-RC',
/* time_stamp */ '2025-05-16T11:41:01+02:00',
/* author */ ('Unknown'),
/* organization */ ('Unknown'),
/* preprocessor_version */ 'ST-DEVELOPER v19.4',
/* originating_system */ 'Solid Edge',
/* authorisation */ 'Unknown');

FILE_SCHEMA (('AUTOMOTIVE_DESIGN {1 0 10303 214 3 1 1}'));
ENDSEC;

DATA;
#10=PROPERTY_DEFINITION_REPRESENTATION(#14,#12);
#11=PROPERTY_DEFINITION_REPRESENTATION(#15,#13);
#12=REPRESENTATION('',(#16),#5699);
#13=REPRESENTATION('',(#17),#5699);
#14=PROPERTY_DEFINITION('pmi validation property','',#5704);
#15=PROPERTY_DEFINITION('pmi validation property','',#5704);
#16=VALUE_REPRESENTATION_ITEM('number of annotations',COUNT_MEASURE(0.));
#17=VALUE_REPRESENTATION_ITEM('number of views',COUNT_MEASURE(0.));
#18=SHAPE_REPRESENTATION_RELATIONSHIP('','',#3794,#19);
#19=ADVANCED_BREP_SHAPE_REPRESENTATION('',(#3792),#5699);
#20=LINE('',#4909,#296);
#21=LINE('',#4911,#297);
#22=LINE('',#4913,#298);
#23=LINE('',#4915,#299);
#24=LINE('',#4917,#300);
#25=LINE('',#4919,#301);
#26=LINE('',#4921,#302);
#27=LINE('',#4923,#303);
#28=LINE('',#4928,#304);
#29=LINE('',#4932,#305);
#30=LINE('',#4934,#306);
#31=LINE('',#4936,#307);
#32=LINE('',#4938,#308);
#33=LINE('',#4945,#309);
#34=LINE('',#4949,#310);
#35=LINE('',#4951,#311);
#36=LINE('',#4953,#312);
#37=LINE('',#4955,#313);
#38=LINE('',#4957,#314);
#39=LINE('',#4959,#315);
#40=LINE('',#4961,#316);
#41=LINE('',#4963,#317);
#42=LINE('',#4965,#318);
#43=LINE('',#4970,#319);
#44=LINE('',#4972,#320);
#45=LINE('',#4974,#321);
#46=LINE('',#4978,#322);
#47=LINE('',#4982,#323);
#48=LINE('',#4984,#324);
#49=LINE('',#4986,#325);
#50=LINE('',#4988,#326);
#51=LINE('',#4990,#327);
#52=LINE('',#4992,#328);
#53=LINE('',#4994,#329);
#54=LINE('',#4996,#330);
#55=LINE('',#4998,#331);
#56=LINE('',#5000,#332);
#57=LINE('',#5005,#333);
#58=LINE('',#5007,#334);
#59=LINE('',#5010,#335);
#60=LINE('',#5011,#336);
#61=LINE('',#5017,#337);
#62=LINE('',#5019,#338);
#63=LINE('',#5021,#339);
#64=LINE('',#5023,#340);
#65=LINE('',#5027,#341);
#66=LINE('',#5031,#342);
#67=LINE('',#5036,#343);
#68=LINE('',#5040,#344);
#69=LINE('',#5042,#345);
#70=LINE('',#5044,#346);
#71=LINE('',#5050,#347);
#72=LINE('',#5052,#348);
#73=LINE('',#5054,#349);
#74=LINE('',#5056,#350);
#75=LINE('',#5062,#351);
#76=LINE('',#5064,#352);
#77=LINE('',#5066,#353);
#78=LINE('',#5068,#354);
#79=LINE('',#5070,#355);
#80=LINE('',#5072,#356);
#81=LINE('',#5074,#357);
#82=LINE('',#5076,#358);
#83=LINE('',#5078,#359);
#84=LINE('',#5080,#360);
#85=LINE('',#5084,#361);
#86=LINE('',#5088,#362);
#87=LINE('',#5090,#363);
#88=LINE('',#5092,#364);
#89=LINE('',#5096,#365);
#90=LINE('',#5100,#366);
#91=LINE('',#5102,#367);
#92=LINE('',#5104,#368);
#93=LINE('',#5106,#369);
#94=LINE('',#5109,#370);
#95=LINE('',#5110,#371);
#96=LINE('',#5112,#372);
#97=LINE('',#5114,#373);
#98=LINE('',#5116,#374);
#99=LINE('',#5120,#375);
#100=LINE('',#5124,#376);
#101=LINE('',#5126,#377);
#102=LINE('',#5128,#378);
#103=LINE('',#5132,#379);
#104=LINE('',#5136,#380);
#105=LINE('',#5138,#381);
#106=LINE('',#5140,#382);
#107=LINE('',#5146,#383);
#108=LINE('',#5151,#384);
#109=LINE('',#5155,#385);
#110=LINE('',#5157,#386);
#111=LINE('',#5159,#387);
#112=LINE('',#5161,#388);
#113=LINE('',#5167,#389);
#114=LINE('',#5175,#390);
#115=LINE('',#5177,#391);
#116=LINE('',#5179,#392);
#117=LINE('',#5181,#393);
#118=LINE('',#5183,#394);
#119=LINE('',#5185,#395);
#120=LINE('',#5187,#396);
#121=LINE('',#5189,#397);
#122=LINE('',#5191,#398);
#123=LINE('',#5193,#399);
#124=LINE('',#5195,#400);
#125=LINE('',#5197,#401);
#126=LINE('',#5199,#402);
#127=LINE('',#5201,#403);
#128=LINE('',#5203,#404);
#129=LINE('',#5205,#405);
#130=LINE('',#5207,#406);
#131=LINE('',#5209,#407);
#132=LINE('',#5210,#408);
#133=LINE('',#5212,#409);
#134=LINE('',#5214,#410);
#135=LINE('',#5216,#411);
#136=LINE('',#5218,#412);
#137=LINE('',#5219,#413);
#138=LINE('',#5230,#414);
#139=LINE('',#5234,#415);
#140=LINE('',#5236,#416);
#141=LINE('',#5238,#417);
#142=LINE('',#5240,#418);
#143=LINE('',#5244,#419);
#144=LINE('',#5248,#420);
#145=LINE('',#5251,#421);
#146=LINE('',#5252,#422);
#147=LINE('',#5254,#423);
#148=LINE('',#5257,#424);
#149=LINE('',#5261,#425);
#150=LINE('',#5265,#426);
#151=LINE('',#5267,#427);
#152=LINE('',#5270,#428);
#153=LINE('',#5271,#429);
#154=LINE('',#5273,#430);
#155=LINE('',#5275,#431);
#156=LINE('',#5278,#432);
#157=LINE('',#5280,#433);
#158=LINE('',#5282,#434);
#159=LINE('',#5284,#435);
#160=LINE('',#5286,#436);
#161=LINE('',#5288,#437);
#162=LINE('',#5292,#438);
#163=LINE('',#5294,#439);
#164=LINE('',#5296,#440);
#165=LINE('',#5300,#441);
#166=LINE('',#5302,#442);
#167=LINE('',#5304,#443);
#168=LINE('',#5306,#444);
#169=LINE('',#5311,#445);
#170=LINE('',#5315,#446);
#171=LINE('',#5317,#447);
#172=LINE('',#5319,#448);
#173=LINE('',#5323,#449);
#174=LINE('',#5327,#450);
#175=LINE('',#5329,#451);
#176=LINE('',#5331,#452);
#177=LINE('',#5335,#453);
#178=LINE('',#5339,#454);
#179=LINE('',#5341,#455);
#180=LINE('',#5343,#456);
#181=LINE('',#5345,#457);
#182=LINE('',#5348,#458);
#183=LINE('',#5349,#459);
#184=LINE('',#5351,#460);
#185=LINE('',#5353,#461);
#186=LINE('',#5355,#462);
#187=LINE('',#5359,#463);
#188=LINE('',#5363,#464);
#189=LINE('',#5365,#465);
#190=LINE('',#5367,#466);
#191=LINE('',#5371,#467);
#192=LINE('',#5375,#468);
#193=LINE('',#5377,#469);
#194=LINE('',#5379,#470);
#195=LINE('',#5381,#471);
#196=LINE('',#5383,#472);
#197=LINE('',#5385,#473);
#198=LINE('',#5387,#474);
#199=LINE('',#5390,#475);
#200=LINE('',#5391,#476);
#201=LINE('',#5393,#477);
#202=LINE('',#5399,#478);
#203=LINE('',#5402,#479);
#204=LINE('',#5403,#480);
#205=LINE('',#5405,#481);
#206=LINE('',#5411,#482);
#207=LINE('',#5414,#483);
#208=LINE('',#5415,#484);
#209=LINE('',#5421,#485);
#210=LINE('',#5453,#486);
#211=LINE('',#5455,#487);
#212=LINE('',#5457,#488);
#213=LINE('',#5459,#489);
#214=LINE('',#5461,#490);
#215=LINE('',#5463,#491);
#216=LINE('',#5465,#492);
#217=LINE('',#5467,#493);
#218=LINE('',#5469,#494);
#219=LINE('',#5471,#495);
#220=LINE('',#5473,#496);
#221=LINE('',#5474,#497);
#222=LINE('',#5476,#498);
#223=LINE('',#5478,#499);
#224=LINE('',#5480,#500);
#225=LINE('',#5481,#501);
#226=LINE('',#5483,#502);
#227=LINE('',#5485,#503);
#228=LINE('',#5488,#504);
#229=LINE('',#5489,#505);
#230=LINE('',#5491,#506);
#231=LINE('',#5495,#507);
#232=LINE('',#5499,#508);
#233=LINE('',#5501,#509);
#234=LINE('',#5503,#510);
#235=LINE('',#5505,#511);
#236=LINE('',#5508,#512);
#237=LINE('',#5510,#513);
#238=LINE('',#5512,#514);
#239=LINE('',#5513,#515);
#240=LINE('',#5515,#516);
#241=LINE('',#5518,#517);
#242=LINE('',#5520,#518);
#243=LINE('',#5522,#519);
#244=LINE('',#5526,#520);
#245=LINE('',#5530,#521);
#246=LINE('',#5532,#522);
#247=LINE('',#5534,#523);
#248=LINE('',#5541,#524);
#249=LINE('',#5545,#525);
#250=LINE('',#5547,#526);
#251=LINE('',#5549,#527);
#252=LINE('',#5551,#528);
#253=LINE('',#5553,#529);
#254=LINE('',#5555,#530);
#255=LINE('',#5557,#531);
#256=LINE('',#5559,#532);
#257=LINE('',#5561,#533);
#258=LINE('',#5563,#534);
#259=LINE('',#5568,#535);
#260=LINE('',#5570,#536);
#261=LINE('',#5574,#537);
#262=LINE('',#5578,#538);
#263=LINE('',#5580,#539);
#264=LINE('',#5582,#540);
#265=LINE('',#5584,#541);
#266=LINE('',#5586,#542);
#267=LINE('',#5588,#543);
#268=LINE('',#5590,#544);
#269=LINE('',#5595,#545);
#270=LINE('',#5599,#546);
#271=LINE('',#5601,#547);
#272=LINE('',#5603,#548);
#273=LINE('',#5605,#549);
#274=LINE('',#5607,#550);
#275=LINE('',#5609,#551);
#276=LINE('',#5610,#552);
#277=LINE('',#5611,#553);
#278=LINE('',#5613,#554);
#279=LINE('',#5615,#555);
#280=LINE('',#5619,#556);
#281=LINE('',#5621,#557);
#282=LINE('',#5623,#558);
#283=LINE('',#5627,#559);
#284=LINE('',#5629,#560);
#285=LINE('',#5631,#561);
#286=LINE('',#5633,#562);
#287=LINE('',#5635,#563);
#288=LINE('',#5639,#564);
#289=LINE('',#5643,#565);
#290=LINE('',#5645,#566);
#291=LINE('',#5647,#567);
#292=LINE('',#5651,#568);
#293=LINE('',#5655,#569);
#294=LINE('',#5656,#570);
#295=LINE('',#5660,#571);
#296=VECTOR('',#4101,1000.);
#297=VECTOR('',#4102,1000.);
#298=VECTOR('',#4103,1000.);
#299=VECTOR('',#4106,1000.);
#300=VECTOR('',#4107,1000.);
#301=VECTOR('',#4108,1000.);
#302=VECTOR('',#4109,1000.);
#303=VECTOR('',#4110,1000.);
#304=VECTOR('',#4115,1000.);
#305=VECTOR('',#4118,1000.);
#306=VECTOR('',#4121,1000.);
#307=VECTOR('',#4122,1000.);
#308=VECTOR('',#4123,1000.);
#309=VECTOR('',#4134,1000.);
#310=VECTOR('',#4139,1000.);
#311=VECTOR('',#4140,1000.);
#312=VECTOR('',#4141,1000.);
#313=VECTOR('',#4144,1000.);
#314=VECTOR('',#4145,1000.);
#315=VECTOR('',#4146,1000.);
#316=VECTOR('',#4149,1000.);
#317=VECTOR('',#4150,1000.);
#318=VECTOR('',#4151,1000.);
#319=VECTOR('',#4158,1000.);
#320=VECTOR('',#4161,1000.);
#321=VECTOR('',#4162,1000.);
#322=VECTOR('',#4167,1000.);
#323=VECTOR('',#4172,1000.);
#324=VECTOR('',#4173,1000.);
#325=VECTOR('',#4174,1000.);
#326=VECTOR('',#4177,1000.);
#327=VECTOR('',#4178,1000.);
#328=VECTOR('',#4179,1000.);
#329=VECTOR('',#4182,1000.);
#330=VECTOR('',#4183,1000.);
#331=VECTOR('',#4184,1000.);
#332=VECTOR('',#4187,1000.);
#333=VECTOR('',#4192,1000.);
#334=VECTOR('',#4195,1000.);
#335=VECTOR('',#4196,1000.);
#336=VECTOR('',#4197,1000.);
#337=VECTOR('',#4204,1000.);
#338=VECTOR('',#4207,1000.);
#339=VECTOR('',#4208,1000.);
#340=VECTOR('',#4209,1000.);
#341=VECTOR('',#4214,1000.);
#342=VECTOR('',#4219,1000.);
#343=VECTOR('',#4222,1000.);
#344=VECTOR('',#4227,1000.);
#345=VECTOR('',#4228,1000.);
#346=VECTOR('',#4229,1000.);
#347=VECTOR('',#4236,1000.);
#348=VECTOR('',#4239,1000.);
#349=VECTOR('',#4240,1000.);
#350=VECTOR('',#4241,1000.);
#351=VECTOR('',#4248,1000.);
#352=VECTOR('',#4251,1000.);
#353=VECTOR('',#4252,1000.);
#354=VECTOR('',#4253,1000.);
#355=VECTOR('',#4256,1000.);
#356=VECTOR('',#4257,1000.);
#357=VECTOR('',#4258,1000.);
#358=VECTOR('',#4261,1000.);
#359=VECTOR('',#4262,1000.);
#360=VECTOR('',#4263,1000.);
#361=VECTOR('',#4268,1000.);
#362=VECTOR('',#4273,1000.);
#363=VECTOR('',#4274,1000.);
#364=VECTOR('',#4275,1000.);
#365=VECTOR('',#4280,1000.);
#366=VECTOR('',#4285,1000.);
#367=VECTOR('',#4286,1000.);
#368=VECTOR('',#4287,1000.);
#369=VECTOR('',#4290,1000.);
#370=VECTOR('',#4291,1000.);
#371=VECTOR('',#4292,1000.);
#372=VECTOR('',#4295,1000.);
#373=VECTOR('',#4296,1000.);
#374=VECTOR('',#4297,1000.);
#375=VECTOR('',#4302,1000.);
#376=VECTOR('',#4307,1000.);
#377=VECTOR('',#4308,1000.);
#378=VECTOR('',#4309,1000.);
#379=VECTOR('',#4314,1000.);
#380=VECTOR('',#4319,1000.);
#381=VECTOR('',#4320,1000.);
#382=VECTOR('',#4321,1000.);
#383=VECTOR('',#4328,1000.);
#384=VECTOR('',#4333,1000.);
#385=VECTOR('',#4336,1000.);
#386=VECTOR('',#4339,1000.);
#387=VECTOR('',#4340,1000.);
#388=VECTOR('',#4341,1000.);
#389=VECTOR('',#4348,1000.);
#390=VECTOR('',#4359,1000.);
#391=VECTOR('',#4360,1000.);
#392=VECTOR('',#4361,1000.);
#393=VECTOR('',#4364,1000.);
#394=VECTOR('',#4365,1000.);
#395=VECTOR('',#4368,1000.);
#396=VECTOR('',#4369,1000.);
#397=VECTOR('',#4372,1000.);
#398=VECTOR('',#4373,1000.);
#399=VECTOR('',#4374,1000.);
#400=VECTOR('',#4377,1000.);
#401=VECTOR('',#4378,1000.);
#402=VECTOR('',#4379,1000.);
#403=VECTOR('',#4382,1000.);
#404=VECTOR('',#4383,1000.);
#405=VECTOR('',#4386,1000.);
#406=VECTOR('',#4387,1000.);
#407=VECTOR('',#4390,1000.);
#408=VECTOR('',#4391,1000.);
#409=VECTOR('',#4392,1000.);
#410=VECTOR('',#4395,1000.);
#411=VECTOR('',#4396,1000.);
#412=VECTOR('',#4399,1000.);
#413=VECTOR('',#4400,1000.);
#414=VECTOR('',#4413,1000.);
#415=VECTOR('',#4416,1000.);
#416=VECTOR('',#4419,1000.);
#417=VECTOR('',#4420,1000.);
#418=VECTOR('',#4421,1000.);
#419=VECTOR('',#4426,1000.);
#420=VECTOR('',#4431,1000.);
#421=VECTOR('',#4432,1000.);
#422=VECTOR('',#4433,1000.);
#423=VECTOR('',#4436,1000.);
#424=VECTOR('',#4437,1000.);
#425=VECTOR('',#4440,1000.);
#426=VECTOR('',#4443,1000.);
#427=VECTOR('',#4446,1000.);
#428=VECTOR('',#4447,1000.);
#429=VECTOR('',#4448,1000.);
#430=VECTOR('',#4451,1000.);
#431=VECTOR('',#4454,1000.);
#432=VECTOR('',#4455,1000.);
#433=VECTOR('',#4456,1000.);
#434=VECTOR('',#4457,1000.);
#435=VECTOR('',#4460,1000.);
#436=VECTOR('',#4461,1000.);
#437=VECTOR('',#4462,1000.);
#438=VECTOR('',#4467,1000.);
#439=VECTOR('',#4470,1000.);
#440=VECTOR('',#4471,1000.);
#441=VECTOR('',#4476,1000.);
#442=VECTOR('',#4479,1000.);
#443=VECTOR('',#4480,1000.);
#444=VECTOR('',#4483,1000.);
#445=VECTOR('',#4486,1000.);
#446=VECTOR('',#4491,1000.);
#447=VECTOR('',#4492,1000.);
#448=VECTOR('',#4493,1000.);
#449=VECTOR('',#4498,1000.);
#450=VECTOR('',#4503,1000.);
#451=VECTOR('',#4504,1000.);
#452=VECTOR('',#4505,1000.);
#453=VECTOR('',#4510,1000.);
#454=VECTOR('',#4515,1000.);
#455=VECTOR('',#4516,1000.);
#456=VECTOR('',#4517,1000.);
#457=VECTOR('',#4520,1000.);
#458=VECTOR('',#4521,1000.);
#459=VECTOR('',#4522,1000.);
#460=VECTOR('',#4525,1000.);
#461=VECTOR('',#4526,1000.);
#462=VECTOR('',#4527,1000.);
#463=VECTOR('',#4532,1000.);
#464=VECTOR('',#4537,1000.);
#465=VECTOR('',#4538,1000.);
#466=VECTOR('',#4539,1000.);
#467=VECTOR('',#4544,1000.);
#468=VECTOR('',#4549,1000.);
#469=VECTOR('',#4550,1000.);
#470=VECTOR('',#4551,1000.);
#471=VECTOR('',#4554,1000.);
#472=VECTOR('',#4555,1000.);
#473=VECTOR('',#4556,1000.);
#474=VECTOR('',#4559,1000.);
#475=VECTOR('',#4560,1000.);
#476=VECTOR('',#4561,1000.);
#477=VECTOR('',#4564,1000.);
#478=VECTOR('',#4571,1000.);
#479=VECTOR('',#4572,1000.);
#480=VECTOR('',#4573,1000.);
#481=VECTOR('',#4576,1000.);
#482=VECTOR('',#4583,1000.);
#483=VECTOR('',#4584,1000.);
#484=VECTOR('',#4585,1000.);
#485=VECTOR('',#4592,1000.);
#486=VECTOR('',#4605,1000.);
#487=VECTOR('',#4606,1000.);
#488=VECTOR('',#4607,1000.);
#489=VECTOR('',#4610,1000.);
#490=VECTOR('',#4611,1000.);
#491=VECTOR('',#4614,1000.);
#492=VECTOR('',#4615,1000.);
#493=VECTOR('',#4618,1000.);
#494=VECTOR('',#4619,1000.);
#495=VECTOR('',#4620,1000.);
#496=VECTOR('',#4623,1000.);
#497=VECTOR('',#4624,1000.);
#498=VECTOR('',#4625,1000.);
#499=VECTOR('',#4628,1000.);
#500=VECTOR('',#4629,1000.);
#501=VECTOR('',#4630,1000.);
#502=VECTOR('',#4633,1000.);
#503=VECTOR('',#4636,1000.);
#504=VECTOR('',#4637,1000.);
#505=VECTOR('',#4638,1000.);
#506=VECTOR('',#4639,1000.);
#507=VECTOR('',#4642,1000.);
#508=VECTOR('',#4647,1000.);
#509=VECTOR('',#4648,1000.);
#510=VECTOR('',#4649,1000.);
#511=VECTOR('',#4652,1000.);
#512=VECTOR('',#4653,1000.);
#513=VECTOR('',#4654,1000.);
#514=VECTOR('',#4655,1000.);
#515=VECTOR('',#4656,1000.);
#516=VECTOR('',#4659,1000.);
#517=VECTOR('',#4660,1000.);
#518=VECTOR('',#4661,1000.);
#519=VECTOR('',#4662,1000.);
#520=VECTOR('',#4667,1000.);
#521=VECTOR('',#4672,1000.);
#522=VECTOR('',#4673,1000.);
#523=VECTOR('',#4674,1000.);
#524=VECTOR('',#4685,1000.);
#525=VECTOR('',#4690,1000.);
#526=VECTOR('',#4691,1000.);
#527=VECTOR('',#4692,1000.);
#528=VECTOR('',#4695,1000.);
#529=VECTOR('',#4696,1000.);
#530=VECTOR('',#4697,1000.);
#531=VECTOR('',#4700,1000.);
#532=VECTOR('',#4701,1000.);
#533=VECTOR('',#4702,1000.);
#534=VECTOR('',#4705,1000.);
#535=VECTOR('',#4712,1000.);
#536=VECTOR('',#4713,1000.);
#537=VECTOR('',#4718,1000.);
#538=VECTOR('',#4723,1000.);
#539=VECTOR('',#4724,1000.);
#540=VECTOR('',#4725,1000.);
#541=VECTOR('',#4728,1000.);
#542=VECTOR('',#4729,1000.);
#543=VECTOR('',#4730,1000.);
#544=VECTOR('',#4733,1000.);
#545=VECTOR('',#4736,1000.);
#546=VECTOR('',#4741,1000.);
#547=VECTOR('',#4742,1000.);
#548=VECTOR('',#4743,1000.);
#549=VECTOR('',#4746,1000.);
#550=VECTOR('',#4747,1000.);
#551=VECTOR('',#4748,1000.);
#552=VECTOR('',#4749,1000.);
#553=VECTOR('',#4750,1000.);
#554=VECTOR('',#4753,1000.);
#555=VECTOR('',#4754,1000.);
#556=VECTOR('',#4759,1000.);
#557=VECTOR('',#4762,1000.);
#558=VECTOR('',#4763,1000.);
#559=VECTOR('',#4768,1000.);
#560=VECTOR('',#4771,1000.);
#561=VECTOR('',#4774,1000.);
#562=VECTOR('',#4775,1000.);
#563=VECTOR('',#4776,1000.);
#564=VECTOR('',#4781,1000.);
#565=VECTOR('',#4784,1000.);
#566=VECTOR('',#4787,1000.);
#567=VECTOR('',#4788,1000.);
#568=VECTOR('',#4793,1000.);
#569=VECTOR('',#4798,1000.);
#570=VECTOR('',#4799,1000.);
#571=VECTOR('',#4802,1000.);
#572=DRAUGHTING_PRE_DEFINED_COLOUR('white');
#573=TOROIDAL_SURFACE('',#3805,0.367534665031501,0.2286);
#574=TOROIDAL_SURFACE('',#3807,0.367534665031501,0.2286);
#575=TOROIDAL_SURFACE('',#3809,0.367534665031501,0.2286);
#576=TOROIDAL_SURFACE('',#3914,0.367534665031501,0.2286);
#577=TOROIDAL_SURFACE('',#3916,0.367534665031501,0.2286);
#578=TOROIDAL_SURFACE('',#4042,0.367534665031501,0.2286);
#579=B_SPLINE_CURVE_WITH_KNOTS('',3,(#4832,#4833,#4834,#4835,#4836,#4837,
#4838),.UNSPECIFIED.,.T.,.F.,(1,1,1,1,1,1,1,1,1,1,1),(-0.25,0.,0.25,0.5,
0.75,1.,1.25,1.5,1.75,2.,2.25),.UNSPECIFIED.);
#580=B_SPLINE_CURVE_WITH_KNOTS('',3,(#4841,#4842,#4843,#4844,#4845,#4846,
#4847),.UNSPECIFIED.,.T.,.F.,(1,1,1,1,1,1,1,1,1,1,1),(-0.25,0.,0.25,0.5,
0.75,1.,1.25,1.5,1.75,2.,2.25),.UNSPECIFIED.);
#581=B_SPLINE_CURVE_WITH_KNOTS('',3,(#4850,#4851,#4852,#4853,#4854,#4855,
#4856),.UNSPECIFIED.,.T.,.F.,(1,1,1,1,1,1,1,1,1,1,1),(-0.25,0.,0.25,0.5,
0.75,1.,1.25,1.5,1.75,2.,2.25),.UNSPECIFIED.);
#582=B_SPLINE_CURVE_WITH_KNOTS('',3,(#4868,#4869,#4870,#4871,#4872),
 .UNSPECIFIED.,.F.,.F.,(4,1,4),(0.,0.000382843945217283,0.000765687890434565),
 .UNSPECIFIED.);
#583=B_SPLINE_CURVE_WITH_KNOTS('',3,(#4877,#4878,#4879,#4880,#4881),
 .UNSPECIFIED.,.F.,.F.,(4,1,4),(2.71050543121376E-20,0.000324522353566177,
0.000649044707132355),.UNSPECIFIED.);
#584=B_SPLINE_CURVE_WITH_KNOTS('',3,(#4886,#4887,#4888,#4889,#4890),
 .UNSPECIFIED.,.F.,.F.,(4,1,4),(6.94567016748526E-20,0.000365840326255542,
0.000731680652511083),.UNSPECIFIED.);
#585=B_SPLINE_CURVE_WITH_KNOTS('',3,(#4894,#4895,#4896,#4897,#4898),
 .UNSPECIFIED.,.F.,.F.,(4,1,4),(0.,0.000369392592496563,0.000738785184993126),
 .UNSPECIFIED.);
#586=B_SPLINE_CURVE_WITH_KNOTS('',3,(#5426,#5427,#5428,#5429,#5430,#5431,
#5432,#5433,#5434),.UNSPECIFIED.,.F.,.F.,(4,1,1,1,1,1,4),(0.,0.25,0.375,
0.5,0.625,0.75,1.),.UNSPECIFIED.);
#587=B_SPLINE_CURVE_WITH_KNOTS('',3,(#5436,#5437,#5438,#5439,#5440),
 .UNSPECIFIED.,.F.,.F.,(4,1,4),(1.21972744404619E-19,0.000324522353566177,
0.000649044707132355),.UNSPECIFIED.);
#588=B_SPLINE_CURVE_WITH_KNOTS('',3,(#5445,#5446,#5447,#5448,#5449),
 .UNSPECIFIED.,.F.,.F.,(4,1,4),(0.,0.000365840326255542,0.000731680652511083),
 .UNSPECIFIED.);
#589=B_SPLINE_CURVE_WITH_KNOTS('',3,(#5663,#5664,#5665,#5666),
 .UNSPECIFIED.,.F.,.F.,(4,4),(0.,1.39529833533905E-5),.UNSPECIFIED.);
#590=B_SPLINE_CURVE_WITH_KNOTS('',3,(#5668,#5669,#5670,#5671),
 .UNSPECIFIED.,.F.,.F.,(4,4),(0.,1.),.UNSPECIFIED.);
#591=B_SPLINE_CURVE_WITH_KNOTS('',3,(#5673,#5674,#5675,#5676,#5677),
 .UNSPECIFIED.,.F.,.F.,(4,1,4),(2.84181343179011E-5,0.00038283112071335,
0.000737244107108798),.UNSPECIFIED.);
#592=B_SPLINE_CURVE_WITH_KNOTS('',3,(#5679,#5680,#5681,#5682),
 .UNSPECIFIED.,.F.,.F.,(4,4),(0.,1.),.UNSPECIFIED.);
#593=B_SPLINE_CURVE_WITH_KNOTS('',3,(#5684,#5685,#5686,#5687),
 .UNSPECIFIED.,.F.,.F.,(4,4),(0.,1.39526907023806E-5),.UNSPECIFIED.);
#594=CYLINDRICAL_SURFACE('',#3802,0.2286);
#595=CYLINDRICAL_SURFACE('',#3803,0.2286);
#596=CYLINDRICAL_SURFACE('',#3804,0.2286);
#597=CYLINDRICAL_SURFACE('',#3811,0.2286);
#598=CYLINDRICAL_SURFACE('',#3813,0.2286);
#599=CYLINDRICAL_SURFACE('',#3816,0.2286);
#600=CYLINDRICAL_SURFACE('',#3824,2.02500000000001);
#601=CYLINDRICAL_SURFACE('',#3828,0.766703967780949);
#602=CYLINDRICAL_SURFACE('',#3831,0.716751906620069);
#603=CYLINDRICAL_SURFACE('',#3837,0.765148466651116);
#604=CYLINDRICAL_SURFACE('',#3841,0.724738349071727);
#605=CYLINDRICAL_SURFACE('',#3847,0.716751906620069);
#606=CYLINDRICAL_SURFACE('',#3851,0.766703967780949);
#607=CYLINDRICAL_SURFACE('',#3855,2.02500000000001);
#608=CYLINDRICAL_SURFACE('',#3858,2.02500000000001);
#609=CYLINDRICAL_SURFACE('',#3862,0.766703967780949);
#610=CYLINDRICAL_SURFACE('',#3866,0.716751906620069);
#611=CYLINDRICAL_SURFACE('',#3872,0.724738349071727);
#612=CYLINDRICAL_SURFACE('',#3876,0.765148466651116);
#613=CYLINDRICAL_SURFACE('',#3882,0.716751906620069);
#614=CYLINDRICAL_SURFACE('',#3886,0.766703967780949);
#615=CYLINDRICAL_SURFACE('',#3890,2.02500000000001);
#616=CYLINDRICAL_SURFACE('',#3893,2.02500000000001);
#617=CYLINDRICAL_SURFACE('',#3897,2.02500000000001);
#618=CYLINDRICAL_SURFACE('',#3900,0.2286);
#619=CYLINDRICAL_SURFACE('',#3902,0.2286);
#620=CYLINDRICAL_SURFACE('',#3918,0.6604);
#621=CYLINDRICAL_SURFACE('',#3922,0.6604);
#622=CYLINDRICAL_SURFACE('',#3933,0.6604);
#623=CYLINDRICAL_SURFACE('',#3936,0.6604);
#624=CYLINDRICAL_SURFACE('',#3939,2.02500000000001);
#625=CYLINDRICAL_SURFACE('',#3943,0.766703967780949);
#626=CYLINDRICAL_SURFACE('',#3947,0.716751906620069);
#627=CYLINDRICAL_SURFACE('',#3953,0.765148466651116);
#628=CYLINDRICAL_SURFACE('',#3957,0.724738349071727);
#629=CYLINDRICAL_SURFACE('',#3963,0.716751906620069);
#630=CYLINDRICAL_SURFACE('',#3967,0.766703967780949);
#631=CYLINDRICAL_SURFACE('',#3971,2.02500000000001);
#632=CYLINDRICAL_SURFACE('',#3974,0.2286);
#633=CYLINDRICAL_SURFACE('',#3976,0.2286);
#634=CYLINDRICAL_SURFACE('',#3992,2.02500000000001);
#635=CYLINDRICAL_SURFACE('',#3996,0.766703967780949);
#636=CYLINDRICAL_SURFACE('',#3999,0.716751906620069);
#637=CYLINDRICAL_SURFACE('',#4005,0.724738349071727);
#638=CYLINDRICAL_SURFACE('',#4009,0.765148466651116);
#639=CYLINDRICAL_SURFACE('',#4014,2.02500000000001);
#640=CYLINDRICAL_SURFACE('',#4020,2.02500000000001);
#641=CYLINDRICAL_SURFACE('',#4023,2.02500000000001);
#642=CYLINDRICAL_SURFACE('',#4036,0.766703967780949);
#643=CYLINDRICAL_SURFACE('',#4037,0.716751906620069);
#644=CYLINDRICAL_SURFACE('',#4040,0.2286);
#645=CYLINDRICAL_SURFACE('',#4044,0.2286);
#646=ORIENTED_EDGE('',*,*,#1434,.F.);
#647=ORIENTED_EDGE('',*,*,#1435,.F.);
#648=ORIENTED_EDGE('',*,*,#1436,.F.);
#649=ORIENTED_EDGE('',*,*,#1434,.T.);
#650=ORIENTED_EDGE('',*,*,#1437,.F.);
#651=ORIENTED_EDGE('',*,*,#1435,.T.);
#652=ORIENTED_EDGE('',*,*,#1438,.F.);
#653=ORIENTED_EDGE('',*,*,#1436,.T.);
#654=ORIENTED_EDGE('',*,*,#1439,.F.);
#655=ORIENTED_EDGE('',*,*,#1437,.T.);
#656=ORIENTED_EDGE('',*,*,#1440,.T.);
#657=ORIENTED_EDGE('',*,*,#1438,.T.);
#658=ORIENTED_EDGE('',*,*,#1441,.T.);
#659=ORIENTED_EDGE('',*,*,#1439,.T.);
#660=ORIENTED_EDGE('',*,*,#1442,.T.);
#661=ORIENTED_EDGE('',*,*,#1443,.T.);
#662=ORIENTED_EDGE('',*,*,#1444,.T.);
#663=ORIENTED_EDGE('',*,*,#1440,.F.);
#664=ORIENTED_EDGE('',*,*,#1441,.F.);
#665=ORIENTED_EDGE('',*,*,#1445,.T.);
#666=ORIENTED_EDGE('',*,*,#1446,.T.);
#667=ORIENTED_EDGE('',*,*,#1447,.T.);
#668=ORIENTED_EDGE('',*,*,#1448,.T.);
#669=ORIENTED_EDGE('',*,*,#1442,.F.);
#670=ORIENTED_EDGE('',*,*,#1449,.F.);
#671=ORIENTED_EDGE('',*,*,#1450,.T.);
#672=ORIENTED_EDGE('',*,*,#1451,.T.);
#673=ORIENTED_EDGE('',*,*,#1452,.T.);
#674=ORIENTED_EDGE('',*,*,#1446,.F.);
#675=ORIENTED_EDGE('',*,*,#1453,.T.);
#676=ORIENTED_EDGE('',*,*,#1454,.F.);
#677=ORIENTED_EDGE('',*,*,#1455,.F.);
#678=ORIENTED_EDGE('',*,*,#1444,.F.);
#679=ORIENTED_EDGE('',*,*,#1456,.T.);
#680=ORIENTED_EDGE('',*,*,#1457,.F.);
#681=ORIENTED_EDGE('',*,*,#1458,.F.);
#682=ORIENTED_EDGE('',*,*,#1459,.F.);
#683=ORIENTED_EDGE('',*,*,#1460,.T.);
#684=ORIENTED_EDGE('',*,*,#1461,.F.);
#685=ORIENTED_EDGE('',*,*,#1462,.T.);
#686=ORIENTED_EDGE('',*,*,#1463,.F.);
#687=ORIENTED_EDGE('',*,*,#1464,.F.);
#688=ORIENTED_EDGE('',*,*,#1462,.F.);
#689=ORIENTED_EDGE('',*,*,#1465,.F.);
#690=ORIENTED_EDGE('',*,*,#1466,.T.);
#691=ORIENTED_EDGE('',*,*,#1467,.F.);
#692=ORIENTED_EDGE('',*,*,#1458,.T.);
#693=ORIENTED_EDGE('',*,*,#1468,.F.);
#694=ORIENTED_EDGE('',*,*,#1466,.F.);
#695=ORIENTED_EDGE('',*,*,#1469,.F.);
#696=ORIENTED_EDGE('',*,*,#1456,.F.);
#697=ORIENTED_EDGE('',*,*,#1443,.F.);
#698=ORIENTED_EDGE('',*,*,#1460,.F.);
#699=ORIENTED_EDGE('',*,*,#1470,.F.);
#700=ORIENTED_EDGE('',*,*,#1471,.T.);
#701=ORIENTED_EDGE('',*,*,#1472,.F.);
#702=ORIENTED_EDGE('',*,*,#1471,.F.);
#703=ORIENTED_EDGE('',*,*,#1473,.F.);
#704=ORIENTED_EDGE('',*,*,#1474,.T.);
#705=ORIENTED_EDGE('',*,*,#1475,.F.);
#706=ORIENTED_EDGE('',*,*,#1474,.F.);
#707=ORIENTED_EDGE('',*,*,#1476,.T.);
#708=ORIENTED_EDGE('',*,*,#1477,.T.);
#709=ORIENTED_EDGE('',*,*,#1478,.F.);
#710=ORIENTED_EDGE('',*,*,#1477,.F.);
#711=ORIENTED_EDGE('',*,*,#1479,.F.);
#712=ORIENTED_EDGE('',*,*,#1480,.T.);
#713=ORIENTED_EDGE('',*,*,#1481,.F.);
#714=ORIENTED_EDGE('',*,*,#1447,.F.);
#715=ORIENTED_EDGE('',*,*,#1455,.T.);
#716=ORIENTED_EDGE('',*,*,#1482,.F.);
#717=ORIENTED_EDGE('',*,*,#1480,.F.);
#718=ORIENTED_EDGE('',*,*,#1483,.F.);
#719=ORIENTED_EDGE('',*,*,#1484,.T.);
#720=ORIENTED_EDGE('',*,*,#1448,.F.);
#721=ORIENTED_EDGE('',*,*,#1484,.F.);
#722=ORIENTED_EDGE('',*,*,#1485,.F.);
#723=ORIENTED_EDGE('',*,*,#1486,.T.);
#724=ORIENTED_EDGE('',*,*,#1445,.F.);
#725=ORIENTED_EDGE('',*,*,#1486,.F.);
#726=ORIENTED_EDGE('',*,*,#1487,.F.);
#727=ORIENTED_EDGE('',*,*,#1488,.T.);
#728=ORIENTED_EDGE('',*,*,#1489,.F.);
#729=ORIENTED_EDGE('',*,*,#1453,.F.);
#730=ORIENTED_EDGE('',*,*,#1488,.F.);
#731=ORIENTED_EDGE('',*,*,#1490,.F.);
#732=ORIENTED_EDGE('',*,*,#1491,.T.);
#733=ORIENTED_EDGE('',*,*,#1492,.F.);
#734=ORIENTED_EDGE('',*,*,#1493,.T.);
#735=ORIENTED_EDGE('',*,*,#1494,.T.);
#736=ORIENTED_EDGE('',*,*,#1495,.F.);
#737=ORIENTED_EDGE('',*,*,#1491,.F.);
#738=ORIENTED_EDGE('',*,*,#1496,.T.);
#739=ORIENTED_EDGE('',*,*,#1494,.F.);
#740=ORIENTED_EDGE('',*,*,#1497,.T.);
#741=ORIENTED_EDGE('',*,*,#1498,.T.);
#742=ORIENTED_EDGE('',*,*,#1449,.T.);
#743=ORIENTED_EDGE('',*,*,#1499,.T.);
#744=ORIENTED_EDGE('',*,*,#1500,.T.);
#745=ORIENTED_EDGE('',*,*,#1498,.F.);
#746=ORIENTED_EDGE('',*,*,#1501,.T.);
#747=ORIENTED_EDGE('',*,*,#1502,.T.);
#748=ORIENTED_EDGE('',*,*,#1503,.T.);
#749=ORIENTED_EDGE('',*,*,#1504,.T.);
#750=ORIENTED_EDGE('',*,*,#1499,.F.);
#751=ORIENTED_EDGE('',*,*,#1450,.F.);
#752=ORIENTED_EDGE('',*,*,#1502,.F.);
#753=ORIENTED_EDGE('',*,*,#1505,.T.);
#754=ORIENTED_EDGE('',*,*,#1506,.T.);
#755=ORIENTED_EDGE('',*,*,#1503,.F.);
#756=ORIENTED_EDGE('',*,*,#1507,.T.);
#757=ORIENTED_EDGE('',*,*,#1508,.T.);
#758=ORIENTED_EDGE('',*,*,#1509,.T.);
#759=ORIENTED_EDGE('',*,*,#1508,.F.);
#760=ORIENTED_EDGE('',*,*,#1510,.T.);
#761=ORIENTED_EDGE('',*,*,#1511,.T.);
#762=ORIENTED_EDGE('',*,*,#1511,.F.);
#763=ORIENTED_EDGE('',*,*,#1512,.F.);
#764=ORIENTED_EDGE('',*,*,#1513,.F.);
#765=ORIENTED_EDGE('',*,*,#1514,.F.);
#766=ORIENTED_EDGE('',*,*,#1515,.F.);
#767=ORIENTED_EDGE('',*,*,#1516,.F.);
#768=ORIENTED_EDGE('',*,*,#1517,.F.);
#769=ORIENTED_EDGE('',*,*,#1518,.F.);
#770=ORIENTED_EDGE('',*,*,#1519,.T.);
#771=ORIENTED_EDGE('',*,*,#1515,.T.);
#772=ORIENTED_EDGE('',*,*,#1520,.T.);
#773=ORIENTED_EDGE('',*,*,#1521,.F.);
#774=ORIENTED_EDGE('',*,*,#1522,.T.);
#775=ORIENTED_EDGE('',*,*,#1521,.T.);
#776=ORIENTED_EDGE('',*,*,#1523,.T.);
#777=ORIENTED_EDGE('',*,*,#1524,.F.);
#778=ORIENTED_EDGE('',*,*,#1525,.T.);
#779=ORIENTED_EDGE('',*,*,#1524,.T.);
#780=ORIENTED_EDGE('',*,*,#1526,.T.);
#781=ORIENTED_EDGE('',*,*,#1527,.F.);
#782=ORIENTED_EDGE('',*,*,#1528,.T.);
#783=ORIENTED_EDGE('',*,*,#1527,.T.);
#784=ORIENTED_EDGE('',*,*,#1529,.T.);
#785=ORIENTED_EDGE('',*,*,#1530,.F.);
#786=ORIENTED_EDGE('',*,*,#1531,.T.);
#787=ORIENTED_EDGE('',*,*,#1530,.T.);
#788=ORIENTED_EDGE('',*,*,#1532,.T.);
#789=ORIENTED_EDGE('',*,*,#1533,.F.);
#790=ORIENTED_EDGE('',*,*,#1534,.T.);
#791=ORIENTED_EDGE('',*,*,#1533,.T.);
#792=ORIENTED_EDGE('',*,*,#1535,.F.);
#793=ORIENTED_EDGE('',*,*,#1536,.F.);
#794=ORIENTED_EDGE('',*,*,#1536,.T.);
#795=ORIENTED_EDGE('',*,*,#1537,.F.);
#796=ORIENTED_EDGE('',*,*,#1538,.F.);
#797=ORIENTED_EDGE('',*,*,#1539,.F.);
#798=ORIENTED_EDGE('',*,*,#1538,.T.);
#799=ORIENTED_EDGE('',*,*,#1540,.F.);
#800=ORIENTED_EDGE('',*,*,#1541,.F.);
#801=ORIENTED_EDGE('',*,*,#1542,.F.);
#802=ORIENTED_EDGE('',*,*,#1541,.T.);
#803=ORIENTED_EDGE('',*,*,#1543,.F.);
#804=ORIENTED_EDGE('',*,*,#1544,.F.);
#805=ORIENTED_EDGE('',*,*,#1545,.F.);
#806=ORIENTED_EDGE('',*,*,#1544,.T.);
#807=ORIENTED_EDGE('',*,*,#1546,.F.);
#808=ORIENTED_EDGE('',*,*,#1547,.F.);
#809=ORIENTED_EDGE('',*,*,#1548,.F.);
#810=ORIENTED_EDGE('',*,*,#1547,.T.);
#811=ORIENTED_EDGE('',*,*,#1549,.F.);
#812=ORIENTED_EDGE('',*,*,#1550,.F.);
#813=ORIENTED_EDGE('',*,*,#1551,.F.);
#814=ORIENTED_EDGE('',*,*,#1552,.F.);
#815=ORIENTED_EDGE('',*,*,#1553,.T.);
#816=ORIENTED_EDGE('',*,*,#1550,.T.);
#817=ORIENTED_EDGE('',*,*,#1554,.F.);
#818=ORIENTED_EDGE('',*,*,#1552,.T.);
#819=ORIENTED_EDGE('',*,*,#1555,.F.);
#820=ORIENTED_EDGE('',*,*,#1556,.F.);
#821=ORIENTED_EDGE('',*,*,#1557,.F.);
#822=ORIENTED_EDGE('',*,*,#1556,.T.);
#823=ORIENTED_EDGE('',*,*,#1558,.F.);
#824=ORIENTED_EDGE('',*,*,#1559,.F.);
#825=ORIENTED_EDGE('',*,*,#1560,.F.);
#826=ORIENTED_EDGE('',*,*,#1559,.T.);
#827=ORIENTED_EDGE('',*,*,#1561,.F.);
#828=ORIENTED_EDGE('',*,*,#1562,.F.);
#829=ORIENTED_EDGE('',*,*,#1563,.F.);
#830=ORIENTED_EDGE('',*,*,#1562,.T.);
#831=ORIENTED_EDGE('',*,*,#1564,.F.);
#832=ORIENTED_EDGE('',*,*,#1565,.F.);
#833=ORIENTED_EDGE('',*,*,#1566,.F.);
#834=ORIENTED_EDGE('',*,*,#1565,.T.);
#835=ORIENTED_EDGE('',*,*,#1567,.F.);
#836=ORIENTED_EDGE('',*,*,#1568,.F.);
#837=ORIENTED_EDGE('',*,*,#1569,.F.);
#838=ORIENTED_EDGE('',*,*,#1570,.F.);
#839=ORIENTED_EDGE('',*,*,#1568,.T.);
#840=ORIENTED_EDGE('',*,*,#1571,.F.);
#841=ORIENTED_EDGE('',*,*,#1572,.F.);
#842=ORIENTED_EDGE('',*,*,#1573,.F.);
#843=ORIENTED_EDGE('',*,*,#1574,.F.);
#844=ORIENTED_EDGE('',*,*,#1575,.F.);
#845=ORIENTED_EDGE('',*,*,#1576,.F.);
#846=ORIENTED_EDGE('',*,*,#1577,.T.);
#847=ORIENTED_EDGE('',*,*,#1578,.T.);
#848=ORIENTED_EDGE('',*,*,#1579,.F.);
#849=ORIENTED_EDGE('',*,*,#1576,.T.);
#850=ORIENTED_EDGE('',*,*,#1580,.F.);
#851=ORIENTED_EDGE('',*,*,#1578,.F.);
#852=ORIENTED_EDGE('',*,*,#1581,.F.);
#853=ORIENTED_EDGE('',*,*,#1582,.F.);
#854=ORIENTED_EDGE('',*,*,#1451,.F.);
#855=ORIENTED_EDGE('',*,*,#1583,.F.);
#856=ORIENTED_EDGE('',*,*,#1452,.F.);
#857=ORIENTED_EDGE('',*,*,#1584,.F.);
#858=ORIENTED_EDGE('',*,*,#1585,.F.);
#859=ORIENTED_EDGE('',*,*,#1572,.T.);
#860=ORIENTED_EDGE('',*,*,#1586,.F.);
#861=ORIENTED_EDGE('',*,*,#1587,.F.);
#862=ORIENTED_EDGE('',*,*,#1531,.F.);
#863=ORIENTED_EDGE('',*,*,#1534,.F.);
#864=ORIENTED_EDGE('',*,*,#1539,.T.);
#865=ORIENTED_EDGE('',*,*,#1542,.T.);
#866=ORIENTED_EDGE('',*,*,#1545,.T.);
#867=ORIENTED_EDGE('',*,*,#1548,.T.);
#868=ORIENTED_EDGE('',*,*,#1551,.T.);
#869=ORIENTED_EDGE('',*,*,#1553,.F.);
#870=ORIENTED_EDGE('',*,*,#1557,.T.);
#871=ORIENTED_EDGE('',*,*,#1560,.T.);
#872=ORIENTED_EDGE('',*,*,#1563,.T.);
#873=ORIENTED_EDGE('',*,*,#1566,.T.);
#874=ORIENTED_EDGE('',*,*,#1569,.T.);
#875=ORIENTED_EDGE('',*,*,#1570,.T.);
#876=ORIENTED_EDGE('',*,*,#1585,.T.);
#877=ORIENTED_EDGE('',*,*,#1588,.T.);
#878=ORIENTED_EDGE('',*,*,#1589,.F.);
#879=ORIENTED_EDGE('',*,*,#1516,.T.);
#880=ORIENTED_EDGE('',*,*,#1519,.F.);
#881=ORIENTED_EDGE('',*,*,#1522,.F.);
#882=ORIENTED_EDGE('',*,*,#1525,.F.);
#883=ORIENTED_EDGE('',*,*,#1528,.F.);
#884=ORIENTED_EDGE('',*,*,#1590,.T.);
#885=ORIENTED_EDGE('',*,*,#1517,.T.);
#886=ORIENTED_EDGE('',*,*,#1589,.T.);
#887=ORIENTED_EDGE('',*,*,#1591,.T.);
#888=ORIENTED_EDGE('',*,*,#1592,.T.);
#889=ORIENTED_EDGE('',*,*,#1582,.T.);
#890=ORIENTED_EDGE('',*,*,#1593,.T.);
#891=ORIENTED_EDGE('',*,*,#1594,.T.);
#892=ORIENTED_EDGE('',*,*,#1595,.T.);
#893=ORIENTED_EDGE('',*,*,#1513,.T.);
#894=ORIENTED_EDGE('',*,*,#1596,.T.);
#895=ORIENTED_EDGE('',*,*,#1597,.T.);
#896=ORIENTED_EDGE('',*,*,#1496,.F.);
#897=ORIENTED_EDGE('',*,*,#1500,.F.);
#898=ORIENTED_EDGE('',*,*,#1504,.F.);
#899=ORIENTED_EDGE('',*,*,#1506,.F.);
#900=ORIENTED_EDGE('',*,*,#1509,.F.);
#901=ORIENTED_EDGE('',*,*,#1514,.T.);
#902=ORIENTED_EDGE('',*,*,#1595,.F.);
#903=ORIENTED_EDGE('',*,*,#1598,.T.);
#904=ORIENTED_EDGE('',*,*,#1599,.T.);
#905=ORIENTED_EDGE('',*,*,#1463,.T.);
#906=ORIENTED_EDGE('',*,*,#1467,.T.);
#907=ORIENTED_EDGE('',*,*,#1468,.T.);
#908=ORIENTED_EDGE('',*,*,#1457,.T.);
#909=ORIENTED_EDGE('',*,*,#1472,.T.);
#910=ORIENTED_EDGE('',*,*,#1475,.T.);
#911=ORIENTED_EDGE('',*,*,#1478,.T.);
#912=ORIENTED_EDGE('',*,*,#1481,.T.);
#913=ORIENTED_EDGE('',*,*,#1482,.T.);
#914=ORIENTED_EDGE('',*,*,#1454,.T.);
#915=ORIENTED_EDGE('',*,*,#1489,.T.);
#916=ORIENTED_EDGE('',*,*,#1492,.T.);
#917=ORIENTED_EDGE('',*,*,#1495,.T.);
#918=ORIENTED_EDGE('',*,*,#1600,.F.);
#919=ORIENTED_EDGE('',*,*,#1464,.T.);
#920=ORIENTED_EDGE('',*,*,#1599,.F.);
#921=ORIENTED_EDGE('',*,*,#1601,.F.);
#922=ORIENTED_EDGE('',*,*,#1592,.F.);
#923=ORIENTED_EDGE('',*,*,#1602,.T.);
#924=ORIENTED_EDGE('',*,*,#1596,.F.);
#925=ORIENTED_EDGE('',*,*,#1512,.T.);
#926=ORIENTED_EDGE('',*,*,#1510,.F.);
#927=ORIENTED_EDGE('',*,*,#1507,.F.);
#928=ORIENTED_EDGE('',*,*,#1505,.F.);
#929=ORIENTED_EDGE('',*,*,#1501,.F.);
#930=ORIENTED_EDGE('',*,*,#1497,.F.);
#931=ORIENTED_EDGE('',*,*,#1493,.F.);
#932=ORIENTED_EDGE('',*,*,#1490,.T.);
#933=ORIENTED_EDGE('',*,*,#1487,.T.);
#934=ORIENTED_EDGE('',*,*,#1485,.T.);
#935=ORIENTED_EDGE('',*,*,#1483,.T.);
#936=ORIENTED_EDGE('',*,*,#1479,.T.);
#937=ORIENTED_EDGE('',*,*,#1476,.F.);
#938=ORIENTED_EDGE('',*,*,#1473,.T.);
#939=ORIENTED_EDGE('',*,*,#1470,.T.);
#940=ORIENTED_EDGE('',*,*,#1459,.T.);
#941=ORIENTED_EDGE('',*,*,#1469,.T.);
#942=ORIENTED_EDGE('',*,*,#1465,.T.);
#943=ORIENTED_EDGE('',*,*,#1461,.T.);
#944=ORIENTED_EDGE('',*,*,#1600,.T.);
#945=ORIENTED_EDGE('',*,*,#1603,.T.);
#946=ORIENTED_EDGE('',*,*,#1604,.T.);
#947=ORIENTED_EDGE('',*,*,#1573,.T.);
#948=ORIENTED_EDGE('',*,*,#1579,.T.);
#949=ORIENTED_EDGE('',*,*,#1580,.T.);
#950=ORIENTED_EDGE('',*,*,#1605,.F.);
#951=ORIENTED_EDGE('',*,*,#1574,.T.);
#952=ORIENTED_EDGE('',*,*,#1604,.F.);
#953=ORIENTED_EDGE('',*,*,#1606,.F.);
#954=ORIENTED_EDGE('',*,*,#1593,.F.);
#955=ORIENTED_EDGE('',*,*,#1581,.T.);
#956=ORIENTED_EDGE('',*,*,#1577,.F.);
#957=ORIENTED_EDGE('',*,*,#1575,.T.);
#958=ORIENTED_EDGE('',*,*,#1605,.T.);
#959=ORIENTED_EDGE('',*,*,#1607,.T.);
#960=ORIENTED_EDGE('',*,*,#1586,.T.);
#961=ORIENTED_EDGE('',*,*,#1571,.T.);
#962=ORIENTED_EDGE('',*,*,#1567,.T.);
#963=ORIENTED_EDGE('',*,*,#1564,.T.);
#964=ORIENTED_EDGE('',*,*,#1561,.T.);
#965=ORIENTED_EDGE('',*,*,#1558,.T.);
#966=ORIENTED_EDGE('',*,*,#1555,.T.);
#967=ORIENTED_EDGE('',*,*,#1554,.T.);
#968=ORIENTED_EDGE('',*,*,#1549,.T.);
#969=ORIENTED_EDGE('',*,*,#1546,.T.);
#970=ORIENTED_EDGE('',*,*,#1543,.T.);
#971=ORIENTED_EDGE('',*,*,#1540,.T.);
#972=ORIENTED_EDGE('',*,*,#1537,.T.);
#973=ORIENTED_EDGE('',*,*,#1535,.T.);
#974=ORIENTED_EDGE('',*,*,#1532,.F.);
#975=ORIENTED_EDGE('',*,*,#1529,.F.);
#976=ORIENTED_EDGE('',*,*,#1526,.F.);
#977=ORIENTED_EDGE('',*,*,#1523,.F.);
#978=ORIENTED_EDGE('',*,*,#1520,.F.);
#979=ORIENTED_EDGE('',*,*,#1518,.T.);
#980=ORIENTED_EDGE('',*,*,#1590,.F.);
#981=ORIENTED_EDGE('',*,*,#1608,.T.);
#982=ORIENTED_EDGE('',*,*,#1609,.F.);
#983=ORIENTED_EDGE('',*,*,#1583,.T.);
#984=ORIENTED_EDGE('',*,*,#1610,.F.);
#985=ORIENTED_EDGE('',*,*,#1584,.T.);
#986=ORIENTED_EDGE('',*,*,#1611,.T.);
#987=ORIENTED_EDGE('',*,*,#1612,.F.);
#988=ORIENTED_EDGE('',*,*,#1613,.F.);
#989=ORIENTED_EDGE('',*,*,#1614,.T.);
#990=ORIENTED_EDGE('',*,*,#1615,.T.);
#991=ORIENTED_EDGE('',*,*,#1616,.F.);
#992=ORIENTED_EDGE('',*,*,#1617,.F.);
#993=ORIENTED_EDGE('',*,*,#1612,.T.);
#994=ORIENTED_EDGE('',*,*,#1618,.T.);
#995=ORIENTED_EDGE('',*,*,#1619,.F.);
#996=ORIENTED_EDGE('',*,*,#1620,.F.);
#997=ORIENTED_EDGE('',*,*,#1616,.T.);
#998=ORIENTED_EDGE('',*,*,#1621,.T.);
#999=ORIENTED_EDGE('',*,*,#1622,.T.);
#1000=ORIENTED_EDGE('',*,*,#1614,.F.);
#1001=ORIENTED_EDGE('',*,*,#1623,.F.);
#1002=ORIENTED_EDGE('',*,*,#1624,.F.);
#1003=ORIENTED_EDGE('',*,*,#1625,.T.);
#1004=ORIENTED_EDGE('',*,*,#1626,.T.);
#1005=ORIENTED_EDGE('',*,*,#1627,.T.);
#1006=ORIENTED_EDGE('',*,*,#1628,.T.);
#1007=ORIENTED_EDGE('',*,*,#1629,.T.);
#1008=ORIENTED_EDGE('',*,*,#1630,.F.);
#1009=ORIENTED_EDGE('',*,*,#1631,.F.);
#1010=ORIENTED_EDGE('',*,*,#1619,.T.);
#1011=ORIENTED_EDGE('',*,*,#1632,.F.);
#1012=ORIENTED_EDGE('',*,*,#1631,.T.);
#1013=ORIENTED_EDGE('',*,*,#1633,.T.);
#1014=ORIENTED_EDGE('',*,*,#1623,.T.);
#1015=ORIENTED_EDGE('',*,*,#1613,.T.);
#1016=ORIENTED_EDGE('',*,*,#1617,.T.);
#1017=ORIENTED_EDGE('',*,*,#1620,.T.);
#1018=ORIENTED_EDGE('',*,*,#1634,.F.);
#1019=ORIENTED_EDGE('',*,*,#1635,.T.);
#1020=ORIENTED_EDGE('',*,*,#1636,.T.);
#1021=ORIENTED_EDGE('',*,*,#1637,.T.);
#1022=ORIENTED_EDGE('',*,*,#1607,.F.);
#1023=ORIENTED_EDGE('',*,*,#1606,.T.);
#1024=ORIENTED_EDGE('',*,*,#1603,.F.);
#1025=ORIENTED_EDGE('',*,*,#1601,.T.);
#1026=ORIENTED_EDGE('',*,*,#1598,.F.);
#1027=ORIENTED_EDGE('',*,*,#1597,.F.);
#1028=ORIENTED_EDGE('',*,*,#1602,.F.);
#1029=ORIENTED_EDGE('',*,*,#1594,.F.);
#1030=ORIENTED_EDGE('',*,*,#1608,.F.);
#1031=ORIENTED_EDGE('',*,*,#1591,.F.);
#1032=ORIENTED_EDGE('',*,*,#1588,.F.);
#1033=ORIENTED_EDGE('',*,*,#1587,.T.);
#1034=ORIENTED_EDGE('',*,*,#1638,.F.);
#1035=ORIENTED_EDGE('',*,*,#1639,.F.);
#1036=ORIENTED_EDGE('',*,*,#1640,.F.);
#1037=ORIENTED_EDGE('',*,*,#1625,.F.);
#1038=ORIENTED_EDGE('',*,*,#1641,.T.);
#1039=ORIENTED_EDGE('',*,*,#1642,.F.);
#1040=ORIENTED_EDGE('',*,*,#1626,.F.);
#1041=ORIENTED_EDGE('',*,*,#1640,.T.);
#1042=ORIENTED_EDGE('',*,*,#1643,.T.);
#1043=ORIENTED_EDGE('',*,*,#1644,.F.);
#1044=ORIENTED_EDGE('',*,*,#1627,.F.);
#1045=ORIENTED_EDGE('',*,*,#1642,.T.);
#1046=ORIENTED_EDGE('',*,*,#1645,.T.);
#1047=ORIENTED_EDGE('',*,*,#1646,.F.);
#1048=ORIENTED_EDGE('',*,*,#1628,.F.);
#1049=ORIENTED_EDGE('',*,*,#1644,.T.);
#1050=ORIENTED_EDGE('',*,*,#1647,.T.);
#1051=ORIENTED_EDGE('',*,*,#1629,.F.);
#1052=ORIENTED_EDGE('',*,*,#1646,.T.);
#1053=ORIENTED_EDGE('',*,*,#1648,.T.);
#1054=ORIENTED_EDGE('',*,*,#1649,.F.);
#1055=ORIENTED_EDGE('',*,*,#1650,.F.);
#1056=ORIENTED_EDGE('',*,*,#1651,.F.);
#1057=ORIENTED_EDGE('',*,*,#1652,.F.);
#1058=ORIENTED_EDGE('',*,*,#1653,.T.);
#1059=ORIENTED_EDGE('',*,*,#1654,.F.);
#1060=ORIENTED_EDGE('',*,*,#1655,.T.);
#1061=ORIENTED_EDGE('',*,*,#1649,.T.);
#1062=ORIENTED_EDGE('',*,*,#1656,.T.);
#1063=ORIENTED_EDGE('',*,*,#1657,.F.);
#1064=ORIENTED_EDGE('',*,*,#1658,.T.);
#1065=ORIENTED_EDGE('',*,*,#1654,.T.);
#1066=ORIENTED_EDGE('',*,*,#1659,.T.);
#1067=ORIENTED_EDGE('',*,*,#1660,.F.);
#1068=ORIENTED_EDGE('',*,*,#1661,.T.);
#1069=ORIENTED_EDGE('',*,*,#1657,.T.);
#1070=ORIENTED_EDGE('',*,*,#1662,.T.);
#1071=ORIENTED_EDGE('',*,*,#1663,.F.);
#1072=ORIENTED_EDGE('',*,*,#1664,.T.);
#1073=ORIENTED_EDGE('',*,*,#1660,.T.);
#1074=ORIENTED_EDGE('',*,*,#1665,.T.);
#1075=ORIENTED_EDGE('',*,*,#1666,.F.);
#1076=ORIENTED_EDGE('',*,*,#1667,.T.);
#1077=ORIENTED_EDGE('',*,*,#1663,.T.);
#1078=ORIENTED_EDGE('',*,*,#1668,.F.);
#1079=ORIENTED_EDGE('',*,*,#1669,.F.);
#1080=ORIENTED_EDGE('',*,*,#1666,.T.);
#1081=ORIENTED_EDGE('',*,*,#1670,.T.);
#1082=ORIENTED_EDGE('',*,*,#1671,.T.);
#1083=ORIENTED_EDGE('',*,*,#1672,.F.);
#1084=ORIENTED_EDGE('',*,*,#1673,.T.);
#1085=ORIENTED_EDGE('',*,*,#1668,.T.);
#1086=ORIENTED_EDGE('',*,*,#1674,.T.);
#1087=ORIENTED_EDGE('',*,*,#1675,.F.);
#1088=ORIENTED_EDGE('',*,*,#1676,.T.);
#1089=ORIENTED_EDGE('',*,*,#1672,.T.);
#1090=ORIENTED_EDGE('',*,*,#1677,.T.);
#1091=ORIENTED_EDGE('',*,*,#1678,.F.);
#1092=ORIENTED_EDGE('',*,*,#1679,.T.);
#1093=ORIENTED_EDGE('',*,*,#1675,.T.);
#1094=ORIENTED_EDGE('',*,*,#1680,.T.);
#1095=ORIENTED_EDGE('',*,*,#1681,.F.);
#1096=ORIENTED_EDGE('',*,*,#1682,.T.);
#1097=ORIENTED_EDGE('',*,*,#1678,.T.);
#1098=ORIENTED_EDGE('',*,*,#1683,.T.);
#1099=ORIENTED_EDGE('',*,*,#1684,.F.);
#1100=ORIENTED_EDGE('',*,*,#1685,.T.);
#1101=ORIENTED_EDGE('',*,*,#1681,.T.);
#1102=ORIENTED_EDGE('',*,*,#1686,.F.);
#1103=ORIENTED_EDGE('',*,*,#1684,.T.);
#1104=ORIENTED_EDGE('',*,*,#1687,.T.);
#1105=ORIENTED_EDGE('',*,*,#1688,.F.);
#1106=ORIENTED_EDGE('',*,*,#1689,.F.);
#1107=ORIENTED_EDGE('',*,*,#1690,.F.);
#1108=ORIENTED_EDGE('',*,*,#1688,.T.);
#1109=ORIENTED_EDGE('',*,*,#1691,.F.);
#1110=ORIENTED_EDGE('',*,*,#1692,.F.);
#1111=ORIENTED_EDGE('',*,*,#1693,.F.);
#1112=ORIENTED_EDGE('',*,*,#1689,.T.);
#1113=ORIENTED_EDGE('',*,*,#1694,.F.);
#1114=ORIENTED_EDGE('',*,*,#1695,.F.);
#1115=ORIENTED_EDGE('',*,*,#1696,.F.);
#1116=ORIENTED_EDGE('',*,*,#1692,.T.);
#1117=ORIENTED_EDGE('',*,*,#1697,.F.);
#1118=ORIENTED_EDGE('',*,*,#1698,.F.);
#1119=ORIENTED_EDGE('',*,*,#1699,.F.);
#1120=ORIENTED_EDGE('',*,*,#1695,.T.);
#1121=ORIENTED_EDGE('',*,*,#1700,.F.);
#1122=ORIENTED_EDGE('',*,*,#1701,.F.);
#1123=ORIENTED_EDGE('',*,*,#1702,.F.);
#1124=ORIENTED_EDGE('',*,*,#1698,.T.);
#1125=ORIENTED_EDGE('',*,*,#1703,.F.);
#1126=ORIENTED_EDGE('',*,*,#1704,.F.);
#1127=ORIENTED_EDGE('',*,*,#1701,.T.);
#1128=ORIENTED_EDGE('',*,*,#1705,.F.);
#1129=ORIENTED_EDGE('',*,*,#1706,.F.);
#1130=ORIENTED_EDGE('',*,*,#1707,.F.);
#1131=ORIENTED_EDGE('',*,*,#1708,.T.);
#1132=ORIENTED_EDGE('',*,*,#1609,.T.);
#1133=ORIENTED_EDGE('',*,*,#1610,.T.);
#1134=ORIENTED_EDGE('',*,*,#1709,.F.);
#1135=ORIENTED_EDGE('',*,*,#1710,.F.);
#1136=ORIENTED_EDGE('',*,*,#1711,.F.);
#1137=ORIENTED_EDGE('',*,*,#1712,.F.);
#1138=ORIENTED_EDGE('',*,*,#1713,.T.);
#1139=ORIENTED_EDGE('',*,*,#1706,.T.);
#1140=ORIENTED_EDGE('',*,*,#1714,.T.);
#1141=ORIENTED_EDGE('',*,*,#1715,.F.);
#1142=ORIENTED_EDGE('',*,*,#1673,.F.);
#1143=ORIENTED_EDGE('',*,*,#1676,.F.);
#1144=ORIENTED_EDGE('',*,*,#1679,.F.);
#1145=ORIENTED_EDGE('',*,*,#1682,.F.);
#1146=ORIENTED_EDGE('',*,*,#1685,.F.);
#1147=ORIENTED_EDGE('',*,*,#1686,.T.);
#1148=ORIENTED_EDGE('',*,*,#1690,.T.);
#1149=ORIENTED_EDGE('',*,*,#1693,.T.);
#1150=ORIENTED_EDGE('',*,*,#1696,.T.);
#1151=ORIENTED_EDGE('',*,*,#1699,.T.);
#1152=ORIENTED_EDGE('',*,*,#1702,.T.);
#1153=ORIENTED_EDGE('',*,*,#1704,.T.);
#1154=ORIENTED_EDGE('',*,*,#1713,.F.);
#1155=ORIENTED_EDGE('',*,*,#1716,.F.);
#1156=ORIENTED_EDGE('',*,*,#1717,.T.);
#1157=ORIENTED_EDGE('',*,*,#1650,.T.);
#1158=ORIENTED_EDGE('',*,*,#1655,.F.);
#1159=ORIENTED_EDGE('',*,*,#1658,.F.);
#1160=ORIENTED_EDGE('',*,*,#1661,.F.);
#1161=ORIENTED_EDGE('',*,*,#1664,.F.);
#1162=ORIENTED_EDGE('',*,*,#1667,.F.);
#1163=ORIENTED_EDGE('',*,*,#1669,.T.);
#1164=ORIENTED_EDGE('',*,*,#1718,.F.);
#1165=ORIENTED_EDGE('',*,*,#1651,.T.);
#1166=ORIENTED_EDGE('',*,*,#1717,.F.);
#1167=ORIENTED_EDGE('',*,*,#1719,.T.);
#1168=ORIENTED_EDGE('',*,*,#1720,.F.);
#1169=ORIENTED_EDGE('',*,*,#1721,.T.);
#1170=ORIENTED_EDGE('',*,*,#1722,.T.);
#1171=ORIENTED_EDGE('',*,*,#1636,.F.);
#1172=ORIENTED_EDGE('',*,*,#1622,.F.);
#1173=ORIENTED_EDGE('',*,*,#1723,.F.);
#1174=ORIENTED_EDGE('',*,*,#1637,.F.);
#1175=ORIENTED_EDGE('',*,*,#1722,.F.);
#1176=ORIENTED_EDGE('',*,*,#1724,.T.);
#1177=ORIENTED_EDGE('',*,*,#1725,.T.);
#1178=ORIENTED_EDGE('',*,*,#1632,.T.);
#1179=ORIENTED_EDGE('',*,*,#1618,.F.);
#1180=ORIENTED_EDGE('',*,*,#1615,.F.);
#1181=ORIENTED_EDGE('',*,*,#1611,.F.);
#1182=ORIENTED_EDGE('',*,*,#1633,.F.);
#1183=ORIENTED_EDGE('',*,*,#1630,.T.);
#1184=ORIENTED_EDGE('',*,*,#1725,.F.);
#1185=ORIENTED_EDGE('',*,*,#1726,.T.);
#1186=ORIENTED_EDGE('',*,*,#1727,.T.);
#1187=ORIENTED_EDGE('',*,*,#1638,.T.);
#1188=ORIENTED_EDGE('',*,*,#1624,.T.);
#1189=ORIENTED_EDGE('',*,*,#1647,.F.);
#1190=ORIENTED_EDGE('',*,*,#1728,.F.);
#1191=ORIENTED_EDGE('',*,*,#1634,.T.);
#1192=ORIENTED_EDGE('',*,*,#1723,.T.);
#1193=ORIENTED_EDGE('',*,*,#1621,.F.);
#1194=ORIENTED_EDGE('',*,*,#1648,.F.);
#1195=ORIENTED_EDGE('',*,*,#1645,.F.);
#1196=ORIENTED_EDGE('',*,*,#1643,.F.);
#1197=ORIENTED_EDGE('',*,*,#1641,.F.);
#1198=ORIENTED_EDGE('',*,*,#1639,.T.);
#1199=ORIENTED_EDGE('',*,*,#1727,.F.);
#1200=ORIENTED_EDGE('',*,*,#1729,.T.);
#1201=ORIENTED_EDGE('',*,*,#1720,.T.);
#1202=ORIENTED_EDGE('',*,*,#1635,.F.);
#1203=ORIENTED_EDGE('',*,*,#1728,.T.);
#1204=ORIENTED_EDGE('',*,*,#1730,.F.);
#1205=ORIENTED_EDGE('',*,*,#1731,.F.);
#1206=ORIENTED_EDGE('',*,*,#1714,.F.);
#1207=ORIENTED_EDGE('',*,*,#1705,.T.);
#1208=ORIENTED_EDGE('',*,*,#1703,.T.);
#1209=ORIENTED_EDGE('',*,*,#1700,.T.);
#1210=ORIENTED_EDGE('',*,*,#1697,.T.);
#1211=ORIENTED_EDGE('',*,*,#1694,.T.);
#1212=ORIENTED_EDGE('',*,*,#1691,.T.);
#1213=ORIENTED_EDGE('',*,*,#1687,.F.);
#1214=ORIENTED_EDGE('',*,*,#1683,.F.);
#1215=ORIENTED_EDGE('',*,*,#1680,.F.);
#1216=ORIENTED_EDGE('',*,*,#1677,.F.);
#1217=ORIENTED_EDGE('',*,*,#1674,.F.);
#1218=ORIENTED_EDGE('',*,*,#1671,.F.);
#1219=ORIENTED_EDGE('',*,*,#1670,.F.);
#1220=ORIENTED_EDGE('',*,*,#1665,.F.);
#1221=ORIENTED_EDGE('',*,*,#1662,.F.);
#1222=ORIENTED_EDGE('',*,*,#1659,.F.);
#1223=ORIENTED_EDGE('',*,*,#1656,.F.);
#1224=ORIENTED_EDGE('',*,*,#1653,.F.);
#1225=ORIENTED_EDGE('',*,*,#1652,.T.);
#1226=ORIENTED_EDGE('',*,*,#1718,.T.);
#1227=ORIENTED_EDGE('',*,*,#1732,.F.);
#1228=ORIENTED_EDGE('',*,*,#1733,.T.);
#1229=ORIENTED_EDGE('',*,*,#1734,.T.);
#1230=ORIENTED_EDGE('',*,*,#1735,.T.);
#1231=ORIENTED_EDGE('',*,*,#1736,.T.);
#1232=ORIENTED_EDGE('',*,*,#1737,.F.);
#1233=ORIENTED_EDGE('',*,*,#1712,.T.);
#1234=ORIENTED_EDGE('',*,*,#1738,.T.);
#1235=ORIENTED_EDGE('',*,*,#1739,.T.);
#1236=ORIENTED_EDGE('',*,*,#1740,.F.);
#1237=ORIENTED_EDGE('',*,*,#1741,.F.);
#1238=ORIENTED_EDGE('',*,*,#1742,.F.);
#1239=ORIENTED_EDGE('',*,*,#1743,.T.);
#1240=ORIENTED_EDGE('',*,*,#1707,.T.);
#1241=ORIENTED_EDGE('',*,*,#1744,.T.);
#1242=ORIENTED_EDGE('',*,*,#1745,.T.);
#1243=ORIENTED_EDGE('',*,*,#1746,.T.);
#1244=ORIENTED_EDGE('',*,*,#1747,.T.);
#1245=ORIENTED_EDGE('',*,*,#1748,.F.);
#1246=ORIENTED_EDGE('',*,*,#1749,.F.);
#1247=ORIENTED_EDGE('',*,*,#1750,.T.);
#1248=ORIENTED_EDGE('',*,*,#1751,.F.);
#1249=ORIENTED_EDGE('',*,*,#1746,.F.);
#1250=ORIENTED_EDGE('',*,*,#1750,.F.);
#1251=ORIENTED_EDGE('',*,*,#1752,.F.);
#1252=ORIENTED_EDGE('',*,*,#1753,.T.);
#1253=ORIENTED_EDGE('',*,*,#1754,.F.);
#1254=ORIENTED_EDGE('',*,*,#1741,.T.);
#1255=ORIENTED_EDGE('',*,*,#1755,.F.);
#1256=ORIENTED_EDGE('',*,*,#1753,.F.);
#1257=ORIENTED_EDGE('',*,*,#1756,.F.);
#1258=ORIENTED_EDGE('',*,*,#1708,.F.);
#1259=ORIENTED_EDGE('',*,*,#1743,.F.);
#1260=ORIENTED_EDGE('',*,*,#1757,.F.);
#1261=ORIENTED_EDGE('',*,*,#1758,.T.);
#1262=ORIENTED_EDGE('',*,*,#1759,.F.);
#1263=ORIENTED_EDGE('',*,*,#1744,.F.);
#1264=ORIENTED_EDGE('',*,*,#1758,.F.);
#1265=ORIENTED_EDGE('',*,*,#1760,.F.);
#1266=ORIENTED_EDGE('',*,*,#1761,.T.);
#1267=ORIENTED_EDGE('',*,*,#1762,.F.);
#1268=ORIENTED_EDGE('',*,*,#1763,.F.);
#1269=ORIENTED_EDGE('',*,*,#1764,.T.);
#1270=ORIENTED_EDGE('',*,*,#1765,.T.);
#1271=ORIENTED_EDGE('',*,*,#1761,.F.);
#1272=ORIENTED_EDGE('',*,*,#1766,.T.);
#1273=ORIENTED_EDGE('',*,*,#1764,.F.);
#1274=ORIENTED_EDGE('',*,*,#1767,.T.);
#1275=ORIENTED_EDGE('',*,*,#1768,.T.);
#1276=ORIENTED_EDGE('',*,*,#1769,.T.);
#1277=ORIENTED_EDGE('',*,*,#1709,.T.);
#1278=ORIENTED_EDGE('',*,*,#1737,.T.);
#1279=ORIENTED_EDGE('',*,*,#1770,.T.);
#1280=ORIENTED_EDGE('',*,*,#1768,.F.);
#1281=ORIENTED_EDGE('',*,*,#1771,.T.);
#1282=ORIENTED_EDGE('',*,*,#1772,.T.);
#1283=ORIENTED_EDGE('',*,*,#1710,.T.);
#1284=ORIENTED_EDGE('',*,*,#1769,.F.);
#1285=ORIENTED_EDGE('',*,*,#1773,.T.);
#1286=ORIENTED_EDGE('',*,*,#1738,.F.);
#1287=ORIENTED_EDGE('',*,*,#1711,.T.);
#1288=ORIENTED_EDGE('',*,*,#1772,.F.);
#1289=ORIENTED_EDGE('',*,*,#1774,.T.);
#1290=ORIENTED_EDGE('',*,*,#1775,.T.);
#1291=ORIENTED_EDGE('',*,*,#1776,.T.);
#1292=ORIENTED_EDGE('',*,*,#1777,.T.);
#1293=ORIENTED_EDGE('',*,*,#1775,.F.);
#1294=ORIENTED_EDGE('',*,*,#1778,.T.);
#1295=ORIENTED_EDGE('',*,*,#1779,.T.);
#1296=ORIENTED_EDGE('',*,*,#1779,.F.);
#1297=ORIENTED_EDGE('',*,*,#1780,.F.);
#1298=ORIENTED_EDGE('',*,*,#1781,.T.);
#1299=ORIENTED_EDGE('',*,*,#1782,.T.);
#1300=ORIENTED_EDGE('',*,*,#1783,.F.);
#1301=ORIENTED_EDGE('',*,*,#1784,.F.);
#1302=ORIENTED_EDGE('',*,*,#1785,.F.);
#1303=ORIENTED_EDGE('',*,*,#1786,.F.);
#1304=ORIENTED_EDGE('',*,*,#1787,.F.);
#1305=ORIENTED_EDGE('',*,*,#1785,.T.);
#1306=ORIENTED_EDGE('',*,*,#1788,.F.);
#1307=ORIENTED_EDGE('',*,*,#1789,.T.);
#1308=ORIENTED_EDGE('',*,*,#1729,.F.);
#1309=ORIENTED_EDGE('',*,*,#1726,.F.);
#1310=ORIENTED_EDGE('',*,*,#1724,.F.);
#1311=ORIENTED_EDGE('',*,*,#1721,.F.);
#1312=ORIENTED_EDGE('',*,*,#1790,.F.);
#1313=ORIENTED_EDGE('',*,*,#1732,.T.);
#1314=ORIENTED_EDGE('',*,*,#1719,.F.);
#1315=ORIENTED_EDGE('',*,*,#1716,.T.);
#1316=ORIENTED_EDGE('',*,*,#1715,.T.);
#1317=ORIENTED_EDGE('',*,*,#1731,.T.);
#1318=ORIENTED_EDGE('',*,*,#1791,.T.);
#1319=ORIENTED_EDGE('',*,*,#1792,.T.);
#1320=ORIENTED_EDGE('',*,*,#1748,.T.);
#1321=ORIENTED_EDGE('',*,*,#1793,.T.);
#1322=ORIENTED_EDGE('',*,*,#1789,.F.);
#1323=ORIENTED_EDGE('',*,*,#1794,.T.);
#1324=ORIENTED_EDGE('',*,*,#1795,.F.);
#1325=ORIENTED_EDGE('',*,*,#1796,.T.);
#1326=ORIENTED_EDGE('',*,*,#1733,.F.);
#1327=ORIENTED_EDGE('',*,*,#1790,.T.);
#1328=ORIENTED_EDGE('',*,*,#1734,.F.);
#1329=ORIENTED_EDGE('',*,*,#1796,.F.);
#1330=ORIENTED_EDGE('',*,*,#1797,.F.);
#1331=ORIENTED_EDGE('',*,*,#1798,.F.);
#1332=ORIENTED_EDGE('',*,*,#1799,.T.);
#1333=ORIENTED_EDGE('',*,*,#1800,.T.);
#1334=ORIENTED_EDGE('',*,*,#1735,.F.);
#1335=ORIENTED_EDGE('',*,*,#1798,.T.);
#1336=ORIENTED_EDGE('',*,*,#1736,.F.);
#1337=ORIENTED_EDGE('',*,*,#1800,.F.);
#1338=ORIENTED_EDGE('',*,*,#1801,.F.);
#1339=ORIENTED_EDGE('',*,*,#1802,.F.);
#1340=ORIENTED_EDGE('',*,*,#1730,.T.);
#1341=ORIENTED_EDGE('',*,*,#1802,.T.);
#1342=ORIENTED_EDGE('',*,*,#1803,.T.);
#1343=ORIENTED_EDGE('',*,*,#1791,.F.);
#1344=ORIENTED_EDGE('',*,*,#1804,.T.);
#1345=ORIENTED_EDGE('',*,*,#1781,.F.);
#1346=ORIENTED_EDGE('',*,*,#1805,.T.);
#1347=ORIENTED_EDGE('',*,*,#1806,.T.);
#1348=ORIENTED_EDGE('',*,*,#1777,.F.);
#1349=ORIENTED_EDGE('',*,*,#1782,.F.);
#1350=ORIENTED_EDGE('',*,*,#1804,.F.);
#1351=ORIENTED_EDGE('',*,*,#1807,.F.);
#1352=ORIENTED_EDGE('',*,*,#1808,.F.);
#1353=ORIENTED_EDGE('',*,*,#1809,.F.);
#1354=ORIENTED_EDGE('',*,*,#1810,.F.);
#1355=ORIENTED_EDGE('',*,*,#1786,.T.);
#1356=ORIENTED_EDGE('',*,*,#1787,.T.);
#1357=ORIENTED_EDGE('',*,*,#1793,.F.);
#1358=ORIENTED_EDGE('',*,*,#1747,.F.);
#1359=ORIENTED_EDGE('',*,*,#1751,.T.);
#1360=ORIENTED_EDGE('',*,*,#1754,.T.);
#1361=ORIENTED_EDGE('',*,*,#1755,.T.);
#1362=ORIENTED_EDGE('',*,*,#1740,.T.);
#1363=ORIENTED_EDGE('',*,*,#1759,.T.);
#1364=ORIENTED_EDGE('',*,*,#1762,.T.);
#1365=ORIENTED_EDGE('',*,*,#1765,.F.);
#1366=ORIENTED_EDGE('',*,*,#1766,.F.);
#1367=ORIENTED_EDGE('',*,*,#1770,.F.);
#1368=ORIENTED_EDGE('',*,*,#1739,.F.);
#1369=ORIENTED_EDGE('',*,*,#1776,.F.);
#1370=ORIENTED_EDGE('',*,*,#1810,.T.);
#1371=ORIENTED_EDGE('',*,*,#1811,.F.);
#1372=ORIENTED_EDGE('',*,*,#1812,.T.);
#1373=ORIENTED_EDGE('',*,*,#1783,.T.);
#1374=ORIENTED_EDGE('',*,*,#1803,.F.);
#1375=ORIENTED_EDGE('',*,*,#1801,.T.);
#1376=ORIENTED_EDGE('',*,*,#1799,.F.);
#1377=ORIENTED_EDGE('',*,*,#1797,.T.);
#1378=ORIENTED_EDGE('',*,*,#1795,.T.);
#1379=ORIENTED_EDGE('',*,*,#1794,.F.);
#1380=ORIENTED_EDGE('',*,*,#1788,.T.);
#1381=ORIENTED_EDGE('',*,*,#1784,.T.);
#1382=ORIENTED_EDGE('',*,*,#1812,.F.);
#1383=ORIENTED_EDGE('',*,*,#1813,.F.);
#1384=ORIENTED_EDGE('',*,*,#1814,.F.);
#1385=ORIENTED_EDGE('',*,*,#1815,.F.);
#1386=ORIENTED_EDGE('',*,*,#1805,.F.);
#1387=ORIENTED_EDGE('',*,*,#1780,.T.);
#1388=ORIENTED_EDGE('',*,*,#1778,.F.);
#1389=ORIENTED_EDGE('',*,*,#1774,.F.);
#1390=ORIENTED_EDGE('',*,*,#1773,.F.);
#1391=ORIENTED_EDGE('',*,*,#1771,.F.);
#1392=ORIENTED_EDGE('',*,*,#1767,.F.);
#1393=ORIENTED_EDGE('',*,*,#1763,.T.);
#1394=ORIENTED_EDGE('',*,*,#1760,.T.);
#1395=ORIENTED_EDGE('',*,*,#1757,.T.);
#1396=ORIENTED_EDGE('',*,*,#1742,.T.);
#1397=ORIENTED_EDGE('',*,*,#1756,.T.);
#1398=ORIENTED_EDGE('',*,*,#1752,.T.);
#1399=ORIENTED_EDGE('',*,*,#1749,.T.);
#1400=ORIENTED_EDGE('',*,*,#1745,.F.);
#1401=ORIENTED_EDGE('',*,*,#1792,.F.);
#1402=ORIENTED_EDGE('',*,*,#1816,.T.);
#1403=ORIENTED_EDGE('',*,*,#1808,.T.);
#1404=ORIENTED_EDGE('',*,*,#1817,.F.);
#1405=ORIENTED_EDGE('',*,*,#1818,.T.);
#1406=ORIENTED_EDGE('',*,*,#1819,.F.);
#1407=ORIENTED_EDGE('',*,*,#1814,.T.);
#1408=ORIENTED_EDGE('',*,*,#1809,.T.);
#1409=ORIENTED_EDGE('',*,*,#1816,.F.);
#1410=ORIENTED_EDGE('',*,*,#1813,.T.);
#1411=ORIENTED_EDGE('',*,*,#1811,.T.);
#1412=ORIENTED_EDGE('',*,*,#1819,.T.);
#1413=ORIENTED_EDGE('',*,*,#1820,.T.);
#1414=ORIENTED_EDGE('',*,*,#1821,.F.);
#1415=ORIENTED_EDGE('',*,*,#1822,.T.);
#1416=ORIENTED_EDGE('',*,*,#1823,.F.);
#1417=ORIENTED_EDGE('',*,*,#1824,.T.);
#1418=ORIENTED_EDGE('',*,*,#1817,.T.);
#1419=ORIENTED_EDGE('',*,*,#1807,.T.);
#1420=ORIENTED_EDGE('',*,*,#1806,.F.);
#1421=ORIENTED_EDGE('',*,*,#1815,.T.);
#1422=ORIENTED_EDGE('',*,*,#1825,.T.);
#1423=ORIENTED_EDGE('',*,*,#1825,.F.);
#1424=ORIENTED_EDGE('',*,*,#1826,.F.);
#1425=ORIENTED_EDGE('',*,*,#1827,.F.);
#1426=ORIENTED_EDGE('',*,*,#1826,.T.);
#1427=ORIENTED_EDGE('',*,*,#1827,.T.);
#1428=ORIENTED_EDGE('',*,*,#1822,.F.);
#1429=ORIENTED_EDGE('',*,*,#1821,.T.);
#1430=ORIENTED_EDGE('',*,*,#1820,.F.);
#1431=ORIENTED_EDGE('',*,*,#1818,.F.);
#1432=ORIENTED_EDGE('',*,*,#1824,.F.);
#1433=ORIENTED_EDGE('',*,*,#1823,.T.);
#1434=EDGE_CURVE('',#1828,#1828,#2098,.T.);
#1435=EDGE_CURVE('',#1829,#1829,#2099,.T.);
#1436=EDGE_CURVE('',#1830,#1830,#2100,.T.);
#1437=EDGE_CURVE('',#1831,#1831,#579,.F.);
#1438=EDGE_CURVE('',#1832,#1832,#580,.F.);
#1439=EDGE_CURVE('',#1833,#1833,#581,.F.);
#1440=EDGE_CURVE('',#1834,#1834,#2101,.F.);
#1441=EDGE_CURVE('',#1835,#1835,#2102,.F.);
#1442=EDGE_CURVE('',#1836,#1836,#2103,.F.);
#1443=EDGE_CURVE('',#1837,#1838,#582,.T.);
#1444=EDGE_CURVE('',#1838,#1837,#2104,.T.);
#1445=EDGE_CURVE('',#1839,#1840,#583,.T.);
#1446=EDGE_CURVE('',#1840,#1841,#2105,.T.);
#1447=EDGE_CURVE('',#1841,#1842,#584,.T.);
#1448=EDGE_CURVE('',#1842,#1839,#2106,.T.);
#1449=EDGE_CURVE('',#1843,#1844,#585,.T.);
#1450=EDGE_CURVE('',#1843,#1844,#2107,.F.);
#1451=EDGE_CURVE('',#1845,#1845,#2108,.T.);
#1452=EDGE_CURVE('',#1846,#1846,#2109,.T.);
#1453=EDGE_CURVE('',#1840,#1847,#20,.T.);
#1454=EDGE_CURVE('',#1848,#1847,#21,.T.);
#1455=EDGE_CURVE('',#1841,#1848,#22,.T.);
#1456=EDGE_CURVE('',#1838,#1849,#23,.T.);
#1457=EDGE_CURVE('',#1850,#1849,#24,.T.);
#1458=EDGE_CURVE('',#1851,#1850,#25,.T.);
#1459=EDGE_CURVE('',#1852,#1851,#26,.T.);
#1460=EDGE_CURVE('',#1852,#1837,#27,.T.);
#1461=EDGE_CURVE('',#1853,#1854,#2110,.T.);
#1462=EDGE_CURVE('',#1853,#1855,#28,.T.);
#1463=EDGE_CURVE('',#1856,#1855,#2111,.T.);
#1464=EDGE_CURVE('',#1854,#1856,#29,.F.);
#1465=EDGE_CURVE('',#1857,#1853,#30,.T.);
#1466=EDGE_CURVE('',#1857,#1858,#31,.T.);
#1467=EDGE_CURVE('',#1855,#1858,#32,.T.);
#1468=EDGE_CURVE('',#1858,#1850,#2112,.F.);
#1469=EDGE_CURVE('',#1851,#1857,#2113,.F.);
#1470=EDGE_CURVE('',#1859,#1852,#2114,.F.);
#1471=EDGE_CURVE('',#1859,#1860,#33,.T.);
#1472=EDGE_CURVE('',#1849,#1860,#2115,.F.);
#1473=EDGE_CURVE('',#1861,#1859,#34,.T.);
#1474=EDGE_CURVE('',#1861,#1862,#35,.T.);
#1475=EDGE_CURVE('',#1860,#1862,#36,.T.);
#1476=EDGE_CURVE('',#1861,#1863,#37,.T.);
#1477=EDGE_CURVE('',#1863,#1864,#38,.T.);
#1478=EDGE_CURVE('',#1862,#1864,#39,.T.);
#1479=EDGE_CURVE('',#1865,#1863,#40,.T.);
#1480=EDGE_CURVE('',#1865,#1866,#41,.T.);
#1481=EDGE_CURVE('',#1864,#1866,#42,.T.);
#1482=EDGE_CURVE('',#1866,#1848,#2116,.F.);
#1483=EDGE_CURVE('',#1867,#1865,#2117,.F.);
#1484=EDGE_CURVE('',#1867,#1842,#43,.T.);
#1485=EDGE_CURVE('',#1868,#1867,#44,.T.);
#1486=EDGE_CURVE('',#1868,#1839,#45,.T.);
#1487=EDGE_CURVE('',#1869,#1868,#2118,.F.);
#1488=EDGE_CURVE('',#1869,#1870,#46,.T.);
#1489=EDGE_CURVE('',#1847,#1870,#2119,.F.);
#1490=EDGE_CURVE('',#1871,#1869,#47,.T.);
#1491=EDGE_CURVE('',#1871,#1872,#48,.T.);
#1492=EDGE_CURVE('',#1870,#1872,#49,.T.);
#1493=EDGE_CURVE('',#1871,#1873,#50,.T.);
#1494=EDGE_CURVE('',#1873,#1874,#51,.T.);
#1495=EDGE_CURVE('',#1872,#1874,#52,.T.);
#1496=EDGE_CURVE('',#1875,#1874,#53,.T.);
#1497=EDGE_CURVE('',#1873,#1876,#54,.T.);
#1498=EDGE_CURVE('',#1876,#1875,#55,.T.);
#1499=EDGE_CURVE('',#1844,#1877,#56,.T.);
#1500=EDGE_CURVE('',#1877,#1875,#2120,.T.);
#1501=EDGE_CURVE('',#1876,#1878,#2121,.T.);
#1502=EDGE_CURVE('',#1878,#1843,#57,.T.);
#1503=EDGE_CURVE('',#1879,#1880,#58,.T.);
#1504=EDGE_CURVE('',#1880,#1877,#59,.T.);
#1505=EDGE_CURVE('',#1878,#1879,#60,.T.);
#1506=EDGE_CURVE('',#1881,#1880,#2122,.T.);
#1507=EDGE_CURVE('',#1879,#1882,#2123,.T.);
#1508=EDGE_CURVE('',#1882,#1881,#61,.T.);
#1509=EDGE_CURVE('',#1883,#1881,#62,.T.);
#1510=EDGE_CURVE('',#1882,#1884,#63,.T.);
#1511=EDGE_CURVE('',#1884,#1883,#64,.F.);
#1512=EDGE_CURVE('',#1885,#1884,#2124,.T.);
#1513=EDGE_CURVE('',#1886,#1885,#65,.T.);
#1514=EDGE_CURVE('',#1883,#1886,#2125,.T.);
#1515=EDGE_CURVE('',#1887,#1888,#66,.F.);
#1516=EDGE_CURVE('',#1889,#1887,#2126,.T.);
#1517=EDGE_CURVE('',#1890,#1889,#67,.T.);
#1518=EDGE_CURVE('',#1888,#1890,#2127,.T.);
#1519=EDGE_CURVE('',#1891,#1887,#68,.T.);
#1520=EDGE_CURVE('',#1888,#1892,#69,.T.);
#1521=EDGE_CURVE('',#1891,#1892,#70,.T.);
#1522=EDGE_CURVE('',#1893,#1891,#2128,.T.);
#1523=EDGE_CURVE('',#1892,#1894,#2129,.T.);
#1524=EDGE_CURVE('',#1893,#1894,#71,.T.);
#1525=EDGE_CURVE('',#1895,#1893,#72,.T.);
#1526=EDGE_CURVE('',#1894,#1896,#73,.T.);
#1527=EDGE_CURVE('',#1895,#1896,#74,.T.);
#1528=EDGE_CURVE('',#1897,#1895,#2130,.T.);
#1529=EDGE_CURVE('',#1896,#1898,#2131,.T.);
#1530=EDGE_CURVE('',#1897,#1898,#75,.T.);
#1531=EDGE_CURVE('',#1899,#1897,#76,.T.);
#1532=EDGE_CURVE('',#1898,#1900,#77,.T.);
#1533=EDGE_CURVE('',#1899,#1900,#78,.T.);
#1534=EDGE_CURVE('',#1901,#1899,#79,.T.);
#1535=EDGE_CURVE('',#1902,#1900,#80,.T.);
#1536=EDGE_CURVE('',#1901,#1902,#81,.T.);
#1537=EDGE_CURVE('',#1903,#1902,#82,.T.);
#1538=EDGE_CURVE('',#1904,#1903,#83,.T.);
#1539=EDGE_CURVE('',#1901,#1904,#84,.T.);
#1540=EDGE_CURVE('',#1905,#1903,#2132,.F.);
#1541=EDGE_CURVE('',#1906,#1905,#85,.T.);
#1542=EDGE_CURVE('',#1904,#1906,#2133,.F.);
#1543=EDGE_CURVE('',#1907,#1905,#86,.T.);
#1544=EDGE_CURVE('',#1908,#1907,#87,.T.);
#1545=EDGE_CURVE('',#1906,#1908,#88,.T.);
#1546=EDGE_CURVE('',#1909,#1907,#2134,.F.);
#1547=EDGE_CURVE('',#1910,#1909,#89,.T.);
#1548=EDGE_CURVE('',#1908,#1910,#2135,.F.);
#1549=EDGE_CURVE('',#1911,#1909,#90,.T.);
#1550=EDGE_CURVE('',#1912,#1911,#91,.T.);
#1551=EDGE_CURVE('',#1910,#1912,#92,.T.);
#1552=EDGE_CURVE('',#1913,#1914,#93,.T.);
#1553=EDGE_CURVE('',#1913,#1912,#94,.T.);
#1554=EDGE_CURVE('',#1914,#1911,#95,.T.);
#1555=EDGE_CURVE('',#1915,#1914,#96,.T.);
#1556=EDGE_CURVE('',#1916,#1915,#97,.T.);
#1557=EDGE_CURVE('',#1913,#1916,#98,.T.);
#1558=EDGE_CURVE('',#1917,#1915,#2136,.F.);
#1559=EDGE_CURVE('',#1918,#1917,#99,.T.);
#1560=EDGE_CURVE('',#1916,#1918,#2137,.F.);
#1561=EDGE_CURVE('',#1919,#1917,#100,.T.);
#1562=EDGE_CURVE('',#1920,#1919,#101,.T.);
#1563=EDGE_CURVE('',#1918,#1920,#102,.T.);
#1564=EDGE_CURVE('',#1921,#1919,#2138,.F.);
#1565=EDGE_CURVE('',#1922,#1921,#103,.T.);
#1566=EDGE_CURVE('',#1920,#1922,#2139,.F.);
#1567=EDGE_CURVE('',#1923,#1921,#104,.T.);
#1568=EDGE_CURVE('',#1924,#1923,#105,.T.);
#1569=EDGE_CURVE('',#1922,#1924,#106,.T.);
#1570=EDGE_CURVE('',#1924,#1925,#2140,.T.);
#1571=EDGE_CURVE('',#1926,#1923,#2141,.T.);
#1572=EDGE_CURVE('',#1925,#1926,#107,.F.);
#1573=EDGE_CURVE('',#1927,#1928,#2142,.F.);
#1574=EDGE_CURVE('',#1929,#1927,#108,.F.);
#1575=EDGE_CURVE('',#1930,#1929,#2143,.F.);
#1576=EDGE_CURVE('',#1928,#1930,#109,.T.);
#1577=EDGE_CURVE('',#1930,#1931,#110,.T.);
#1578=EDGE_CURVE('',#1931,#1932,#111,.F.);
#1579=EDGE_CURVE('',#1928,#1932,#112,.T.);
#1580=EDGE_CURVE('',#1932,#1933,#2144,.F.);
#1581=EDGE_CURVE('',#1934,#1931,#2145,.F.);
#1582=EDGE_CURVE('',#1933,#1934,#113,.T.);
#1583=EDGE_CURVE('',#1935,#1935,#2146,.F.);
#1584=EDGE_CURVE('',#1936,#1936,#2147,.F.);
#1585=EDGE_CURVE('',#1925,#1937,#114,.T.);
#1586=EDGE_CURVE('',#1938,#1926,#115,.T.);
#1587=EDGE_CURVE('',#1937,#1938,#116,.T.);
#1588=EDGE_CURVE('',#1937,#1939,#117,.T.);
#1589=EDGE_CURVE('',#1889,#1939,#118,.T.);
#1590=EDGE_CURVE('',#1940,#1890,#119,.T.);
#1591=EDGE_CURVE('',#1939,#1940,#120,.T.);
#1592=EDGE_CURVE('',#1941,#1933,#121,.T.);
#1593=EDGE_CURVE('',#1934,#1942,#122,.T.);
#1594=EDGE_CURVE('',#1942,#1941,#123,.T.);
#1595=EDGE_CURVE('',#1943,#1886,#124,.T.);
#1596=EDGE_CURVE('',#1885,#1944,#125,.T.);
#1597=EDGE_CURVE('',#1944,#1943,#126,.T.);
#1598=EDGE_CURVE('',#1943,#1945,#127,.T.);
#1599=EDGE_CURVE('',#1945,#1856,#128,.T.);
#1600=EDGE_CURVE('',#1854,#1946,#129,.T.);
#1601=EDGE_CURVE('',#1946,#1945,#130,.T.);
#1602=EDGE_CURVE('',#1941,#1944,#131,.T.);
#1603=EDGE_CURVE('',#1946,#1947,#132,.T.);
#1604=EDGE_CURVE('',#1947,#1927,#133,.T.);
#1605=EDGE_CURVE('',#1929,#1948,#134,.T.);
#1606=EDGE_CURVE('',#1948,#1947,#135,.T.);
#1607=EDGE_CURVE('',#1948,#1938,#136,.T.);
#1608=EDGE_CURVE('',#1940,#1942,#137,.T.);
#1609=EDGE_CURVE('',#1949,#1949,#2148,.F.);
#1610=EDGE_CURVE('',#1950,#1950,#2149,.F.);
#1611=EDGE_CURVE('',#1951,#1952,#2150,.T.);
#1612=EDGE_CURVE('',#1953,#1952,#138,.T.);
#1613=EDGE_CURVE('',#1954,#1953,#2151,.T.);
#1614=EDGE_CURVE('',#1954,#1951,#139,.T.);
#1615=EDGE_CURVE('',#1952,#1955,#140,.T.);
#1616=EDGE_CURVE('',#1956,#1955,#141,.T.);
#1617=EDGE_CURVE('',#1953,#1956,#142,.T.);
#1618=EDGE_CURVE('',#1955,#1957,#2152,.T.);
#1619=EDGE_CURVE('',#1958,#1957,#143,.T.);
#1620=EDGE_CURVE('',#1956,#1958,#2153,.T.);
#1621=EDGE_CURVE('',#1959,#1960,#144,.T.);
#1622=EDGE_CURVE('',#1960,#1951,#145,.T.);
#1623=EDGE_CURVE('',#1959,#1954,#146,.T.);
#1624=EDGE_CURVE('',#1961,#1962,#147,.T.);
#1625=EDGE_CURVE('',#1961,#1963,#148,.T.);
#1626=EDGE_CURVE('',#1963,#1964,#2154,.T.);
#1627=EDGE_CURVE('',#1964,#1965,#149,.T.);
#1628=EDGE_CURVE('',#1965,#1966,#2155,.T.);
#1629=EDGE_CURVE('',#1966,#1962,#150,.T.);
#1630=EDGE_CURVE('',#1967,#1968,#151,.T.);
#1631=EDGE_CURVE('',#1958,#1967,#152,.T.);
#1632=EDGE_CURVE('',#1968,#1957,#153,.T.);
#1633=EDGE_CURVE('',#1967,#1959,#154,.T.);
#1634=EDGE_CURVE('',#1969,#1970,#155,.T.);
#1635=EDGE_CURVE('',#1969,#1971,#156,.F.);
#1636=EDGE_CURVE('',#1971,#1972,#157,.F.);
#1637=EDGE_CURVE('',#1972,#1970,#158,.F.);
#1638=EDGE_CURVE('',#1973,#1961,#159,.T.);
#1639=EDGE_CURVE('',#1974,#1973,#160,.T.);
#1640=EDGE_CURVE('',#1963,#1974,#161,.T.);
#1641=EDGE_CURVE('',#1974,#1975,#2156,.T.);
#1642=EDGE_CURVE('',#1964,#1975,#162,.T.);
#1643=EDGE_CURVE('',#1975,#1976,#163,.T.);
#1644=EDGE_CURVE('',#1965,#1976,#164,.T.);
#1645=EDGE_CURVE('',#1976,#1977,#2157,.T.);
#1646=EDGE_CURVE('',#1966,#1977,#165,.T.);
#1647=EDGE_CURVE('',#1978,#1962,#166,.T.);
#1648=EDGE_CURVE('',#1977,#1978,#167,.T.);
#1649=EDGE_CURVE('',#1979,#1980,#168,.F.);
#1650=EDGE_CURVE('',#1981,#1979,#2158,.T.);
#1651=EDGE_CURVE('',#1982,#1981,#169,.F.);
#1652=EDGE_CURVE('',#1980,#1982,#2159,.T.);
#1653=EDGE_CURVE('',#1980,#1983,#170,.T.);
#1654=EDGE_CURVE('',#1984,#1983,#171,.T.);
#1655=EDGE_CURVE('',#1984,#1979,#172,.T.);
#1656=EDGE_CURVE('',#1983,#1985,#2160,.T.);
#1657=EDGE_CURVE('',#1986,#1985,#173,.T.);
#1658=EDGE_CURVE('',#1986,#1984,#2161,.T.);
#1659=EDGE_CURVE('',#1985,#1987,#174,.T.);
#1660=EDGE_CURVE('',#1988,#1987,#175,.T.);
#1661=EDGE_CURVE('',#1988,#1986,#176,.T.);
#1662=EDGE_CURVE('',#1987,#1989,#2162,.T.);
#1663=EDGE_CURVE('',#1990,#1989,#177,.T.);
#1664=EDGE_CURVE('',#1990,#1988,#2163,.T.);
#1665=EDGE_CURVE('',#1989,#1991,#178,.T.);
#1666=EDGE_CURVE('',#1992,#1991,#179,.T.);
#1667=EDGE_CURVE('',#1992,#1990,#180,.T.);
#1668=EDGE_CURVE('',#1993,#1994,#181,.T.);
#1669=EDGE_CURVE('',#1992,#1993,#182,.T.);
#1670=EDGE_CURVE('',#1991,#1994,#183,.T.);
#1671=EDGE_CURVE('',#1994,#1995,#184,.T.);
#1672=EDGE_CURVE('',#1996,#1995,#185,.T.);
#1673=EDGE_CURVE('',#1996,#1993,#186,.T.);
#1674=EDGE_CURVE('',#1995,#1997,#2164,.T.);
#1675=EDGE_CURVE('',#1998,#1997,#187,.T.);
#1676=EDGE_CURVE('',#1998,#1996,#2165,.T.);
#1677=EDGE_CURVE('',#1997,#1999,#188,.T.);
#1678=EDGE_CURVE('',#2000,#1999,#189,.T.);
#1679=EDGE_CURVE('',#2000,#1998,#190,.T.);
#1680=EDGE_CURVE('',#1999,#2001,#2166,.T.);
#1681=EDGE_CURVE('',#2002,#2001,#191,.T.);
#1682=EDGE_CURVE('',#2002,#2000,#2167,.T.);
#1683=EDGE_CURVE('',#2001,#2003,#192,.T.);
#1684=EDGE_CURVE('',#2004,#2003,#193,.T.);
#1685=EDGE_CURVE('',#2004,#2002,#194,.T.);
#1686=EDGE_CURVE('',#2004,#2005,#195,.T.);
#1687=EDGE_CURVE('',#2003,#2006,#196,.T.);
#1688=EDGE_CURVE('',#2005,#2006,#197,.T.);
#1689=EDGE_CURVE('',#2007,#2008,#198,.T.);
#1690=EDGE_CURVE('',#2005,#2007,#199,.T.);
#1691=EDGE_CURVE('',#2008,#2006,#200,.T.);
#1692=EDGE_CURVE('',#2009,#2010,#201,.T.);
#1693=EDGE_CURVE('',#2007,#2009,#2168,.F.);
#1694=EDGE_CURVE('',#2010,#2008,#2169,.F.);
#1695=EDGE_CURVE('',#2011,#2012,#202,.T.);
#1696=EDGE_CURVE('',#2009,#2011,#203,.T.);
#1697=EDGE_CURVE('',#2012,#2010,#204,.T.);
#1698=EDGE_CURVE('',#2013,#2014,#205,.T.);
#1699=EDGE_CURVE('',#2011,#2013,#2170,.F.);
#1700=EDGE_CURVE('',#2014,#2012,#2171,.F.);
#1701=EDGE_CURVE('',#2015,#2016,#206,.T.);
#1702=EDGE_CURVE('',#2013,#2015,#207,.T.);
#1703=EDGE_CURVE('',#2016,#2014,#208,.T.);
#1704=EDGE_CURVE('',#2015,#2017,#2172,.T.);
#1705=EDGE_CURVE('',#2018,#2016,#2173,.T.);
#1706=EDGE_CURVE('',#2017,#2018,#209,.T.);
#1707=EDGE_CURVE('',#2019,#2020,#2174,.F.);
#1708=EDGE_CURVE('',#2019,#2020,#586,.T.);
#1709=EDGE_CURVE('',#2021,#2022,#587,.T.);
#1710=EDGE_CURVE('',#2023,#2021,#2175,.T.);
#1711=EDGE_CURVE('',#2024,#2023,#588,.T.);
#1712=EDGE_CURVE('',#2022,#2024,#2176,.T.);
#1713=EDGE_CURVE('',#2025,#2017,#210,.T.);
#1714=EDGE_CURVE('',#2018,#2026,#211,.T.);
#1715=EDGE_CURVE('',#2025,#2026,#212,.T.);
#1716=EDGE_CURVE('',#2027,#2025,#213,.T.);
#1717=EDGE_CURVE('',#2027,#1981,#214,.T.);
#1718=EDGE_CURVE('',#1982,#2028,#215,.T.);
#1719=EDGE_CURVE('',#2027,#2028,#216,.T.);
#1720=EDGE_CURVE('',#2029,#1971,#217,.T.);
#1721=EDGE_CURVE('',#2029,#2030,#218,.T.);
#1722=EDGE_CURVE('',#2030,#1972,#219,.T.);
#1723=EDGE_CURVE('',#1970,#1960,#220,.F.);
#1724=EDGE_CURVE('',#2030,#2031,#221,.T.);
#1725=EDGE_CURVE('',#2031,#1968,#222,.T.);
#1726=EDGE_CURVE('',#2031,#2032,#223,.T.);
#1727=EDGE_CURVE('',#2032,#1973,#224,.T.);
#1728=EDGE_CURVE('',#1969,#1978,#225,.F.);
#1729=EDGE_CURVE('',#2032,#2029,#226,.T.);
#1730=EDGE_CURVE('',#2033,#2034,#227,.T.);
#1731=EDGE_CURVE('',#2026,#2033,#228,.T.);
#1732=EDGE_CURVE('',#2035,#2028,#229,.T.);
#1733=EDGE_CURVE('',#2035,#2036,#230,.T.);
#1734=EDGE_CURVE('',#2036,#2037,#2177,.F.);
#1735=EDGE_CURVE('',#2037,#2038,#231,.T.);
#1736=EDGE_CURVE('',#2038,#2034,#2178,.F.);
#1737=EDGE_CURVE('',#2022,#2039,#232,.T.);
#1738=EDGE_CURVE('',#2024,#2040,#233,.T.);
#1739=EDGE_CURVE('',#2040,#2039,#234,.T.);
#1740=EDGE_CURVE('',#2041,#2042,#235,.T.);
#1741=EDGE_CURVE('',#2043,#2041,#236,.T.);
#1742=EDGE_CURVE('',#2044,#2043,#237,.T.);
#1743=EDGE_CURVE('',#2044,#2019,#238,.T.);
#1744=EDGE_CURVE('',#2020,#2042,#239,.T.);
#1745=EDGE_CURVE('',#2045,#2046,#240,.T.);
#1746=EDGE_CURVE('',#2046,#2047,#241,.T.);
#1747=EDGE_CURVE('',#2047,#2048,#242,.T.);
#1748=EDGE_CURVE('',#2045,#2048,#243,.T.);
#1749=EDGE_CURVE('',#2049,#2046,#2179,.T.);
#1750=EDGE_CURVE('',#2049,#2050,#244,.T.);
#1751=EDGE_CURVE('',#2047,#2050,#2180,.T.);
#1752=EDGE_CURVE('',#2051,#2049,#245,.T.);
#1753=EDGE_CURVE('',#2051,#2052,#246,.T.);
#1754=EDGE_CURVE('',#2050,#2052,#247,.T.);
#1755=EDGE_CURVE('',#2052,#2041,#2181,.F.);
#1756=EDGE_CURVE('',#2043,#2051,#2182,.F.);
#1757=EDGE_CURVE('',#2053,#2044,#2183,.F.);
#1758=EDGE_CURVE('',#2053,#2054,#248,.T.);
#1759=EDGE_CURVE('',#2042,#2054,#2184,.F.);
#1760=EDGE_CURVE('',#2055,#2053,#249,.T.);
#1761=EDGE_CURVE('',#2055,#2056,#250,.T.);
#1762=EDGE_CURVE('',#2054,#2056,#251,.T.);
#1763=EDGE_CURVE('',#2057,#2055,#252,.T.);
#1764=EDGE_CURVE('',#2057,#2058,#253,.T.);
#1765=EDGE_CURVE('',#2058,#2056,#254,.T.);
#1766=EDGE_CURVE('',#2059,#2058,#255,.T.);
#1767=EDGE_CURVE('',#2057,#2060,#256,.T.);
#1768=EDGE_CURVE('',#2060,#2059,#257,.T.);
#1769=EDGE_CURVE('',#2061,#2021,#258,.T.);
#1770=EDGE_CURVE('',#2039,#2059,#2185,.T.);
#1771=EDGE_CURVE('',#2060,#2061,#2186,.T.);
#1772=EDGE_CURVE('',#2062,#2023,#259,.T.);
#1773=EDGE_CURVE('',#2061,#2062,#260,.T.);
#1774=EDGE_CURVE('',#2062,#2063,#2187,.T.);
#1775=EDGE_CURVE('',#2063,#2064,#261,.T.);
#1776=EDGE_CURVE('',#2064,#2040,#2188,.T.);
#1777=EDGE_CURVE('',#2065,#2064,#262,.T.);
#1778=EDGE_CURVE('',#2063,#2066,#263,.T.);
#1779=EDGE_CURVE('',#2066,#2065,#264,.T.);
#1780=EDGE_CURVE('',#2067,#2066,#265,.T.);
#1781=EDGE_CURVE('',#2067,#2068,#266,.T.);
#1782=EDGE_CURVE('',#2068,#2065,#267,.T.);
#1783=EDGE_CURVE('',#2069,#2070,#268,.F.);
#1784=EDGE_CURVE('',#2071,#2069,#2189,.T.);
#1785=EDGE_CURVE('',#2072,#2071,#269,.F.);
#1786=EDGE_CURVE('',#2070,#2072,#2190,.T.);
#1787=EDGE_CURVE('',#2072,#2073,#270,.T.);
#1788=EDGE_CURVE('',#2074,#2071,#271,.T.);
#1789=EDGE_CURVE('',#2074,#2073,#272,.T.);
#1790=EDGE_CURVE('',#2035,#2075,#273,.T.);
#1791=EDGE_CURVE('',#2033,#2076,#274,.T.);
#1792=EDGE_CURVE('',#2076,#2045,#275,.T.);
#1793=EDGE_CURVE('',#2048,#2073,#276,.T.);
#1794=EDGE_CURVE('',#2074,#2075,#277,.T.);
#1795=EDGE_CURVE('',#2077,#2075,#278,.T.);
#1796=EDGE_CURVE('',#2077,#2036,#279,.F.);
#1797=EDGE_CURVE('',#2078,#2077,#2191,.F.);
#1798=EDGE_CURVE('',#2037,#2078,#280,.T.);
#1799=EDGE_CURVE('',#2078,#2079,#281,.T.);
#1800=EDGE_CURVE('',#2079,#2038,#282,.F.);
#1801=EDGE_CURVE('',#2080,#2079,#2192,.F.);
#1802=EDGE_CURVE('',#2034,#2080,#283,.T.);
#1803=EDGE_CURVE('',#2080,#2076,#284,.T.);
#1804=EDGE_CURVE('',#2081,#2068,#285,.T.);
#1805=EDGE_CURVE('',#2067,#2082,#286,.T.);
#1806=EDGE_CURVE('',#2082,#2081,#287,.T.);
#1807=EDGE_CURVE('',#2083,#2081,#2193,.T.);
#1808=EDGE_CURVE('',#2084,#2083,#288,.T.);
#1809=EDGE_CURVE('',#2085,#2084,#2194,.T.);
#1810=EDGE_CURVE('',#2070,#2085,#289,.T.);
#1811=EDGE_CURVE('',#2086,#2085,#290,.T.);
#1812=EDGE_CURVE('',#2086,#2069,#291,.T.);
#1813=EDGE_CURVE('',#2087,#2086,#2195,.T.);
#1814=EDGE_CURVE('',#2088,#2087,#292,.T.);
#1815=EDGE_CURVE('',#2082,#2088,#2196,.T.);
#1816=EDGE_CURVE('',#2087,#2084,#293,.T.);
#1817=EDGE_CURVE('',#2089,#2083,#294,.T.);
#1818=EDGE_CURVE('',#2089,#2090,#2197,.T.);
#1819=EDGE_CURVE('',#2088,#2090,#295,.T.);
#1820=EDGE_CURVE('',#2090,#2091,#589,.T.);
#1821=EDGE_CURVE('',#2092,#2091,#590,.T.);
#1822=EDGE_CURVE('',#2092,#2093,#591,.T.);
#1823=EDGE_CURVE('',#2094,#2093,#592,.T.);
#1824=EDGE_CURVE('',#2094,#2089,#593,.T.);
#1825=EDGE_CURVE('',#2095,#2095,#2198,.T.);
#1826=EDGE_CURVE('',#2096,#2096,#2199,.F.);
#1827=EDGE_CURVE('',#2097,#2097,#2200,.F.);
#1828=VERTEX_POINT('',#4824);
#1829=VERTEX_POINT('',#4827);
#1830=VERTEX_POINT('',#4830);
#1831=VERTEX_POINT('',#4839);
#1832=VERTEX_POINT('',#4848);
#1833=VERTEX_POINT('',#4857);
#1834=VERTEX_POINT('',#4860);
#1835=VERTEX_POINT('',#4863);
#1836=VERTEX_POINT('',#4866);
#1837=VERTEX_POINT('',#4873);
#1838=VERTEX_POINT('',#4874);
#1839=VERTEX_POINT('',#4882);
#1840=VERTEX_POINT('',#4883);
#1841=VERTEX_POINT('',#4885);
#1842=VERTEX_POINT('',#4891);
#1843=VERTEX_POINT('',#4899);
#1844=VERTEX_POINT('',#4900);
#1845=VERTEX_POINT('',#4904);
#1846=VERTEX_POINT('',#4907);
#1847=VERTEX_POINT('',#4910);
#1848=VERTEX_POINT('',#4912);
#1849=VERTEX_POINT('',#4916);
#1850=VERTEX_POINT('',#4918);
#1851=VERTEX_POINT('',#4920);
#1852=VERTEX_POINT('',#4922);
#1853=VERTEX_POINT('',#4926);
#1854=VERTEX_POINT('',#4927);
#1855=VERTEX_POINT('',#4929);
#1856=VERTEX_POINT('',#4931);
#1857=VERTEX_POINT('',#4935);
#1858=VERTEX_POINT('',#4937);
#1859=VERTEX_POINT('',#4944);
#1860=VERTEX_POINT('',#4946);
#1861=VERTEX_POINT('',#4950);
#1862=VERTEX_POINT('',#4952);
#1863=VERTEX_POINT('',#4956);
#1864=VERTEX_POINT('',#4958);
#1865=VERTEX_POINT('',#4962);
#1866=VERTEX_POINT('',#4964);
#1867=VERTEX_POINT('',#4969);
#1868=VERTEX_POINT('',#4973);
#1869=VERTEX_POINT('',#4977);
#1870=VERTEX_POINT('',#4979);
#1871=VERTEX_POINT('',#4983);
#1872=VERTEX_POINT('',#4985);
#1873=VERTEX_POINT('',#4989);
#1874=VERTEX_POINT('',#4991);
#1875=VERTEX_POINT('',#4995);
#1876=VERTEX_POINT('',#4997);
#1877=VERTEX_POINT('',#5001);
#1878=VERTEX_POINT('',#5004);
#1879=VERTEX_POINT('',#5008);
#1880=VERTEX_POINT('',#5009);
#1881=VERTEX_POINT('',#5014);
#1882=VERTEX_POINT('',#5016);
#1883=VERTEX_POINT('',#5020);
#1884=VERTEX_POINT('',#5022);
#1885=VERTEX_POINT('',#5026);
#1886=VERTEX_POINT('',#5028);
#1887=VERTEX_POINT('',#5032);
#1888=VERTEX_POINT('',#5033);
#1889=VERTEX_POINT('',#5035);
#1890=VERTEX_POINT('',#5037);
#1891=VERTEX_POINT('',#5041);
#1892=VERTEX_POINT('',#5043);
#1893=VERTEX_POINT('',#5047);
#1894=VERTEX_POINT('',#5049);
#1895=VERTEX_POINT('',#5053);
#1896=VERTEX_POINT('',#5055);
#1897=VERTEX_POINT('',#5059);
#1898=VERTEX_POINT('',#5061);
#1899=VERTEX_POINT('',#5065);
#1900=VERTEX_POINT('',#5067);
#1901=VERTEX_POINT('',#5071);
#1902=VERTEX_POINT('',#5073);
#1903=VERTEX_POINT('',#5077);
#1904=VERTEX_POINT('',#5079);
#1905=VERTEX_POINT('',#5083);
#1906=VERTEX_POINT('',#5085);
#1907=VERTEX_POINT('',#5089);
#1908=VERTEX_POINT('',#5091);
#1909=VERTEX_POINT('',#5095);
#1910=VERTEX_POINT('',#5097);
#1911=VERTEX_POINT('',#5101);
#1912=VERTEX_POINT('',#5103);
#1913=VERTEX_POINT('',#5107);
#1914=VERTEX_POINT('',#5108);
#1915=VERTEX_POINT('',#5113);
#1916=VERTEX_POINT('',#5115);
#1917=VERTEX_POINT('',#5119);
#1918=VERTEX_POINT('',#5121);
#1919=VERTEX_POINT('',#5125);
#1920=VERTEX_POINT('',#5127);
#1921=VERTEX_POINT('',#5131);
#1922=VERTEX_POINT('',#5133);
#1923=VERTEX_POINT('',#5137);
#1924=VERTEX_POINT('',#5139);
#1925=VERTEX_POINT('',#5143);
#1926=VERTEX_POINT('',#5145);
#1927=VERTEX_POINT('',#5149);
#1928=VERTEX_POINT('',#5150);
#1929=VERTEX_POINT('',#5152);
#1930=VERTEX_POINT('',#5154);
#1931=VERTEX_POINT('',#5158);
#1932=VERTEX_POINT('',#5160);
#1933=VERTEX_POINT('',#5164);
#1934=VERTEX_POINT('',#5166);
#1935=VERTEX_POINT('',#5170);
#1936=VERTEX_POINT('',#5173);
#1937=VERTEX_POINT('',#5176);
#1938=VERTEX_POINT('',#5178);
#1939=VERTEX_POINT('',#5182);
#1940=VERTEX_POINT('',#5186);
#1941=VERTEX_POINT('',#5190);
#1942=VERTEX_POINT('',#5192);
#1943=VERTEX_POINT('',#5196);
#1944=VERTEX_POINT('',#5198);
#1945=VERTEX_POINT('',#5202);
#1946=VERTEX_POINT('',#5206);
#1947=VERTEX_POINT('',#5211);
#1948=VERTEX_POINT('',#5215);
#1949=VERTEX_POINT('',#5222);
#1950=VERTEX_POINT('',#5225);
#1951=VERTEX_POINT('',#5228);
#1952=VERTEX_POINT('',#5229);
#1953=VERTEX_POINT('',#5231);
#1954=VERTEX_POINT('',#5233);
#1955=VERTEX_POINT('',#5237);
#1956=VERTEX_POINT('',#5239);
#1957=VERTEX_POINT('',#5243);
#1958=VERTEX_POINT('',#5245);
#1959=VERTEX_POINT('',#5249);
#1960=VERTEX_POINT('',#5250);
#1961=VERTEX_POINT('',#5255);
#1962=VERTEX_POINT('',#5256);
#1963=VERTEX_POINT('',#5258);
#1964=VERTEX_POINT('',#5260);
#1965=VERTEX_POINT('',#5262);
#1966=VERTEX_POINT('',#5264);
#1967=VERTEX_POINT('',#5268);
#1968=VERTEX_POINT('',#5269);
#1969=VERTEX_POINT('',#5276);
#1970=VERTEX_POINT('',#5277);
#1971=VERTEX_POINT('',#5279);
#1972=VERTEX_POINT('',#5281);
#1973=VERTEX_POINT('',#5285);
#1974=VERTEX_POINT('',#5287);
#1975=VERTEX_POINT('',#5291);
#1976=VERTEX_POINT('',#5295);
#1977=VERTEX_POINT('',#5299);
#1978=VERTEX_POINT('',#5303);
#1979=VERTEX_POINT('',#5307);
#1980=VERTEX_POINT('',#5308);
#1981=VERTEX_POINT('',#5310);
#1982=VERTEX_POINT('',#5312);
#1983=VERTEX_POINT('',#5316);
#1984=VERTEX_POINT('',#5318);
#1985=VERTEX_POINT('',#5322);
#1986=VERTEX_POINT('',#5324);
#1987=VERTEX_POINT('',#5328);
#1988=VERTEX_POINT('',#5330);
#1989=VERTEX_POINT('',#5334);
#1990=VERTEX_POINT('',#5336);
#1991=VERTEX_POINT('',#5340);
#1992=VERTEX_POINT('',#5342);
#1993=VERTEX_POINT('',#5346);
#1994=VERTEX_POINT('',#5347);
#1995=VERTEX_POINT('',#5352);
#1996=VERTEX_POINT('',#5354);
#1997=VERTEX_POINT('',#5358);
#1998=VERTEX_POINT('',#5360);
#1999=VERTEX_POINT('',#5364);
#2000=VERTEX_POINT('',#5366);
#2001=VERTEX_POINT('',#5370);
#2002=VERTEX_POINT('',#5372);
#2003=VERTEX_POINT('',#5376);
#2004=VERTEX_POINT('',#5378);
#2005=VERTEX_POINT('',#5382);
#2006=VERTEX_POINT('',#5384);
#2007=VERTEX_POINT('',#5388);
#2008=VERTEX_POINT('',#5389);
#2009=VERTEX_POINT('',#5394);
#2010=VERTEX_POINT('',#5395);
#2011=VERTEX_POINT('',#5400);
#2012=VERTEX_POINT('',#5401);
#2013=VERTEX_POINT('',#5406);
#2014=VERTEX_POINT('',#5407);
#2015=VERTEX_POINT('',#5412);
#2016=VERTEX_POINT('',#5413);
#2017=VERTEX_POINT('',#5418);
#2018=VERTEX_POINT('',#5420);
#2019=VERTEX_POINT('',#5424);
#2020=VERTEX_POINT('',#5425);
#2021=VERTEX_POINT('',#5441);
#2022=VERTEX_POINT('',#5442);
#2023=VERTEX_POINT('',#5444);
#2024=VERTEX_POINT('',#5450);
#2025=VERTEX_POINT('',#5454);
#2026=VERTEX_POINT('',#5456);
#2027=VERTEX_POINT('',#5460);
#2028=VERTEX_POINT('',#5464);
#2029=VERTEX_POINT('',#5468);
#2030=VERTEX_POINT('',#5470);
#2031=VERTEX_POINT('',#5475);
#2032=VERTEX_POINT('',#5479);
#2033=VERTEX_POINT('',#5486);
#2034=VERTEX_POINT('',#5487);
#2035=VERTEX_POINT('',#5490);
#2036=VERTEX_POINT('',#5492);
#2037=VERTEX_POINT('',#5494);
#2038=VERTEX_POINT('',#5496);
#2039=VERTEX_POINT('',#5500);
#2040=VERTEX_POINT('',#5502);
#2041=VERTEX_POINT('',#5506);
#2042=VERTEX_POINT('',#5507);
#2043=VERTEX_POINT('',#5509);
#2044=VERTEX_POINT('',#5511);
#2045=VERTEX_POINT('',#5516);
#2046=VERTEX_POINT('',#5517);
#2047=VERTEX_POINT('',#5519);
#2048=VERTEX_POINT('',#5521);
#2049=VERTEX_POINT('',#5525);
#2050=VERTEX_POINT('',#5527);
#2051=VERTEX_POINT('',#5531);
#2052=VERTEX_POINT('',#5533);
#2053=VERTEX_POINT('',#5540);
#2054=VERTEX_POINT('',#5542);
#2055=VERTEX_POINT('',#5546);
#2056=VERTEX_POINT('',#5548);
#2057=VERTEX_POINT('',#5552);
#2058=VERTEX_POINT('',#5554);
#2059=VERTEX_POINT('',#5558);
#2060=VERTEX_POINT('',#5560);
#2061=VERTEX_POINT('',#5564);
#2062=VERTEX_POINT('',#5569);
#2063=VERTEX_POINT('',#5573);
#2064=VERTEX_POINT('',#5575);
#2065=VERTEX_POINT('',#5579);
#2066=VERTEX_POINT('',#5581);
#2067=VERTEX_POINT('',#5585);
#2068=VERTEX_POINT('',#5587);
#2069=VERTEX_POINT('',#5591);
#2070=VERTEX_POINT('',#5592);
#2071=VERTEX_POINT('',#5594);
#2072=VERTEX_POINT('',#5596);
#2073=VERTEX_POINT('',#5600);
#2074=VERTEX_POINT('',#5602);
#2075=VERTEX_POINT('',#5606);
#2076=VERTEX_POINT('',#5608);
#2077=VERTEX_POINT('',#5614);
#2078=VERTEX_POINT('',#5618);
#2079=VERTEX_POINT('',#5622);
#2080=VERTEX_POINT('',#5626);
#2081=VERTEX_POINT('',#5632);
#2082=VERTEX_POINT('',#5634);
#2083=VERTEX_POINT('',#5638);
#2084=VERTEX_POINT('',#5640);
#2085=VERTEX_POINT('',#5642);
#2086=VERTEX_POINT('',#5646);
#2087=VERTEX_POINT('',#5650);
#2088=VERTEX_POINT('',#5652);
#2089=VERTEX_POINT('',#5657);
#2090=VERTEX_POINT('',#5659);
#2091=VERTEX_POINT('',#5667);
#2092=VERTEX_POINT('',#5672);
#2093=VERTEX_POINT('',#5678);
#2094=VERTEX_POINT('',#5683);
#2095=VERTEX_POINT('',#5690);
#2096=VERTEX_POINT('',#5693);
#2097=VERTEX_POINT('',#5696);
#2098=CIRCLE('',#3797,0.2286);
#2099=CIRCLE('',#3799,0.2286);
#2100=CIRCLE('',#3801,0.2286);
#2101=CIRCLE('',#3806,0.2286);
#2102=CIRCLE('',#3808,0.2286);
#2103=CIRCLE('',#3810,0.2286);
#2104=CIRCLE('',#3812,0.2286);
#2105=CIRCLE('',#3814,0.2286);
#2106=CIRCLE('',#3815,0.2286);
#2107=CIRCLE('',#3817,0.2286);
#2108=CIRCLE('',#3819,0.2286);
#2109=CIRCLE('',#3821,0.2286);
#2110=CIRCLE('',#3825,2.02500000000001);
#2111=CIRCLE('',#3826,2.02500000000001);
#2112=CIRCLE('',#3829,0.766703967780949);
#2113=CIRCLE('',#3830,0.766703967780949);
#2114=CIRCLE('',#3832,0.716751906620069);
#2115=CIRCLE('',#3833,0.716751906620069);
#2116=CIRCLE('',#3838,0.765148466651116);
#2117=CIRCLE('',#3839,0.765148466651116);
#2118=CIRCLE('',#3842,0.724738349071727);
#2119=CIRCLE('',#3843,0.724738349071727);
#2120=CIRCLE('',#3848,0.716751906620069);
#2121=CIRCLE('',#3849,0.716751906620069);
#2122=CIRCLE('',#3852,0.766703967780949);
#2123=CIRCLE('',#3853,0.766703967780949);
#2124=CIRCLE('',#3856,2.02500000000001);
#2125=CIRCLE('',#3857,2.02500000000001);
#2126=CIRCLE('',#3859,2.02500000000001);
#2127=CIRCLE('',#3860,2.02500000000001);
#2128=CIRCLE('',#3863,0.766703967780949);
#2129=CIRCLE('',#3864,0.766703967780949);
#2130=CIRCLE('',#3867,0.716751906620069);
#2131=CIRCLE('',#3868,0.716751906620069);
#2132=CIRCLE('',#3873,0.724738349071727);
#2133=CIRCLE('',#3874,0.724738349071727);
#2134=CIRCLE('',#3877,0.765148466651116);
#2135=CIRCLE('',#3878,0.765148466651116);
#2136=CIRCLE('',#3883,0.716751906620069);
#2137=CIRCLE('',#3884,0.716751906620069);
#2138=CIRCLE('',#3887,0.766703967780949);
#2139=CIRCLE('',#3888,0.766703967780949);
#2140=CIRCLE('',#3891,2.02500000000001);
#2141=CIRCLE('',#3892,2.02500000000001);
#2142=CIRCLE('',#3894,2.02500000000001);
#2143=CIRCLE('',#3895,2.02500000000001);
#2144=CIRCLE('',#3898,2.02500000000001);
#2145=CIRCLE('',#3899,2.02500000000001);
#2146=CIRCLE('',#3901,0.2286);
#2147=CIRCLE('',#3903,0.2286);
#2148=CIRCLE('',#3915,0.2286);
#2149=CIRCLE('',#3917,0.2286);
#2150=CIRCLE('',#3919,0.6604);
#2151=CIRCLE('',#3920,0.6604);
#2152=CIRCLE('',#3923,0.6604);
#2153=CIRCLE('',#3924,0.6604);
#2154=CIRCLE('',#3927,0.6604);
#2155=CIRCLE('',#3928,0.6604);
#2156=CIRCLE('',#3934,0.6604);
#2157=CIRCLE('',#3937,0.6604);
#2158=CIRCLE('',#3940,2.02500000000001);
#2159=CIRCLE('',#3941,2.02500000000001);
#2160=CIRCLE('',#3944,0.766703967780949);
#2161=CIRCLE('',#3945,0.766703967780949);
#2162=CIRCLE('',#3948,0.716751906620069);
#2163=CIRCLE('',#3949,0.716751906620069);
#2164=CIRCLE('',#3954,0.765148466651116);
#2165=CIRCLE('',#3955,0.765148466651116);
#2166=CIRCLE('',#3958,0.724738349071727);
#2167=CIRCLE('',#3959,0.724738349071727);
#2168=CIRCLE('',#3964,0.716751906620069);
#2169=CIRCLE('',#3965,0.716751906620069);
#2170=CIRCLE('',#3968,0.766703967780949);
#2171=CIRCLE('',#3969,0.766703967780949);
#2172=CIRCLE('',#3972,2.02500000000001);
#2173=CIRCLE('',#3973,2.02500000000001);
#2174=CIRCLE('',#3975,0.2286);
#2175=CIRCLE('',#3977,0.2286);
#2176=CIRCLE('',#3978,0.2286);
#2177=CIRCLE('',#3987,2.02500000000001);
#2178=CIRCLE('',#3988,2.02500000000001);
#2179=CIRCLE('',#3993,2.02500000000001);
#2180=CIRCLE('',#3994,2.02500000000001);
#2181=CIRCLE('',#3997,0.766703967780949);
#2182=CIRCLE('',#3998,0.766703967780949);
#2183=CIRCLE('',#4000,0.716751906620069);
#2184=CIRCLE('',#4001,0.716751906620069);
#2185=CIRCLE('',#4006,0.724738349071727);
#2186=CIRCLE('',#4007,0.724738349071727);
#2187=CIRCLE('',#4010,0.765148466651116);
#2188=CIRCLE('',#4011,0.765148466651116);
#2189=CIRCLE('',#4015,2.02500000000001);
#2190=CIRCLE('',#4016,2.02500000000001);
#2191=CIRCLE('',#4021,2.02500000000001);
#2192=CIRCLE('',#4024,2.02500000000001);
#2193=CIRCLE('',#4028,0.716751906620069);
#2194=CIRCLE('',#4029,0.766703967780949);
#2195=CIRCLE('',#4032,0.766703967780949);
#2196=CIRCLE('',#4033,0.716751906620069);
#2197=CIRCLE('',#4035,0.2286);
#2198=CIRCLE('',#4039,0.2286);
#2199=CIRCLE('',#4041,0.2286);
#2200=CIRCLE('',#4043,0.2286);
#2201=EDGE_LOOP('',(#646));
#2202=EDGE_LOOP('',(#647));
#2203=EDGE_LOOP('',(#648));
#2204=EDGE_LOOP('',(#649));
#2205=EDGE_LOOP('',(#650));
#2206=EDGE_LOOP('',(#651));
#2207=EDGE_LOOP('',(#652));
#2208=EDGE_LOOP('',(#653));
#2209=EDGE_LOOP('',(#654));
#2210=EDGE_LOOP('',(#655));
#2211=EDGE_LOOP('',(#656));
#2212=EDGE_LOOP('',(#657));
#2213=EDGE_LOOP('',(#658));
#2214=EDGE_LOOP('',(#659));
#2215=EDGE_LOOP('',(#660));
#2216=EDGE_LOOP('',(#661,#662));
#2217=EDGE_LOOP('',(#663));
#2218=EDGE_LOOP('',(#664));
#2219=EDGE_LOOP('',(#665,#666,#667,#668));
#2220=EDGE_LOOP('',(#669));
#2221=EDGE_LOOP('',(#670,#671));
#2222=EDGE_LOOP('',(#672));
#2223=EDGE_LOOP('',(#673));
#2224=EDGE_LOOP('',(#674,#675,#676,#677));
#2225=EDGE_LOOP('',(#678,#679,#680,#681,#682,#683));
#2226=EDGE_LOOP('',(#684,#685,#686,#687));
#2227=EDGE_LOOP('',(#688,#689,#690,#691));
#2228=EDGE_LOOP('',(#692,#693,#694,#695));
#2229=EDGE_LOOP('',(#696,#697,#698,#699,#700,#701));
#2230=EDGE_LOOP('',(#702,#703,#704,#705));
#2231=EDGE_LOOP('',(#706,#707,#708,#709));
#2232=EDGE_LOOP('',(#710,#711,#712,#713));
#2233=EDGE_LOOP('',(#714,#715,#716,#717,#718,#719));
#2234=EDGE_LOOP('',(#720,#721,#722,#723));
#2235=EDGE_LOOP('',(#724,#725,#726,#727,#728,#729));
#2236=EDGE_LOOP('',(#730,#731,#732,#733));
#2237=EDGE_LOOP('',(#734,#735,#736,#737));
#2238=EDGE_LOOP('',(#738,#739,#740,#741));
#2239=EDGE_LOOP('',(#742,#743,#744,#745,#746,#747));
#2240=EDGE_LOOP('',(#748,#749,#750,#751,#752,#753));
#2241=EDGE_LOOP('',(#754,#755,#756,#757));
#2242=EDGE_LOOP('',(#758,#759,#760,#761));
#2243=EDGE_LOOP('',(#762,#763,#764,#765));
#2244=EDGE_LOOP('',(#766,#767,#768,#769));
#2245=EDGE_LOOP('',(#770,#771,#772,#773));
#2246=EDGE_LOOP('',(#774,#775,#776,#777));
#2247=EDGE_LOOP('',(#778,#779,#780,#781));
#2248=EDGE_LOOP('',(#782,#783,#784,#785));
#2249=EDGE_LOOP('',(#786,#787,#788,#789));
#2250=EDGE_LOOP('',(#790,#791,#792,#793));
#2251=EDGE_LOOP('',(#794,#795,#796,#797));
#2252=EDGE_LOOP('',(#798,#799,#800,#801));
#2253=EDGE_LOOP('',(#802,#803,#804,#805));
#2254=EDGE_LOOP('',(#806,#807,#808,#809));
#2255=EDGE_LOOP('',(#810,#811,#812,#813));
#2256=EDGE_LOOP('',(#814,#815,#816,#817));
#2257=EDGE_LOOP('',(#818,#819,#820,#821));
#2258=EDGE_LOOP('',(#822,#823,#824,#825));
#2259=EDGE_LOOP('',(#826,#827,#828,#829));
#2260=EDGE_LOOP('',(#830,#831,#832,#833));
#2261=EDGE_LOOP('',(#834,#835,#836,#837));
#2262=EDGE_LOOP('',(#838,#839,#840,#841));
#2263=EDGE_LOOP('',(#842,#843,#844,#845));
#2264=EDGE_LOOP('',(#846,#847,#848,#849));
#2265=EDGE_LOOP('',(#850,#851,#852,#853));
#2266=EDGE_LOOP('',(#854));
#2267=EDGE_LOOP('',(#855));
#2268=EDGE_LOOP('',(#856));
#2269=EDGE_LOOP('',(#857));
#2270=EDGE_LOOP('',(#858,#859,#860,#861));
#2271=EDGE_LOOP('',(#862,#863,#864,#865,#866,#867,#868,#869,#870,#871,#872,
#873,#874,#875,#876,#877,#878,#879,#880,#881,#882,#883));
#2272=EDGE_LOOP('',(#884,#885,#886,#887));
#2273=EDGE_LOOP('',(#888,#889,#890,#891));
#2274=EDGE_LOOP('',(#892,#893,#894,#895));
#2275=EDGE_LOOP('',(#896,#897,#898,#899,#900,#901,#902,#903,#904,#905,#906,
#907,#908,#909,#910,#911,#912,#913,#914,#915,#916,#917));
#2276=EDGE_LOOP('',(#918,#919,#920,#921));
#2277=EDGE_LOOP('',(#922,#923,#924,#925,#926,#927,#928,#929,#930,#931,#932,
#933,#934,#935,#936,#937,#938,#939,#940,#941,#942,#943,#944,#945,#946,#947,
#948,#949));
#2278=EDGE_LOOP('',(#950,#951,#952,#953));
#2279=EDGE_LOOP('',(#954,#955,#956,#957,#958,#959,#960,#961,#962,#963,#964,
#965,#966,#967,#968,#969,#970,#971,#972,#973,#974,#975,#976,#977,#978,#979,
#980,#981));
#2280=EDGE_LOOP('',(#982));
#2281=EDGE_LOOP('',(#983));
#2282=EDGE_LOOP('',(#984));
#2283=EDGE_LOOP('',(#985));
#2284=EDGE_LOOP('',(#986,#987,#988,#989));
#2285=EDGE_LOOP('',(#990,#991,#992,#993));
#2286=EDGE_LOOP('',(#994,#995,#996,#997));
#2287=EDGE_LOOP('',(#998,#999,#1000,#1001));
#2288=EDGE_LOOP('',(#1002,#1003,#1004,#1005,#1006,#1007));
#2289=EDGE_LOOP('',(#1008,#1009,#1010,#1011));
#2290=EDGE_LOOP('',(#1012,#1013,#1014,#1015,#1016,#1017));
#2291=EDGE_LOOP('',(#1018,#1019,#1020,#1021));
#2292=EDGE_LOOP('',(#1022,#1023,#1024,#1025,#1026,#1027,#1028,#1029,#1030,
#1031,#1032,#1033));
#2293=EDGE_LOOP('',(#1034,#1035,#1036,#1037));
#2294=EDGE_LOOP('',(#1038,#1039,#1040,#1041));
#2295=EDGE_LOOP('',(#1042,#1043,#1044,#1045));
#2296=EDGE_LOOP('',(#1046,#1047,#1048,#1049));
#2297=EDGE_LOOP('',(#1050,#1051,#1052,#1053));
#2298=EDGE_LOOP('',(#1054,#1055,#1056,#1057));
#2299=EDGE_LOOP('',(#1058,#1059,#1060,#1061));
#2300=EDGE_LOOP('',(#1062,#1063,#1064,#1065));
#2301=EDGE_LOOP('',(#1066,#1067,#1068,#1069));
#2302=EDGE_LOOP('',(#1070,#1071,#1072,#1073));
#2303=EDGE_LOOP('',(#1074,#1075,#1076,#1077));
#2304=EDGE_LOOP('',(#1078,#1079,#1080,#1081));
#2305=EDGE_LOOP('',(#1082,#1083,#1084,#1085));
#2306=EDGE_LOOP('',(#1086,#1087,#1088,#1089));
#2307=EDGE_LOOP('',(#1090,#1091,#1092,#1093));
#2308=EDGE_LOOP('',(#1094,#1095,#1096,#1097));
#2309=EDGE_LOOP('',(#1098,#1099,#1100,#1101));
#2310=EDGE_LOOP('',(#1102,#1103,#1104,#1105));
#2311=EDGE_LOOP('',(#1106,#1107,#1108,#1109));
#2312=EDGE_LOOP('',(#1110,#1111,#1112,#1113));
#2313=EDGE_LOOP('',(#1114,#1115,#1116,#1117));
#2314=EDGE_LOOP('',(#1118,#1119,#1120,#1121));
#2315=EDGE_LOOP('',(#1122,#1123,#1124,#1125));
#2316=EDGE_LOOP('',(#1126,#1127,#1128,#1129));
#2317=EDGE_LOOP('',(#1130,#1131));
#2318=EDGE_LOOP('',(#1132));
#2319=EDGE_LOOP('',(#1133));
#2320=EDGE_LOOP('',(#1134,#1135,#1136,#1137));
#2321=EDGE_LOOP('',(#1138,#1139,#1140,#1141));
#2322=EDGE_LOOP('',(#1142,#1143,#1144,#1145,#1146,#1147,#1148,#1149,#1150,
#1151,#1152,#1153,#1154,#1155,#1156,#1157,#1158,#1159,#1160,#1161,#1162,
#1163));
#2323=EDGE_LOOP('',(#1164,#1165,#1166,#1167));
#2324=EDGE_LOOP('',(#1168,#1169,#1170,#1171));
#2325=EDGE_LOOP('',(#1172,#1173,#1174,#1175,#1176,#1177,#1178,#1179,#1180,
#1181));
#2326=EDGE_LOOP('',(#1182,#1183,#1184,#1185,#1186,#1187,#1188,#1189,#1190,
#1191,#1192,#1193));
#2327=EDGE_LOOP('',(#1194,#1195,#1196,#1197,#1198,#1199,#1200,#1201,#1202,
#1203));
#2328=EDGE_LOOP('',(#1204,#1205,#1206,#1207,#1208,#1209,#1210,#1211,#1212,
#1213,#1214,#1215,#1216,#1217,#1218,#1219,#1220,#1221,#1222,#1223,#1224,
#1225,#1226,#1227,#1228,#1229,#1230,#1231));
#2329=EDGE_LOOP('',(#1232,#1233,#1234,#1235));
#2330=EDGE_LOOP('',(#1236,#1237,#1238,#1239,#1240,#1241));
#2331=EDGE_LOOP('',(#1242,#1243,#1244,#1245));
#2332=EDGE_LOOP('',(#1246,#1247,#1248,#1249));
#2333=EDGE_LOOP('',(#1250,#1251,#1252,#1253));
#2334=EDGE_LOOP('',(#1254,#1255,#1256,#1257));
#2335=EDGE_LOOP('',(#1258,#1259,#1260,#1261,#1262,#1263));
#2336=EDGE_LOOP('',(#1264,#1265,#1266,#1267));
#2337=EDGE_LOOP('',(#1268,#1269,#1270,#1271));
#2338=EDGE_LOOP('',(#1272,#1273,#1274,#1275));
#2339=EDGE_LOOP('',(#1276,#1277,#1278,#1279,#1280,#1281));
#2340=EDGE_LOOP('',(#1282,#1283,#1284,#1285));
#2341=EDGE_LOOP('',(#1286,#1287,#1288,#1289,#1290,#1291));
#2342=EDGE_LOOP('',(#1292,#1293,#1294,#1295));
#2343=EDGE_LOOP('',(#1296,#1297,#1298,#1299));
#2344=EDGE_LOOP('',(#1300,#1301,#1302,#1303));
#2345=EDGE_LOOP('',(#1304,#1305,#1306,#1307));
#2346=EDGE_LOOP('',(#1308,#1309,#1310,#1311));
#2347=EDGE_LOOP('',(#1312,#1313,#1314,#1315,#1316,#1317,#1318,#1319,#1320,
#1321,#1322,#1323));
#2348=EDGE_LOOP('',(#1324,#1325,#1326,#1327));
#2349=EDGE_LOOP('',(#1328,#1329,#1330,#1331));
#2350=EDGE_LOOP('',(#1332,#1333,#1334,#1335));
#2351=EDGE_LOOP('',(#1336,#1337,#1338,#1339));
#2352=EDGE_LOOP('',(#1340,#1341,#1342,#1343));
#2353=EDGE_LOOP('',(#1344,#1345,#1346,#1347));
#2354=EDGE_LOOP('',(#1348,#1349,#1350,#1351,#1352,#1353,#1354,#1355,#1356,
#1357,#1358,#1359,#1360,#1361,#1362,#1363,#1364,#1365,#1366,#1367,#1368,
#1369));
#2355=EDGE_LOOP('',(#1370,#1371,#1372,#1373));
#2356=EDGE_LOOP('',(#1374,#1375,#1376,#1377,#1378,#1379,#1380,#1381,#1382,
#1383,#1384,#1385,#1386,#1387,#1388,#1389,#1390,#1391,#1392,#1393,#1394,
#1395,#1396,#1397,#1398,#1399,#1400,#1401));
#2357=EDGE_LOOP('',(#1402,#1403,#1404,#1405,#1406,#1407));
#2358=EDGE_LOOP('',(#1408,#1409,#1410,#1411));
#2359=EDGE_LOOP('',(#1412,#1413,#1414,#1415,#1416,#1417,#1418,#1419,#1420,
#1421));
#2360=EDGE_LOOP('',(#1422));
#2361=EDGE_LOOP('',(#1423));
#2362=EDGE_LOOP('',(#1424));
#2363=EDGE_LOOP('',(#1425));
#2364=EDGE_LOOP('',(#1426));
#2365=EDGE_LOOP('',(#1427));
#2366=EDGE_LOOP('',(#1428,#1429,#1430,#1431,#1432,#1433));
#2367=FACE_BOUND('',#2201,.T.);
#2368=FACE_BOUND('',#2202,.T.);
#2369=FACE_BOUND('',#2203,.T.);
#2370=FACE_BOUND('',#2204,.T.);
#2371=FACE_BOUND('',#2205,.T.);
#2372=FACE_BOUND('',#2206,.T.);
#2373=FACE_BOUND('',#2207,.T.);
#2374=FACE_BOUND('',#2208,.T.);
#2375=FACE_BOUND('',#2209,.T.);
#2376=FACE_BOUND('',#2210,.T.);
#2377=FACE_BOUND('',#2211,.T.);
#2378=FACE_BOUND('',#2212,.T.);
#2379=FACE_BOUND('',#2213,.T.);
#2380=FACE_BOUND('',#2214,.T.);
#2381=FACE_BOUND('',#2215,.T.);
#2382=FACE_BOUND('',#2216,.T.);
#2383=FACE_BOUND('',#2217,.T.);
#2384=FACE_BOUND('',#2218,.T.);
#2385=FACE_BOUND('',#2219,.T.);
#2386=FACE_BOUND('',#2220,.T.);
#2387=FACE_BOUND('',#2221,.T.);
#2388=FACE_BOUND('',#2222,.T.);
#2389=FACE_BOUND('',#2223,.T.);
#2390=FACE_BOUND('',#2224,.T.);
#2391=FACE_BOUND('',#2225,.T.);
#2392=FACE_BOUND('',#2226,.T.);
#2393=FACE_BOUND('',#2227,.T.);
#2394=FACE_BOUND('',#2228,.T.);
#2395=FACE_BOUND('',#2229,.T.);
#2396=FACE_BOUND('',#2230,.T.);
#2397=FACE_BOUND('',#2231,.T.);
#2398=FACE_BOUND('',#2232,.T.);
#2399=FACE_BOUND('',#2233,.T.);
#2400=FACE_BOUND('',#2234,.T.);
#2401=FACE_BOUND('',#2235,.T.);
#2402=FACE_BOUND('',#2236,.T.);
#2403=FACE_BOUND('',#2237,.T.);
#2404=FACE_BOUND('',#2238,.T.);
#2405=FACE_BOUND('',#2239,.T.);
#2406=FACE_BOUND('',#2240,.T.);
#2407=FACE_BOUND('',#2241,.T.);
#2408=FACE_BOUND('',#2242,.T.);
#2409=FACE_BOUND('',#2243,.T.);
#2410=FACE_BOUND('',#2244,.T.);
#2411=FACE_BOUND('',#2245,.T.);
#2412=FACE_BOUND('',#2246,.T.);
#2413=FACE_BOUND('',#2247,.T.);
#2414=FACE_BOUND('',#2248,.T.);
#2415=FACE_BOUND('',#2249,.T.);
#2416=FACE_BOUND('',#2250,.T.);
#2417=FACE_BOUND('',#2251,.T.);
#2418=FACE_BOUND('',#2252,.T.);
#2419=FACE_BOUND('',#2253,.T.);
#2420=FACE_BOUND('',#2254,.T.);
#2421=FACE_BOUND('',#2255,.T.);
#2422=FACE_BOUND('',#2256,.T.);
#2423=FACE_BOUND('',#2257,.T.);
#2424=FACE_BOUND('',#2258,.T.);
#2425=FACE_BOUND('',#2259,.T.);
#2426=FACE_BOUND('',#2260,.T.);
#2427=FACE_BOUND('',#2261,.T.);
#2428=FACE_BOUND('',#2262,.T.);
#2429=FACE_BOUND('',#2263,.T.);
#2430=FACE_BOUND('',#2264,.T.);
#2431=FACE_BOUND('',#2265,.T.);
#2432=FACE_BOUND('',#2266,.T.);
#2433=FACE_BOUND('',#2267,.T.);
#2434=FACE_BOUND('',#2268,.T.);
#2435=FACE_BOUND('',#2269,.T.);
#2436=FACE_BOUND('',#2270,.T.);
#2437=FACE_BOUND('',#2271,.T.);
#2438=FACE_BOUND('',#2272,.T.);
#2439=FACE_BOUND('',#2273,.T.);
#2440=FACE_BOUND('',#2274,.T.);
#2441=FACE_BOUND('',#2275,.T.);
#2442=FACE_BOUND('',#2276,.T.);
#2443=FACE_BOUND('',#2277,.T.);
#2444=FACE_BOUND('',#2278,.T.);
#2445=FACE_BOUND('',#2279,.T.);
#2446=FACE_BOUND('',#2280,.T.);
#2447=FACE_BOUND('',#2281,.T.);
#2448=FACE_BOUND('',#2282,.T.);
#2449=FACE_BOUND('',#2283,.T.);
#2450=FACE_BOUND('',#2284,.T.);
#2451=FACE_BOUND('',#2285,.T.);
#2452=FACE_BOUND('',#2286,.T.);
#2453=FACE_BOUND('',#2287,.T.);
#2454=FACE_BOUND('',#2288,.T.);
#2455=FACE_BOUND('',#2289,.T.);
#2456=FACE_BOUND('',#2290,.T.);
#2457=FACE_BOUND('',#2291,.T.);
#2458=FACE_BOUND('',#2292,.T.);
#2459=FACE_BOUND('',#2293,.T.);
#2460=FACE_BOUND('',#2294,.T.);
#2461=FACE_BOUND('',#2295,.T.);
#2462=FACE_BOUND('',#2296,.T.);
#2463=FACE_BOUND('',#2297,.T.);
#2464=FACE_BOUND('',#2298,.T.);
#2465=FACE_BOUND('',#2299,.T.);
#2466=FACE_BOUND('',#2300,.T.);
#2467=FACE_BOUND('',#2301,.T.);
#2468=FACE_BOUND('',#2302,.T.);
#2469=FACE_BOUND('',#2303,.T.);
#2470=FACE_BOUND('',#2304,.T.);
#2471=FACE_BOUND('',#2305,.T.);
#2472=FACE_BOUND('',#2306,.T.);
#2473=FACE_BOUND('',#2307,.T.);
#2474=FACE_BOUND('',#2308,.T.);
#2475=FACE_BOUND('',#2309,.T.);
#2476=FACE_BOUND('',#2310,.T.);
#2477=FACE_BOUND('',#2311,.T.);
#2478=FACE_BOUND('',#2312,.T.);
#2479=FACE_BOUND('',#2313,.T.);
#2480=FACE_BOUND('',#2314,.T.);
#2481=FACE_BOUND('',#2315,.T.);
#2482=FACE_BOUND('',#2316,.T.);
#2483=FACE_BOUND('',#2317,.T.);
#2484=FACE_BOUND('',#2318,.T.);
#2485=FACE_BOUND('',#2319,.T.);
#2486=FACE_BOUND('',#2320,.T.);
#2487=FACE_BOUND('',#2321,.T.);
#2488=FACE_BOUND('',#2322,.T.);
#2489=FACE_BOUND('',#2323,.T.);
#2490=FACE_BOUND('',#2324,.T.);
#2491=FACE_BOUND('',#2325,.T.);
#2492=FACE_BOUND('',#2326,.T.);
#2493=FACE_BOUND('',#2327,.T.);
#2494=FACE_BOUND('',#2328,.T.);
#2495=FACE_BOUND('',#2329,.T.);
#2496=FACE_BOUND('',#2330,.T.);
#2497=FACE_BOUND('',#2331,.T.);
#2498=FACE_BOUND('',#2332,.T.);
#2499=FACE_BOUND('',#2333,.T.);
#2500=FACE_BOUND('',#2334,.T.);
#2501=FACE_BOUND('',#2335,.T.);
#2502=FACE_BOUND('',#2336,.T.);
#2503=FACE_BOUND('',#2337,.T.);
#2504=FACE_BOUND('',#2338,.T.);
#2505=FACE_BOUND('',#2339,.T.);
#2506=FACE_BOUND('',#2340,.T.);
#2507=FACE_BOUND('',#2341,.T.);
#2508=FACE_BOUND('',#2342,.T.);
#2509=FACE_BOUND('',#2343,.T.);
#2510=FACE_BOUND('',#2344,.T.);
#2511=FACE_BOUND('',#2345,.T.);
#2512=FACE_BOUND('',#2346,.T.);
#2513=FACE_BOUND('',#2347,.T.);
#2514=FACE_BOUND('',#2348,.T.);
#2515=FACE_BOUND('',#2349,.T.);
#2516=FACE_BOUND('',#2350,.T.);
#2517=FACE_BOUND('',#2351,.T.);
#2518=FACE_BOUND('',#2352,.T.);
#2519=FACE_BOUND('',#2353,.T.);
#2520=FACE_BOUND('',#2354,.T.);
#2521=FACE_BOUND('',#2355,.T.);
#2522=FACE_BOUND('',#2356,.T.);
#2523=FACE_BOUND('',#2357,.T.);
#2524=FACE_BOUND('',#2358,.T.);
#2525=FACE_BOUND('',#2359,.T.);
#2526=FACE_BOUND('',#2360,.T.);
#2527=FACE_BOUND('',#2361,.T.);
#2528=FACE_BOUND('',#2362,.T.);
#2529=FACE_BOUND('',#2363,.T.);
#2530=FACE_BOUND('',#2364,.T.);
#2531=FACE_BOUND('',#2365,.T.);
#2532=FACE_BOUND('',#2366,.T.);
#2533=PLANE('',#3796);
#2534=PLANE('',#3798);
#2535=PLANE('',#3800);
#2536=PLANE('',#3818);
#2537=PLANE('',#3820);
#2538=PLANE('',#3822);
#2539=PLANE('',#3823);
#2540=PLANE('',#3827);
#2541=PLANE('',#3834);
#2542=PLANE('',#3835);
#2543=PLANE('',#3836);
#2544=PLANE('',#3840);
#2545=PLANE('',#3844);
#2546=PLANE('',#3845);
#2547=PLANE('',#3846);
#2548=PLANE('',#3850);
#2549=PLANE('',#3854);
#2550=PLANE('',#3861);
#2551=PLANE('',#3865);
#2552=PLANE('',#3869);
#2553=PLANE('',#3870);
#2554=PLANE('',#3871);
#2555=PLANE('',#3875);
#2556=PLANE('',#3879);
#2557=PLANE('',#3880);
#2558=PLANE('',#3881);
#2559=PLANE('',#3885);
#2560=PLANE('',#3889);
#2561=PLANE('',#3896);
#2562=PLANE('',#3904);
#2563=PLANE('',#3905);
#2564=PLANE('',#3906);
#2565=PLANE('',#3907);
#2566=PLANE('',#3908);
#2567=PLANE('',#3909);
#2568=PLANE('',#3910);
#2569=PLANE('',#3911);
#2570=PLANE('',#3912);
#2571=PLANE('',#3913);
#2572=PLANE('',#3921);
#2573=PLANE('',#3925);
#2574=PLANE('',#3926);
#2575=PLANE('',#3929);
#2576=PLANE('',#3930);
#2577=PLANE('',#3931);
#2578=PLANE('',#3932);
#2579=PLANE('',#3935);
#2580=PLANE('',#3938);
#2581=PLANE('',#3942);
#2582=PLANE('',#3946);
#2583=PLANE('',#3950);
#2584=PLANE('',#3951);
#2585=PLANE('',#3952);
#2586=PLANE('',#3956);
#2587=PLANE('',#3960);
#2588=PLANE('',#3961);
#2589=PLANE('',#3962);
#2590=PLANE('',#3966);
#2591=PLANE('',#3970);
#2592=PLANE('',#3979);
#2593=PLANE('',#3980);
#2594=PLANE('',#3981);
#2595=PLANE('',#3982);
#2596=PLANE('',#3983);
#2597=PLANE('',#3984);
#2598=PLANE('',#3985);
#2599=PLANE('',#3986);
#2600=PLANE('',#3989);
#2601=PLANE('',#3990);
#2602=PLANE('',#3991);
#2603=PLANE('',#3995);
#2604=PLANE('',#4002);
#2605=PLANE('',#4003);
#2606=PLANE('',#4004);
#2607=PLANE('',#4008);
#2608=PLANE('',#4012);
#2609=PLANE('',#4013);
#2610=PLANE('',#4017);
#2611=PLANE('',#4018);
#2612=PLANE('',#4019);
#2613=PLANE('',#4022);
#2614=PLANE('',#4025);
#2615=PLANE('',#4026);
#2616=PLANE('',#4027);
#2617=PLANE('',#4030);
#2618=PLANE('',#4031);
#2619=PLANE('',#4034);
#2620=PLANE('',#4038);
#2621=STYLED_ITEM('',(#2767),#3645);
#2622=STYLED_ITEM('',(#2768),#3646);
#2623=STYLED_ITEM('',(#2769),#3647);
#2624=STYLED_ITEM('',(#2770),#3648);
#2625=STYLED_ITEM('',(#2771),#3649);
#2626=STYLED_ITEM('',(#2772),#3650);
#2627=STYLED_ITEM('',(#2773),#3651);
#2628=STYLED_ITEM('',(#2774),#3652);
#2629=STYLED_ITEM('',(#2775),#3653);
#2630=STYLED_ITEM('',(#2776),#3654);
#2631=STYLED_ITEM('',(#2777),#3655);
#2632=STYLED_ITEM('',(#2778),#3656);
#2633=STYLED_ITEM('',(#2779),#3657);
#2634=STYLED_ITEM('',(#2780),#3658);
#2635=STYLED_ITEM('',(#2781),#3659);
#2636=STYLED_ITEM('',(#2782),#3660);
#2637=STYLED_ITEM('',(#2783),#3661);
#2638=STYLED_ITEM('',(#2784),#3662);
#2639=STYLED_ITEM('',(#2785),#3663);
#2640=STYLED_ITEM('',(#2786),#3664);
#2641=STYLED_ITEM('',(#2787),#3665);
#2642=STYLED_ITEM('',(#2788),#3666);
#2643=STYLED_ITEM('',(#2789),#3667);
#2644=STYLED_ITEM('',(#2790),#3668);
#2645=STYLED_ITEM('',(#2791),#3669);
#2646=STYLED_ITEM('',(#2792),#3670);
#2647=STYLED_ITEM('',(#2793),#3671);
#2648=STYLED_ITEM('',(#2794),#3672);
#2649=STYLED_ITEM('',(#2795),#3673);
#2650=STYLED_ITEM('',(#2796),#3674);
#2651=STYLED_ITEM('',(#2797),#3675);
#2652=STYLED_ITEM('',(#2798),#3676);
#2653=STYLED_ITEM('',(#2799),#3677);
#2654=STYLED_ITEM('',(#2800),#3678);
#2655=STYLED_ITEM('',(#2801),#3679);
#2656=STYLED_ITEM('',(#2802),#3680);
#2657=STYLED_ITEM('',(#2803),#3681);
#2658=STYLED_ITEM('',(#2804),#3682);
#2659=STYLED_ITEM('',(#2805),#3683);
#2660=STYLED_ITEM('',(#2806),#3684);
#2661=STYLED_ITEM('',(#2807),#3685);
#2662=STYLED_ITEM('',(#2808),#3686);
#2663=STYLED_ITEM('',(#2809),#3687);
#2664=STYLED_ITEM('',(#2810),#3688);
#2665=STYLED_ITEM('',(#2811),#3689);
#2666=STYLED_ITEM('',(#2812),#3690);
#2667=STYLED_ITEM('',(#2813),#3691);
#2668=STYLED_ITEM('',(#2814),#3692);
#2669=STYLED_ITEM('',(#2815),#3693);
#2670=STYLED_ITEM('',(#2816),#3694);
#2671=STYLED_ITEM('',(#2817),#3695);
#2672=STYLED_ITEM('',(#2818),#3696);
#2673=STYLED_ITEM('',(#2819),#3697);
#2674=STYLED_ITEM('',(#2820),#3698);
#2675=STYLED_ITEM('',(#2821),#3699);
#2676=STYLED_ITEM('',(#2822),#3700);
#2677=STYLED_ITEM('',(#2823),#3701);
#2678=STYLED_ITEM('',(#2824),#3702);
#2679=STYLED_ITEM('',(#2825),#3703);
#2680=STYLED_ITEM('',(#2826),#3704);
#2681=STYLED_ITEM('',(#2827),#3705);
#2682=STYLED_ITEM('',(#2828),#3706);
#2683=STYLED_ITEM('',(#2829),#3707);
#2684=STYLED_ITEM('',(#2830),#3708);
#2685=STYLED_ITEM('',(#2831),#3709);
#2686=STYLED_ITEM('',(#2832),#3710);
#2687=STYLED_ITEM('',(#2833),#3711);
#2688=STYLED_ITEM('',(#2834),#3712);
#2689=STYLED_ITEM('',(#2835),#3713);
#2690=STYLED_ITEM('',(#2836),#3714);
#2691=STYLED_ITEM('',(#2837),#3715);
#2692=STYLED_ITEM('',(#2838),#3716);
#2693=STYLED_ITEM('',(#2839),#3717);
#2694=STYLED_ITEM('',(#2840),#3718);
#2695=STYLED_ITEM('',(#2841),#3719);
#2696=STYLED_ITEM('',(#2842),#3720);
#2697=STYLED_ITEM('',(#2843),#3721);
#2698=STYLED_ITEM('',(#2844),#3722);
#2699=STYLED_ITEM('',(#2845),#3723);
#2700=STYLED_ITEM('',(#2846),#3724);
#2701=STYLED_ITEM('',(#2847),#3725);
#2702=STYLED_ITEM('',(#2848),#3726);
#2703=STYLED_ITEM('',(#2849),#3727);
#2704=STYLED_ITEM('',(#2850),#3728);
#2705=STYLED_ITEM('',(#2851),#3729);
#2706=STYLED_ITEM('',(#2852),#3730);
#2707=STYLED_ITEM('',(#2853),#3731);
#2708=STYLED_ITEM('',(#2854),#3732);
#2709=STYLED_ITEM('',(#2855),#3733);
#2710=STYLED_ITEM('',(#2856),#3734);
#2711=STYLED_ITEM('',(#2857),#3735);
#2712=STYLED_ITEM('',(#2858),#3736);
#2713=STYLED_ITEM('',(#2859),#3737);
#2714=STYLED_ITEM('',(#2860),#3738);
#2715=STYLED_ITEM('',(#2861),#3739);
#2716=STYLED_ITEM('',(#2862),#3740);
#2717=STYLED_ITEM('',(#2863),#3741);
#2718=STYLED_ITEM('',(#2864),#3742);
#2719=STYLED_ITEM('',(#2865),#3743);
#2720=STYLED_ITEM('',(#2866),#3744);
#2721=STYLED_ITEM('',(#2867),#3745);
#2722=STYLED_ITEM('',(#2868),#3746);
#2723=STYLED_ITEM('',(#2869),#3747);
#2724=STYLED_ITEM('',(#2870),#3748);
#2725=STYLED_ITEM('',(#2871),#3749);
#2726=STYLED_ITEM('',(#2872),#3750);
#2727=STYLED_ITEM('',(#2873),#3751);
#2728=STYLED_ITEM('',(#2874),#3752);
#2729=STYLED_ITEM('',(#2875),#3753);
#2730=STYLED_ITEM('',(#2876),#3754);
#2731=STYLED_ITEM('',(#2877),#3755);
#2732=STYLED_ITEM('',(#2878),#3756);
#2733=STYLED_ITEM('',(#2879),#3757);
#2734=STYLED_ITEM('',(#2880),#3758);
#2735=STYLED_ITEM('',(#2881),#3759);
#2736=STYLED_ITEM('',(#2882),#3760);
#2737=STYLED_ITEM('',(#2883),#3761);
#2738=STYLED_ITEM('',(#2884),#3762);
#2739=STYLED_ITEM('',(#2885),#3763);
#2740=STYLED_ITEM('',(#2886),#3764);
#2741=STYLED_ITEM('',(#2887),#3765);
#2742=STYLED_ITEM('',(#2888),#3766);
#2743=STYLED_ITEM('',(#2889),#3767);
#2744=STYLED_ITEM('',(#2890),#3768);
#2745=STYLED_ITEM('',(#2891),#3769);
#2746=STYLED_ITEM('',(#2892),#3770);
#2747=STYLED_ITEM('',(#2893),#3771);
#2748=STYLED_ITEM('',(#2894),#3772);
#2749=STYLED_ITEM('',(#2895),#3773);
#2750=STYLED_ITEM('',(#2896),#3774);
#2751=STYLED_ITEM('',(#2897),#3775);
#2752=STYLED_ITEM('',(#2898),#3776);
#2753=STYLED_ITEM('',(#2899),#3777);
#2754=STYLED_ITEM('',(#2900),#3778);
#2755=STYLED_ITEM('',(#2901),#3779);
#2756=STYLED_ITEM('',(#2902),#3780);
#2757=STYLED_ITEM('',(#2903),#3781);
#2758=STYLED_ITEM('',(#2904),#3782);
#2759=STYLED_ITEM('',(#2905),#3783);
#2760=STYLED_ITEM('',(#2906),#3784);
#2761=STYLED_ITEM('',(#2907),#3785);
#2762=STYLED_ITEM('',(#2908),#3786);
#2763=STYLED_ITEM('',(#2909),#3787);
#2764=STYLED_ITEM('',(#2910),#3788);
#2765=STYLED_ITEM('',(#2911),#3789);
#2766=STYLED_ITEM('',(#2912),#3790);
#2767=PRESENTATION_STYLE_ASSIGNMENT((#2913));
#2768=PRESENTATION_STYLE_ASSIGNMENT((#2914));
#2769=PRESENTATION_STYLE_ASSIGNMENT((#2915));
#2770=PRESENTATION_STYLE_ASSIGNMENT((#2916));
#2771=PRESENTATION_STYLE_ASSIGNMENT((#2917));
#2772=PRESENTATION_STYLE_ASSIGNMENT((#2918));
#2773=PRESENTATION_STYLE_ASSIGNMENT((#2919));
#2774=PRESENTATION_STYLE_ASSIGNMENT((#2920));
#2775=PRESENTATION_STYLE_ASSIGNMENT((#2921));
#2776=PRESENTATION_STYLE_ASSIGNMENT((#2922));
#2777=PRESENTATION_STYLE_ASSIGNMENT((#2923));
#2778=PRESENTATION_STYLE_ASSIGNMENT((#2924));
#2779=PRESENTATION_STYLE_ASSIGNMENT((#2925));
#2780=PRESENTATION_STYLE_ASSIGNMENT((#2926));
#2781=PRESENTATION_STYLE_ASSIGNMENT((#2927));
#2782=PRESENTATION_STYLE_ASSIGNMENT((#2928));
#2783=PRESENTATION_STYLE_ASSIGNMENT((#2929));
#2784=PRESENTATION_STYLE_ASSIGNMENT((#2930));
#2785=PRESENTATION_STYLE_ASSIGNMENT((#2931));
#2786=PRESENTATION_STYLE_ASSIGNMENT((#2932));
#2787=PRESENTATION_STYLE_ASSIGNMENT((#2933));
#2788=PRESENTATION_STYLE_ASSIGNMENT((#2934));
#2789=PRESENTATION_STYLE_ASSIGNMENT((#2935));
#2790=PRESENTATION_STYLE_ASSIGNMENT((#2936));
#2791=PRESENTATION_STYLE_ASSIGNMENT((#2937));
#2792=PRESENTATION_STYLE_ASSIGNMENT((#2938));
#2793=PRESENTATION_STYLE_ASSIGNMENT((#2939));
#2794=PRESENTATION_STYLE_ASSIGNMENT((#2940));
#2795=PRESENTATION_STYLE_ASSIGNMENT((#2941));
#2796=PRESENTATION_STYLE_ASSIGNMENT((#2942));
#2797=PRESENTATION_STYLE_ASSIGNMENT((#2943));
#2798=PRESENTATION_STYLE_ASSIGNMENT((#2944));
#2799=PRESENTATION_STYLE_ASSIGNMENT((#2945));
#2800=PRESENTATION_STYLE_ASSIGNMENT((#2946));
#2801=PRESENTATION_STYLE_ASSIGNMENT((#2947));
#2802=PRESENTATION_STYLE_ASSIGNMENT((#2948));
#2803=PRESENTATION_STYLE_ASSIGNMENT((#2949));
#2804=PRESENTATION_STYLE_ASSIGNMENT((#2950));
#2805=PRESENTATION_STYLE_ASSIGNMENT((#2951));
#2806=PRESENTATION_STYLE_ASSIGNMENT((#2952));
#2807=PRESENTATION_STYLE_ASSIGNMENT((#2953));
#2808=PRESENTATION_STYLE_ASSIGNMENT((#2954));
#2809=PRESENTATION_STYLE_ASSIGNMENT((#2955));
#2810=PRESENTATION_STYLE_ASSIGNMENT((#2956));
#2811=PRESENTATION_STYLE_ASSIGNMENT((#2957));
#2812=PRESENTATION_STYLE_ASSIGNMENT((#2958));
#2813=PRESENTATION_STYLE_ASSIGNMENT((#2959));
#2814=PRESENTATION_STYLE_ASSIGNMENT((#2960));
#2815=PRESENTATION_STYLE_ASSIGNMENT((#2961));
#2816=PRESENTATION_STYLE_ASSIGNMENT((#2962));
#2817=PRESENTATION_STYLE_ASSIGNMENT((#2963));
#2818=PRESENTATION_STYLE_ASSIGNMENT((#2964));
#2819=PRESENTATION_STYLE_ASSIGNMENT((#2965));
#2820=PRESENTATION_STYLE_ASSIGNMENT((#2966));
#2821=PRESENTATION_STYLE_ASSIGNMENT((#2967));
#2822=PRESENTATION_STYLE_ASSIGNMENT((#2968));
#2823=PRESENTATION_STYLE_ASSIGNMENT((#2969));
#2824=PRESENTATION_STYLE_ASSIGNMENT((#2970));
#2825=PRESENTATION_STYLE_ASSIGNMENT((#2971));
#2826=PRESENTATION_STYLE_ASSIGNMENT((#2972));
#2827=PRESENTATION_STYLE_ASSIGNMENT((#2973));
#2828=PRESENTATION_STYLE_ASSIGNMENT((#2974));
#2829=PRESENTATION_STYLE_ASSIGNMENT((#2975));
#2830=PRESENTATION_STYLE_ASSIGNMENT((#2976));
#2831=PRESENTATION_STYLE_ASSIGNMENT((#2977));
#2832=PRESENTATION_STYLE_ASSIGNMENT((#2978));
#2833=PRESENTATION_STYLE_ASSIGNMENT((#2979));
#2834=PRESENTATION_STYLE_ASSIGNMENT((#2980));
#2835=PRESENTATION_STYLE_ASSIGNMENT((#2981));
#2836=PRESENTATION_STYLE_ASSIGNMENT((#2982));
#2837=PRESENTATION_STYLE_ASSIGNMENT((#2983));
#2838=PRESENTATION_STYLE_ASSIGNMENT((#2984));
#2839=PRESENTATION_STYLE_ASSIGNMENT((#2985));
#2840=PRESENTATION_STYLE_ASSIGNMENT((#2986));
#2841=PRESENTATION_STYLE_ASSIGNMENT((#2987));
#2842=PRESENTATION_STYLE_ASSIGNMENT((#2988));
#2843=PRESENTATION_STYLE_ASSIGNMENT((#2989));
#2844=PRESENTATION_STYLE_ASSIGNMENT((#2990));
#2845=PRESENTATION_STYLE_ASSIGNMENT((#2991));
#2846=PRESENTATION_STYLE_ASSIGNMENT((#2992));
#2847=PRESENTATION_STYLE_ASSIGNMENT((#2993));
#2848=PRESENTATION_STYLE_ASSIGNMENT((#2994));
#2849=PRESENTATION_STYLE_ASSIGNMENT((#2995));
#2850=PRESENTATION_STYLE_ASSIGNMENT((#2996));
#2851=PRESENTATION_STYLE_ASSIGNMENT((#2997));
#2852=PRESENTATION_STYLE_ASSIGNMENT((#2998));
#2853=PRESENTATION_STYLE_ASSIGNMENT((#2999));
#2854=PRESENTATION_STYLE_ASSIGNMENT((#3000));
#2855=PRESENTATION_STYLE_ASSIGNMENT((#3001));
#2856=PRESENTATION_STYLE_ASSIGNMENT((#3002));
#2857=PRESENTATION_STYLE_ASSIGNMENT((#3003));
#2858=PRESENTATION_STYLE_ASSIGNMENT((#3004));
#2859=PRESENTATION_STYLE_ASSIGNMENT((#3005));
#2860=PRESENTATION_STYLE_ASSIGNMENT((#3006));
#2861=PRESENTATION_STYLE_ASSIGNMENT((#3007));
#2862=PRESENTATION_STYLE_ASSIGNMENT((#3008));
#2863=PRESENTATION_STYLE_ASSIGNMENT((#3009));
#2864=PRESENTATION_STYLE_ASSIGNMENT((#3010));
#2865=PRESENTATION_STYLE_ASSIGNMENT((#3011));
#2866=PRESENTATION_STYLE_ASSIGNMENT((#3012));
#2867=PRESENTATION_STYLE_ASSIGNMENT((#3013));
#2868=PRESENTATION_STYLE_ASSIGNMENT((#3014));
#2869=PRESENTATION_STYLE_ASSIGNMENT((#3015));
#2870=PRESENTATION_STYLE_ASSIGNMENT((#3016));
#2871=PRESENTATION_STYLE_ASSIGNMENT((#3017));
#2872=PRESENTATION_STYLE_ASSIGNMENT((#3018));
#2873=PRESENTATION_STYLE_ASSIGNMENT((#3019));
#2874=PRESENTATION_STYLE_ASSIGNMENT((#3020));
#2875=PRESENTATION_STYLE_ASSIGNMENT((#3021));
#2876=PRESENTATION_STYLE_ASSIGNMENT((#3022));
#2877=PRESENTATION_STYLE_ASSIGNMENT((#3023));
#2878=PRESENTATION_STYLE_ASSIGNMENT((#3024));
#2879=PRESENTATION_STYLE_ASSIGNMENT((#3025));
#2880=PRESENTATION_STYLE_ASSIGNMENT((#3026));
#2881=PRESENTATION_STYLE_ASSIGNMENT((#3027));
#2882=PRESENTATION_STYLE_ASSIGNMENT((#3028));
#2883=PRESENTATION_STYLE_ASSIGNMENT((#3029));
#2884=PRESENTATION_STYLE_ASSIGNMENT((#3030));
#2885=PRESENTATION_STYLE_ASSIGNMENT((#3031));
#2886=PRESENTATION_STYLE_ASSIGNMENT((#3032));
#2887=PRESENTATION_STYLE_ASSIGNMENT((#3033));
#2888=PRESENTATION_STYLE_ASSIGNMENT((#3034));
#2889=PRESENTATION_STYLE_ASSIGNMENT((#3035));
#2890=PRESENTATION_STYLE_ASSIGNMENT((#3036));
#2891=PRESENTATION_STYLE_ASSIGNMENT((#3037));
#2892=PRESENTATION_STYLE_ASSIGNMENT((#3038));
#2893=PRESENTATION_STYLE_ASSIGNMENT((#3039));
#2894=PRESENTATION_STYLE_ASSIGNMENT((#3040));
#2895=PRESENTATION_STYLE_ASSIGNMENT((#3041));
#2896=PRESENTATION_STYLE_ASSIGNMENT((#3042));
#2897=PRESENTATION_STYLE_ASSIGNMENT((#3043));
#2898=PRESENTATION_STYLE_ASSIGNMENT((#3044));
#2899=PRESENTATION_STYLE_ASSIGNMENT((#3045));
#2900=PRESENTATION_STYLE_ASSIGNMENT((#3046));
#2901=PRESENTATION_STYLE_ASSIGNMENT((#3047));
#2902=PRESENTATION_STYLE_ASSIGNMENT((#3048));
#2903=PRESENTATION_STYLE_ASSIGNMENT((#3049));
#2904=PRESENTATION_STYLE_ASSIGNMENT((#3050));
#2905=PRESENTATION_STYLE_ASSIGNMENT((#3051));
#2906=PRESENTATION_STYLE_ASSIGNMENT((#3052));
#2907=PRESENTATION_STYLE_ASSIGNMENT((#3053));
#2908=PRESENTATION_STYLE_ASSIGNMENT((#3054));
#2909=PRESENTATION_STYLE_ASSIGNMENT((#3055));
#2910=PRESENTATION_STYLE_ASSIGNMENT((#3056));
#2911=PRESENTATION_STYLE_ASSIGNMENT((#3057));
#2912=PRESENTATION_STYLE_ASSIGNMENT((#3058));
#2913=SURFACE_STYLE_USAGE(.BOTH.,#3059);
#2914=SURFACE_STYLE_USAGE(.BOTH.,#3060);
#2915=SURFACE_STYLE_USAGE(.BOTH.,#3061);
#2916=SURFACE_STYLE_USAGE(.BOTH.,#3062);
#2917=SURFACE_STYLE_USAGE(.BOTH.,#3063);
#2918=SURFACE_STYLE_USAGE(.BOTH.,#3064);
#2919=SURFACE_STYLE_USAGE(.BOTH.,#3065);
#2920=SURFACE_STYLE_USAGE(.BOTH.,#3066);
#2921=SURFACE_STYLE_USAGE(.BOTH.,#3067);
#2922=SURFACE_STYLE_USAGE(.BOTH.,#3068);
#2923=SURFACE_STYLE_USAGE(.BOTH.,#3069);
#2924=SURFACE_STYLE_USAGE(.BOTH.,#3070);
#2925=SURFACE_STYLE_USAGE(.BOTH.,#3071);
#2926=SURFACE_STYLE_USAGE(.BOTH.,#3072);
#2927=SURFACE_STYLE_USAGE(.BOTH.,#3073);
#2928=SURFACE_STYLE_USAGE(.BOTH.,#3074);
#2929=SURFACE_STYLE_USAGE(.BOTH.,#3075);
#2930=SURFACE_STYLE_USAGE(.BOTH.,#3076);
#2931=SURFACE_STYLE_USAGE(.BOTH.,#3077);
#2932=SURFACE_STYLE_USAGE(.BOTH.,#3078);
#2933=SURFACE_STYLE_USAGE(.BOTH.,#3079);
#2934=SURFACE_STYLE_USAGE(.BOTH.,#3080);
#2935=SURFACE_STYLE_USAGE(.BOTH.,#3081);
#2936=SURFACE_STYLE_USAGE(.BOTH.,#3082);
#2937=SURFACE_STYLE_USAGE(.BOTH.,#3083);
#2938=SURFACE_STYLE_USAGE(.BOTH.,#3084);
#2939=SURFACE_STYLE_USAGE(.BOTH.,#3085);
#2940=SURFACE_STYLE_USAGE(.BOTH.,#3086);
#2941=SURFACE_STYLE_USAGE(.BOTH.,#3087);
#2942=SURFACE_STYLE_USAGE(.BOTH.,#3088);
#2943=SURFACE_STYLE_USAGE(.BOTH.,#3089);
#2944=SURFACE_STYLE_USAGE(.BOTH.,#3090);
#2945=SURFACE_STYLE_USAGE(.BOTH.,#3091);
#2946=SURFACE_STYLE_USAGE(.BOTH.,#3092);
#2947=SURFACE_STYLE_USAGE(.BOTH.,#3093);
#2948=SURFACE_STYLE_USAGE(.BOTH.,#3094);
#2949=SURFACE_STYLE_USAGE(.BOTH.,#3095);
#2950=SURFACE_STYLE_USAGE(.BOTH.,#3096);
#2951=SURFACE_STYLE_USAGE(.BOTH.,#3097);
#2952=SURFACE_STYLE_USAGE(.BOTH.,#3098);
#2953=SURFACE_STYLE_USAGE(.BOTH.,#3099);
#2954=SURFACE_STYLE_USAGE(.BOTH.,#3100);
#2955=SURFACE_STYLE_USAGE(.BOTH.,#3101);
#2956=SURFACE_STYLE_USAGE(.BOTH.,#3102);
#2957=SURFACE_STYLE_USAGE(.BOTH.,#3103);
#2958=SURFACE_STYLE_USAGE(.BOTH.,#3104);
#2959=SURFACE_STYLE_USAGE(.BOTH.,#3105);
#2960=SURFACE_STYLE_USAGE(.BOTH.,#3106);
#2961=SURFACE_STYLE_USAGE(.BOTH.,#3107);
#2962=SURFACE_STYLE_USAGE(.BOTH.,#3108);
#2963=SURFACE_STYLE_USAGE(.BOTH.,#3109);
#2964=SURFACE_STYLE_USAGE(.BOTH.,#3110);
#2965=SURFACE_STYLE_USAGE(.BOTH.,#3111);
#2966=SURFACE_STYLE_USAGE(.BOTH.,#3112);
#2967=SURFACE_STYLE_USAGE(.BOTH.,#3113);
#2968=SURFACE_STYLE_USAGE(.BOTH.,#3114);
#2969=SURFACE_STYLE_USAGE(.BOTH.,#3115);
#2970=SURFACE_STYLE_USAGE(.BOTH.,#3116);
#2971=SURFACE_STYLE_USAGE(.BOTH.,#3117);
#2972=SURFACE_STYLE_USAGE(.BOTH.,#3118);
#2973=SURFACE_STYLE_USAGE(.BOTH.,#3119);
#2974=SURFACE_STYLE_USAGE(.BOTH.,#3120);
#2975=SURFACE_STYLE_USAGE(.BOTH.,#3121);
#2976=SURFACE_STYLE_USAGE(.BOTH.,#3122);
#2977=SURFACE_STYLE_USAGE(.BOTH.,#3123);
#2978=SURFACE_STYLE_USAGE(.BOTH.,#3124);
#2979=SURFACE_STYLE_USAGE(.BOTH.,#3125);
#2980=SURFACE_STYLE_USAGE(.BOTH.,#3126);
#2981=SURFACE_STYLE_USAGE(.BOTH.,#3127);
#2982=SURFACE_STYLE_USAGE(.BOTH.,#3128);
#2983=SURFACE_STYLE_USAGE(.BOTH.,#3129);
#2984=SURFACE_STYLE_USAGE(.BOTH.,#3130);
#2985=SURFACE_STYLE_USAGE(.BOTH.,#3131);
#2986=SURFACE_STYLE_USAGE(.BOTH.,#3132);
#2987=SURFACE_STYLE_USAGE(.BOTH.,#3133);
#2988=SURFACE_STYLE_USAGE(.BOTH.,#3134);
#2989=SURFACE_STYLE_USAGE(.BOTH.,#3135);
#2990=SURFACE_STYLE_USAGE(.BOTH.,#3136);
#2991=SURFACE_STYLE_USAGE(.BOTH.,#3137);
#2992=SURFACE_STYLE_USAGE(.BOTH.,#3138);
#2993=SURFACE_STYLE_USAGE(.BOTH.,#3139);
#2994=SURFACE_STYLE_USAGE(.BOTH.,#3140);
#2995=SURFACE_STYLE_USAGE(.BOTH.,#3141);
#2996=SURFACE_STYLE_USAGE(.BOTH.,#3142);
#2997=SURFACE_STYLE_USAGE(.BOTH.,#3143);
#2998=SURFACE_STYLE_USAGE(.BOTH.,#3144);
#2999=SURFACE_STYLE_USAGE(.BOTH.,#3145);
#3000=SURFACE_STYLE_USAGE(.BOTH.,#3146);
#3001=SURFACE_STYLE_USAGE(.BOTH.,#3147);
#3002=SURFACE_STYLE_USAGE(.BOTH.,#3148);
#3003=SURFACE_STYLE_USAGE(.BOTH.,#3149);
#3004=SURFACE_STYLE_USAGE(.BOTH.,#3150);
#3005=SURFACE_STYLE_USAGE(.BOTH.,#3151);
#3006=SURFACE_STYLE_USAGE(.BOTH.,#3152);
#3007=SURFACE_STYLE_USAGE(.BOTH.,#3153);
#3008=SURFACE_STYLE_USAGE(.BOTH.,#3154);
#3009=SURFACE_STYLE_USAGE(.BOTH.,#3155);
#3010=SURFACE_STYLE_USAGE(.BOTH.,#3156);
#3011=SURFACE_STYLE_USAGE(.BOTH.,#3157);
#3012=SURFACE_STYLE_USAGE(.BOTH.,#3158);
#3013=SURFACE_STYLE_USAGE(.BOTH.,#3159);
#3014=SURFACE_STYLE_USAGE(.BOTH.,#3160);
#3015=SURFACE_STYLE_USAGE(.BOTH.,#3161);
#3016=SURFACE_STYLE_USAGE(.BOTH.,#3162);
#3017=SURFACE_STYLE_USAGE(.BOTH.,#3163);
#3018=SURFACE_STYLE_USAGE(.BOTH.,#3164);
#3019=SURFACE_STYLE_USAGE(.BOTH.,#3165);
#3020=SURFACE_STYLE_USAGE(.BOTH.,#3166);
#3021=SURFACE_STYLE_USAGE(.BOTH.,#3167);
#3022=SURFACE_STYLE_USAGE(.BOTH.,#3168);
#3023=SURFACE_STYLE_USAGE(.BOTH.,#3169);
#3024=SURFACE_STYLE_USAGE(.BOTH.,#3170);
#3025=SURFACE_STYLE_USAGE(.BOTH.,#3171);
#3026=SURFACE_STYLE_USAGE(.BOTH.,#3172);
#3027=SURFACE_STYLE_USAGE(.BOTH.,#3173);
#3028=SURFACE_STYLE_USAGE(.BOTH.,#3174);
#3029=SURFACE_STYLE_USAGE(.BOTH.,#3175);
#3030=SURFACE_STYLE_USAGE(.BOTH.,#3176);
#3031=SURFACE_STYLE_USAGE(.BOTH.,#3177);
#3032=SURFACE_STYLE_USAGE(.BOTH.,#3178);
#3033=SURFACE_STYLE_USAGE(.BOTH.,#3179);
#3034=SURFACE_STYLE_USAGE(.BOTH.,#3180);
#3035=SURFACE_STYLE_USAGE(.BOTH.,#3181);
#3036=SURFACE_STYLE_USAGE(.BOTH.,#3182);
#3037=SURFACE_STYLE_USAGE(.BOTH.,#3183);
#3038=SURFACE_STYLE_USAGE(.BOTH.,#3184);
#3039=SURFACE_STYLE_USAGE(.BOTH.,#3185);
#3040=SURFACE_STYLE_USAGE(.BOTH.,#3186);
#3041=SURFACE_STYLE_USAGE(.BOTH.,#3187);
#3042=SURFACE_STYLE_USAGE(.BOTH.,#3188);
#3043=SURFACE_STYLE_USAGE(.BOTH.,#3189);
#3044=SURFACE_STYLE_USAGE(.BOTH.,#3190);
#3045=SURFACE_STYLE_USAGE(.BOTH.,#3191);
#3046=SURFACE_STYLE_USAGE(.BOTH.,#3192);
#3047=SURFACE_STYLE_USAGE(.BOTH.,#3193);
#3048=SURFACE_STYLE_USAGE(.BOTH.,#3194);
#3049=SURFACE_STYLE_USAGE(.BOTH.,#3195);
#3050=SURFACE_STYLE_USAGE(.BOTH.,#3196);
#3051=SURFACE_STYLE_USAGE(.BOTH.,#3197);
#3052=SURFACE_STYLE_USAGE(.BOTH.,#3198);
#3053=SURFACE_STYLE_USAGE(.BOTH.,#3199);
#3054=SURFACE_STYLE_USAGE(.BOTH.,#3200);
#3055=SURFACE_STYLE_USAGE(.BOTH.,#3201);
#3056=SURFACE_STYLE_USAGE(.BOTH.,#3202);
#3057=SURFACE_STYLE_USAGE(.BOTH.,#3203);
#3058=SURFACE_STYLE_USAGE(.BOTH.,#3204);
#3059=SURFACE_SIDE_STYLE('',(#3205));
#3060=SURFACE_SIDE_STYLE('',(#3206));
#3061=SURFACE_SIDE_STYLE('',(#3207));
#3062=SURFACE_SIDE_STYLE('',(#3208));
#3063=SURFACE_SIDE_STYLE('',(#3209));
#3064=SURFACE_SIDE_STYLE('',(#3210));
#3065=SURFACE_SIDE_STYLE('',(#3211));
#3066=SURFACE_SIDE_STYLE('',(#3212));
#3067=SURFACE_SIDE_STYLE('',(#3213));
#3068=SURFACE_SIDE_STYLE('',(#3214));
#3069=SURFACE_SIDE_STYLE('',(#3215));
#3070=SURFACE_SIDE_STYLE('',(#3216));
#3071=SURFACE_SIDE_STYLE('',(#3217));
#3072=SURFACE_SIDE_STYLE('',(#3218));
#3073=SURFACE_SIDE_STYLE('',(#3219));
#3074=SURFACE_SIDE_STYLE('',(#3220));
#3075=SURFACE_SIDE_STYLE('',(#3221));
#3076=SURFACE_SIDE_STYLE('',(#3222));
#3077=SURFACE_SIDE_STYLE('',(#3223));
#3078=SURFACE_SIDE_STYLE('',(#3224));
#3079=SURFACE_SIDE_STYLE('',(#3225));
#3080=SURFACE_SIDE_STYLE('',(#3226));
#3081=SURFACE_SIDE_STYLE('',(#3227));
#3082=SURFACE_SIDE_STYLE('',(#3228));
#3083=SURFACE_SIDE_STYLE('',(#3229));
#3084=SURFACE_SIDE_STYLE('',(#3230));
#3085=SURFACE_SIDE_STYLE('',(#3231));
#3086=SURFACE_SIDE_STYLE('',(#3232));
#3087=SURFACE_SIDE_STYLE('',(#3233));
#3088=SURFACE_SIDE_STYLE('',(#3234));
#3089=SURFACE_SIDE_STYLE('',(#3235));
#3090=SURFACE_SIDE_STYLE('',(#3236));
#3091=SURFACE_SIDE_STYLE('',(#3237));
#3092=SURFACE_SIDE_STYLE('',(#3238));
#3093=SURFACE_SIDE_STYLE('',(#3239));
#3094=SURFACE_SIDE_STYLE('',(#3240));
#3095=SURFACE_SIDE_STYLE('',(#3241));
#3096=SURFACE_SIDE_STYLE('',(#3242));
#3097=SURFACE_SIDE_STYLE('',(#3243));
#3098=SURFACE_SIDE_STYLE('',(#3244));
#3099=SURFACE_SIDE_STYLE('',(#3245));
#3100=SURFACE_SIDE_STYLE('',(#3246));
#3101=SURFACE_SIDE_STYLE('',(#3247));
#3102=SURFACE_SIDE_STYLE('',(#3248));
#3103=SURFACE_SIDE_STYLE('',(#3249));
#3104=SURFACE_SIDE_STYLE('',(#3250));
#3105=SURFACE_SIDE_STYLE('',(#3251));
#3106=SURFACE_SIDE_STYLE('',(#3252));
#3107=SURFACE_SIDE_STYLE('',(#3253));
#3108=SURFACE_SIDE_STYLE('',(#3254));
#3109=SURFACE_SIDE_STYLE('',(#3255));
#3110=SURFACE_SIDE_STYLE('',(#3256));
#3111=SURFACE_SIDE_STYLE('',(#3257));
#3112=SURFACE_SIDE_STYLE('',(#3258));
#3113=SURFACE_SIDE_STYLE('',(#3259));
#3114=SURFACE_SIDE_STYLE('',(#3260));
#3115=SURFACE_SIDE_STYLE('',(#3261));
#3116=SURFACE_SIDE_STYLE('',(#3262));
#3117=SURFACE_SIDE_STYLE('',(#3263));
#3118=SURFACE_SIDE_STYLE('',(#3264));
#3119=SURFACE_SIDE_STYLE('',(#3265));
#3120=SURFACE_SIDE_STYLE('',(#3266));
#3121=SURFACE_SIDE_STYLE('',(#3267));
#3122=SURFACE_SIDE_STYLE('',(#3268));
#3123=SURFACE_SIDE_STYLE('',(#3269));
#3124=SURFACE_SIDE_STYLE('',(#3270));
#3125=SURFACE_SIDE_STYLE('',(#3271));
#3126=SURFACE_SIDE_STYLE('',(#3272));
#3127=SURFACE_SIDE_STYLE('',(#3273));
#3128=SURFACE_SIDE_STYLE('',(#3274));
#3129=SURFACE_SIDE_STYLE('',(#3275));
#3130=SURFACE_SIDE_STYLE('',(#3276));
#3131=SURFACE_SIDE_STYLE('',(#3277));
#3132=SURFACE_SIDE_STYLE('',(#3278));
#3133=SURFACE_SIDE_STYLE('',(#3279));
#3134=SURFACE_SIDE_STYLE('',(#3280));
#3135=SURFACE_SIDE_STYLE('',(#3281));
#3136=SURFACE_SIDE_STYLE('',(#3282));
#3137=SURFACE_SIDE_STYLE('',(#3283));
#3138=SURFACE_SIDE_STYLE('',(#3284));
#3139=SURFACE_SIDE_STYLE('',(#3285));
#3140=SURFACE_SIDE_STYLE('',(#3286));
#3141=SURFACE_SIDE_STYLE('',(#3287));
#3142=SURFACE_SIDE_STYLE('',(#3288));
#3143=SURFACE_SIDE_STYLE('',(#3289));
#3144=SURFACE_SIDE_STYLE('',(#3290));
#3145=SURFACE_SIDE_STYLE('',(#3291));
#3146=SURFACE_SIDE_STYLE('',(#3292));
#3147=SURFACE_SIDE_STYLE('',(#3293));
#3148=SURFACE_SIDE_STYLE('',(#3294));
#3149=SURFACE_SIDE_STYLE('',(#3295));
#3150=SURFACE_SIDE_STYLE('',(#3296));
#3151=SURFACE_SIDE_STYLE('',(#3297));
#3152=SURFACE_SIDE_STYLE('',(#3298));
#3153=SURFACE_SIDE_STYLE('',(#3299));
#3154=SURFACE_SIDE_STYLE('',(#3300));
#3155=SURFACE_SIDE_STYLE('',(#3301));
#3156=SURFACE_SIDE_STYLE('',(#3302));
#3157=SURFACE_SIDE_STYLE('',(#3303));
#3158=SURFACE_SIDE_STYLE('',(#3304));
#3159=SURFACE_SIDE_STYLE('',(#3305));
#3160=SURFACE_SIDE_STYLE('',(#3306));
#3161=SURFACE_SIDE_STYLE('',(#3307));
#3162=SURFACE_SIDE_STYLE('',(#3308));
#3163=SURFACE_SIDE_STYLE('',(#3309));
#3164=SURFACE_SIDE_STYLE('',(#3310));
#3165=SURFACE_SIDE_STYLE('',(#3311));
#3166=SURFACE_SIDE_STYLE('',(#3312));
#3167=SURFACE_SIDE_STYLE('',(#3313));
#3168=SURFACE_SIDE_STYLE('',(#3314));
#3169=SURFACE_SIDE_STYLE('',(#3315));
#3170=SURFACE_SIDE_STYLE('',(#3316));
#3171=SURFACE_SIDE_STYLE('',(#3317));
#3172=SURFACE_SIDE_STYLE('',(#3318));
#3173=SURFACE_SIDE_STYLE('',(#3319));
#3174=SURFACE_SIDE_STYLE('',(#3320));
#3175=SURFACE_SIDE_STYLE('',(#3321));
#3176=SURFACE_SIDE_STYLE('',(#3322));
#3177=SURFACE_SIDE_STYLE('',(#3323));
#3178=SURFACE_SIDE_STYLE('',(#3324));
#3179=SURFACE_SIDE_STYLE('',(#3325));
#3180=SURFACE_SIDE_STYLE('',(#3326));
#3181=SURFACE_SIDE_STYLE('',(#3327));
#3182=SURFACE_SIDE_STYLE('',(#3328));
#3183=SURFACE_SIDE_STYLE('',(#3329));
#3184=SURFACE_SIDE_STYLE('',(#3330));
#3185=SURFACE_SIDE_STYLE('',(#3331));
#3186=SURFACE_SIDE_STYLE('',(#3332));
#3187=SURFACE_SIDE_STYLE('',(#3333));
#3188=SURFACE_SIDE_STYLE('',(#3334));
#3189=SURFACE_SIDE_STYLE('',(#3335));
#3190=SURFACE_SIDE_STYLE('',(#3336));
#3191=SURFACE_SIDE_STYLE('',(#3337));
#3192=SURFACE_SIDE_STYLE('',(#3338));
#3193=SURFACE_SIDE_STYLE('',(#3339));
#3194=SURFACE_SIDE_STYLE('',(#3340));
#3195=SURFACE_SIDE_STYLE('',(#3341));
#3196=SURFACE_SIDE_STYLE('',(#3342));
#3197=SURFACE_SIDE_STYLE('',(#3343));
#3198=SURFACE_SIDE_STYLE('',(#3344));
#3199=SURFACE_SIDE_STYLE('',(#3345));
#3200=SURFACE_SIDE_STYLE('',(#3346));
#3201=SURFACE_SIDE_STYLE('',(#3347));
#3202=SURFACE_SIDE_STYLE('',(#3348));
#3203=SURFACE_SIDE_STYLE('',(#3349));
#3204=SURFACE_SIDE_STYLE('',(#3350));
#3205=SURFACE_STYLE_FILL_AREA(#3351);
#3206=SURFACE_STYLE_FILL_AREA(#3352);
#3207=SURFACE_STYLE_FILL_AREA(#3353);
#3208=SURFACE_STYLE_FILL_AREA(#3354);
#3209=SURFACE_STYLE_FILL_AREA(#3355);
#3210=SURFACE_STYLE_FILL_AREA(#3356);
#3211=SURFACE_STYLE_FILL_AREA(#3357);
#3212=SURFACE_STYLE_FILL_AREA(#3358);
#3213=SURFACE_STYLE_FILL_AREA(#3359);
#3214=SURFACE_STYLE_FILL_AREA(#3360);
#3215=SURFACE_STYLE_FILL_AREA(#3361);
#3216=SURFACE_STYLE_FILL_AREA(#3362);
#3217=SURFACE_STYLE_FILL_AREA(#3363);
#3218=SURFACE_STYLE_FILL_AREA(#3364);
#3219=SURFACE_STYLE_FILL_AREA(#3365);
#3220=SURFACE_STYLE_FILL_AREA(#3366);
#3221=SURFACE_STYLE_FILL_AREA(#3367);
#3222=SURFACE_STYLE_FILL_AREA(#3368);
#3223=SURFACE_STYLE_FILL_AREA(#3369);
#3224=SURFACE_STYLE_FILL_AREA(#3370);
#3225=SURFACE_STYLE_FILL_AREA(#3371);
#3226=SURFACE_STYLE_FILL_AREA(#3372);
#3227=SURFACE_STYLE_FILL_AREA(#3373);
#3228=SURFACE_STYLE_FILL_AREA(#3374);
#3229=SURFACE_STYLE_FILL_AREA(#3375);
#3230=SURFACE_STYLE_FILL_AREA(#3376);
#3231=SURFACE_STYLE_FILL_AREA(#3377);
#3232=SURFACE_STYLE_FILL_AREA(#3378);
#3233=SURFACE_STYLE_FILL_AREA(#3379);
#3234=SURFACE_STYLE_FILL_AREA(#3380);
#3235=SURFACE_STYLE_FILL_AREA(#3381);
#3236=SURFACE_STYLE_FILL_AREA(#3382);
#3237=SURFACE_STYLE_FILL_AREA(#3383);
#3238=SURFACE_STYLE_FILL_AREA(#3384);
#3239=SURFACE_STYLE_FILL_AREA(#3385);
#3240=SURFACE_STYLE_FILL_AREA(#3386);
#3241=SURFACE_STYLE_FILL_AREA(#3387);
#3242=SURFACE_STYLE_FILL_AREA(#3388);
#3243=SURFACE_STYLE_FILL_AREA(#3389);
#3244=SURFACE_STYLE_FILL_AREA(#3390);
#3245=SURFACE_STYLE_FILL_AREA(#3391);
#3246=SURFACE_STYLE_FILL_AREA(#3392);
#3247=SURFACE_STYLE_FILL_AREA(#3393);
#3248=SURFACE_STYLE_FILL_AREA(#3394);
#3249=SURFACE_STYLE_FILL_AREA(#3395);
#3250=SURFACE_STYLE_FILL_AREA(#3396);
#3251=SURFACE_STYLE_FILL_AREA(#3397);
#3252=SURFACE_STYLE_FILL_AREA(#3398);
#3253=SURFACE_STYLE_FILL_AREA(#3399);
#3254=SURFACE_STYLE_FILL_AREA(#3400);
#3255=SURFACE_STYLE_FILL_AREA(#3401);
#3256=SURFACE_STYLE_FILL_AREA(#3402);
#3257=SURFACE_STYLE_FILL_AREA(#3403);
#3258=SURFACE_STYLE_FILL_AREA(#3404);
#3259=SURFACE_STYLE_FILL_AREA(#3405);
#3260=SURFACE_STYLE_FILL_AREA(#3406);
#3261=SURFACE_STYLE_FILL_AREA(#3407);
#3262=SURFACE_STYLE_FILL_AREA(#3408);
#3263=SURFACE_STYLE_FILL_AREA(#3409);
#3264=SURFACE_STYLE_FILL_AREA(#3410);
#3265=SURFACE_STYLE_FILL_AREA(#3411);
#3266=SURFACE_STYLE_FILL_AREA(#3412);
#3267=SURFACE_STYLE_FILL_AREA(#3413);
#3268=SURFACE_STYLE_FILL_AREA(#3414);
#3269=SURFACE_STYLE_FILL_AREA(#3415);
#3270=SURFACE_STYLE_FILL_AREA(#3416);
#3271=SURFACE_STYLE_FILL_AREA(#3417);
#3272=SURFACE_STYLE_FILL_AREA(#3418);
#3273=SURFACE_STYLE_FILL_AREA(#3419);
#3274=SURFACE_STYLE_FILL_AREA(#3420);
#3275=SURFACE_STYLE_FILL_AREA(#3421);
#3276=SURFACE_STYLE_FILL_AREA(#3422);
#3277=SURFACE_STYLE_FILL_AREA(#3423);
#3278=SURFACE_STYLE_FILL_AREA(#3424);
#3279=SURFACE_STYLE_FILL_AREA(#3425);
#3280=SURFACE_STYLE_FILL_AREA(#3426);
#3281=SURFACE_STYLE_FILL_AREA(#3427);
#3282=SURFACE_STYLE_FILL_AREA(#3428);
#3283=SURFACE_STYLE_FILL_AREA(#3429);
#3284=SURFACE_STYLE_FILL_AREA(#3430);
#3285=SURFACE_STYLE_FILL_AREA(#3431);
#3286=SURFACE_STYLE_FILL_AREA(#3432);
#3287=SURFACE_STYLE_FILL_AREA(#3433);
#3288=SURFACE_STYLE_FILL_AREA(#3434);
#3289=SURFACE_STYLE_FILL_AREA(#3435);
#3290=SURFACE_STYLE_FILL_AREA(#3436);
#3291=SURFACE_STYLE_FILL_AREA(#3437);
#3292=SURFACE_STYLE_FILL_AREA(#3438);
#3293=SURFACE_STYLE_FILL_AREA(#3439);
#3294=SURFACE_STYLE_FILL_AREA(#3440);
#3295=SURFACE_STYLE_FILL_AREA(#3441);
#3296=SURFACE_STYLE_FILL_AREA(#3442);
#3297=SURFACE_STYLE_FILL_AREA(#3443);
#3298=SURFACE_STYLE_FILL_AREA(#3444);
#3299=SURFACE_STYLE_FILL_AREA(#3445);
#3300=SURFACE_STYLE_FILL_AREA(#3446);
#3301=SURFACE_STYLE_FILL_AREA(#3447);
#3302=SURFACE_STYLE_FILL_AREA(#3448);
#3303=SURFACE_STYLE_FILL_AREA(#3449);
#3304=SURFACE_STYLE_FILL_AREA(#3450);
#3305=SURFACE_STYLE_FILL_AREA(#3451);
#3306=SURFACE_STYLE_FILL_AREA(#3452);
#3307=SURFACE_STYLE_FILL_AREA(#3453);
#3308=SURFACE_STYLE_FILL_AREA(#3454);
#3309=SURFACE_STYLE_FILL_AREA(#3455);
#3310=SURFACE_STYLE_FILL_AREA(#3456);
#3311=SURFACE_STYLE_FILL_AREA(#3457);
#3312=SURFACE_STYLE_FILL_AREA(#3458);
#3313=SURFACE_STYLE_FILL_AREA(#3459);
#3314=SURFACE_STYLE_FILL_AREA(#3460);
#3315=SURFACE_STYLE_FILL_AREA(#3461);
#3316=SURFACE_STYLE_FILL_AREA(#3462);
#3317=SURFACE_STYLE_FILL_AREA(#3463);
#3318=SURFACE_STYLE_FILL_AREA(#3464);
#3319=SURFACE_STYLE_FILL_AREA(#3465);
#3320=SURFACE_STYLE_FILL_AREA(#3466);
#3321=SURFACE_STYLE_FILL_AREA(#3467);
#3322=SURFACE_STYLE_FILL_AREA(#3468);
#3323=SURFACE_STYLE_FILL_AREA(#3469);
#3324=SURFACE_STYLE_FILL_AREA(#3470);
#3325=SURFACE_STYLE_FILL_AREA(#3471);
#3326=SURFACE_STYLE_FILL_AREA(#3472);
#3327=SURFACE_STYLE_FILL_AREA(#3473);
#3328=SURFACE_STYLE_FILL_AREA(#3474);
#3329=SURFACE_STYLE_FILL_AREA(#3475);
#3330=SURFACE_STYLE_FILL_AREA(#3476);
#3331=SURFACE_STYLE_FILL_AREA(#3477);
#3332=SURFACE_STYLE_FILL_AREA(#3478);
#3333=SURFACE_STYLE_FILL_AREA(#3479);
#3334=SURFACE_STYLE_FILL_AREA(#3480);
#3335=SURFACE_STYLE_FILL_AREA(#3481);
#3336=SURFACE_STYLE_FILL_AREA(#3482);
#3337=SURFACE_STYLE_FILL_AREA(#3483);
#3338=SURFACE_STYLE_FILL_AREA(#3484);
#3339=SURFACE_STYLE_FILL_AREA(#3485);
#3340=SURFACE_STYLE_FILL_AREA(#3486);
#3341=SURFACE_STYLE_FILL_AREA(#3487);
#3342=SURFACE_STYLE_FILL_AREA(#3488);
#3343=SURFACE_STYLE_FILL_AREA(#3489);
#3344=SURFACE_STYLE_FILL_AREA(#3490);
#3345=SURFACE_STYLE_FILL_AREA(#3491);
#3346=SURFACE_STYLE_FILL_AREA(#3492);
#3347=SURFACE_STYLE_FILL_AREA(#3493);
#3348=SURFACE_STYLE_FILL_AREA(#3494);
#3349=SURFACE_STYLE_FILL_AREA(#3495);
#3350=SURFACE_STYLE_FILL_AREA(#3496);
#3351=FILL_AREA_STYLE('',(#3497));
#3352=FILL_AREA_STYLE('',(#3498));
#3353=FILL_AREA_STYLE('',(#3499));
#3354=FILL_AREA_STYLE('',(#3500));
#3355=FILL_AREA_STYLE('',(#3501));
#3356=FILL_AREA_STYLE('',(#3502));
#3357=FILL_AREA_STYLE('',(#3503));
#3358=FILL_AREA_STYLE('',(#3504));
#3359=FILL_AREA_STYLE('',(#3505));
#3360=FILL_AREA_STYLE('',(#3506));
#3361=FILL_AREA_STYLE('',(#3507));
#3362=FILL_AREA_STYLE('',(#3508));
#3363=FILL_AREA_STYLE('',(#3509));
#3364=FILL_AREA_STYLE('',(#3510));
#3365=FILL_AREA_STYLE('',(#3511));
#3366=FILL_AREA_STYLE('',(#3512));
#3367=FILL_AREA_STYLE('',(#3513));
#3368=FILL_AREA_STYLE('',(#3514));
#3369=FILL_AREA_STYLE('',(#3515));
#3370=FILL_AREA_STYLE('',(#3516));
#3371=FILL_AREA_STYLE('',(#3517));
#3372=FILL_AREA_STYLE('',(#3518));
#3373=FILL_AREA_STYLE('',(#3519));
#3374=FILL_AREA_STYLE('',(#3520));
#3375=FILL_AREA_STYLE('',(#3521));
#3376=FILL_AREA_STYLE('',(#3522));
#3377=FILL_AREA_STYLE('',(#3523));
#3378=FILL_AREA_STYLE('',(#3524));
#3379=FILL_AREA_STYLE('',(#3525));
#3380=FILL_AREA_STYLE('',(#3526));
#3381=FILL_AREA_STYLE('',(#3527));
#3382=FILL_AREA_STYLE('',(#3528));
#3383=FILL_AREA_STYLE('',(#3529));
#3384=FILL_AREA_STYLE('',(#3530));
#3385=FILL_AREA_STYLE('',(#3531));
#3386=FILL_AREA_STYLE('',(#3532));
#3387=FILL_AREA_STYLE('',(#3533));
#3388=FILL_AREA_STYLE('',(#3534));
#3389=FILL_AREA_STYLE('',(#3535));
#3390=FILL_AREA_STYLE('',(#3536));
#3391=FILL_AREA_STYLE('',(#3537));
#3392=FILL_AREA_STYLE('',(#3538));
#3393=FILL_AREA_STYLE('',(#3539));
#3394=FILL_AREA_STYLE('',(#3540));
#3395=FILL_AREA_STYLE('',(#3541));
#3396=FILL_AREA_STYLE('',(#3542));
#3397=FILL_AREA_STYLE('',(#3543));
#3398=FILL_AREA_STYLE('',(#3544));
#3399=FILL_AREA_STYLE('',(#3545));
#3400=FILL_AREA_STYLE('',(#3546));
#3401=FILL_AREA_STYLE('',(#3547));
#3402=FILL_AREA_STYLE('',(#3548));
#3403=FILL_AREA_STYLE('',(#3549));
#3404=FILL_AREA_STYLE('',(#3550));
#3405=FILL_AREA_STYLE('',(#3551));
#3406=FILL_AREA_STYLE('',(#3552));
#3407=FILL_AREA_STYLE('',(#3553));
#3408=FILL_AREA_STYLE('',(#3554));
#3409=FILL_AREA_STYLE('',(#3555));
#3410=FILL_AREA_STYLE('',(#3556));
#3411=FILL_AREA_STYLE('',(#3557));
#3412=FILL_AREA_STYLE('',(#3558));
#3413=FILL_AREA_STYLE('',(#3559));
#3414=FILL_AREA_STYLE('',(#3560));
#3415=FILL_AREA_STYLE('',(#3561));
#3416=FILL_AREA_STYLE('',(#3562));
#3417=FILL_AREA_STYLE('',(#3563));
#3418=FILL_AREA_STYLE('',(#3564));
#3419=FILL_AREA_STYLE('',(#3565));
#3420=FILL_AREA_STYLE('',(#3566));
#3421=FILL_AREA_STYLE('',(#3567));
#3422=FILL_AREA_STYLE('',(#3568));
#3423=FILL_AREA_STYLE('',(#3569));
#3424=FILL_AREA_STYLE('',(#3570));
#3425=FILL_AREA_STYLE('',(#3571));
#3426=FILL_AREA_STYLE('',(#3572));
#3427=FILL_AREA_STYLE('',(#3573));
#3428=FILL_AREA_STYLE('',(#3574));
#3429=FILL_AREA_STYLE('',(#3575));
#3430=FILL_AREA_STYLE('',(#3576));
#3431=FILL_AREA_STYLE('',(#3577));
#3432=FILL_AREA_STYLE('',(#3578));
#3433=FILL_AREA_STYLE('',(#3579));
#3434=FILL_AREA_STYLE('',(#3580));
#3435=FILL_AREA_STYLE('',(#3581));
#3436=FILL_AREA_STYLE('',(#3582));
#3437=FILL_AREA_STYLE('',(#3583));
#3438=FILL_AREA_STYLE('',(#3584));
#3439=FILL_AREA_STYLE('',(#3585));
#3440=FILL_AREA_STYLE('',(#3586));
#3441=FILL_AREA_STYLE('',(#3587));
#3442=FILL_AREA_STYLE('',(#3588));
#3443=FILL_AREA_STYLE('',(#3589));
#3444=FILL_AREA_STYLE('',(#3590));
#3445=FILL_AREA_STYLE('',(#3591));
#3446=FILL_AREA_STYLE('',(#3592));
#3447=FILL_AREA_STYLE('',(#3593));
#3448=FILL_AREA_STYLE('',(#3594));
#3449=FILL_AREA_STYLE('',(#3595));
#3450=FILL_AREA_STYLE('',(#3596));
#3451=FILL_AREA_STYLE('',(#3597));
#3452=FILL_AREA_STYLE('',(#3598));
#3453=FILL_AREA_STYLE('',(#3599));
#3454=FILL_AREA_STYLE('',(#3600));
#3455=FILL_AREA_STYLE('',(#3601));
#3456=FILL_AREA_STYLE('',(#3602));
#3457=FILL_AREA_STYLE('',(#3603));
#3458=FILL_AREA_STYLE('',(#3604));
#3459=FILL_AREA_STYLE('',(#3605));
#3460=FILL_AREA_STYLE('',(#3606));
#3461=FILL_AREA_STYLE('',(#3607));
#3462=FILL_AREA_STYLE('',(#3608));
#3463=FILL_AREA_STYLE('',(#3609));
#3464=FILL_AREA_STYLE('',(#3610));
#3465=FILL_AREA_STYLE('',(#3611));
#3466=FILL_AREA_STYLE('',(#3612));
#3467=FILL_AREA_STYLE('',(#3613));
#3468=FILL_AREA_STYLE('',(#3614));
#3469=FILL_AREA_STYLE('',(#3615));
#3470=FILL_AREA_STYLE('',(#3616));
#3471=FILL_AREA_STYLE('',(#3617));
#3472=FILL_AREA_STYLE('',(#3618));
#3473=FILL_AREA_STYLE('',(#3619));
#3474=FILL_AREA_STYLE('',(#3620));
#3475=FILL_AREA_STYLE('',(#3621));
#3476=FILL_AREA_STYLE('',(#3622));
#3477=FILL_AREA_STYLE('',(#3623));
#3478=FILL_AREA_STYLE('',(#3624));
#3479=FILL_AREA_STYLE('',(#3625));
#3480=FILL_AREA_STYLE('',(#3626));
#3481=FILL_AREA_STYLE('',(#3627));
#3482=FILL_AREA_STYLE('',(#3628));
#3483=FILL_AREA_STYLE('',(#3629));
#3484=FILL_AREA_STYLE('',(#3630));
#3485=FILL_AREA_STYLE('',(#3631));
#3486=FILL_AREA_STYLE('',(#3632));
#3487=FILL_AREA_STYLE('',(#3633));
#3488=FILL_AREA_STYLE('',(#3634));
#3489=FILL_AREA_STYLE('',(#3635));
#3490=FILL_AREA_STYLE('',(#3636));
#3491=FILL_AREA_STYLE('',(#3637));
#3492=FILL_AREA_STYLE('',(#3638));
#3493=FILL_AREA_STYLE('',(#3639));
#3494=FILL_AREA_STYLE('',(#3640));
#3495=FILL_AREA_STYLE('',(#3641));
#3496=FILL_AREA_STYLE('',(#3642));
#3497=FILL_AREA_STYLE_COLOUR('',#3643);
#3498=FILL_AREA_STYLE_COLOUR('',#3643);
#3499=FILL_AREA_STYLE_COLOUR('',#3643);
#3500=FILL_AREA_STYLE_COLOUR('',#3643);
#3501=FILL_AREA_STYLE_COLOUR('',#3643);
#3502=FILL_AREA_STYLE_COLOUR('',#3643);
#3503=FILL_AREA_STYLE_COLOUR('',#3643);
#3504=FILL_AREA_STYLE_COLOUR('',#3643);
#3505=FILL_AREA_STYLE_COLOUR('',#3643);
#3506=FILL_AREA_STYLE_COLOUR('',#3643);
#3507=FILL_AREA_STYLE_COLOUR('',#3643);
#3508=FILL_AREA_STYLE_COLOUR('',#3643);
#3509=FILL_AREA_STYLE_COLOUR('',#3643);
#3510=FILL_AREA_STYLE_COLOUR('',#3643);
#3511=FILL_AREA_STYLE_COLOUR('',#572);
#3512=FILL_AREA_STYLE_COLOUR('',#572);
#3513=FILL_AREA_STYLE_COLOUR('',#572);
#3514=FILL_AREA_STYLE_COLOUR('',#572);
#3515=FILL_AREA_STYLE_COLOUR('',#572);
#3516=FILL_AREA_STYLE_COLOUR('',#572);
#3517=FILL_AREA_STYLE_COLOUR('',#572);
#3518=FILL_AREA_STYLE_COLOUR('',#572);
#3519=FILL_AREA_STYLE_COLOUR('',#572);
#3520=FILL_AREA_STYLE_COLOUR('',#572);
#3521=FILL_AREA_STYLE_COLOUR('',#572);
#3522=FILL_AREA_STYLE_COLOUR('',#572);
#3523=FILL_AREA_STYLE_COLOUR('',#572);
#3524=FILL_AREA_STYLE_COLOUR('',#572);
#3525=FILL_AREA_STYLE_COLOUR('',#572);
#3526=FILL_AREA_STYLE_COLOUR('',#572);
#3527=FILL_AREA_STYLE_COLOUR('',#572);
#3528=FILL_AREA_STYLE_COLOUR('',#572);
#3529=FILL_AREA_STYLE_COLOUR('',#572);
#3530=FILL_AREA_STYLE_COLOUR('',#572);
#3531=FILL_AREA_STYLE_COLOUR('',#572);
#3532=FILL_AREA_STYLE_COLOUR('',#572);
#3533=FILL_AREA_STYLE_COLOUR('',#572);
#3534=FILL_AREA_STYLE_COLOUR('',#572);
#3535=FILL_AREA_STYLE_COLOUR('',#572);
#3536=FILL_AREA_STYLE_COLOUR('',#572);
#3537=FILL_AREA_STYLE_COLOUR('',#572);
#3538=FILL_AREA_STYLE_COLOUR('',#572);
#3539=FILL_AREA_STYLE_COLOUR('',#572);
#3540=FILL_AREA_STYLE_COLOUR('',#572);
#3541=FILL_AREA_STYLE_COLOUR('',#572);
#3542=FILL_AREA_STYLE_COLOUR('',#572);
#3543=FILL_AREA_STYLE_COLOUR('',#572);
#3544=FILL_AREA_STYLE_COLOUR('',#572);
#3545=FILL_AREA_STYLE_COLOUR('',#572);
#3546=FILL_AREA_STYLE_COLOUR('',#572);
#3547=FILL_AREA_STYLE_COLOUR('',#572);
#3548=FILL_AREA_STYLE_COLOUR('',#572);
#3549=FILL_AREA_STYLE_COLOUR('',#572);
#3550=FILL_AREA_STYLE_COLOUR('',#3644);
#3551=FILL_AREA_STYLE_COLOUR('',#3644);
#3552=FILL_AREA_STYLE_COLOUR('',#3644);
#3553=FILL_AREA_STYLE_COLOUR('',#3643);
#3554=FILL_AREA_STYLE_COLOUR('',#3643);
#3555=FILL_AREA_STYLE_COLOUR('',#572);
#3556=FILL_AREA_STYLE_COLOUR('',#572);
#3557=FILL_AREA_STYLE_COLOUR('',#572);
#3558=FILL_AREA_STYLE_COLOUR('',#3644);
#3559=FILL_AREA_STYLE_COLOUR('',#572);
#3560=FILL_AREA_STYLE_COLOUR('',#572);
#3561=FILL_AREA_STYLE_COLOUR('',#572);
#3562=FILL_AREA_STYLE_COLOUR('',#572);
#3563=FILL_AREA_STYLE_COLOUR('',#3644);
#3564=FILL_AREA_STYLE_COLOUR('',#572);
#3565=FILL_AREA_STYLE_COLOUR('',#3643);
#3566=FILL_AREA_STYLE_COLOUR('',#3643);
#3567=FILL_AREA_STYLE_COLOUR('',#3643);
#3568=FILL_AREA_STYLE_COLOUR('',#3643);
#3569=FILL_AREA_STYLE_COLOUR('',#3643);
#3570=FILL_AREA_STYLE_COLOUR('',#3643);
#3571=FILL_AREA_STYLE_COLOUR('',#3643);
#3572=FILL_AREA_STYLE_COLOUR('',#3643);
#3573=FILL_AREA_STYLE_COLOUR('',#3643);
#3574=FILL_AREA_STYLE_COLOUR('',#3643);
#3575=FILL_AREA_STYLE_COLOUR('',#3643);
#3576=FILL_AREA_STYLE_COLOUR('',#3643);
#3577=FILL_AREA_STYLE_COLOUR('',#3643);
#3578=FILL_AREA_STYLE_COLOUR('',#3643);
#3579=FILL_AREA_STYLE_COLOUR('',#3643);
#3580=FILL_AREA_STYLE_COLOUR('',#572);
#3581=FILL_AREA_STYLE_COLOUR('',#572);
#3582=FILL_AREA_STYLE_COLOUR('',#572);
#3583=FILL_AREA_STYLE_COLOUR('',#572);
#3584=FILL_AREA_STYLE_COLOUR('',#572);
#3585=FILL_AREA_STYLE_COLOUR('',#572);
#3586=FILL_AREA_STYLE_COLOUR('',#572);
#3587=FILL_AREA_STYLE_COLOUR('',#572);
#3588=FILL_AREA_STYLE_COLOUR('',#572);
#3589=FILL_AREA_STYLE_COLOUR('',#572);
#3590=FILL_AREA_STYLE_COLOUR('',#572);
#3591=FILL_AREA_STYLE_COLOUR('',#572);
#3592=FILL_AREA_STYLE_COLOUR('',#572);
#3593=FILL_AREA_STYLE_COLOUR('',#572);
#3594=FILL_AREA_STYLE_COLOUR('',#572);
#3595=FILL_AREA_STYLE_COLOUR('',#572);
#3596=FILL_AREA_STYLE_COLOUR('',#572);
#3597=FILL_AREA_STYLE_COLOUR('',#572);
#3598=FILL_AREA_STYLE_COLOUR('',#572);
#3599=FILL_AREA_STYLE_COLOUR('',#3643);
#3600=FILL_AREA_STYLE_COLOUR('',#3643);
#3601=FILL_AREA_STYLE_COLOUR('',#572);
#3602=FILL_AREA_STYLE_COLOUR('',#572);
#3603=FILL_AREA_STYLE_COLOUR('',#572);
#3604=FILL_AREA_STYLE_COLOUR('',#3643);
#3605=FILL_AREA_STYLE_COLOUR('',#3643);
#3606=FILL_AREA_STYLE_COLOUR('',#3643);
#3607=FILL_AREA_STYLE_COLOUR('',#3643);
#3608=FILL_AREA_STYLE_COLOUR('',#572);
#3609=FILL_AREA_STYLE_COLOUR('',#572);
#3610=FILL_AREA_STYLE_COLOUR('',#572);
#3611=FILL_AREA_STYLE_COLOUR('',#572);
#3612=FILL_AREA_STYLE_COLOUR('',#572);
#3613=FILL_AREA_STYLE_COLOUR('',#572);
#3614=FILL_AREA_STYLE_COLOUR('',#572);
#3615=FILL_AREA_STYLE_COLOUR('',#572);
#3616=FILL_AREA_STYLE_COLOUR('',#572);
#3617=FILL_AREA_STYLE_COLOUR('',#572);
#3618=FILL_AREA_STYLE_COLOUR('',#572);
#3619=FILL_AREA_STYLE_COLOUR('',#572);
#3620=FILL_AREA_STYLE_COLOUR('',#572);
#3621=FILL_AREA_STYLE_COLOUR('',#572);
#3622=FILL_AREA_STYLE_COLOUR('',#572);
#3623=FILL_AREA_STYLE_COLOUR('',#572);
#3624=FILL_AREA_STYLE_COLOUR('',#572);
#3625=FILL_AREA_STYLE_COLOUR('',#572);
#3626=FILL_AREA_STYLE_COLOUR('',#3643);
#3627=FILL_AREA_STYLE_COLOUR('',#3644);
#3628=FILL_AREA_STYLE_COLOUR('',#3644);
#3629=FILL_AREA_STYLE_COLOUR('',#3644);
#3630=FILL_AREA_STYLE_COLOUR('',#3644);
#3631=FILL_AREA_STYLE_COLOUR('',#3644);
#3632=FILL_AREA_STYLE_COLOUR('',#572);
#3633=FILL_AREA_STYLE_COLOUR('',#572);
#3634=FILL_AREA_STYLE_COLOUR('',#572);
#3635=FILL_AREA_STYLE_COLOUR('',#572);
#3636=FILL_AREA_STYLE_COLOUR('',#572);
#3637=FILL_AREA_STYLE_COLOUR('',#572);
#3638=FILL_AREA_STYLE_COLOUR('',#572);
#3639=FILL_AREA_STYLE_COLOUR('',#3643);
#3640=FILL_AREA_STYLE_COLOUR('',#3643);
#3641=FILL_AREA_STYLE_COLOUR('',#3643);
#3642=FILL_AREA_STYLE_COLOUR('',#3643);
#3643=COLOUR_RGB('',0.699999988079071,0.699999988079071,0.699999988079071);
#3644=COLOUR_RGB('',0.800000011920929,0.760330617427826,0.);
#3645=ADVANCED_FACE('',(#2367),#2533,.F.);
#3646=ADVANCED_FACE('',(#2368),#2534,.F.);
#3647=ADVANCED_FACE('',(#2369),#2535,.F.);
#3648=ADVANCED_FACE('',(#2370,#2371),#594,.T.);
#3649=ADVANCED_FACE('',(#2372,#2373),#595,.T.);
#3650=ADVANCED_FACE('',(#2374,#2375),#596,.T.);
#3651=ADVANCED_FACE('',(#2376,#2377),#573,.T.);
#3652=ADVANCED_FACE('',(#2378,#2379),#574,.T.);
#3653=ADVANCED_FACE('',(#2380,#2381),#575,.T.);
#3654=ADVANCED_FACE('',(#2382,#2383),#597,.T.);
#3655=ADVANCED_FACE('',(#2384,#2385),#598,.T.);
#3656=ADVANCED_FACE('',(#2386,#2387),#599,.T.);
#3657=ADVANCED_FACE('',(#2388),#2536,.T.);
#3658=ADVANCED_FACE('',(#2389),#2537,.T.);
#3659=ADVANCED_FACE('',(#2390),#2538,.T.);
#3660=ADVANCED_FACE('',(#2391),#2539,.T.);
#3661=ADVANCED_FACE('',(#2392),#600,.T.);
#3662=ADVANCED_FACE('',(#2393),#2540,.T.);
#3663=ADVANCED_FACE('',(#2394),#601,.F.);
#3664=ADVANCED_FACE('',(#2395),#602,.F.);
#3665=ADVANCED_FACE('',(#2396),#2541,.T.);
#3666=ADVANCED_FACE('',(#2397),#2542,.T.);
#3667=ADVANCED_FACE('',(#2398),#2543,.T.);
#3668=ADVANCED_FACE('',(#2399),#603,.F.);
#3669=ADVANCED_FACE('',(#2400),#2544,.T.);
#3670=ADVANCED_FACE('',(#2401),#604,.F.);
#3671=ADVANCED_FACE('',(#2402),#2545,.T.);
#3672=ADVANCED_FACE('',(#2403),#2546,.T.);
#3673=ADVANCED_FACE('',(#2404),#2547,.F.);
#3674=ADVANCED_FACE('',(#2405),#605,.F.);
#3675=ADVANCED_FACE('',(#2406),#2548,.F.);
#3676=ADVANCED_FACE('',(#2407),#606,.F.);
#3677=ADVANCED_FACE('',(#2408),#2549,.F.);
#3678=ADVANCED_FACE('',(#2409),#607,.T.);
#3679=ADVANCED_FACE('',(#2410),#608,.T.);
#3680=ADVANCED_FACE('',(#2411),#2550,.F.);
#3681=ADVANCED_FACE('',(#2412),#609,.F.);
#3682=ADVANCED_FACE('',(#2413),#2551,.F.);
#3683=ADVANCED_FACE('',(#2414),#610,.F.);
#3684=ADVANCED_FACE('',(#2415),#2552,.F.);
#3685=ADVANCED_FACE('',(#2416),#2553,.T.);
#3686=ADVANCED_FACE('',(#2417),#2554,.T.);
#3687=ADVANCED_FACE('',(#2418),#611,.F.);
#3688=ADVANCED_FACE('',(#2419),#2555,.T.);
#3689=ADVANCED_FACE('',(#2420),#612,.F.);
#3690=ADVANCED_FACE('',(#2421),#2556,.T.);
#3691=ADVANCED_FACE('',(#2422),#2557,.T.);
#3692=ADVANCED_FACE('',(#2423),#2558,.T.);
#3693=ADVANCED_FACE('',(#2424),#613,.F.);
#3694=ADVANCED_FACE('',(#2425),#2559,.T.);
#3695=ADVANCED_FACE('',(#2426),#614,.F.);
#3696=ADVANCED_FACE('',(#2427),#2560,.T.);
#3697=ADVANCED_FACE('',(#2428),#615,.T.);
#3698=ADVANCED_FACE('',(#2429),#616,.T.);
#3699=ADVANCED_FACE('',(#2430),#2561,.T.);
#3700=ADVANCED_FACE('',(#2431),#617,.T.);
#3701=ADVANCED_FACE('',(#2432,#2433),#618,.T.);
#3702=ADVANCED_FACE('',(#2434,#2435),#619,.T.);
#3703=ADVANCED_FACE('',(#2436),#2562,.F.);
#3704=ADVANCED_FACE('',(#2437),#2563,.T.);
#3705=ADVANCED_FACE('',(#2438),#2564,.T.);
#3706=ADVANCED_FACE('',(#2439),#2565,.T.);
#3707=ADVANCED_FACE('',(#2440),#2566,.T.);
#3708=ADVANCED_FACE('',(#2441),#2567,.T.);
#3709=ADVANCED_FACE('',(#2442),#2568,.F.);
#3710=ADVANCED_FACE('',(#2443),#2569,.T.);
#3711=ADVANCED_FACE('',(#2444),#2570,.F.);
#3712=ADVANCED_FACE('',(#2445),#2571,.T.);
#3713=ADVANCED_FACE('',(#2446,#2447),#576,.T.);
#3714=ADVANCED_FACE('',(#2448,#2449),#577,.T.);
#3715=ADVANCED_FACE('',(#2450),#620,.T.);
#3716=ADVANCED_FACE('',(#2451),#2572,.F.);
#3717=ADVANCED_FACE('',(#2452),#621,.T.);
#3718=ADVANCED_FACE('',(#2453),#2573,.T.);
#3719=ADVANCED_FACE('',(#2454),#2574,.F.);
#3720=ADVANCED_FACE('',(#2455),#2575,.F.);
#3721=ADVANCED_FACE('',(#2456),#2576,.T.);
#3722=ADVANCED_FACE('',(#2457,#2458),#2577,.T.);
#3723=ADVANCED_FACE('',(#2459),#2578,.F.);
#3724=ADVANCED_FACE('',(#2460),#622,.T.);
#3725=ADVANCED_FACE('',(#2461),#2579,.F.);
#3726=ADVANCED_FACE('',(#2462),#623,.T.);
#3727=ADVANCED_FACE('',(#2463),#2580,.T.);
#3728=ADVANCED_FACE('',(#2464),#624,.T.);
#3729=ADVANCED_FACE('',(#2465),#2581,.F.);
#3730=ADVANCED_FACE('',(#2466),#625,.F.);
#3731=ADVANCED_FACE('',(#2467),#2582,.F.);
#3732=ADVANCED_FACE('',(#2468),#626,.F.);
#3733=ADVANCED_FACE('',(#2469),#2583,.F.);
#3734=ADVANCED_FACE('',(#2470),#2584,.T.);
#3735=ADVANCED_FACE('',(#2471),#2585,.F.);
#3736=ADVANCED_FACE('',(#2472),#627,.F.);
#3737=ADVANCED_FACE('',(#2473),#2586,.F.);
#3738=ADVANCED_FACE('',(#2474),#628,.F.);
#3739=ADVANCED_FACE('',(#2475),#2587,.F.);
#3740=ADVANCED_FACE('',(#2476),#2588,.T.);
#3741=ADVANCED_FACE('',(#2477),#2589,.T.);
#3742=ADVANCED_FACE('',(#2478),#629,.F.);
#3743=ADVANCED_FACE('',(#2479),#2590,.T.);
#3744=ADVANCED_FACE('',(#2480),#630,.F.);
#3745=ADVANCED_FACE('',(#2481),#2591,.T.);
#3746=ADVANCED_FACE('',(#2482),#631,.T.);
#3747=ADVANCED_FACE('',(#2483,#2484),#632,.T.);
#3748=ADVANCED_FACE('',(#2485,#2486),#633,.T.);
#3749=ADVANCED_FACE('',(#2487),#2592,.T.);
#3750=ADVANCED_FACE('',(#2488),#2593,.T.);
#3751=ADVANCED_FACE('',(#2489),#2594,.F.);
#3752=ADVANCED_FACE('',(#2490),#2595,.T.);
#3753=ADVANCED_FACE('',(#2491),#2596,.T.);
#3754=ADVANCED_FACE('',(#2492),#2597,.T.);
#3755=ADVANCED_FACE('',(#2493),#2598,.T.);
#3756=ADVANCED_FACE('',(#2494),#2599,.T.);
#3757=ADVANCED_FACE('',(#2495),#2600,.F.);
#3758=ADVANCED_FACE('',(#2496),#2601,.T.);
#3759=ADVANCED_FACE('',(#2497),#2602,.T.);
#3760=ADVANCED_FACE('',(#2498),#634,.T.);
#3761=ADVANCED_FACE('',(#2499),#2603,.T.);
#3762=ADVANCED_FACE('',(#2500),#635,.F.);
#3763=ADVANCED_FACE('',(#2501),#636,.F.);
#3764=ADVANCED_FACE('',(#2502),#2604,.T.);
#3765=ADVANCED_FACE('',(#2503),#2605,.T.);
#3766=ADVANCED_FACE('',(#2504),#2606,.F.);
#3767=ADVANCED_FACE('',(#2505),#637,.F.);
#3768=ADVANCED_FACE('',(#2506),#2607,.F.);
#3769=ADVANCED_FACE('',(#2507),#638,.F.);
#3770=ADVANCED_FACE('',(#2508),#2608,.F.);
#3771=ADVANCED_FACE('',(#2509),#2609,.T.);
#3772=ADVANCED_FACE('',(#2510),#639,.T.);
#3773=ADVANCED_FACE('',(#2511),#2610,.F.);
#3774=ADVANCED_FACE('',(#2512,#2513),#2611,.F.);
#3775=ADVANCED_FACE('',(#2514),#2612,.F.);
#3776=ADVANCED_FACE('',(#2515),#640,.T.);
#3777=ADVANCED_FACE('',(#2516),#2613,.T.);
#3778=ADVANCED_FACE('',(#2517),#641,.T.);
#3779=ADVANCED_FACE('',(#2518),#2614,.T.);
#3780=ADVANCED_FACE('',(#2519),#2615,.F.);
#3781=ADVANCED_FACE('',(#2520),#2616,.T.);
#3782=ADVANCED_FACE('',(#2521),#2617,.F.);
#3783=ADVANCED_FACE('',(#2522),#2618,.T.);
#3784=ADVANCED_FACE('',(#2523),#2619,.F.);
#3785=ADVANCED_FACE('',(#2524),#642,.F.);
#3786=ADVANCED_FACE('',(#2525),#643,.F.);
#3787=ADVANCED_FACE('',(#2526),#2620,.T.);
#3788=ADVANCED_FACE('',(#2527,#2528),#644,.T.);
#3789=ADVANCED_FACE('',(#2529,#2530),#578,.T.);
#3790=ADVANCED_FACE('',(#2531,#2532),#645,.T.);
#3791=CLOSED_SHELL('',(#3645,#3646,#3647,#3648,#3649,#3650,#3651,#3652,
#3653,#3654,#3655,#3656,#3657,#3658,#3659,#3660,#3661,#3662,#3663,#3664,
#3665,#3666,#3667,#3668,#3669,#3670,#3671,#3672,#3673,#3674,#3675,#3676,
#3677,#3678,#3679,#3680,#3681,#3682,#3683,#3684,#3685,#3686,#3687,#3688,
#3689,#3690,#3691,#3692,#3693,#3694,#3695,#3696,#3697,#3698,#3699,#3700,
#3701,#3702,#3703,#3704,#3705,#3706,#3707,#3708,#3709,#3710,#3711,#3712,
#3713,#3714,#3715,#3716,#3717,#3718,#3719,#3720,#3721,#3722,#3723,#3724,
#3725,#3726,#3727,#3728,#3729,#3730,#3731,#3732,#3733,#3734,#3735,#3736,
#3737,#3738,#3739,#3740,#3741,#3742,#3743,#3744,#3745,#3746,#3747,#3748,
#3749,#3750,#3751,#3752,#3753,#3754,#3755,#3756,#3757,#3758,#3759,#3760,
#3761,#3762,#3763,#3764,#3765,#3766,#3767,#3768,#3769,#3770,#3771,#3772,
#3773,#3774,#3775,#3776,#3777,#3778,#3779,#3780,#3781,#3782,#3783,#3784,
#3785,#3786,#3787,#3788,#3789,#3790));
#3792=MANIFOLD_SOLID_BREP('',#3791);
#3793=SHAPE_DEFINITION_REPRESENTATION(#5704,#3794);
#3794=SHAPE_REPRESENTATION('42TM018-RC',(#3795),#5699);
#3795=AXIS2_PLACEMENT_3D('',#4821,#4045,#4046);
#3796=AXIS2_PLACEMENT_3D('',#4822,#4047,#4048);
#3797=AXIS2_PLACEMENT_3D('',#4823,#4049,#4050);
#3798=AXIS2_PLACEMENT_3D('',#4825,#4051,#4052);
#3799=AXIS2_PLACEMENT_3D('',#4826,#4053,#4054);
#3800=AXIS2_PLACEMENT_3D('',#4828,#4055,#4056);
#3801=AXIS2_PLACEMENT_3D('',#4829,#4057,#4058);
#3802=AXIS2_PLACEMENT_3D('',#4831,#4059,#4060);
#3803=AXIS2_PLACEMENT_3D('',#4840,#4061,#4062);
#3804=AXIS2_PLACEMENT_3D('',#4849,#4063,#4064);
#3805=AXIS2_PLACEMENT_3D('',#4858,#4065,#4066);
#3806=AXIS2_PLACEMENT_3D('',#4859,#4067,#4068);
#3807=AXIS2_PLACEMENT_3D('',#4861,#4069,#4070);
#3808=AXIS2_PLACEMENT_3D('',#4862,#4071,#4072);
#3809=AXIS2_PLACEMENT_3D('',#4864,#4073,#4074);
#3810=AXIS2_PLACEMENT_3D('',#4865,#4075,#4076);
#3811=AXIS2_PLACEMENT_3D('',#4867,#4077,#4078);
#3812=AXIS2_PLACEMENT_3D('',#4875,#4079,#4080);
#3813=AXIS2_PLACEMENT_3D('',#4876,#4081,#4082);
#3814=AXIS2_PLACEMENT_3D('',#4884,#4083,#4084);
#3815=AXIS2_PLACEMENT_3D('',#4892,#4085,#4086);
#3816=AXIS2_PLACEMENT_3D('',#4893,#4087,#4088);
#3817=AXIS2_PLACEMENT_3D('',#4901,#4089,#4090);
#3818=AXIS2_PLACEMENT_3D('',#4902,#4091,#4092);
#3819=AXIS2_PLACEMENT_3D('',#4903,#4093,#4094);
#3820=AXIS2_PLACEMENT_3D('',#4905,#4095,#4096);
#3821=AXIS2_PLACEMENT_3D('',#4906,#4097,#4098);
#3822=AXIS2_PLACEMENT_3D('',#4908,#4099,#4100);
#3823=AXIS2_PLACEMENT_3D('',#4914,#4104,#4105);
#3824=AXIS2_PLACEMENT_3D('',#4924,#4111,#4112);
#3825=AXIS2_PLACEMENT_3D('',#4925,#4113,#4114);
#3826=AXIS2_PLACEMENT_3D('',#4930,#4116,#4117);
#3827=AXIS2_PLACEMENT_3D('',#4933,#4119,#4120);
#3828=AXIS2_PLACEMENT_3D('',#4939,#4124,#4125);
#3829=AXIS2_PLACEMENT_3D('',#4940,#4126,#4127);
#3830=AXIS2_PLACEMENT_3D('',#4941,#4128,#4129);
#3831=AXIS2_PLACEMENT_3D('',#4942,#4130,#4131);
#3832=AXIS2_PLACEMENT_3D('',#4943,#4132,#4133);
#3833=AXIS2_PLACEMENT_3D('',#4947,#4135,#4136);
#3834=AXIS2_PLACEMENT_3D('',#4948,#4137,#4138);
#3835=AXIS2_PLACEMENT_3D('',#4954,#4142,#4143);
#3836=AXIS2_PLACEMENT_3D('',#4960,#4147,#4148);
#3837=AXIS2_PLACEMENT_3D('',#4966,#4152,#4153);
#3838=AXIS2_PLACEMENT_3D('',#4967,#4154,#4155);
#3839=AXIS2_PLACEMENT_3D('',#4968,#4156,#4157);
#3840=AXIS2_PLACEMENT_3D('',#4971,#4159,#4160);
#3841=AXIS2_PLACEMENT_3D('',#4975,#4163,#4164);
#3842=AXIS2_PLACEMENT_3D('',#4976,#4165,#4166);
#3843=AXIS2_PLACEMENT_3D('',#4980,#4168,#4169);
#3844=AXIS2_PLACEMENT_3D('',#4981,#4170,#4171);
#3845=AXIS2_PLACEMENT_3D('',#4987,#4175,#4176);
#3846=AXIS2_PLACEMENT_3D('',#4993,#4180,#4181);
#3847=AXIS2_PLACEMENT_3D('',#4999,#4185,#4186);
#3848=AXIS2_PLACEMENT_3D('',#5002,#4188,#4189);
#3849=AXIS2_PLACEMENT_3D('',#5003,#4190,#4191);
#3850=AXIS2_PLACEMENT_3D('',#5006,#4193,#4194);
#3851=AXIS2_PLACEMENT_3D('',#5012,#4198,#4199);
#3852=AXIS2_PLACEMENT_3D('',#5013,#4200,#4201);
#3853=AXIS2_PLACEMENT_3D('',#5015,#4202,#4203);
#3854=AXIS2_PLACEMENT_3D('',#5018,#4205,#4206);
#3855=AXIS2_PLACEMENT_3D('',#5024,#4210,#4211);
#3856=AXIS2_PLACEMENT_3D('',#5025,#4212,#4213);
#3857=AXIS2_PLACEMENT_3D('',#5029,#4215,#4216);
#3858=AXIS2_PLACEMENT_3D('',#5030,#4217,#4218);
#3859=AXIS2_PLACEMENT_3D('',#5034,#4220,#4221);
#3860=AXIS2_PLACEMENT_3D('',#5038,#4223,#4224);
#3861=AXIS2_PLACEMENT_3D('',#5039,#4225,#4226);
#3862=AXIS2_PLACEMENT_3D('',#5045,#4230,#4231);
#3863=AXIS2_PLACEMENT_3D('',#5046,#4232,#4233);
#3864=AXIS2_PLACEMENT_3D('',#5048,#4234,#4235);
#3865=AXIS2_PLACEMENT_3D('',#5051,#4237,#4238);
#3866=AXIS2_PLACEMENT_3D('',#5057,#4242,#4243);
#3867=AXIS2_PLACEMENT_3D('',#5058,#4244,#4245);
#3868=AXIS2_PLACEMENT_3D('',#5060,#4246,#4247);
#3869=AXIS2_PLACEMENT_3D('',#5063,#4249,#4250);
#3870=AXIS2_PLACEMENT_3D('',#5069,#4254,#4255);
#3871=AXIS2_PLACEMENT_3D('',#5075,#4259,#4260);
#3872=AXIS2_PLACEMENT_3D('',#5081,#4264,#4265);
#3873=AXIS2_PLACEMENT_3D('',#5082,#4266,#4267);
#3874=AXIS2_PLACEMENT_3D('',#5086,#4269,#4270);
#3875=AXIS2_PLACEMENT_3D('',#5087,#4271,#4272);
#3876=AXIS2_PLACEMENT_3D('',#5093,#4276,#4277);
#3877=AXIS2_PLACEMENT_3D('',#5094,#4278,#4279);
#3878=AXIS2_PLACEMENT_3D('',#5098,#4281,#4282);
#3879=AXIS2_PLACEMENT_3D('',#5099,#4283,#4284);
#3880=AXIS2_PLACEMENT_3D('',#5105,#4288,#4289);
#3881=AXIS2_PLACEMENT_3D('',#5111,#4293,#4294);
#3882=AXIS2_PLACEMENT_3D('',#5117,#4298,#4299);
#3883=AXIS2_PLACEMENT_3D('',#5118,#4300,#4301);
#3884=AXIS2_PLACEMENT_3D('',#5122,#4303,#4304);
#3885=AXIS2_PLACEMENT_3D('',#5123,#4305,#4306);
#3886=AXIS2_PLACEMENT_3D('',#5129,#4310,#4311);
#3887=AXIS2_PLACEMENT_3D('',#5130,#4312,#4313);
#3888=AXIS2_PLACEMENT_3D('',#5134,#4315,#4316);
#3889=AXIS2_PLACEMENT_3D('',#5135,#4317,#4318);
#3890=AXIS2_PLACEMENT_3D('',#5141,#4322,#4323);
#3891=AXIS2_PLACEMENT_3D('',#5142,#4324,#4325);
#3892=AXIS2_PLACEMENT_3D('',#5144,#4326,#4327);
#3893=AXIS2_PLACEMENT_3D('',#5147,#4329,#4330);
#3894=AXIS2_PLACEMENT_3D('',#5148,#4331,#4332);
#3895=AXIS2_PLACEMENT_3D('',#5153,#4334,#4335);
#3896=AXIS2_PLACEMENT_3D('',#5156,#4337,#4338);
#3897=AXIS2_PLACEMENT_3D('',#5162,#4342,#4343);
#3898=AXIS2_PLACEMENT_3D('',#5163,#4344,#4345);
#3899=AXIS2_PLACEMENT_3D('',#5165,#4346,#4347);
#3900=AXIS2_PLACEMENT_3D('',#5168,#4349,#4350);
#3901=AXIS2_PLACEMENT_3D('',#5169,#4351,#4352);
#3902=AXIS2_PLACEMENT_3D('',#5171,#4353,#4354);
#3903=AXIS2_PLACEMENT_3D('',#5172,#4355,#4356);
#3904=AXIS2_PLACEMENT_3D('',#5174,#4357,#4358);
#3905=AXIS2_PLACEMENT_3D('',#5180,#4362,#4363);
#3906=AXIS2_PLACEMENT_3D('',#5184,#4366,#4367);
#3907=AXIS2_PLACEMENT_3D('',#5188,#4370,#4371);
#3908=AXIS2_PLACEMENT_3D('',#5194,#4375,#4376);
#3909=AXIS2_PLACEMENT_3D('',#5200,#4380,#4381);
#3910=AXIS2_PLACEMENT_3D('',#5204,#4384,#4385);
#3911=AXIS2_PLACEMENT_3D('',#5208,#4388,#4389);
#3912=AXIS2_PLACEMENT_3D('',#5213,#4393,#4394);
#3913=AXIS2_PLACEMENT_3D('',#5217,#4397,#4398);
#3914=AXIS2_PLACEMENT_3D('',#5220,#4401,#4402);
#3915=AXIS2_PLACEMENT_3D('',#5221,#4403,#4404);
#3916=AXIS2_PLACEMENT_3D('',#5223,#4405,#4406);
#3917=AXIS2_PLACEMENT_3D('',#5224,#4407,#4408);
#3918=AXIS2_PLACEMENT_3D('',#5226,#4409,#4410);
#3919=AXIS2_PLACEMENT_3D('',#5227,#4411,#4412);
#3920=AXIS2_PLACEMENT_3D('',#5232,#4414,#4415);
#3921=AXIS2_PLACEMENT_3D('',#5235,#4417,#4418);
#3922=AXIS2_PLACEMENT_3D('',#5241,#4422,#4423);
#3923=AXIS2_PLACEMENT_3D('',#5242,#4424,#4425);
#3924=AXIS2_PLACEMENT_3D('',#5246,#4427,#4428);
#3925=AXIS2_PLACEMENT_3D('',#5247,#4429,#4430);
#3926=AXIS2_PLACEMENT_3D('',#5253,#4434,#4435);
#3927=AXIS2_PLACEMENT_3D('',#5259,#4438,#4439);
#3928=AXIS2_PLACEMENT_3D('',#5263,#4441,#4442);
#3929=AXIS2_PLACEMENT_3D('',#5266,#4444,#4445);
#3930=AXIS2_PLACEMENT_3D('',#5272,#4449,#4450);
#3931=AXIS2_PLACEMENT_3D('',#5274,#4452,#4453);
#3932=AXIS2_PLACEMENT_3D('',#5283,#4458,#4459);
#3933=AXIS2_PLACEMENT_3D('',#5289,#4463,#4464);
#3934=AXIS2_PLACEMENT_3D('',#5290,#4465,#4466);
#3935=AXIS2_PLACEMENT_3D('',#5293,#4468,#4469);
#3936=AXIS2_PLACEMENT_3D('',#5297,#4472,#4473);
#3937=AXIS2_PLACEMENT_3D('',#5298,#4474,#4475);
#3938=AXIS2_PLACEMENT_3D('',#5301,#4477,#4478);
#3939=AXIS2_PLACEMENT_3D('',#5305,#4481,#4482);
#3940=AXIS2_PLACEMENT_3D('',#5309,#4484,#4485);
#3941=AXIS2_PLACEMENT_3D('',#5313,#4487,#4488);
#3942=AXIS2_PLACEMENT_3D('',#5314,#4489,#4490);
#3943=AXIS2_PLACEMENT_3D('',#5320,#4494,#4495);
#3944=AXIS2_PLACEMENT_3D('',#5321,#4496,#4497);
#3945=AXIS2_PLACEMENT_3D('',#5325,#4499,#4500);
#3946=AXIS2_PLACEMENT_3D('',#5326,#4501,#4502);
#3947=AXIS2_PLACEMENT_3D('',#5332,#4506,#4507);
#3948=AXIS2_PLACEMENT_3D('',#5333,#4508,#4509);
#3949=AXIS2_PLACEMENT_3D('',#5337,#4511,#4512);
#3950=AXIS2_PLACEMENT_3D('',#5338,#4513,#4514);
#3951=AXIS2_PLACEMENT_3D('',#5344,#4518,#4519);
#3952=AXIS2_PLACEMENT_3D('',#5350,#4523,#4524);
#3953=AXIS2_PLACEMENT_3D('',#5356,#4528,#4529);
#3954=AXIS2_PLACEMENT_3D('',#5357,#4530,#4531);
#3955=AXIS2_PLACEMENT_3D('',#5361,#4533,#4534);
#3956=AXIS2_PLACEMENT_3D('',#5362,#4535,#4536);
#3957=AXIS2_PLACEMENT_3D('',#5368,#4540,#4541);
#3958=AXIS2_PLACEMENT_3D('',#5369,#4542,#4543);
#3959=AXIS2_PLACEMENT_3D('',#5373,#4545,#4546);
#3960=AXIS2_PLACEMENT_3D('',#5374,#4547,#4548);
#3961=AXIS2_PLACEMENT_3D('',#5380,#4552,#4553);
#3962=AXIS2_PLACEMENT_3D('',#5386,#4557,#4558);
#3963=AXIS2_PLACEMENT_3D('',#5392,#4562,#4563);
#3964=AXIS2_PLACEMENT_3D('',#5396,#4565,#4566);
#3965=AXIS2_PLACEMENT_3D('',#5397,#4567,#4568);
#3966=AXIS2_PLACEMENT_3D('',#5398,#4569,#4570);
#3967=AXIS2_PLACEMENT_3D('',#5404,#4574,#4575);
#3968=AXIS2_PLACEMENT_3D('',#5408,#4577,#4578);
#3969=AXIS2_PLACEMENT_3D('',#5409,#4579,#4580);
#3970=AXIS2_PLACEMENT_3D('',#5410,#4581,#4582);
#3971=AXIS2_PLACEMENT_3D('',#5416,#4586,#4587);
#3972=AXIS2_PLACEMENT_3D('',#5417,#4588,#4589);
#3973=AXIS2_PLACEMENT_3D('',#5419,#4590,#4591);
#3974=AXIS2_PLACEMENT_3D('',#5422,#4593,#4594);
#3975=AXIS2_PLACEMENT_3D('',#5423,#4595,#4596);
#3976=AXIS2_PLACEMENT_3D('',#5435,#4597,#4598);
#3977=AXIS2_PLACEMENT_3D('',#5443,#4599,#4600);
#3978=AXIS2_PLACEMENT_3D('',#5451,#4601,#4602);
#3979=AXIS2_PLACEMENT_3D('',#5452,#4603,#4604);
#3980=AXIS2_PLACEMENT_3D('',#5458,#4608,#4609);
#3981=AXIS2_PLACEMENT_3D('',#5462,#4612,#4613);
#3982=AXIS2_PLACEMENT_3D('',#5466,#4616,#4617);
#3983=AXIS2_PLACEMENT_3D('',#5472,#4621,#4622);
#3984=AXIS2_PLACEMENT_3D('',#5477,#4626,#4627);
#3985=AXIS2_PLACEMENT_3D('',#5482,#4631,#4632);
#3986=AXIS2_PLACEMENT_3D('',#5484,#4634,#4635);
#3987=AXIS2_PLACEMENT_3D('',#5493,#4640,#4641);
#3988=AXIS2_PLACEMENT_3D('',#5497,#4643,#4644);
#3989=AXIS2_PLACEMENT_3D('',#5498,#4645,#4646);
#3990=AXIS2_PLACEMENT_3D('',#5504,#4650,#4651);
#3991=AXIS2_PLACEMENT_3D('',#5514,#4657,#4658);
#3992=AXIS2_PLACEMENT_3D('',#5523,#4663,#4664);
#3993=AXIS2_PLACEMENT_3D('',#5524,#4665,#4666);
#3994=AXIS2_PLACEMENT_3D('',#5528,#4668,#4669);
#3995=AXIS2_PLACEMENT_3D('',#5529,#4670,#4671);
#3996=AXIS2_PLACEMENT_3D('',#5535,#4675,#4676);
#3997=AXIS2_PLACEMENT_3D('',#5536,#4677,#4678);
#3998=AXIS2_PLACEMENT_3D('',#5537,#4679,#4680);
#3999=AXIS2_PLACEMENT_3D('',#5538,#4681,#4682);
#4000=AXIS2_PLACEMENT_3D('',#5539,#4683,#4684);
#4001=AXIS2_PLACEMENT_3D('',#5543,#4686,#4687);
#4002=AXIS2_PLACEMENT_3D('',#5544,#4688,#4689);
#4003=AXIS2_PLACEMENT_3D('',#5550,#4693,#4694);
#4004=AXIS2_PLACEMENT_3D('',#5556,#4698,#4699);
#4005=AXIS2_PLACEMENT_3D('',#5562,#4703,#4704);
#4006=AXIS2_PLACEMENT_3D('',#5565,#4706,#4707);
#4007=AXIS2_PLACEMENT_3D('',#5566,#4708,#4709);
#4008=AXIS2_PLACEMENT_3D('',#5567,#4710,#4711);
#4009=AXIS2_PLACEMENT_3D('',#5571,#4714,#4715);
#4010=AXIS2_PLACEMENT_3D('',#5572,#4716,#4717);
#4011=AXIS2_PLACEMENT_3D('',#5576,#4719,#4720);
#4012=AXIS2_PLACEMENT_3D('',#5577,#4721,#4722);
#4013=AXIS2_PLACEMENT_3D('',#5583,#4726,#4727);
#4014=AXIS2_PLACEMENT_3D('',#5589,#4731,#4732);
#4015=AXIS2_PLACEMENT_3D('',#5593,#4734,#4735);
#4016=AXIS2_PLACEMENT_3D('',#5597,#4737,#4738);
#4017=AXIS2_PLACEMENT_3D('',#5598,#4739,#4740);
#4018=AXIS2_PLACEMENT_3D('',#5604,#4744,#4745);
#4019=AXIS2_PLACEMENT_3D('',#5612,#4751,#4752);
#4020=AXIS2_PLACEMENT_3D('',#5616,#4755,#4756);
#4021=AXIS2_PLACEMENT_3D('',#5617,#4757,#4758);
#4022=AXIS2_PLACEMENT_3D('',#5620,#4760,#4761);
#4023=AXIS2_PLACEMENT_3D('',#5624,#4764,#4765);
#4024=AXIS2_PLACEMENT_3D('',#5625,#4766,#4767);
#4025=AXIS2_PLACEMENT_3D('',#5628,#4769,#4770);
#4026=AXIS2_PLACEMENT_3D('',#5630,#4772,#4773);
#4027=AXIS2_PLACEMENT_3D('',#5636,#4777,#4778);
#4028=AXIS2_PLACEMENT_3D('',#5637,#4779,#4780);
#4029=AXIS2_PLACEMENT_3D('',#5641,#4782,#4783);
#4030=AXIS2_PLACEMENT_3D('',#5644,#4785,#4786);
#4031=AXIS2_PLACEMENT_3D('',#5648,#4789,#4790);
#4032=AXIS2_PLACEMENT_3D('',#5649,#4791,#4792);
#4033=AXIS2_PLACEMENT_3D('',#5653,#4794,#4795);
#4034=AXIS2_PLACEMENT_3D('',#5654,#4796,#4797);
#4035=AXIS2_PLACEMENT_3D('',#5658,#4800,#4801);
#4036=AXIS2_PLACEMENT_3D('',#5661,#4803,#4804);
#4037=AXIS2_PLACEMENT_3D('',#5662,#4805,#4806);
#4038=AXIS2_PLACEMENT_3D('',#5688,#4807,#4808);
#4039=AXIS2_PLACEMENT_3D('',#5689,#4809,#4810);
#4040=AXIS2_PLACEMENT_3D('',#5691,#4811,#4812);
#4041=AXIS2_PLACEMENT_3D('',#5692,#4813,#4814);
#4042=AXIS2_PLACEMENT_3D('',#5694,#4815,#4816);
#4043=AXIS2_PLACEMENT_3D('',#5695,#4817,#4818);
#4044=AXIS2_PLACEMENT_3D('',#5697,#4819,#4820);
#4045=DIRECTION('',(0.,0.,1.));
#4046=DIRECTION('',(1.,0.,0.));
#4047=DIRECTION('',(0.,-7.50338885418533E-17,1.));
#4048=DIRECTION('',(0.,-1.,-7.50338885418533E-17));
#4049=DIRECTION('',(0.,-7.50338885418533E-17,1.));
#4050=DIRECTION('',(0.,-1.,-7.50338885418533E-17));
#4051=DIRECTION('',(0.,-7.50338885418533E-17,1.));
#4052=DIRECTION('',(0.,-1.,-7.50338885418533E-17));
#4053=DIRECTION('',(0.,-7.50338885418533E-17,1.));
#4054=DIRECTION('',(0.,-1.,-7.50338885418533E-17));
#4055=DIRECTION('',(0.,-7.50338885418533E-17,1.));
#4056=DIRECTION('',(0.,-1.,-7.50338885418533E-17));
#4057=DIRECTION('',(0.,-7.50338885418533E-17,1.));
#4058=DIRECTION('',(0.,-1.,-7.50338885418533E-17));
#4059=DIRECTION('',(0.,-1.32356976437222E-16,1.));
#4060=DIRECTION('',(0.,-1.,-1.32356976437222E-16));
#4061=DIRECTION('',(0.,-1.32356976437222E-16,1.));
#4062=DIRECTION('',(0.,-1.,-1.32356976437222E-16));
#4063=DIRECTION('',(0.,-1.32356976437222E-16,1.));
#4064=DIRECTION('',(0.,-1.,-1.32356976437222E-16));
#4065=DIRECTION('',(1.,6.12303176911189E-17,0.));
#4066=DIRECTION('',(6.12303176911189E-17,-1.,0.));
#4067=DIRECTION('',(-6.12303176911189E-17,1.,-7.50338885418533E-17));
#4068=DIRECTION('',(-6.12303176911189E-17,7.50338885418533E-17,1.));
#4069=DIRECTION('',(1.,6.12303176911189E-17,0.));
#4070=DIRECTION('',(6.12303176911189E-17,-1.,0.));
#4071=DIRECTION('',(-6.12303176911189E-17,1.,-7.50338885418533E-17));
#4072=DIRECTION('',(-6.12303176911189E-17,7.50338885418533E-17,1.));
#4073=DIRECTION('',(1.,6.12303176911189E-17,0.));
#4074=DIRECTION('',(6.12303176911189E-17,-1.,0.));
#4075=DIRECTION('',(-6.12303176911189E-17,1.,-7.50338885418533E-17));
#4076=DIRECTION('',(-6.12303176911189E-17,7.50338885418533E-17,1.));
#4077=DIRECTION('',(-6.12303176911189E-17,1.,0.));
#4078=DIRECTION('',(1.,6.12303176911189E-17,0.));
#4079=DIRECTION('',(4.27860621076113E-14,-1.,0.));
#4080=DIRECTION('',(1.,4.27860621076113E-14,0.));
#4081=DIRECTION('',(-6.12303176911189E-17,1.,0.));
#4082=DIRECTION('',(1.,6.12303176911189E-17,0.));
#4083=DIRECTION('',(0.,-1.,0.));
#4084=DIRECTION('',(0.,0.,-1.));
#4085=DIRECTION('',(0.,-1.,0.));
#4086=DIRECTION('',(0.,0.,-1.));
#4087=DIRECTION('',(-6.12303176911189E-17,1.,0.));
#4088=DIRECTION('',(1.,6.12303176911189E-17,0.));
#4089=DIRECTION('',(4.27860621076113E-14,1.,0.));
#4090=DIRECTION('',(-1.,4.27860621076113E-14,0.));
#4091=DIRECTION('',(0.,7.50338885418533E-17,-1.));
#4092=DIRECTION('',(0.,1.,7.50338885418533E-17));
#4093=DIRECTION('',(0.,7.50338885418533E-17,-1.));
#4094=DIRECTION('',(0.,-1.,-7.50338885418533E-17));
#4095=DIRECTION('',(0.,7.50338885418533E-17,-1.));
#4096=DIRECTION('',(0.,1.,7.50338885418533E-17));
#4097=DIRECTION('',(0.,7.50338885418533E-17,-1.));
#4098=DIRECTION('',(0.,-1.,-7.50338885418533E-17));
#4099=DIRECTION('',(0.,-1.,0.));
#4100=DIRECTION('',(0.,0.,-1.));
#4101=DIRECTION('',(0.,0.,-1.));
#4102=DIRECTION('',(-1.,0.,0.));
#4103=DIRECTION('',(0.,0.,-1.));
#4104=DIRECTION('',(4.27860621076113E-14,-1.,0.));
#4105=DIRECTION('',(1.,4.27860621076113E-14,0.));
#4106=DIRECTION('',(0.,0.,-1.));
#4107=DIRECTION('',(-1.,-4.27860621076113E-14,-5.56242153833149E-30));
#4108=DIRECTION('',(0.,0.,-1.));
#4109=DIRECTION('',(1.,4.27860621076113E-14,6.18046837592388E-30));
#4110=DIRECTION('',(0.,0.,-1.));
#4111=DIRECTION('',(0.,0.,-1.));
#4112=DIRECTION('',(-1.,0.,0.));
#4113=DIRECTION('',(0.,-1.44450507279202E-16,1.));
#4114=DIRECTION('',(0.,-1.,-1.44450507279202E-16));
#4115=DIRECTION('',(0.,0.,-1.));
#4116=DIRECTION('',(0.,1.30005456551282E-16,-1.));
#4117=DIRECTION('',(0.,1.,1.30005456551282E-16));
#4118=DIRECTION('',(0.,0.,1.));
#4119=DIRECTION('',(-1.,-3.44657264975544E-16,0.));
#4120=DIRECTION('',(3.44657264975544E-16,-1.,0.));
#4121=DIRECTION('',(3.44657264975544E-16,-1.,-1.44450507279202E-16));
#4122=DIRECTION('',(0.,0.,-1.));
#4123=DIRECTION('',(-3.44657264975544E-16,1.,1.30005456551282E-16));
#4124=DIRECTION('',(0.,0.,-1.));
#4125=DIRECTION('',(-1.,0.,0.));
#4126=DIRECTION('',(0.,1.30005456551282E-16,-1.));
#4127=DIRECTION('',(0.,1.,1.30005456551282E-16));
#4128=DIRECTION('',(0.,-1.44450507279202E-16,1.));
#4129=DIRECTION('',(0.,-1.,-1.44450507279202E-16));
#4130=DIRECTION('',(0.,0.,-1.));
#4131=DIRECTION('',(-1.,0.,0.));
#4132=DIRECTION('',(0.,-1.44450507279202E-16,1.));
#4133=DIRECTION('',(0.,-1.,-1.44450507279202E-16));
#4134=DIRECTION('',(0.,0.,-1.));
#4135=DIRECTION('',(0.,1.30005456551282E-16,-1.));
#4136=DIRECTION('',(0.,1.,1.30005456551282E-16));
#4137=DIRECTION('',(1.,0.,0.));
#4138=DIRECTION('',(0.,0.,-1.));
#4139=DIRECTION('',(0.,1.,1.44450507279202E-16));
#4140=DIRECTION('',(0.,0.,-1.));
#4141=DIRECTION('',(0.,-1.,-1.30005456551282E-16));
#4142=DIRECTION('',(0.,-1.,0.));
#4143=DIRECTION('',(0.,0.,-1.));
#4144=DIRECTION('',(-1.,0.,0.));
#4145=DIRECTION('',(0.,0.,-1.));
#4146=DIRECTION('',(-1.,0.,0.));
#4147=DIRECTION('',(-1.,1.7211586346266E-16,0.));
#4148=DIRECTION('',(-1.7211586346266E-16,-1.,0.));
#4149=DIRECTION('',(-1.7211586346266E-16,-1.,-1.44450507279202E-16));
#4150=DIRECTION('',(0.,0.,-1.));
#4151=DIRECTION('',(1.7211586346266E-16,1.,1.30005456551282E-16));
#4152=DIRECTION('',(0.,0.,-1.));
#4153=DIRECTION('',(-1.,0.,0.));
#4154=DIRECTION('',(0.,1.30005456551282E-16,-1.));
#4155=DIRECTION('',(0.,1.,1.30005456551282E-16));
#4156=DIRECTION('',(0.,-1.44450507279202E-16,1.));
#4157=DIRECTION('',(0.,-1.,-1.44450507279202E-16));
#4158=DIRECTION('',(0.,0.,-1.));
#4159=DIRECTION('',(0.,-1.,0.));
#4160=DIRECTION('',(0.,0.,-1.));
#4161=DIRECTION('',(1.,0.,0.));
#4162=DIRECTION('',(0.,0.,-1.));
#4163=DIRECTION('',(0.,0.,-1.));
#4164=DIRECTION('',(-1.,0.,0.));
#4165=DIRECTION('',(0.,-1.44450507279202E-16,1.));
#4166=DIRECTION('',(0.,-1.,-1.44450507279202E-16));
#4167=DIRECTION('',(0.,0.,-1.));
#4168=DIRECTION('',(0.,1.30005456551282E-16,-1.));
#4169=DIRECTION('',(0.,1.,1.30005456551282E-16));
#4170=DIRECTION('',(1.,-8.33833845450621E-17,0.));
#4171=DIRECTION('',(8.33833845450621E-17,1.,0.));
#4172=DIRECTION('',(8.33833845450621E-17,1.,1.44450507279202E-16));
#4173=DIRECTION('',(0.,0.,-1.));
#4174=DIRECTION('',(-8.33833845450621E-17,-1.,-1.30005456551282E-16));
#4175=DIRECTION('',(0.,-1.,0.));
#4176=DIRECTION('',(0.,0.,-1.));
#4177=DIRECTION('',(-1.,0.,0.));
#4178=DIRECTION('',(0.,0.,-1.));
#4179=DIRECTION('',(-1.,0.,0.));
#4180=DIRECTION('',(1.,0.,0.));
#4181=DIRECTION('',(0.,0.,-1.));
#4182=DIRECTION('',(0.,-1.,-1.30005456551282E-16));
#4183=DIRECTION('',(0.,1.,1.44450507279202E-16));
#4184=DIRECTION('',(0.,0.,-1.));
#4185=DIRECTION('',(0.,0.,-1.));
#4186=DIRECTION('',(-1.,0.,0.));
#4187=DIRECTION('',(0.,0.,-1.));
#4188=DIRECTION('',(0.,1.30005456551282E-16,-1.));
#4189=DIRECTION('',(0.,1.,1.30005456551282E-16));
#4190=DIRECTION('',(0.,-1.44450507279202E-16,1.));
#4191=DIRECTION('',(0.,-1.,-1.44450507279202E-16));
#4192=DIRECTION('',(0.,0.,-1.));
#4193=DIRECTION('',(4.27860621076113E-14,1.,0.));
#4194=DIRECTION('',(-1.,4.27860621076113E-14,0.));
#4195=DIRECTION('',(0.,0.,-1.));
#4196=DIRECTION('',(1.,-4.27860621076113E-14,-5.56242153833149E-30));
#4197=DIRECTION('',(-1.,4.27860621076113E-14,6.18046837592388E-30));
#4198=DIRECTION('',(0.,0.,-1.));
#4199=DIRECTION('',(-1.,0.,0.));
#4200=DIRECTION('',(0.,1.30005456551282E-16,-1.));
#4201=DIRECTION('',(0.,1.,1.30005456551282E-16));
#4202=DIRECTION('',(0.,-1.44450507279202E-16,1.));
#4203=DIRECTION('',(0.,-1.,-1.44450507279202E-16));
#4204=DIRECTION('',(0.,0.,-1.));
#4205=DIRECTION('',(-1.,3.44657264975544E-16,0.));
#4206=DIRECTION('',(-3.44657264975544E-16,-1.,0.));
#4207=DIRECTION('',(3.44657264975544E-16,1.,1.30005456551282E-16));
#4208=DIRECTION('',(-3.44657264975544E-16,-1.,-1.44450507279202E-16));
#4209=DIRECTION('',(0.,0.,1.));
#4210=DIRECTION('',(0.,0.,1.));
#4211=DIRECTION('',(1.,0.,0.));
#4212=DIRECTION('',(0.,-1.44450507279202E-16,1.));
#4213=DIRECTION('',(0.,-1.,-1.44450507279202E-16));
#4214=DIRECTION('',(0.,0.,1.));
#4215=DIRECTION('',(0.,1.30005456551282E-16,-1.));
#4216=DIRECTION('',(0.,1.,1.30005456551282E-16));
#4217=DIRECTION('',(0.,0.,1.));
#4218=DIRECTION('',(1.,0.,0.));
#4219=DIRECTION('',(0.,0.,1.));
#4220=DIRECTION('',(0.,0.,1.));
#4221=DIRECTION('',(1.,0.,0.));
#4222=DIRECTION('',(0.,0.,1.));
#4223=DIRECTION('',(0.,0.,-1.));
#4224=DIRECTION('',(-1.,0.,0.));
#4225=DIRECTION('',(-1.,3.44657264975544E-16,0.));
#4226=DIRECTION('',(-3.44657264975544E-16,-1.,0.));
#4227=DIRECTION('',(-3.44657264975544E-16,-1.,0.));
#4228=DIRECTION('',(3.44657264975544E-16,1.,0.));
#4229=DIRECTION('',(0.,0.,-1.));
#4230=DIRECTION('',(0.,0.,-1.));
#4231=DIRECTION('',(-1.,0.,0.));
#4232=DIRECTION('',(0.,0.,1.));
#4233=DIRECTION('',(1.,0.,0.));
#4234=DIRECTION('',(0.,0.,-1.));
#4235=DIRECTION('',(-1.,0.,0.));
#4236=DIRECTION('',(0.,0.,-1.));
#4237=DIRECTION('',(4.27860621076113E-14,1.,0.));
#4238=DIRECTION('',(-1.,4.27860621076113E-14,0.));
#4239=DIRECTION('',(-1.,4.27860621076113E-14,0.));
#4240=DIRECTION('',(1.,-4.27860621076113E-14,0.));
#4241=DIRECTION('',(0.,0.,-1.));
#4242=DIRECTION('',(0.,0.,-1.));
#4243=DIRECTION('',(-1.,0.,0.));
#4244=DIRECTION('',(0.,0.,1.));
#4245=DIRECTION('',(1.,0.,0.));
#4246=DIRECTION('',(0.,0.,-1.));
#4247=DIRECTION('',(-1.,0.,0.));
#4248=DIRECTION('',(0.,0.,-1.));
#4249=DIRECTION('',(1.,0.,0.));
#4250=DIRECTION('',(0.,0.,-1.));
#4251=DIRECTION('',(0.,1.,0.));
#4252=DIRECTION('',(0.,-1.,0.));
#4253=DIRECTION('',(0.,0.,-1.));
#4254=DIRECTION('',(0.,-1.,0.));
#4255=DIRECTION('',(0.,0.,-1.));
#4256=DIRECTION('',(-1.,0.,0.));
#4257=DIRECTION('',(-1.,0.,0.));
#4258=DIRECTION('',(0.,0.,-1.));
#4259=DIRECTION('',(1.,-8.33833845450621E-17,0.));
#4260=DIRECTION('',(8.33833845450621E-17,1.,0.));
#4261=DIRECTION('',(-8.33833845450621E-17,-1.,0.));
#4262=DIRECTION('',(0.,0.,-1.));
#4263=DIRECTION('',(8.33833845450621E-17,1.,0.));
#4264=DIRECTION('',(0.,0.,-1.));
#4265=DIRECTION('',(-1.,0.,0.));
#4266=DIRECTION('',(0.,0.,-1.));
#4267=DIRECTION('',(-1.,0.,0.));
#4268=DIRECTION('',(0.,0.,-1.));
#4269=DIRECTION('',(0.,0.,1.));
#4270=DIRECTION('',(1.,0.,0.));
#4271=DIRECTION('',(0.,-1.,0.));
#4272=DIRECTION('',(0.,0.,-1.));
#4273=DIRECTION('',(-1.,0.,0.));
#4274=DIRECTION('',(0.,0.,-1.));
#4275=DIRECTION('',(1.,0.,0.));
#4276=DIRECTION('',(0.,0.,-1.));
#4277=DIRECTION('',(-1.,0.,0.));
#4278=DIRECTION('',(0.,0.,-1.));
#4279=DIRECTION('',(-1.,0.,0.));
#4280=DIRECTION('',(0.,0.,-1.));
#4281=DIRECTION('',(0.,0.,1.));
#4282=DIRECTION('',(1.,0.,0.));
#4283=DIRECTION('',(-1.,1.7211586346266E-16,0.));
#4284=DIRECTION('',(-1.7211586346266E-16,-1.,0.));
#4285=DIRECTION('',(1.7211586346266E-16,1.,0.));
#4286=DIRECTION('',(0.,0.,-1.));
#4287=DIRECTION('',(-1.7211586346266E-16,-1.,0.));
#4288=DIRECTION('',(0.,-1.,0.));
#4289=DIRECTION('',(0.,0.,-1.));
#4290=DIRECTION('',(0.,0.,-1.));
#4291=DIRECTION('',(-1.,0.,0.));
#4292=DIRECTION('',(-1.,0.,0.));
#4293=DIRECTION('',(1.,0.,0.));
#4294=DIRECTION('',(0.,0.,-1.));
#4295=DIRECTION('',(0.,-1.,0.));
#4296=DIRECTION('',(0.,0.,-1.));
#4297=DIRECTION('',(0.,1.,0.));
#4298=DIRECTION('',(0.,0.,-1.));
#4299=DIRECTION('',(-1.,0.,0.));
#4300=DIRECTION('',(0.,0.,-1.));
#4301=DIRECTION('',(-1.,0.,0.));
#4302=DIRECTION('',(0.,0.,-1.));
#4303=DIRECTION('',(0.,0.,1.));
#4304=DIRECTION('',(1.,0.,0.));
#4305=DIRECTION('',(4.27860621076113E-14,-1.,0.));
#4306=DIRECTION('',(1.,4.27860621076113E-14,0.));
#4307=DIRECTION('',(-1.,-4.27860621076113E-14,0.));
#4308=DIRECTION('',(0.,0.,-1.));
#4309=DIRECTION('',(1.,4.27860621076113E-14,0.));
#4310=DIRECTION('',(0.,0.,-1.));
#4311=DIRECTION('',(-1.,0.,0.));
#4312=DIRECTION('',(0.,0.,-1.));
#4313=DIRECTION('',(-1.,0.,0.));
#4314=DIRECTION('',(0.,0.,-1.));
#4315=DIRECTION('',(0.,0.,1.));
#4316=DIRECTION('',(1.,0.,0.));
#4317=DIRECTION('',(-1.,-3.44657264975544E-16,0.));
#4318=DIRECTION('',(3.44657264975544E-16,-1.,0.));
#4319=DIRECTION('',(-3.44657264975544E-16,1.,0.));
#4320=DIRECTION('',(0.,0.,-1.));
#4321=DIRECTION('',(3.44657264975544E-16,-1.,0.));
#4322=DIRECTION('',(0.,0.,-1.));
#4323=DIRECTION('',(-1.,0.,0.));
#4324=DIRECTION('',(0.,0.,1.));
#4325=DIRECTION('',(1.,0.,0.));
#4326=DIRECTION('',(0.,0.,-1.));
#4327=DIRECTION('',(-1.,0.,0.));
#4328=DIRECTION('',(0.,0.,1.));
#4329=DIRECTION('',(6.61888307431798E-33,1.08098133798806E-16,-1.));
#4330=DIRECTION('',(0.,1.,1.08098133798806E-16));
#4331=DIRECTION('',(0.,-1.44450507279202E-16,1.));
#4332=DIRECTION('',(0.,-1.,-1.44450507279202E-16));
#4333=DIRECTION('',(-6.61888307431798E-33,-1.08098133798806E-16,1.));
#4334=DIRECTION('',(0.,0.,-1.));
#4335=DIRECTION('',(-1.,0.,0.));
#4336=DIRECTION('',(-6.61888307431798E-33,-1.08098133798806E-16,1.));
#4337=DIRECTION('',(0.,-1.,-1.08098133798806E-16));
#4338=DIRECTION('',(0.,1.08098133798806E-16,-1.));
#4339=DIRECTION('',(-1.,0.,0.));
#4340=DIRECTION('',(-6.61888307431798E-33,-1.08098133798806E-16,1.));
#4341=DIRECTION('',(-1.,0.,0.));
#4342=DIRECTION('',(-6.61888307431798E-33,-1.08098133798806E-16,1.));
#4343=DIRECTION('',(0.,-1.,-1.08098133798806E-16));
#4344=DIRECTION('',(0.,-1.44450507279202E-16,1.));
#4345=DIRECTION('',(0.,-1.,-1.44450507279202E-16));
#4346=DIRECTION('',(0.,0.,-1.));
#4347=DIRECTION('',(-1.,0.,0.));
#4348=DIRECTION('',(-6.61888307431798E-33,-1.08098133798806E-16,1.));
#4349=DIRECTION('',(0.,-1.32356976437222E-16,1.));
#4350=DIRECTION('',(0.,-1.,-1.32356976437222E-16));
#4351=DIRECTION('',(0.,7.50338885418533E-17,-1.));
#4352=DIRECTION('',(0.,1.,7.50338885418533E-17));
#4353=DIRECTION('',(0.,-1.32356976437222E-16,1.));
#4354=DIRECTION('',(0.,-1.,-1.32356976437222E-16));
#4355=DIRECTION('',(0.,7.50338885418533E-17,-1.));
#4356=DIRECTION('',(0.,1.,7.50338885418533E-17));
#4357=DIRECTION('',(-1.,6.12303176911189E-17,0.));
#4358=DIRECTION('',(-6.12303176911189E-17,-1.,0.));
#4359=DIRECTION('',(6.12303176911189E-17,1.,0.));
#4360=DIRECTION('',(-6.12303176911189E-17,-1.,0.));
#4361=DIRECTION('',(0.,0.,-1.));
#4362=DIRECTION('',(0.,0.,1.));
#4363=DIRECTION('',(1.,0.,0.));
#4364=DIRECTION('',(-1.,0.,0.));
#4365=DIRECTION('',(6.12303176911189E-17,1.,0.));
#4366=DIRECTION('',(-1.,6.12303176911189E-17,0.));
#4367=DIRECTION('',(-6.12303176911189E-17,-1.,0.));
#4368=DIRECTION('',(-6.12303176911189E-17,-1.,0.));
#4369=DIRECTION('',(0.,0.,-1.));
#4370=DIRECTION('',(-1.,6.12303176911189E-17,0.));
#4371=DIRECTION('',(-6.12303176911189E-17,-1.,0.));
#4372=DIRECTION('',(-6.12303176911189E-17,-1.,0.));
#4373=DIRECTION('',(6.12303176911189E-17,1.,0.));
#4374=DIRECTION('',(0.,0.,-1.));
#4375=DIRECTION('',(-1.,6.12303176911189E-17,0.));
#4376=DIRECTION('',(-6.12303176911189E-17,-1.,0.));
#4377=DIRECTION('',(-6.12303176911189E-17,-1.,-1.30005456551282E-16));
#4378=DIRECTION('',(6.12303176911189E-17,1.,1.44450507279202E-16));
#4379=DIRECTION('',(0.,0.,-1.));
#4380=DIRECTION('',(0.,1.30005456551282E-16,-1.));
#4381=DIRECTION('',(0.,1.,1.30005456551282E-16));
#4382=DIRECTION('',(1.,0.,0.));
#4383=DIRECTION('',(-6.12303176911189E-17,-1.,-1.30005456551282E-16));
#4384=DIRECTION('',(-1.,6.12303176911189E-17,0.));
#4385=DIRECTION('',(-6.12303176911189E-17,-1.,0.));
#4386=DIRECTION('',(6.12303176911189E-17,1.,1.44450507279202E-16));
#4387=DIRECTION('',(0.,0.,-1.));
#4388=DIRECTION('',(0.,-1.44450507279202E-16,1.));
#4389=DIRECTION('',(0.,-1.,-1.44450507279202E-16));
#4390=DIRECTION('',(-1.,0.,0.));
#4391=DIRECTION('',(-1.,0.,0.));
#4392=DIRECTION('',(-6.12303176911189E-17,-1.,0.));
#4393=DIRECTION('',(-1.,6.12303176911189E-17,0.));
#4394=DIRECTION('',(-6.12303176911189E-17,-1.,0.));
#4395=DIRECTION('',(6.12303176911189E-17,1.,0.));
#4396=DIRECTION('',(0.,0.,-1.));
#4397=DIRECTION('',(0.,0.,-1.));
#4398=DIRECTION('',(-1.,0.,0.));
#4399=DIRECTION('',(1.,0.,0.));
#4400=DIRECTION('',(1.,0.,0.));
#4401=DIRECTION('',(1.,-6.12303176911189E-17,0.));
#4402=DIRECTION('',(6.12303176911189E-17,1.,0.));
#4403=DIRECTION('',(6.12303176911189E-17,1.,7.50338885418533E-17));
#4404=DIRECTION('',(-6.12303176911189E-17,-7.50338885418533E-17,1.));
#4405=DIRECTION('',(1.,-6.12303176911189E-17,0.));
#4406=DIRECTION('',(6.12303176911189E-17,1.,0.));
#4407=DIRECTION('',(6.12303176911189E-17,1.,7.50338885418533E-17));
#4408=DIRECTION('',(-6.12303176911189E-17,-7.50338885418533E-17,1.));
#4409=DIRECTION('',(-1.,0.,0.));
#4410=DIRECTION('',(0.,0.,1.));
#4411=DIRECTION('',(1.,0.,0.));
#4412=DIRECTION('',(0.,0.,1.));
#4413=DIRECTION('',(-1.,0.,0.));
#4414=DIRECTION('',(1.,0.,0.));
#4415=DIRECTION('',(0.,0.,1.));
#4416=DIRECTION('',(-1.,0.,0.));
#4417=DIRECTION('',(0.,0.,1.));
#4418=DIRECTION('',(1.,0.,0.));
#4419=DIRECTION('',(0.,1.,0.));
#4420=DIRECTION('',(-1.,0.,0.));
#4421=DIRECTION('',(0.,1.,0.));
#4422=DIRECTION('',(-1.,0.,0.));
#4423=DIRECTION('',(0.,0.,1.));
#4424=DIRECTION('',(1.,0.,0.));
#4425=DIRECTION('',(0.,0.,1.));
#4426=DIRECTION('',(-1.,0.,0.));
#4427=DIRECTION('',(1.,0.,0.));
#4428=DIRECTION('',(0.,0.,1.));
#4429=DIRECTION('',(0.,-1.,0.));
#4430=DIRECTION('',(0.,0.,-1.));
#4431=DIRECTION('',(-1.,0.,1.17561007134758E-16));
#4432=DIRECTION('',(0.,0.,-1.));
#4433=DIRECTION('',(0.,9.55637124649346E-17,-1.));
#4434=DIRECTION('',(1.,0.,-1.36592399683213E-16));
#4435=DIRECTION('',(-1.36592399683213E-16,0.,-1.));
#4436=DIRECTION('',(0.,-1.,0.));
#4437=DIRECTION('',(-1.36592399683213E-16,1.59272854108224E-16,-1.));
#4438=DIRECTION('',(-1.,0.,1.36592399683213E-16));
#4439=DIRECTION('',(1.36592399683213E-16,0.,1.));
#4440=DIRECTION('',(8.48067438691756E-31,-1.,6.20874544014605E-15));
#4441=DIRECTION('',(-1.,0.,1.36592399683213E-16));
#4442=DIRECTION('',(1.36592399683213E-16,0.,1.));
#4443=DIRECTION('',(1.36592399683213E-16,-9.55637124649346E-17,1.));
#4444=DIRECTION('',(0.,-1.,0.));
#4445=DIRECTION('',(0.,0.,-1.));
#4446=DIRECTION('',(-1.,0.,1.77786932921008E-16));
#4447=DIRECTION('',(0.,0.,1.));
#4448=DIRECTION('',(0.,0.,-1.));
#4449=DIRECTION('',(1.,0.,0.));
#4450=DIRECTION('',(0.,0.,-1.));
#4451=DIRECTION('',(0.,-1.,0.));
#4452=DIRECTION('',(0.,-1.,0.));
#4453=DIRECTION('',(0.,0.,-1.));
#4454=DIRECTION('',(-1.,0.,1.17561007134758E-16));
#4455=DIRECTION('',(-1.36592399683213E-16,0.,-1.));
#4456=DIRECTION('',(1.,0.,-1.15560405823361E-16));
#4457=DIRECTION('',(0.,0.,1.));
#4458=DIRECTION('',(0.,-1.,0.));
#4459=DIRECTION('',(0.,0.,-1.));
#4460=DIRECTION('',(-1.,0.,1.77786932921008E-16));
#4461=DIRECTION('',(1.36592399683213E-16,0.,1.));
#4462=DIRECTION('',(1.,0.,-1.36592399683213E-16));
#4463=DIRECTION('',(1.,0.,-1.36592399683213E-16));
#4464=DIRECTION('',(-1.36592399683213E-16,0.,-1.));
#4465=DIRECTION('',(-1.,0.,1.36592399683213E-16));
#4466=DIRECTION('',(1.36592399683213E-16,0.,1.));
#4467=DIRECTION('',(1.,0.,-1.36592399683213E-16));
#4468=DIRECTION('',(1.36592399683213E-16,6.20874544014605E-15,1.));
#4469=DIRECTION('',(0.,-1.,6.20874544014605E-15));
#4470=DIRECTION('',(8.48067438691756E-31,-1.,6.20874544014605E-15));
#4471=DIRECTION('',(1.,0.,-1.36592399683213E-16));
#4472=DIRECTION('',(1.,0.,-1.36592399683213E-16));
#4473=DIRECTION('',(-1.36592399683213E-16,0.,-1.));
#4474=DIRECTION('',(-1.,0.,1.36592399683213E-16));
#4475=DIRECTION('',(1.36592399683213E-16,0.,1.));
#4476=DIRECTION('',(1.,0.,-1.36592399683213E-16));
#4477=DIRECTION('',(0.,-1.,0.));
#4478=DIRECTION('',(0.,0.,-1.));
#4479=DIRECTION('',(-1.,0.,1.17561007134758E-16));
#4480=DIRECTION('',(1.36592399683213E-16,0.,1.));
#4481=DIRECTION('',(0.,0.,1.));
#4482=DIRECTION('',(1.,0.,0.));
#4483=DIRECTION('',(0.,0.,1.));
#4484=DIRECTION('',(0.,0.,1.));
#4485=DIRECTION('',(1.,0.,0.));
#4486=DIRECTION('',(0.,0.,-1.));
#4487=DIRECTION('',(0.,0.,-1.));
#4488=DIRECTION('',(-1.,0.,0.));
#4489=DIRECTION('',(1.,-3.44657264975544E-16,0.));
#4490=DIRECTION('',(3.44657264975544E-16,1.,0.));
#4491=DIRECTION('',(-3.44657264975544E-16,-1.,0.));
#4492=DIRECTION('',(0.,0.,-1.));
#4493=DIRECTION('',(3.44657264975544E-16,1.,0.));
#4494=DIRECTION('',(0.,0.,-1.));
#4495=DIRECTION('',(-1.,0.,0.));
#4496=DIRECTION('',(0.,0.,-1.));
#4497=DIRECTION('',(-1.,0.,0.));
#4498=DIRECTION('',(0.,0.,-1.));
#4499=DIRECTION('',(0.,0.,1.));
#4500=DIRECTION('',(1.,0.,0.));
#4501=DIRECTION('',(0.,-1.,0.));
#4502=DIRECTION('',(0.,0.,-1.));
#4503=DIRECTION('',(-1.,0.,0.));
#4504=DIRECTION('',(0.,0.,-1.));
#4505=DIRECTION('',(1.,0.,0.));
#4506=DIRECTION('',(0.,0.,-1.));
#4507=DIRECTION('',(-1.,0.,0.));
#4508=DIRECTION('',(0.,0.,-1.));
#4509=DIRECTION('',(-1.,0.,0.));
#4510=DIRECTION('',(0.,0.,-1.));
#4511=DIRECTION('',(0.,0.,1.));
#4512=DIRECTION('',(1.,0.,0.));
#4513=DIRECTION('',(-1.,0.,0.));
#4514=DIRECTION('',(0.,0.,1.));
#4515=DIRECTION('',(0.,1.,0.));
#4516=DIRECTION('',(0.,0.,-1.));
#4517=DIRECTION('',(0.,-1.,0.));
#4518=DIRECTION('',(0.,1.,0.));
#4519=DIRECTION('',(0.,0.,1.));
#4520=DIRECTION('',(0.,0.,-1.));
#4521=DIRECTION('',(-1.,0.,0.));
#4522=DIRECTION('',(-1.,0.,0.));
#4523=DIRECTION('',(1.,1.7211586346266E-16,0.));
#4524=DIRECTION('',(-1.7211586346266E-16,1.,0.));
#4525=DIRECTION('',(1.7211586346266E-16,-1.,0.));
#4526=DIRECTION('',(0.,0.,-1.));
#4527=DIRECTION('',(-1.7211586346266E-16,1.,0.));
#4528=DIRECTION('',(0.,0.,-1.));
#4529=DIRECTION('',(-1.,0.,0.));
#4530=DIRECTION('',(0.,0.,-1.));
#4531=DIRECTION('',(-1.,0.,0.));
#4532=DIRECTION('',(0.,0.,-1.));
#4533=DIRECTION('',(0.,0.,1.));
#4534=DIRECTION('',(1.,0.,0.));
#4535=DIRECTION('',(0.,-1.,0.));
#4536=DIRECTION('',(0.,0.,-1.));
#4537=DIRECTION('',(-1.,0.,0.));
#4538=DIRECTION('',(0.,0.,-1.));
#4539=DIRECTION('',(1.,0.,0.));
#4540=DIRECTION('',(0.,0.,-1.));
#4541=DIRECTION('',(-1.,0.,0.));
#4542=DIRECTION('',(0.,0.,-1.));
#4543=DIRECTION('',(-1.,0.,0.));
#4544=DIRECTION('',(0.,0.,-1.));
#4545=DIRECTION('',(0.,0.,1.));
#4546=DIRECTION('',(1.,0.,0.));
#4547=DIRECTION('',(-1.,-8.33833845450621E-17,0.));
#4548=DIRECTION('',(8.33833845450621E-17,-1.,0.));
#4549=DIRECTION('',(-8.33833845450621E-17,1.,0.));
#4550=DIRECTION('',(0.,0.,-1.));
#4551=DIRECTION('',(8.33833845450621E-17,-1.,0.));
#4552=DIRECTION('',(0.,1.,0.));
#4553=DIRECTION('',(0.,0.,1.));
#4554=DIRECTION('',(-1.,0.,0.));
#4555=DIRECTION('',(-1.,0.,0.));
#4556=DIRECTION('',(0.,0.,-1.));
#4557=DIRECTION('',(-1.,0.,0.));
#4558=DIRECTION('',(0.,0.,1.));
#4559=DIRECTION('',(0.,0.,-1.));
#4560=DIRECTION('',(0.,-1.,0.));
#4561=DIRECTION('',(0.,1.,0.));
#4562=DIRECTION('',(0.,0.,-1.));
#4563=DIRECTION('',(-1.,0.,0.));
#4564=DIRECTION('',(0.,0.,-1.));
#4565=DIRECTION('',(0.,0.,1.));
#4566=DIRECTION('',(1.,0.,0.));
#4567=DIRECTION('',(0.,0.,-1.));
#4568=DIRECTION('',(-1.,0.,0.));
#4569=DIRECTION('',(0.,1.,0.));
#4570=DIRECTION('',(0.,0.,1.));
#4571=DIRECTION('',(0.,0.,-1.));
#4572=DIRECTION('',(-1.,0.,0.));
#4573=DIRECTION('',(1.,0.,0.));
#4574=DIRECTION('',(0.,0.,-1.));
#4575=DIRECTION('',(-1.,0.,0.));
#4576=DIRECTION('',(0.,0.,-1.));
#4577=DIRECTION('',(0.,0.,1.));
#4578=DIRECTION('',(1.,0.,0.));
#4579=DIRECTION('',(0.,0.,-1.));
#4580=DIRECTION('',(-1.,0.,0.));
#4581=DIRECTION('',(1.,3.44657264975544E-16,0.));
#4582=DIRECTION('',(-3.44657264975544E-16,1.,0.));
#4583=DIRECTION('',(0.,0.,-1.));
#4584=DIRECTION('',(-3.44657264975544E-16,1.,0.));
#4585=DIRECTION('',(3.44657264975544E-16,-1.,0.));
#4586=DIRECTION('',(0.,0.,-1.));
#4587=DIRECTION('',(-1.,0.,0.));
#4588=DIRECTION('',(0.,0.,1.));
#4589=DIRECTION('',(1.,0.,0.));
#4590=DIRECTION('',(0.,0.,-1.));
#4591=DIRECTION('',(-1.,0.,0.));
#4592=DIRECTION('',(0.,0.,-1.));
#4593=DIRECTION('',(-6.12303176911189E-17,-1.,0.));
#4594=DIRECTION('',(1.,-6.12303176911189E-17,0.));
#4595=DIRECTION('',(0.,1.,0.));
#4596=DIRECTION('',(0.,0.,1.));
#4597=DIRECTION('',(-6.12303176911189E-17,-1.,0.));
#4598=DIRECTION('',(1.,-6.12303176911189E-17,0.));
#4599=DIRECTION('',(0.,-1.,0.));
#4600=DIRECTION('',(0.,0.,-1.));
#4601=DIRECTION('',(0.,-1.,0.));
#4602=DIRECTION('',(0.,0.,-1.));
#4603=DIRECTION('',(-1.,6.12303176911189E-17,0.));
#4604=DIRECTION('',(-6.12303176911189E-17,-1.,0.));
#4605=DIRECTION('',(6.12303176911189E-17,1.,0.));
#4606=DIRECTION('',(-6.12303176911189E-17,-1.,0.));
#4607=DIRECTION('',(0.,0.,-1.));
#4608=DIRECTION('',(0.,0.,1.));
#4609=DIRECTION('',(1.,0.,0.));
#4610=DIRECTION('',(-1.,0.,0.));
#4611=DIRECTION('',(6.12303176911189E-17,1.,0.));
#4612=DIRECTION('',(-1.,6.12303176911189E-17,0.));
#4613=DIRECTION('',(-6.12303176911189E-17,-1.,0.));
#4614=DIRECTION('',(-6.12303176911189E-17,-1.,0.));
#4615=DIRECTION('',(0.,0.,-1.));
#4616=DIRECTION('',(1.15560405823361E-16,0.,1.));
#4617=DIRECTION('',(1.,0.,-1.15560405823361E-16));
#4618=DIRECTION('',(0.,-1.,0.));
#4619=DIRECTION('',(-1.,0.,1.15560405823361E-16));
#4620=DIRECTION('',(0.,-1.,0.));
#4621=DIRECTION('',(-1.,0.,0.));
#4622=DIRECTION('',(0.,0.,1.));
#4623=DIRECTION('',(0.,-1.,0.));
#4624=DIRECTION('',(0.,0.,-1.));
#4625=DIRECTION('',(0.,-1.,0.));
#4626=DIRECTION('',(0.,0.,-1.));
#4627=DIRECTION('',(-1.,0.,0.));
#4628=DIRECTION('',(1.,0.,0.));
#4629=DIRECTION('',(0.,-1.,0.));
#4630=DIRECTION('',(0.,-1.,0.));
#4631=DIRECTION('',(1.,0.,-1.36592399683213E-16));
#4632=DIRECTION('',(-1.36592399683213E-16,0.,-1.));
#4633=DIRECTION('',(1.36592399683213E-16,0.,1.));
#4634=DIRECTION('',(0.,0.,-1.));
#4635=DIRECTION('',(-1.,0.,0.));
#4636=DIRECTION('',(6.12303176911189E-17,1.,0.));
#4637=DIRECTION('',(1.,0.,0.));
#4638=DIRECTION('',(1.,0.,0.));
#4639=DIRECTION('',(6.12303176911189E-17,1.,0.));
#4640=DIRECTION('',(0.,0.,-1.));
#4641=DIRECTION('',(-1.,0.,0.));
#4642=DIRECTION('',(-1.,0.,0.));
#4643=DIRECTION('',(0.,0.,-1.));
#4644=DIRECTION('',(-1.,0.,0.));
#4645=DIRECTION('',(0.,-1.,0.));
#4646=DIRECTION('',(0.,0.,-1.));
#4647=DIRECTION('',(0.,0.,-1.));
#4648=DIRECTION('',(0.,0.,-1.));
#4649=DIRECTION('',(-1.,0.,0.));
#4650=DIRECTION('',(0.,1.,0.));
#4651=DIRECTION('',(0.,0.,1.));
#4652=DIRECTION('',(1.,0.,0.));
#4653=DIRECTION('',(0.,0.,-1.));
#4654=DIRECTION('',(-1.,0.,0.));
#4655=DIRECTION('',(0.,0.,-1.));
#4656=DIRECTION('',(0.,0.,-1.));
#4657=DIRECTION('',(-1.,6.12303176911189E-17,0.));
#4658=DIRECTION('',(-6.12303176911189E-17,-1.,0.));
#4659=DIRECTION('',(6.12303176911189E-17,1.,1.44450507279202E-16));
#4660=DIRECTION('',(0.,0.,-1.));
#4661=DIRECTION('',(-6.12303176911189E-17,-1.,-1.30005456551282E-16));
#4662=DIRECTION('',(0.,0.,-1.));
#4663=DIRECTION('',(0.,0.,-1.));
#4664=DIRECTION('',(-1.,0.,0.));
#4665=DIRECTION('',(0.,-1.44450507279202E-16,1.));
#4666=DIRECTION('',(0.,-1.,-1.44450507279202E-16));
#4667=DIRECTION('',(0.,0.,-1.));
#4668=DIRECTION('',(0.,1.30005456551282E-16,-1.));
#4669=DIRECTION('',(0.,1.,1.30005456551282E-16));
#4670=DIRECTION('',(1.,3.44657264975544E-16,0.));
#4671=DIRECTION('',(-3.44657264975544E-16,1.,0.));
#4672=DIRECTION('',(-3.44657264975544E-16,1.,1.44450507279202E-16));
#4673=DIRECTION('',(0.,0.,-1.));
#4674=DIRECTION('',(3.44657264975544E-16,-1.,-1.30005456551282E-16));
#4675=DIRECTION('',(0.,0.,-1.));
#4676=DIRECTION('',(-1.,0.,0.));
#4677=DIRECTION('',(0.,1.30005456551282E-16,-1.));
#4678=DIRECTION('',(0.,1.,1.30005456551282E-16));
#4679=DIRECTION('',(0.,-1.44450507279202E-16,1.));
#4680=DIRECTION('',(0.,-1.,-1.44450507279202E-16));
#4681=DIRECTION('',(0.,0.,-1.));
#4682=DIRECTION('',(-1.,0.,0.));
#4683=DIRECTION('',(0.,-1.44450507279202E-16,1.));
#4684=DIRECTION('',(0.,-1.,-1.44450507279202E-16));
#4685=DIRECTION('',(0.,0.,-1.));
#4686=DIRECTION('',(0.,1.30005456551282E-16,-1.));
#4687=DIRECTION('',(0.,1.,1.30005456551282E-16));
#4688=DIRECTION('',(-1.,0.,0.));
#4689=DIRECTION('',(0.,0.,1.));
#4690=DIRECTION('',(0.,-1.,-1.44450507279202E-16));
#4691=DIRECTION('',(0.,0.,-1.));
#4692=DIRECTION('',(0.,1.,1.30005456551282E-16));
#4693=DIRECTION('',(0.,1.,0.));
#4694=DIRECTION('',(0.,0.,1.));
#4695=DIRECTION('',(-1.,0.,0.));
#4696=DIRECTION('',(0.,0.,-1.));
#4697=DIRECTION('',(-1.,0.,0.));
#4698=DIRECTION('',(-1.,-8.33833845450621E-17,0.));
#4699=DIRECTION('',(8.33833845450621E-17,-1.,0.));
#4700=DIRECTION('',(-8.33833845450621E-17,1.,1.30005456551282E-16));
#4701=DIRECTION('',(8.33833845450621E-17,-1.,-1.44450507279202E-16));
#4702=DIRECTION('',(0.,0.,-1.));
#4703=DIRECTION('',(0.,0.,-1.));
#4704=DIRECTION('',(-1.,0.,0.));
#4705=DIRECTION('',(0.,0.,-1.));
#4706=DIRECTION('',(0.,1.30005456551282E-16,-1.));
#4707=DIRECTION('',(0.,1.,1.30005456551282E-16));
#4708=DIRECTION('',(0.,-1.44450507279202E-16,1.));
#4709=DIRECTION('',(0.,-1.,-1.44450507279202E-16));
#4710=DIRECTION('',(0.,-1.,0.));
#4711=DIRECTION('',(0.,0.,-1.));
#4712=DIRECTION('',(0.,0.,-1.));
#4713=DIRECTION('',(1.,0.,0.));
#4714=DIRECTION('',(0.,0.,-1.));
#4715=DIRECTION('',(-1.,0.,0.));
#4716=DIRECTION('',(0.,-1.44450507279202E-16,1.));
#4717=DIRECTION('',(0.,-1.,-1.44450507279202E-16));
#4718=DIRECTION('',(0.,0.,-1.));
#4719=DIRECTION('',(0.,1.30005456551282E-16,-1.));
#4720=DIRECTION('',(0.,1.,1.30005456551282E-16));
#4721=DIRECTION('',(1.,1.7211586346266E-16,0.));
#4722=DIRECTION('',(-1.7211586346266E-16,1.,0.));
#4723=DIRECTION('',(1.7211586346266E-16,-1.,-1.30005456551282E-16));
#4724=DIRECTION('',(-1.7211586346266E-16,1.,1.44450507279202E-16));
#4725=DIRECTION('',(0.,0.,-1.));
#4726=DIRECTION('',(0.,1.,0.));
#4727=DIRECTION('',(0.,0.,1.));
#4728=DIRECTION('',(-1.,0.,0.));
#4729=DIRECTION('',(0.,0.,-1.));
#4730=DIRECTION('',(-1.,0.,0.));
#4731=DIRECTION('',(0.,0.,1.));
#4732=DIRECTION('',(1.,0.,0.));
#4733=DIRECTION('',(0.,0.,1.));
#4734=DIRECTION('',(0.,-1.44450507279202E-16,1.));
#4735=DIRECTION('',(0.,-1.,-1.44450507279202E-16));
#4736=DIRECTION('',(0.,0.,-1.));
#4737=DIRECTION('',(0.,1.30005456551282E-16,-1.));
#4738=DIRECTION('',(0.,1.,1.30005456551282E-16));
#4739=DIRECTION('',(-1.,6.12303176911189E-17,0.));
#4740=DIRECTION('',(-6.12303176911189E-17,-1.,0.));
#4741=DIRECTION('',(-6.12303176911189E-17,-1.,-1.30005456551282E-16));
#4742=DIRECTION('',(6.12303176911189E-17,1.,1.44450507279202E-16));
#4743=DIRECTION('',(0.,0.,-1.));
#4744=DIRECTION('',(0.,-1.,0.));
#4745=DIRECTION('',(0.,0.,-1.));
#4746=DIRECTION('',(0.,0.,-1.));
#4747=DIRECTION('',(0.,0.,-1.));
#4748=DIRECTION('',(-1.,0.,0.));
#4749=DIRECTION('',(1.,0.,0.));
#4750=DIRECTION('',(-1.,0.,0.));
#4751=DIRECTION('',(-1.,6.12303176911189E-17,0.));
#4752=DIRECTION('',(-6.12303176911189E-17,-1.,0.));
#4753=DIRECTION('',(-6.12303176911189E-17,-1.,0.));
#4754=DIRECTION('',(-6.61888307431798E-33,-1.08098133798806E-16,-1.));
#4755=DIRECTION('',(6.61888307431798E-33,1.08098133798806E-16,1.));
#4756=DIRECTION('',(0.,-1.,1.08098133798806E-16));
#4757=DIRECTION('',(0.,-1.44450507279202E-16,1.));
#4758=DIRECTION('',(0.,-1.,-1.44450507279202E-16));
#4759=DIRECTION('',(-6.61888307431798E-33,-1.08098133798806E-16,-1.));
#4760=DIRECTION('',(0.,1.,-1.08098133798806E-16));
#4761=DIRECTION('',(0.,1.08098133798806E-16,1.));
#4762=DIRECTION('',(-1.,0.,0.));
#4763=DIRECTION('',(-6.61888307431798E-33,-1.08098133798806E-16,-1.));
#4764=DIRECTION('',(-6.61888307431798E-33,-1.08098133798806E-16,-1.));
#4765=DIRECTION('',(0.,1.,-1.08098133798806E-16));
#4766=DIRECTION('',(0.,-1.44450507279202E-16,1.));
#4767=DIRECTION('',(0.,-1.,-1.44450507279202E-16));
#4768=DIRECTION('',(-6.61888307431798E-33,-1.08098133798806E-16,-1.));
#4769=DIRECTION('',(-1.,6.12303176911189E-17,0.));
#4770=DIRECTION('',(-6.12303176911189E-17,-1.,0.));
#4771=DIRECTION('',(-6.12303176911189E-17,-1.,0.));
#4772=DIRECTION('',(-1.,0.,0.));
#4773=DIRECTION('',(0.,0.,1.));
#4774=DIRECTION('',(0.,1.,1.30005456551282E-16));
#4775=DIRECTION('',(0.,-1.,-1.44450507279202E-16));
#4776=DIRECTION('',(0.,0.,-1.));
#4777=DIRECTION('',(0.,1.30005456551282E-16,-1.));
#4778=DIRECTION('',(0.,1.,1.30005456551282E-16));
#4779=DIRECTION('',(0.,1.30005456551282E-16,-1.));
#4780=DIRECTION('',(0.,1.,1.30005456551282E-16));
#4781=DIRECTION('',(-1.,0.,0.));
#4782=DIRECTION('',(0.,1.30005456551282E-16,-1.));
#4783=DIRECTION('',(0.,1.,1.30005456551282E-16));
#4784=DIRECTION('',(-3.44657264975544E-16,-1.,-1.30005456551282E-16));
#4785=DIRECTION('',(1.,-3.44657264975544E-16,0.));
#4786=DIRECTION('',(3.44657264975544E-16,1.,0.));
#4787=DIRECTION('',(0.,0.,-1.));
#4788=DIRECTION('',(3.44657264975544E-16,1.,1.44450507279202E-16));
#4789=DIRECTION('',(0.,-1.44450507279202E-16,1.));
#4790=DIRECTION('',(0.,-1.,-1.44450507279202E-16));
#4791=DIRECTION('',(0.,-1.44450507279202E-16,1.));
#4792=DIRECTION('',(0.,-1.,-1.44450507279202E-16));
#4793=DIRECTION('',(1.,0.,0.));
#4794=DIRECTION('',(0.,-1.44450507279202E-16,1.));
#4795=DIRECTION('',(0.,-1.,-1.44450507279202E-16));
#4796=DIRECTION('',(0.,-1.,0.));
#4797=DIRECTION('',(0.,0.,-1.));
#4798=DIRECTION('',(0.,0.,-1.));
#4799=DIRECTION('',(0.,0.,-1.));
#4800=DIRECTION('',(0.,-1.,0.));
#4801=DIRECTION('',(0.,0.,-1.));
#4802=DIRECTION('',(0.,0.,-1.));
#4803=DIRECTION('',(0.,0.,-1.));
#4804=DIRECTION('',(-1.,0.,0.));
#4805=DIRECTION('',(0.,0.,-1.));
#4806=DIRECTION('',(-1.,0.,0.));
#4807=DIRECTION('',(0.,7.50338885418533E-17,-1.));
#4808=DIRECTION('',(0.,1.,7.50338885418533E-17));
#4809=DIRECTION('',(0.,7.50338885418533E-17,-1.));
#4810=DIRECTION('',(0.,-1.,-7.50338885418533E-17));
#4811=DIRECTION('',(0.,-1.32356976437222E-16,1.));
#4812=DIRECTION('',(0.,-1.,-1.32356976437222E-16));
#4813=DIRECTION('',(0.,7.50338885418533E-17,-1.));
#4814=DIRECTION('',(0.,1.,7.50338885418533E-17));
#4815=DIRECTION('',(1.,-6.12303176911189E-17,0.));
#4816=DIRECTION('',(6.12303176911189E-17,1.,0.));
#4817=DIRECTION('',(6.12303176911189E-17,1.,7.50338885418533E-17));
#4818=DIRECTION('',(-6.12303176911189E-17,-7.50338885418533E-17,1.));
#4819=DIRECTION('',(-6.12303176911189E-17,-1.,0.));
#4820=DIRECTION('',(1.,-6.12303176911189E-17,0.));
#4821=CARTESIAN_POINT('',(0.,0.,0.));
#4822=CARTESIAN_POINT('',(3.55827796690697,-6.096,-5.81235483979338));
#4823=CARTESIAN_POINT('',(3.55827796690697,-6.35,-5.81235483979338));
#4824=CARTESIAN_POINT('',(3.55827796690697,-6.5786,-5.81235483979338));
#4825=CARTESIAN_POINT('',(0.,-6.096,-5.81235483979338));
#4826=CARTESIAN_POINT('',(0.,-6.35,-5.81235483979338));
#4827=CARTESIAN_POINT('',(0.,-6.5786,-5.81235483979338));
#4828=CARTESIAN_POINT('',(-3.56613515605784,-6.096,-5.81235483979338));
#4829=CARTESIAN_POINT('',(-3.56613515605784,-6.35,-5.81235483979338));
#4830=CARTESIAN_POINT('',(-3.56613515605784,-6.5786,-5.81235483979338));
#4831=CARTESIAN_POINT('',(3.55827796690697,-6.35,-11.4469060625526));
#4832=CARTESIAN_POINT('',(3.90117796690697,-6.35,1.48013380402715));
#4833=CARTESIAN_POINT('',(3.55827796690697,-6.6929,1.48013380402715));
#4834=CARTESIAN_POINT('',(3.21537796690697,-6.35,1.48013380402715));
#4835=CARTESIAN_POINT('',(3.55827796690697,-6.0071,1.48013380402715));
#4836=CARTESIAN_POINT('',(3.90117796690697,-6.35,1.48013380402715));
#4837=CARTESIAN_POINT('',(3.55827796690697,-6.6929,1.48013380402715));
#4838=CARTESIAN_POINT('',(3.21537796690697,-6.35,1.48013380402715));
#4839=CARTESIAN_POINT('',(3.55827796690697,-6.57848810971039,1.48013380402715));
#4840=CARTESIAN_POINT('',(0.,-6.35,-11.4469060625526));
#4841=CARTESIAN_POINT('',(0.3429,-6.35,1.48013380402715));
#4842=CARTESIAN_POINT('',(-1.89735380184963E-16,-6.6929,1.48013380402715));
#4843=CARTESIAN_POINT('',(-0.3429,-6.35,1.48013380402715));
#4844=CARTESIAN_POINT('',(1.35525271560688E-17,-6.0071,1.48013380402715));
#4845=CARTESIAN_POINT('',(0.3429,-6.35,1.48013380402715));
#4846=CARTESIAN_POINT('',(-1.89735380184963E-16,-6.6929,1.48013380402715));
#4847=CARTESIAN_POINT('',(-0.3429,-6.35,1.48013380402715));
#4848=CARTESIAN_POINT('',(0.,-6.57848810971039,1.48013380402715));
#4849=CARTESIAN_POINT('',(-3.56613515605784,-6.35,-11.4469060625526));
#4850=CARTESIAN_POINT('',(-3.22323515605784,-6.35,1.48013380402715));
#4851=CARTESIAN_POINT('',(-3.56613515605784,-6.6929,1.48013380402715));
#4852=CARTESIAN_POINT('',(-3.90903515605784,-6.35,1.48013380402715));
#4853=CARTESIAN_POINT('',(-3.56613515605784,-6.0071,1.48013380402715));
#4854=CARTESIAN_POINT('',(-3.22323515605784,-6.35,1.48013380402715));
#4855=CARTESIAN_POINT('',(-3.56613515605784,-6.6929,1.48013380402715));
#4856=CARTESIAN_POINT('',(-3.90903515605784,-6.35,1.48013380402715));
#4857=CARTESIAN_POINT('',(-3.56613515605784,-6.57848810971039,1.48013380402715));
#4858=CARTESIAN_POINT('',(3.55827796690697,-5.9824653349685,1.49168329930589));
#4859=CARTESIAN_POINT('',(3.55827796690697,-5.9824653349685,1.85921796433739));
#4860=CARTESIAN_POINT('',(3.55827796690697,-5.9824653349685,2.08781796433739));
#4861=CARTESIAN_POINT('',(-2.25042643023777E-17,-5.9824653349685,1.49168329930589));
#4862=CARTESIAN_POINT('',(-2.25042643023778E-17,-5.9824653349685,1.85921796433739));
#4863=CARTESIAN_POINT('',(-3.65015149265675E-17,-5.9824653349685,2.08781796433739));
#4864=CARTESIAN_POINT('',(-3.56613515605784,-5.9824653349685,1.49168329930589));
#4865=CARTESIAN_POINT('',(-3.56613515605784,-5.9824653349685,1.85921796433739));
#4866=CARTESIAN_POINT('',(-3.56613515605784,-5.9824653349685,2.08781796433739));
#4867=CARTESIAN_POINT('',(3.55827796690697,-5.7284653349685,1.85921796433739));
#4868=CARTESIAN_POINT('',(3.58048081017086,-5.73469999999999,2.08673718056099));
#4869=CARTESIAN_POINT('',(3.45158815451084,-5.73469999999999,2.09931538594946));
#4870=CARTESIAN_POINT('',(3.20778497562877,-5.82532447410155,1.85918064798615));
#4871=CARTESIAN_POINT('',(3.4515537651853,-5.73469999999999,1.61911718678547));
#4872=CARTESIAN_POINT('',(3.58048081017086,-5.73469999999999,1.6316987481138));
#4873=CARTESIAN_POINT('',(3.58048081017085,-5.73469999999999,2.08673718056099));
#4874=CARTESIAN_POINT('',(3.58048081017085,-5.73469999999999,1.6316987481138));
#4875=CARTESIAN_POINT('',(3.55827796690697,-5.73469999999999,1.85921796433739));
#4876=CARTESIAN_POINT('',(-2.25042643023778E-17,-5.9824653349685,1.85921796433739));
#4877=CARTESIAN_POINT('',(-0.0340329664263923,-5.73469999999999,2.08527042992054));
#4878=CARTESIAN_POINT('',(-0.142595962251842,-5.73469999999999,2.0689259021909));
#4879=CARTESIAN_POINT('',(-0.314605682041312,-5.78791117652904,1.85940782407845));
#4880=CARTESIAN_POINT('',(-0.142592595033625,-5.73469999999988,1.64950951953762));
#4881=CARTESIAN_POINT('',(-0.0340329664264404,-5.73469999999988,1.63316549875412));
#4882=CARTESIAN_POINT('',(-0.0340329664263923,-5.73469999999999,2.08527042992054));
#4883=CARTESIAN_POINT('',(-0.0340329664263923,-5.73469999999999,1.63316549875424));
#4884=CARTESIAN_POINT('',(-3.76750144753462E-17,-5.73469999999999,1.85921796433739));
#4885=CARTESIAN_POINT('',(-0.00637715115299504,-5.73469999999999,1.63070693190532));
#4886=CARTESIAN_POINT('',(-0.00637715115299501,-5.73469999999999,1.63070693190532));
#4887=CARTESIAN_POINT('',(0.117327088162731,-5.73469999999999,1.62725466693594));
#4888=CARTESIAN_POINT('',(0.339867885926371,-5.80864810008943,1.85870895566705));
#4889=CARTESIAN_POINT('',(0.117336573590937,-5.73469999999985,2.09118152645318));
#4890=CARTESIAN_POINT('',(-0.0063771511528612,-5.73469999999983,2.08772899677015));
#4891=CARTESIAN_POINT('',(-0.00637715115299504,-5.73469999999999,2.08772899676946));
#4892=CARTESIAN_POINT('',(-3.76750144753462E-17,-5.73469999999999,1.85921796433739));
#4893=CARTESIAN_POINT('',(-3.56613515605784,-5.7284653349685,1.85921796433739));
#4894=CARTESIAN_POINT('',(-3.57508339761974,-5.73482256646071,2.08764276371992));
#4895=CARTESIAN_POINT('',(-3.45023378045238,-5.737131754566,2.09253358352734));
#4896=CARTESIAN_POINT('',(-3.22484510549048,-5.8228924647448,1.8597672798786));
#4897=CARTESIAN_POINT('',(-3.45021729186055,-5.73713201920805,1.62590157256139));
#4898=CARTESIAN_POINT('',(-3.57508362898397,-5.73482256218149,1.63079317401837));
#4899=CARTESIAN_POINT('',(-3.57507956374118,-5.73477313172891,2.08756823548323));
#4900=CARTESIAN_POINT('',(-3.57507979531011,-5.73477312381946,1.63086769379326));
#4901=CARTESIAN_POINT('',(-3.56613515605784,-5.73469999999999,1.85921796433739));
#4902=CARTESIAN_POINT('',(-3.56613515605784,6.35,-5.81235483979338));
#4903=CARTESIAN_POINT('',(-3.56613515605784,6.35,-5.81235483979338));
#4904=CARTESIAN_POINT('',(-3.56613515605784,6.1214,-5.81235483979338));
#4905=CARTESIAN_POINT('',(0.,6.35,-5.81235483979338));
#4906=CARTESIAN_POINT('',(0.,6.35,-5.81235483979338));
#4907=CARTESIAN_POINT('',(0.,6.1214,-5.81235483979338));
#4908=CARTESIAN_POINT('',(-0.00637715115299497,-5.73469999999999,27.5218640327666));
#4909=CARTESIAN_POINT('',(-0.0340329664263923,-5.73469999999999,27.5218640327666));
#4910=CARTESIAN_POINT('',(-0.0340329664263923,-5.73469999999999,1.19804516020661));
#4911=CARTESIAN_POINT('',(5.4991,-5.73469999999999,1.19804516020662));
#4912=CARTESIAN_POINT('',(-0.00637715115299504,-5.73469999999999,1.19804516020661));
#4913=CARTESIAN_POINT('',(-0.00637715115299504,-5.73469999999999,27.5218640327666));
#4914=CARTESIAN_POINT('',(3.62102493576984,-5.73469999999999,27.5218640327666));
#4915=CARTESIAN_POINT('',(3.58048081017085,-5.73469999999999,27.5218640327666));
#4916=CARTESIAN_POINT('',(3.58048081017085,-5.73469999999999,1.19804516020661));
#4917=CARTESIAN_POINT('',(6.28877796690752,-5.73469999999987,1.19804516020662));
#4918=CARTESIAN_POINT('',(4.20408986582617,-5.73469999999999,1.19804516020661));
#4919=CARTESIAN_POINT('',(4.20408986582617,-5.73469999999999,27.5218640327666));
#4920=CARTESIAN_POINT('',(4.20408986582617,-5.73469999999999,2.26484516020661));
#4921=CARTESIAN_POINT('',(6.28877796690752,-5.73469999999987,2.26484516020662));
#4922=CARTESIAN_POINT('',(3.58048081017085,-5.73469999999999,2.26484516020661));
#4923=CARTESIAN_POINT('',(3.58048081017085,-5.73469999999999,27.5218640327666));
#4924=CARTESIAN_POINT('',(4.84684289696329,-5.73469999999999,1.19804516020662));
#4925=CARTESIAN_POINT('',(4.84684289696329,-5.73469999999999,2.26484516020661));
#4926=CARTESIAN_POINT('',(4.97079383360712,-7.75590290057805,2.26484516020662));
#4927=CARTESIAN_POINT('',(6.8718428969633,-5.73469999999999,2.26484516020662));
#4928=CARTESIAN_POINT('',(4.97079383360712,-7.75590290057805,1.19804516020662));
#4929=CARTESIAN_POINT('',(4.97079383360712,-7.75590290057805,1.19804516020662));
#4930=CARTESIAN_POINT('',(4.84684289696329,-5.73469999999999,1.19804516020662));
#4931=CARTESIAN_POINT('',(6.8718428969633,-5.73469999999999,1.19804516020662));
#4932=CARTESIAN_POINT('',(6.8718428969633,-5.73469999999999,1.19804516020662));
#4933=CARTESIAN_POINT('',(4.97079383360712,-7.5057,27.5218640327666));
#4934=CARTESIAN_POINT('',(4.97079383360712,7.5057,2.26484516020662));
#4935=CARTESIAN_POINT('',(4.97079383360712,-6.50140396778094,2.26484516020661));
#4936=CARTESIAN_POINT('',(4.97079383360712,-6.50140396778094,27.5218640327666));
#4937=CARTESIAN_POINT('',(4.97079383360712,-6.50140396778094,1.19804516020661));
#4938=CARTESIAN_POINT('',(4.97079383360712,7.5057,1.19804516020662));
#4939=CARTESIAN_POINT('',(4.20408986582617,-6.50140396778094,27.5218640327666));
#4940=CARTESIAN_POINT('',(4.20408986582617,-6.50140396778094,1.19804516020661));
#4941=CARTESIAN_POINT('',(4.20408986582617,-6.50140396778094,2.26484516020661));
#4942=CARTESIAN_POINT('',(3.58048081017085,-6.45145190662006,27.5218640327666));
#4943=CARTESIAN_POINT('',(3.58048081017085,-6.45145190662006,2.26484516020661));
#4944=CARTESIAN_POINT('',(2.86372890355079,-6.45145190662006,2.26484516020661));
#4945=CARTESIAN_POINT('',(2.86372890355079,-6.45145190662006,27.5218640327666));
#4946=CARTESIAN_POINT('',(2.86372890355079,-6.45145190662006,1.19804516020662));
#4947=CARTESIAN_POINT('',(3.58048081017085,-6.45145190662006,1.19804516020661));
#4948=CARTESIAN_POINT('',(2.86372890355079,-6.19745190662006,27.5218640327666));
#4949=CARTESIAN_POINT('',(2.86372890355079,7.5057,2.26484516020662));
#4950=CARTESIAN_POINT('',(2.86372890355079,-7.7597,2.26484516020661));
#4951=CARTESIAN_POINT('',(2.86372890355079,-7.7597,27.5218640327666));
#4952=CARTESIAN_POINT('',(2.86372890355079,-7.7597,1.19804516020661));
#4953=CARTESIAN_POINT('',(2.86372890355079,7.5057,1.19804516020662));
#4954=CARTESIAN_POINT('',(5.4991,-7.7597,1.19804516020662));
#4955=CARTESIAN_POINT('',(5.4991,-7.7597,2.26484516020661));
#4956=CARTESIAN_POINT('',(0.758771315498121,-7.7597,2.26484516020661));
#4957=CARTESIAN_POINT('',(0.758771315498121,-7.7597,27.5218640327666));
#4958=CARTESIAN_POINT('',(0.758771315498121,-7.7597,1.19804516020662));
#4959=CARTESIAN_POINT('',(5.4991,-7.7597,1.19804516020662));
#4960=CARTESIAN_POINT('',(0.758771315498121,-7.5057,27.5218640327666));
#4961=CARTESIAN_POINT('',(0.758771315498123,7.5057,2.26484516020662));
#4962=CARTESIAN_POINT('',(0.758771315498121,-6.4998484666511,2.26484516020661));
#4963=CARTESIAN_POINT('',(0.758771315498121,-6.4998484666511,27.5218640327666));
#4964=CARTESIAN_POINT('',(0.758771315498121,-6.4998484666511,1.19804516020661));
#4965=CARTESIAN_POINT('',(0.758771315498123,7.5057,1.19804516020662));
#4966=CARTESIAN_POINT('',(-0.00637715115299513,-6.4998484666511,27.5218640327666));
#4967=CARTESIAN_POINT('',(-0.00637715115299513,-6.4998484666511,1.19804516020661));
#4968=CARTESIAN_POINT('',(-0.00637715115299513,-6.4998484666511,2.26484516020661));
#4969=CARTESIAN_POINT('',(-0.00637715115299504,-5.73469999999999,2.26484516020661));
#4970=CARTESIAN_POINT('',(-0.00637715115299504,-5.73469999999999,27.5218640327666));
#4971=CARTESIAN_POINT('',(-0.00637715115299497,-5.73469999999999,27.5218640327666));
#4972=CARTESIAN_POINT('',(5.4991,-5.73469999999999,2.26484516020662));
#4973=CARTESIAN_POINT('',(-0.0340329664263923,-5.73469999999999,2.26484516020661));
#4974=CARTESIAN_POINT('',(-0.0340329664263923,-5.73469999999999,27.5218640327666));
#4975=CARTESIAN_POINT('',(-0.0340329664263924,-6.45943834907171,27.5218640327666));
#4976=CARTESIAN_POINT('',(-0.0340329664263924,-6.45943834907171,2.26484516020661));
#4977=CARTESIAN_POINT('',(-0.75877131549812,-6.45943834907172,2.26484516020661));
#4978=CARTESIAN_POINT('',(-0.75877131549812,-6.45943834907172,27.5218640327666));
#4979=CARTESIAN_POINT('',(-0.75877131549812,-6.45943834907171,1.19804516020662));
#4980=CARTESIAN_POINT('',(-0.0340329664263924,-6.45943834907171,1.19804516020661));
#4981=CARTESIAN_POINT('',(-0.75877131549812,-6.20543834907172,27.5218640327666));
#4982=CARTESIAN_POINT('',(-0.758771315498119,7.5057,2.26484516020662));
#4983=CARTESIAN_POINT('',(-0.75877131549812,-7.7597,2.26484516020661));
#4984=CARTESIAN_POINT('',(-0.75877131549812,-7.7597,27.5218640327666));
#4985=CARTESIAN_POINT('',(-0.75877131549812,-7.7597,1.19804516020661));
#4986=CARTESIAN_POINT('',(-0.758771315498119,7.5057,1.19804516020662));
#4987=CARTESIAN_POINT('',(5.4991,-7.7597,1.19804516020662));
#4988=CARTESIAN_POINT('',(5.4991,-7.7597,2.26484516020661));
#4989=CARTESIAN_POINT('',(-2.87158609270166,-7.7597,2.26484516020661));
#4990=CARTESIAN_POINT('',(-2.87158609270166,-7.7597,27.5218640327666));
#4991=CARTESIAN_POINT('',(-2.87158609270166,-7.7597,1.19804516020662));
#4992=CARTESIAN_POINT('',(5.4991,-7.7597,1.19804516020662));
#4993=CARTESIAN_POINT('',(-2.87158609270166,-6.19745190662006,27.5218640327666));
#4994=CARTESIAN_POINT('',(-2.87158609270166,7.5057,1.19804516020662));
#4995=CARTESIAN_POINT('',(-2.87158609270166,-6.45145190662006,1.19804516020661));
#4996=CARTESIAN_POINT('',(-2.87158609270166,7.5057,2.26484516020662));
#4997=CARTESIAN_POINT('',(-2.87158609270166,-6.45145190662006,2.26484516020661));
#4998=CARTESIAN_POINT('',(-2.87158609270166,-6.45145190662006,27.5218640327666));
#4999=CARTESIAN_POINT('',(-3.58833799932173,-6.45145190662006,27.5218640327666));
#5000=CARTESIAN_POINT('',(-3.58833799932173,-5.73469999999999,27.5218640327666));
#5001=CARTESIAN_POINT('',(-3.58833799932173,-5.73469999999999,1.19804516020661));
#5002=CARTESIAN_POINT('',(-3.58833799932173,-6.45145190662006,1.19804516020661));
#5003=CARTESIAN_POINT('',(-3.58833799932173,-6.45145190662006,2.26484516020661));
#5004=CARTESIAN_POINT('',(-3.58833799932173,-5.73469999999999,2.26484516020662));
#5005=CARTESIAN_POINT('',(-3.58833799932173,-5.73469999999999,27.5218640327666));
#5006=CARTESIAN_POINT('',(-3.62888212492071,-5.73469999999999,27.5218640327666));
#5007=CARTESIAN_POINT('',(-4.18653039437459,-5.73469999999999,27.5218640327666));
#5008=CARTESIAN_POINT('',(-4.18653039437455,-5.73469999999996,2.26484516020662));
#5009=CARTESIAN_POINT('',(-4.18653039437459,-5.73469999999999,1.19804516020661));
#5010=CARTESIAN_POINT('',(4.70156484394161,-5.73470000000034,1.19804516020662));
#5011=CARTESIAN_POINT('',(4.70156484394161,-5.73470000000034,2.26484516020662));
#5012=CARTESIAN_POINT('',(-4.18653039437459,-6.50140396778094,27.5218640327666));
#5013=CARTESIAN_POINT('',(-4.18653039437459,-6.50140396778094,1.19804516020661));
#5014=CARTESIAN_POINT('',(-4.95323436215554,-6.50140396778094,1.19804516020662));
#5015=CARTESIAN_POINT('',(-4.18653039437459,-6.50140396778094,2.26484516020661));
#5016=CARTESIAN_POINT('',(-4.95323436215554,-6.50140396778094,2.26484516020661));
#5017=CARTESIAN_POINT('',(-4.95323436215554,-6.50140396778094,27.5218640327666));
#5018=CARTESIAN_POINT('',(-4.95323436215554,-7.5057,27.5218640327666));
#5019=CARTESIAN_POINT('',(-4.95323436215553,7.5057,1.19804516020662));
#5020=CARTESIAN_POINT('',(-4.95323436215554,-7.75590290057805,1.19804516020662));
#5021=CARTESIAN_POINT('',(-4.95323436215553,7.5057,2.26484516020662));
#5022=CARTESIAN_POINT('',(-4.95323436215554,-7.75590290057805,2.26484516020661));
#5023=CARTESIAN_POINT('',(-4.95323436215554,-7.75590290057805,0.));
#5024=CARTESIAN_POINT('',(-4.82928342551171,-5.73469999999999,0.));
#5025=CARTESIAN_POINT('',(-4.82928342551171,-5.73469999999999,2.26484516020662));
#5026=CARTESIAN_POINT('',(-6.85428342551172,-5.73469999999999,2.26484516020662));
#5027=CARTESIAN_POINT('',(-6.85428342551172,-5.73469999999999,0.));
#5028=CARTESIAN_POINT('',(-6.85428342551172,-5.73469999999999,1.19804516020662));
#5029=CARTESIAN_POINT('',(-4.82928342551171,-5.73469999999999,1.19804516020662));
#5030=CARTESIAN_POINT('',(-4.82928342551171,-5.73469999999999,1.70970104170353));
#5031=CARTESIAN_POINT('',(-4.95323436215554,-7.75590290057805,1.70970104170353));
#5032=CARTESIAN_POINT('',(-4.95323436215554,-7.75590290057805,13.0651825763914));
#5033=CARTESIAN_POINT('',(-4.95323436215554,-7.75590290057805,11.9983825763914));
#5034=CARTESIAN_POINT('',(-4.82928342551171,-5.73469999999999,13.0651825763914));
#5035=CARTESIAN_POINT('',(-6.85428342551172,-5.73469999999999,13.0651825763914));
#5036=CARTESIAN_POINT('',(-6.85428342551172,-5.73469999999999,1.70970104170353));
#5037=CARTESIAN_POINT('',(-6.85428342551172,-5.73469999999999,11.9983825763914));
#5038=CARTESIAN_POINT('',(-4.82928342551171,-5.73469999999999,11.9983825763914));
#5039=CARTESIAN_POINT('',(-4.95323436215554,-7.5057,29.2315650744701));
#5040=CARTESIAN_POINT('',(-4.95323436215554,3.13539916089337E-15,13.0651825763914));
#5041=CARTESIAN_POINT('',(-4.95323436215554,-6.50140396778094,13.0651825763914));
#5042=CARTESIAN_POINT('',(-4.95323436215554,-7.5057,11.9983825763914));
#5043=CARTESIAN_POINT('',(-4.95323436215554,-6.50140396778094,11.9983825763914));
#5044=CARTESIAN_POINT('',(-4.95323436215554,-6.50140396778094,29.2315650744701));
#5045=CARTESIAN_POINT('',(-4.18653039437459,-6.50140396778094,29.2315650744701));
#5046=CARTESIAN_POINT('',(-4.18653039437459,-6.50140396778094,13.0651825763914));
#5047=CARTESIAN_POINT('',(-4.18653039437455,-5.73469999999996,13.0651825763914));
#5048=CARTESIAN_POINT('',(-4.18653039437459,-6.50140396778094,11.9983825763914));
#5049=CARTESIAN_POINT('',(-4.18653039437459,-5.73469999999999,11.9983825763914));
#5050=CARTESIAN_POINT('',(-4.18653039437459,-5.73469999999999,29.2315650744701));
#5051=CARTESIAN_POINT('',(-3.62888212492071,-5.73469999999999,29.2315650744701));
#5052=CARTESIAN_POINT('',(4.70156484394193,-5.73470000000034,13.0651825763914));
#5053=CARTESIAN_POINT('',(-3.58833799932173,-5.73469999999999,13.0651825763914));
#5054=CARTESIAN_POINT('',(4.70156484394225,-5.73470000000034,11.9983825763914));
#5055=CARTESIAN_POINT('',(-3.58833799932173,-5.73469999999999,11.9983825763914));
#5056=CARTESIAN_POINT('',(-3.58833799932173,-5.73469999999999,29.2315650744701));
#5057=CARTESIAN_POINT('',(-3.58833799932173,-6.45145190662006,29.2315650744701));
#5058=CARTESIAN_POINT('',(-3.58833799932173,-6.45145190662006,13.0651825763914));
#5059=CARTESIAN_POINT('',(-2.87158609270166,-6.45145190662006,13.0651825763914));
#5060=CARTESIAN_POINT('',(-3.58833799932173,-6.45145190662006,11.9983825763914));
#5061=CARTESIAN_POINT('',(-2.87158609270166,-6.45145190662006,11.9983825763914));
#5062=CARTESIAN_POINT('',(-2.87158609270166,-6.45145190662006,29.2315650744701));
#5063=CARTESIAN_POINT('',(-2.87158609270166,-6.19745190662006,29.2315650744701));
#5064=CARTESIAN_POINT('',(-2.87158609270166,0.,13.0651825763914));
#5065=CARTESIAN_POINT('',(-2.87158609270166,-7.7597,13.0651825763914));
#5066=CARTESIAN_POINT('',(-2.87158609270166,-7.5057,11.9983825763914));
#5067=CARTESIAN_POINT('',(-2.87158609270166,-7.7597,11.9983825763914));
#5068=CARTESIAN_POINT('',(-2.87158609270166,-7.7597,29.2315650744701));
#5069=CARTESIAN_POINT('',(5.4991,-7.7597,11.9983825763914));
#5070=CARTESIAN_POINT('',(5.4991,-7.7597,13.0651825763914));
#5071=CARTESIAN_POINT('',(-0.75877131549812,-7.7597,13.0651825763914));
#5072=CARTESIAN_POINT('',(5.4991,-7.7597,11.9983825763914));
#5073=CARTESIAN_POINT('',(-0.75877131549812,-7.7597,11.9983825763914));
#5074=CARTESIAN_POINT('',(-0.75877131549812,-7.7597,29.2315650744701));
#5075=CARTESIAN_POINT('',(-0.75877131549812,-6.20543834907172,29.2315650744701));
#5076=CARTESIAN_POINT('',(-0.75877131549812,-7.5057,11.9983825763914));
#5077=CARTESIAN_POINT('',(-0.75877131549812,-6.45943834907171,11.9983825763914));
#5078=CARTESIAN_POINT('',(-0.75877131549812,-6.45943834907172,29.2315650744701));
#5079=CARTESIAN_POINT('',(-0.75877131549812,-6.45943834907172,13.0651825763914));
#5080=CARTESIAN_POINT('',(-0.758771315498119,5.21802490333693E-16,13.0651825763914));
#5081=CARTESIAN_POINT('',(-0.0340329664263924,-6.45943834907171,29.2315650744701));
#5082=CARTESIAN_POINT('',(-0.0340329664263924,-6.45943834907171,11.9983825763914));
#5083=CARTESIAN_POINT('',(-0.0340329664263923,-5.73469999999999,11.9983825763914));
#5084=CARTESIAN_POINT('',(-0.0340329664263923,-5.73469999999999,29.2315650744701));
#5085=CARTESIAN_POINT('',(-0.0340329664263923,-5.73469999999999,13.0651825763914));
#5086=CARTESIAN_POINT('',(-0.0340329664263924,-6.45943834907171,13.0651825763914));
#5087=CARTESIAN_POINT('',(-0.00637715115299497,-5.73469999999999,29.2315650744701));
#5088=CARTESIAN_POINT('',(5.4991,-5.73469999999999,11.9983825763914));
#5089=CARTESIAN_POINT('',(-0.00637715115299504,-5.73469999999999,11.9983825763914));
#5090=CARTESIAN_POINT('',(-0.00637715115299504,-5.73469999999999,29.2315650744701));
#5091=CARTESIAN_POINT('',(-0.00637715115299504,-5.73469999999999,13.0651825763914));
#5092=CARTESIAN_POINT('',(5.4991,-5.73469999999999,13.0651825763914));
#5093=CARTESIAN_POINT('',(-0.00637715115299513,-6.4998484666511,29.2315650744701));
#5094=CARTESIAN_POINT('',(-0.00637715115299513,-6.4998484666511,11.9983825763914));
#5095=CARTESIAN_POINT('',(0.758771315498121,-6.4998484666511,11.9983825763914));
#5096=CARTESIAN_POINT('',(0.758771315498121,-6.4998484666511,29.2315650744701));
#5097=CARTESIAN_POINT('',(0.758771315498121,-6.4998484666511,13.0651825763914));
#5098=CARTESIAN_POINT('',(-0.00637715115299513,-6.4998484666511,13.0651825763914));
#5099=CARTESIAN_POINT('',(0.758771315498121,-7.5057,29.2315650744701));
#5100=CARTESIAN_POINT('',(0.758771315498121,-7.5057,11.9983825763914));
#5101=CARTESIAN_POINT('',(0.758771315498121,-7.7597,11.9983825763914));
#5102=CARTESIAN_POINT('',(0.758771315498121,-7.7597,29.2315650744701));
#5103=CARTESIAN_POINT('',(0.758771315498121,-7.7597,13.0651825763914));
#5104=CARTESIAN_POINT('',(0.758771315498122,8.15885764629854E-16,13.0651825763914));
#5105=CARTESIAN_POINT('',(5.4991,-7.7597,11.9983825763914));
#5106=CARTESIAN_POINT('',(2.86372890355079,-7.7597,29.2315650744701));
#5107=CARTESIAN_POINT('',(2.86372890355079,-7.7597,13.0651825763914));
#5108=CARTESIAN_POINT('',(2.86372890355079,-7.7597,11.9983825763914));
#5109=CARTESIAN_POINT('',(5.4991,-7.7597,13.0651825763914));
#5110=CARTESIAN_POINT('',(5.4991,-7.7597,11.9983825763914));
#5111=CARTESIAN_POINT('',(2.86372890355079,-6.19745190662006,29.2315650744701));
#5112=CARTESIAN_POINT('',(2.86372890355079,-7.5057,11.9983825763914));
#5113=CARTESIAN_POINT('',(2.86372890355079,-6.45145190662006,11.9983825763914));
#5114=CARTESIAN_POINT('',(2.86372890355079,-6.45145190662006,29.2315650744701));
#5115=CARTESIAN_POINT('',(2.86372890355079,-6.45145190662006,13.0651825763914));
#5116=CARTESIAN_POINT('',(2.86372890355079,0.,13.0651825763914));
#5117=CARTESIAN_POINT('',(3.58048081017085,-6.45145190662006,29.2315650744701));
#5118=CARTESIAN_POINT('',(3.58048081017085,-6.45145190662006,11.9983825763914));
#5119=CARTESIAN_POINT('',(3.58048081017085,-5.73469999999999,11.9983825763914));
#5120=CARTESIAN_POINT('',(3.58048081017085,-5.73469999999999,29.2315650744701));
#5121=CARTESIAN_POINT('',(3.58048081017085,-5.73469999999999,13.0651825763914));
#5122=CARTESIAN_POINT('',(3.58048081017085,-6.45145190662006,13.0651825763914));
#5123=CARTESIAN_POINT('',(3.62102493576984,-5.73469999999999,29.2315650744701));
#5124=CARTESIAN_POINT('',(6.28877796690688,-5.73469999999987,11.9983825763914));
#5125=CARTESIAN_POINT('',(4.20408986582614,-5.73469999999996,11.9983825763914));
#5126=CARTESIAN_POINT('',(4.20408986582617,-5.73469999999999,29.2315650744701));
#5127=CARTESIAN_POINT('',(4.20408986582617,-5.73469999999999,13.0651825763914));
#5128=CARTESIAN_POINT('',(6.2887779669072,-5.73469999999987,13.0651825763914));
#5129=CARTESIAN_POINT('',(4.20408986582617,-6.50140396778094,29.2315650744701));
#5130=CARTESIAN_POINT('',(4.20408986582617,-6.50140396778094,11.9983825763914));
#5131=CARTESIAN_POINT('',(4.97079383360712,-6.50140396778094,11.9983825763914));
#5132=CARTESIAN_POINT('',(4.97079383360712,-6.50140396778094,29.2315650744701));
#5133=CARTESIAN_POINT('',(4.97079383360712,-6.50140396778094,13.0651825763914));
#5134=CARTESIAN_POINT('',(4.20408986582617,-6.50140396778094,13.0651825763914));
#5135=CARTESIAN_POINT('',(4.97079383360712,-7.5057,29.2315650744701));
#5136=CARTESIAN_POINT('',(4.97079383360712,-7.5057,11.9983825763914));
#5137=CARTESIAN_POINT('',(4.97079383360712,-7.75590290057805,11.9983825763914));
#5138=CARTESIAN_POINT('',(4.97079383360712,-7.75590290057805,11.9983825763914));
#5139=CARTESIAN_POINT('',(4.97079383360712,-7.75590290057805,13.0651825763914));
#5140=CARTESIAN_POINT('',(4.97079383360712,-6.55210370760662E-16,13.0651825763914));
#5141=CARTESIAN_POINT('',(4.84684289696329,-5.73469999999999,11.9983825763914));
#5142=CARTESIAN_POINT('',(4.84684289696329,-5.73469999999999,13.0651825763914));
#5143=CARTESIAN_POINT('',(6.8718428969633,-5.73469999999999,13.0651825763914));
#5144=CARTESIAN_POINT('',(4.84684289696329,-5.73469999999999,11.9983825763914));
#5145=CARTESIAN_POINT('',(6.8718428969633,-5.73469999999999,11.9983825763914));
#5146=CARTESIAN_POINT('',(6.8718428969633,-5.73469999999999,11.9983825763914));
#5147=CARTESIAN_POINT('',(4.42774289696329,-3.69550310891114,2.26484516020662));
#5148=CARTESIAN_POINT('',(4.42774289696329,-3.69550310891114,2.26484516020662));
#5149=CARTESIAN_POINT('',(6.4527428969633,-3.69550310891114,2.26484516020662));
#5150=CARTESIAN_POINT('',(4.42774289696329,-5.72050310891115,2.26484516020662));
#5151=CARTESIAN_POINT('',(6.4527428969633,-3.69550310891114,2.26484516020662));
#5152=CARTESIAN_POINT('',(6.4527428969633,-3.69550310891114,11.9983825763914));
#5153=CARTESIAN_POINT('',(4.42774289696329,-3.69550310891114,11.9983825763914));
#5154=CARTESIAN_POINT('',(4.42774289696329,-5.72050310891116,11.9983825763914));
#5155=CARTESIAN_POINT('',(4.42774289696329,-5.72050310891116,10.2886815346879));
#5156=CARTESIAN_POINT('',(5.08,-5.72050310891115,2.26484516020662));
#5157=CARTESIAN_POINT('',(5.08,-5.72050310891116,11.9983825763914));
#5158=CARTESIAN_POINT('',(-4.41018342551171,-5.72050310891116,11.9983825763914));
#5159=CARTESIAN_POINT('',(-4.41018342551171,-5.72050310891115,2.26484516020662));
#5160=CARTESIAN_POINT('',(-4.41018342551171,-5.72050310891115,2.26484516020662));
#5161=CARTESIAN_POINT('',(5.08,-5.72050310891115,2.26484516020662));
#5162=CARTESIAN_POINT('',(-4.41018342551171,-3.69550310891114,-3.1893382238619E-16));
#5163=CARTESIAN_POINT('',(-4.41018342551171,-3.69550310891114,2.26484516020662));
#5164=CARTESIAN_POINT('',(-6.43518342551172,-3.69550310891114,2.26484516020662));
#5165=CARTESIAN_POINT('',(-4.41018342551171,-3.69550310891114,11.9983825763914));
#5166=CARTESIAN_POINT('',(-6.43518342551172,-3.69550310891114,11.9983825763914));
#5167=CARTESIAN_POINT('',(-6.43518342551172,-3.69550310891114,-3.1893382238619E-16));
#5168=CARTESIAN_POINT('',(-3.56613515605784,6.35,-11.4469060625526));
#5169=CARTESIAN_POINT('',(-3.56613515605784,6.35,1.49168329930589));
#5170=CARTESIAN_POINT('',(-3.56613515605784,6.5786,1.49168329930589));
#5171=CARTESIAN_POINT('',(0.,6.35,-11.4469060625526));
#5172=CARTESIAN_POINT('',(0.,6.35,1.49168329930589));
#5173=CARTESIAN_POINT('',(0.,6.5786,1.49168329930589));
#5174=CARTESIAN_POINT('',(6.8718428969633,0.,1.70970104170353));
#5175=CARTESIAN_POINT('',(6.8718428969633,-7.5057,13.0651825763914));
#5176=CARTESIAN_POINT('',(6.8718428969633,-3.2512,13.0651825763914));
#5177=CARTESIAN_POINT('',(6.8718428969633,-7.5057,11.9983825763914));
#5178=CARTESIAN_POINT('',(6.8718428969633,-3.2512,11.9983825763914));
#5179=CARTESIAN_POINT('',(6.8718428969633,-3.2512,1.70970104170353));
#5180=CARTESIAN_POINT('',(5.4991,0.,13.0651825763914));
#5181=CARTESIAN_POINT('',(0.,-3.2512,13.0651825763914));
#5182=CARTESIAN_POINT('',(-6.85428342551172,-3.2512,13.0651825763914));
#5183=CARTESIAN_POINT('',(-6.85428342551172,0.,13.0651825763914));
#5184=CARTESIAN_POINT('',(-6.85428342551172,0.,1.70970104170353));
#5185=CARTESIAN_POINT('',(-6.85428342551172,-7.5057,11.9983825763914));
#5186=CARTESIAN_POINT('',(-6.85428342551172,-3.2512,11.9983825763914));
#5187=CARTESIAN_POINT('',(-6.85428342551172,-3.2512,1.70970104170353));
#5188=CARTESIAN_POINT('',(-6.43518342551172,0.,0.));
#5189=CARTESIAN_POINT('',(-6.43518342551172,-4.97541006887127,2.26484516020662));
#5190=CARTESIAN_POINT('',(-6.43518342551172,-3.2512,2.26484516020662));
#5191=CARTESIAN_POINT('',(-6.43518342551172,4.97541006887127,11.9983825763914));
#5192=CARTESIAN_POINT('',(-6.43518342551172,-3.2512,11.9983825763914));
#5193=CARTESIAN_POINT('',(-6.43518342551172,-3.2512,0.));
#5194=CARTESIAN_POINT('',(-6.85428342551172,0.,0.));
#5195=CARTESIAN_POINT('',(-6.85428342551172,7.5057,1.19804516020662));
#5196=CARTESIAN_POINT('',(-6.85428342551172,-3.2512,1.19804516020662));
#5197=CARTESIAN_POINT('',(-6.85428342551172,7.5057,2.26484516020662));
#5198=CARTESIAN_POINT('',(-6.85428342551172,-3.2512,2.26484516020662));
#5199=CARTESIAN_POINT('',(-6.85428342551172,-3.2512,0.));
#5200=CARTESIAN_POINT('',(5.4991,7.5057,1.19804516020662));
#5201=CARTESIAN_POINT('',(0.,-3.2512,1.19804516020662));
#5202=CARTESIAN_POINT('',(6.8718428969633,-3.2512,1.19804516020662));
#5203=CARTESIAN_POINT('',(6.8718428969633,7.5057,1.19804516020662));
#5204=CARTESIAN_POINT('',(6.8718428969633,0.,0.));
#5205=CARTESIAN_POINT('',(6.8718428969633,7.5057,2.26484516020662));
#5206=CARTESIAN_POINT('',(6.8718428969633,-3.2512,2.26484516020662));
#5207=CARTESIAN_POINT('',(6.8718428969633,-3.2512,0.));
#5208=CARTESIAN_POINT('',(5.4991,7.5057,2.26484516020662));
#5209=CARTESIAN_POINT('',(0.,-3.2512,2.26484516020662));
#5210=CARTESIAN_POINT('',(0.,-3.2512,2.26484516020662));
#5211=CARTESIAN_POINT('',(6.4527428969633,-3.2512,2.26484516020662));
#5212=CARTESIAN_POINT('',(6.4527428969633,-4.97541006887127,2.26484516020662));
#5213=CARTESIAN_POINT('',(6.4527428969633,0.,0.));
#5214=CARTESIAN_POINT('',(6.4527428969633,4.97541006887127,11.9983825763914));
#5215=CARTESIAN_POINT('',(6.4527428969633,-3.2512,11.9983825763914));
#5216=CARTESIAN_POINT('',(6.4527428969633,-3.2512,0.));
#5217=CARTESIAN_POINT('',(5.4991,-7.5057,11.9983825763914));
#5218=CARTESIAN_POINT('',(0.,-3.2512,11.9983825763914));
#5219=CARTESIAN_POINT('',(0.,-3.2512,11.9983825763914));
#5220=CARTESIAN_POINT('',(-3.56613515605784,5.9824653349685,1.49168329930589));
#5221=CARTESIAN_POINT('',(-3.56613515605784,5.9824653349685,1.85921796433739));
#5222=CARTESIAN_POINT('',(-3.56613515605784,5.9824653349685,2.08781796433739));
#5223=CARTESIAN_POINT('',(-2.25042643023777E-17,5.9824653349685,1.49168329930589));
#5224=CARTESIAN_POINT('',(-2.25042643023778E-17,5.9824653349685,1.85921796433739));
#5225=CARTESIAN_POINT('',(-3.65015149265675E-17,5.9824653349685,2.08781796433739));
#5226=CARTESIAN_POINT('',(-9.8425,-0.3429,-3.4036));
#5227=CARTESIAN_POINT('',(-10.1473,-0.3429,-3.4036));
#5228=CARTESIAN_POINT('',(-10.1473,-1.0033,-3.4036));
#5229=CARTESIAN_POINT('',(-10.1473,-0.3429,-4.064));
#5230=CARTESIAN_POINT('',(-9.8425,-0.3429,-4.064));
#5231=CARTESIAN_POINT('',(-9.8425,-0.3429,-4.064));
#5232=CARTESIAN_POINT('',(-9.8425,-0.3429,-3.4036));
#5233=CARTESIAN_POINT('',(-9.8425,-1.0033,-3.4036));
#5234=CARTESIAN_POINT('',(-9.8425,-1.0033,-3.4036));
#5235=CARTESIAN_POINT('',(-9.8425,0.2794,-4.064));
#5236=CARTESIAN_POINT('',(-10.1473,0.2794,-4.064));
#5237=CARTESIAN_POINT('',(-10.1473,0.342900000000001,-4.064));
#5238=CARTESIAN_POINT('',(-9.8425,0.3429,-4.064));
#5239=CARTESIAN_POINT('',(-9.8425,0.342900000000001,-4.064));
#5240=CARTESIAN_POINT('',(-9.8425,0.,-4.064));
#5241=CARTESIAN_POINT('',(-9.8425,0.342900000000001,-3.4036));
#5242=CARTESIAN_POINT('',(-10.1473,0.342900000000001,-3.4036));
#5243=CARTESIAN_POINT('',(-10.1473,1.0033,-3.4036));
#5244=CARTESIAN_POINT('',(-9.8425,1.0033,-3.4036));
#5245=CARTESIAN_POINT('',(-9.8425,1.0033,-3.4036));
#5246=CARTESIAN_POINT('',(-9.8425,0.342900000000001,-3.4036));
#5247=CARTESIAN_POINT('',(-2.6416,-1.0033,0.));
#5248=CARTESIAN_POINT('',(-2.6416,-1.0033,-8.82377651251356E-16));
#5249=CARTESIAN_POINT('',(-9.8425,-1.0033,0.));
#5250=CARTESIAN_POINT('',(-10.1473,-1.0033,0.));
#5251=CARTESIAN_POINT('',(-10.1473,-1.0033,12.7));
#5252=CARTESIAN_POINT('',(-9.8425,-1.0033,-3.4036));
#5253=CARTESIAN_POINT('',(9.8425,0.,-2.12677098154757E-15));
#5254=CARTESIAN_POINT('',(9.8425,0.9398,0.));
#5255=CARTESIAN_POINT('',(9.8425,1.0033,-2.56045185054177E-15));
#5256=CARTESIAN_POINT('',(9.8425,-1.0033,-1.69309011255336E-15));
#5257=CARTESIAN_POINT('',(9.8425,1.0033,-3.4036));
#5258=CARTESIAN_POINT('',(9.8425,1.0033,-3.4036));
#5259=CARTESIAN_POINT('',(9.8425,0.342900000000001,-3.4036));
#5260=CARTESIAN_POINT('',(9.8425,0.342900000000001,-4.064));
#5261=CARTESIAN_POINT('',(9.8425,-0.2794,-4.064));
#5262=CARTESIAN_POINT('',(9.8425,-0.342899999999999,-4.064));
#5263=CARTESIAN_POINT('',(9.8425,-0.342899999999999,-3.4036));
#5264=CARTESIAN_POINT('',(9.8425,-1.0033,-3.4036));
#5265=CARTESIAN_POINT('',(9.8425,-1.0033,-1.69309011255336E-15));
#5266=CARTESIAN_POINT('',(-2.6416,1.0033,0.));
#5267=CARTESIAN_POINT('',(-2.6416,1.0033,-1.33441538242521E-15));
#5268=CARTESIAN_POINT('',(-9.8425,1.0033,0.));
#5269=CARTESIAN_POINT('',(-10.1473,1.0033,1.92592994438724E-31));
#5270=CARTESIAN_POINT('',(-9.8425,1.0033,-3.4036));
#5271=CARTESIAN_POINT('',(-10.1473,1.0033,12.7));
#5272=CARTESIAN_POINT('',(-9.8425,-0.2794,-3.4036));
#5273=CARTESIAN_POINT('',(-9.8425,0.,0.));
#5274=CARTESIAN_POINT('',(0.,-3.2512,0.));
#5275=CARTESIAN_POINT('',(-1.03733205354312E-31,-3.2512,-8.82377651251356E-16));
#5276=CARTESIAN_POINT('',(10.1473,-3.2512,-2.07530445894989E-15));
#5277=CARTESIAN_POINT('',(-10.1473,-3.2512,0.));
#5278=CARTESIAN_POINT('',(10.1473,-3.2512,0.));
#5279=CARTESIAN_POINT('',(10.1473,-3.2512,14.8695513392573));
#5280=CARTESIAN_POINT('',(7.5057,-3.2512,14.8695513392573));
#5281=CARTESIAN_POINT('',(-10.1473,-3.2512,14.8695513392573));
#5282=CARTESIAN_POINT('',(-10.1473,-3.2512,12.7));
#5283=CARTESIAN_POINT('',(2.6416,1.0033,0.));
#5284=CARTESIAN_POINT('',(2.6416,1.0033,-1.32185928869433E-15));
#5285=CARTESIAN_POINT('',(10.1473,1.0033,-2.65627467111953E-15));
#5286=CARTESIAN_POINT('',(10.1473,1.0033,0.));
#5287=CARTESIAN_POINT('',(10.1473,1.0033,-3.4036));
#5288=CARTESIAN_POINT('',(9.8425,1.0033,-3.4036));
#5289=CARTESIAN_POINT('',(9.8425,0.342900000000001,-3.4036));
#5290=CARTESIAN_POINT('',(10.1473,0.342900000000001,-3.4036));
#5291=CARTESIAN_POINT('',(10.1473,0.342900000000001,-4.064));
#5292=CARTESIAN_POINT('',(9.8425,0.342900000000001,-4.064));
#5293=CARTESIAN_POINT('',(9.8425,-0.2794,-4.064));
#5294=CARTESIAN_POINT('',(10.1473,-0.2794,-4.064));
#5295=CARTESIAN_POINT('',(10.1473,-0.342899999999999,-4.064));
#5296=CARTESIAN_POINT('',(9.8425,-0.342899999999999,-4.064));
#5297=CARTESIAN_POINT('',(9.8425,-0.342899999999999,-3.4036));
#5298=CARTESIAN_POINT('',(10.1473,-0.342899999999999,-3.4036));
#5299=CARTESIAN_POINT('',(10.1473,-1.0033,-3.4036));
#5300=CARTESIAN_POINT('',(9.8425,-1.0033,-3.4036));
#5301=CARTESIAN_POINT('',(2.6416,-1.0033,0.));
#5302=CARTESIAN_POINT('',(2.6416,-1.0033,-8.88178419700125E-16));
#5303=CARTESIAN_POINT('',(10.1473,-1.0033,-1.77055762832687E-15));
#5304=CARTESIAN_POINT('',(10.1473,-1.0033,0.));
#5305=CARTESIAN_POINT('',(4.84684289696329,5.73469999999999,13.0651825763914));
#5306=CARTESIAN_POINT('',(4.97079383360712,7.75590290057805,13.0651825763914));
#5307=CARTESIAN_POINT('',(4.97079383360712,7.75590290057805,13.0651825763914));
#5308=CARTESIAN_POINT('',(4.97079383360712,7.75590290057805,11.9983825763914));
#5309=CARTESIAN_POINT('',(4.84684289696329,5.73469999999999,13.0651825763914));
#5310=CARTESIAN_POINT('',(6.8718428969633,5.73469999999999,13.0651825763914));
#5311=CARTESIAN_POINT('',(6.8718428969633,5.73469999999999,13.0651825763914));
#5312=CARTESIAN_POINT('',(6.8718428969633,5.73469999999999,11.9983825763914));
#5313=CARTESIAN_POINT('',(4.84684289696329,5.73469999999999,11.9983825763914));
#5314=CARTESIAN_POINT('',(4.97079383360712,7.7597,29.2315650744701));
#5315=CARTESIAN_POINT('',(4.97079383360712,-7.2517,11.9983825763914));
#5316=CARTESIAN_POINT('',(4.97079383360712,6.50140396778094,11.9983825763914));
#5317=CARTESIAN_POINT('',(4.97079383360712,6.50140396778094,29.2315650744701));
#5318=CARTESIAN_POINT('',(4.97079383360712,6.50140396778094,13.0651825763914));
#5319=CARTESIAN_POINT('',(4.97079383360712,0.254000000000001,13.0651825763914));
#5320=CARTESIAN_POINT('',(4.20408986582617,6.50140396778094,29.2315650744701));
#5321=CARTESIAN_POINT('',(4.20408986582617,6.50140396778094,11.9983825763914));
#5322=CARTESIAN_POINT('',(4.20408986582617,5.73469999999999,11.9983825763914));
#5323=CARTESIAN_POINT('',(4.20408986582617,5.73469999999999,29.2315650744701));
#5324=CARTESIAN_POINT('',(4.20408986582617,5.73469999999999,13.0651825763914));
#5325=CARTESIAN_POINT('',(4.20408986582617,6.50140396778094,13.0651825763914));
#5326=CARTESIAN_POINT('',(3.62102493576984,5.73469999999999,29.2315650744701));
#5327=CARTESIAN_POINT('',(6.28877796690696,5.73469999999999,11.9983825763914));
#5328=CARTESIAN_POINT('',(3.58048081017085,5.73469999999999,11.9983825763914));
#5329=CARTESIAN_POINT('',(3.58048081017085,5.73469999999999,29.2315650744701));
#5330=CARTESIAN_POINT('',(3.58048081017085,5.73469999999999,13.0651825763914));
#5331=CARTESIAN_POINT('',(6.28877796690697,5.73469999999999,13.0651825763914));
#5332=CARTESIAN_POINT('',(3.58048081017085,6.45145190662006,29.2315650744701));
#5333=CARTESIAN_POINT('',(3.58048081017085,6.45145190662006,11.9983825763914));
#5334=CARTESIAN_POINT('',(2.86372890355079,6.45145190662006,11.9983825763914));
#5335=CARTESIAN_POINT('',(2.86372890355079,6.45145190662006,29.2315650744701));
#5336=CARTESIAN_POINT('',(2.86372890355079,6.45145190662006,13.0651825763914));
#5337=CARTESIAN_POINT('',(3.58048081017085,6.45145190662006,13.0651825763914));
#5338=CARTESIAN_POINT('',(2.86372890355079,6.45145190662006,29.2315650744701));
#5339=CARTESIAN_POINT('',(2.86372890355079,-7.2517,11.9983825763914));
#5340=CARTESIAN_POINT('',(2.86372890355079,7.7597,11.9983825763914));
#5341=CARTESIAN_POINT('',(2.86372890355079,7.7597,29.2315650744701));
#5342=CARTESIAN_POINT('',(2.86372890355079,7.7597,13.0651825763914));
#5343=CARTESIAN_POINT('',(2.86372890355079,0.254,13.0651825763914));
#5344=CARTESIAN_POINT('',(5.4991,7.7597,13.0651825763914));
#5345=CARTESIAN_POINT('',(0.758771315498121,7.7597,29.2315650744701));
#5346=CARTESIAN_POINT('',(0.758771315498121,7.7597,13.0651825763914));
#5347=CARTESIAN_POINT('',(0.758771315498121,7.7597,11.9983825763914));
#5348=CARTESIAN_POINT('',(5.4991,7.7597,13.0651825763914));
#5349=CARTESIAN_POINT('',(5.4991,7.7597,11.9983825763914));
#5350=CARTESIAN_POINT('',(0.758771315498121,7.7597,29.2315650744701));
#5351=CARTESIAN_POINT('',(0.758771315498123,-7.2517,11.9983825763914));
#5352=CARTESIAN_POINT('',(0.758771315498121,6.4998484666511,11.9983825763914));
#5353=CARTESIAN_POINT('',(0.758771315498121,6.4998484666511,29.2315650744701));
#5354=CARTESIAN_POINT('',(0.758771315498121,6.4998484666511,13.0651825763914));
#5355=CARTESIAN_POINT('',(0.758771315498122,0.253999999999999,13.0651825763914));
#5356=CARTESIAN_POINT('',(-0.00637715115299513,6.4998484666511,29.2315650744701));
#5357=CARTESIAN_POINT('',(-0.00637715115299513,6.4998484666511,11.9983825763914));
#5358=CARTESIAN_POINT('',(-0.00637715115299504,5.73469999999999,11.9983825763914));
#5359=CARTESIAN_POINT('',(-0.00637715115299504,5.73469999999999,29.2315650744701));
#5360=CARTESIAN_POINT('',(-0.00637715115299504,5.73469999999999,13.0651825763914));
#5361=CARTESIAN_POINT('',(-0.00637715115299513,6.4998484666511,13.0651825763914));
#5362=CARTESIAN_POINT('',(-0.00637715115299497,5.73469999999999,29.2315650744701));
#5363=CARTESIAN_POINT('',(5.4991,5.73469999999999,11.9983825763914));
#5364=CARTESIAN_POINT('',(-0.0340329664263924,5.73469999999999,11.9983825763914));
#5365=CARTESIAN_POINT('',(-0.0340329664263924,5.73469999999999,29.2315650744701));
#5366=CARTESIAN_POINT('',(-0.0340329664263924,5.73469999999999,13.0651825763914));
#5367=CARTESIAN_POINT('',(5.4991,5.73469999999999,13.0651825763914));
#5368=CARTESIAN_POINT('',(-0.0340329664263924,6.45943834907172,29.2315650744701));
#5369=CARTESIAN_POINT('',(-0.0340329664263924,6.45943834907172,11.9983825763914));
#5370=CARTESIAN_POINT('',(-0.75877131549812,6.45943834907172,11.9983825763914));
#5371=CARTESIAN_POINT('',(-0.75877131549812,6.45943834907172,29.2315650744701));
#5372=CARTESIAN_POINT('',(-0.75877131549812,6.45943834907172,13.0651825763914));
#5373=CARTESIAN_POINT('',(-0.0340329664263924,6.45943834907172,13.0651825763914));
#5374=CARTESIAN_POINT('',(-0.75877131549812,6.45943834907172,29.2315650744701));
#5375=CARTESIAN_POINT('',(-0.758771315498119,-7.2517,11.9983825763914));
#5376=CARTESIAN_POINT('',(-0.75877131549812,7.7597,11.9983825763914));
#5377=CARTESIAN_POINT('',(-0.75877131549812,7.7597,29.2315650744701));
#5378=CARTESIAN_POINT('',(-0.75877131549812,7.7597,13.0651825763914));
#5379=CARTESIAN_POINT('',(-0.758771315498119,0.253999999999999,13.0651825763914));
#5380=CARTESIAN_POINT('',(5.4991,7.7597,13.0651825763914));
#5381=CARTESIAN_POINT('',(5.4991,7.7597,13.0651825763914));
#5382=CARTESIAN_POINT('',(-2.87158609270166,7.7597,13.0651825763914));
#5383=CARTESIAN_POINT('',(5.4991,7.7597,11.9983825763914));
#5384=CARTESIAN_POINT('',(-2.87158609270166,7.7597,11.9983825763914));
#5385=CARTESIAN_POINT('',(-2.87158609270166,7.7597,29.2315650744701));
#5386=CARTESIAN_POINT('',(-2.87158609270166,6.45145190662006,29.2315650744701));
#5387=CARTESIAN_POINT('',(-2.87158609270166,6.45145190662006,29.2315650744701));
#5388=CARTESIAN_POINT('',(-2.87158609270166,6.45145190662006,13.0651825763914));
#5389=CARTESIAN_POINT('',(-2.87158609270166,6.45145190662006,11.9983825763914));
#5390=CARTESIAN_POINT('',(-2.87158609270166,0.254,13.0651825763914));
#5391=CARTESIAN_POINT('',(-2.87158609270166,-7.2517,11.9983825763914));
#5392=CARTESIAN_POINT('',(-3.58833799932173,6.45145190662006,29.2315650744701));
#5393=CARTESIAN_POINT('',(-3.58833799932173,5.73469999999999,29.2315650744701));
#5394=CARTESIAN_POINT('',(-3.58833799932173,5.73469999999999,13.0651825763914));
#5395=CARTESIAN_POINT('',(-3.58833799932173,5.73469999999999,11.9983825763914));
#5396=CARTESIAN_POINT('',(-3.58833799932173,6.45145190662006,13.0651825763914));
#5397=CARTESIAN_POINT('',(-3.58833799932173,6.45145190662006,11.9983825763914));
#5398=CARTESIAN_POINT('',(-3.62888212492071,5.73469999999999,29.2315650744701));
#5399=CARTESIAN_POINT('',(-4.18653039437459,5.73469999999999,29.2315650744701));
#5400=CARTESIAN_POINT('',(-4.18653039437459,5.73469999999999,13.0651825763914));
#5401=CARTESIAN_POINT('',(-4.18653039437459,5.73469999999999,11.9983825763914));
#5402=CARTESIAN_POINT('',(4.70156484394216,5.73469999999999,13.0651825763914));
#5403=CARTESIAN_POINT('',(4.70156484394216,5.73469999999999,11.9983825763914));
#5404=CARTESIAN_POINT('',(-4.18653039437459,6.50140396778094,29.2315650744701));
#5405=CARTESIAN_POINT('',(-4.95323436215554,6.50140396778094,29.2315650744701));
#5406=CARTESIAN_POINT('',(-4.95323436215554,6.50140396778094,13.0651825763914));
#5407=CARTESIAN_POINT('',(-4.95323436215554,6.50140396778094,11.9983825763914));
#5408=CARTESIAN_POINT('',(-4.18653039437459,6.50140396778094,13.0651825763914));
#5409=CARTESIAN_POINT('',(-4.18653039437459,6.50140396778094,11.9983825763914));
#5410=CARTESIAN_POINT('',(-4.95323436215554,7.7597,29.2315650744701));
#5411=CARTESIAN_POINT('',(-4.95323436215554,7.75590290057805,1.70970104170353));
#5412=CARTESIAN_POINT('',(-4.95323436215554,7.75590290057805,13.0651825763914));
#5413=CARTESIAN_POINT('',(-4.95323436215554,7.75590290057805,11.9983825763914));
#5414=CARTESIAN_POINT('',(-4.95323436215554,0.253999999999997,13.0651825763914));
#5415=CARTESIAN_POINT('',(-4.95323436215553,-7.2517,11.9983825763914));
#5416=CARTESIAN_POINT('',(-4.8292834255117,5.73469999999999,1.70970104170353));
#5417=CARTESIAN_POINT('',(-4.8292834255117,5.73469999999999,13.0651825763914));
#5418=CARTESIAN_POINT('',(-6.85428342551172,5.73469999999999,13.0651825763914));
#5419=CARTESIAN_POINT('',(-4.8292834255117,5.73469999999999,11.9983825763914));
#5420=CARTESIAN_POINT('',(-6.85428342551172,5.73469999999999,11.9983825763914));
#5421=CARTESIAN_POINT('',(-6.85428342551172,5.73469999999999,1.70970104170353));
#5422=CARTESIAN_POINT('',(-3.56613515605784,5.9824653349685,1.85921796433739));
#5423=CARTESIAN_POINT('',(-3.56613515605784,5.73469999999999,1.85921796433739));
#5424=CARTESIAN_POINT('',(-3.57507956374118,5.73477313172891,2.08756823548323));
#5425=CARTESIAN_POINT('',(-3.57507979531011,5.73477312381946,1.63086769379326));
#5426=CARTESIAN_POINT('',(-3.57252137012332,5.73487453474434,2.08772874366718));
#5427=CARTESIAN_POINT('',(-3.52786919464275,5.73586011833963,2.08897664257132));
#5428=CARTESIAN_POINT('',(-3.42133916018807,5.75115068710334,2.06477584640643));
#5429=CARTESIAN_POINT('',(-3.34220707748689,5.77700931883281,1.9317953963182));
#5430=CARTESIAN_POINT('',(-3.3352033777602,5.78151473415973,1.85922862873271));
#5431=CARTESIAN_POINT('',(-3.34219034781936,5.77700514032127,1.78659787477531));
#5432=CARTESIAN_POINT('',(-3.42158244206696,5.75109214819126,1.6534591137895));
#5433=CARTESIAN_POINT('',(-3.52786948119771,5.73586005241225,1.6294591071522));
#5434=CARTESIAN_POINT('',(-3.57252232615202,5.73487451364307,1.63070721172783));
#5435=CARTESIAN_POINT('',(-2.25042643023778E-17,5.9824653349685,1.85921796433739));
#5436=CARTESIAN_POINT('',(-0.0340329664263923,5.73469999999999,2.08527042992054));
#5437=CARTESIAN_POINT('',(-0.142595962251842,5.73469999999999,2.0689259021909));
#5438=CARTESIAN_POINT('',(-0.314605682041312,5.78791117652904,1.85940782407845));
#5439=CARTESIAN_POINT('',(-0.142592595033625,5.73469999999989,1.64950951953762));
#5440=CARTESIAN_POINT('',(-0.0340329664264404,5.73469999999988,1.63316549875412));
#5441=CARTESIAN_POINT('',(-0.0340329664263924,5.73469999999999,2.08527042992054));
#5442=CARTESIAN_POINT('',(-0.0340329664263924,5.73469999999999,1.63316549875424));
#5443=CARTESIAN_POINT('',(-3.76750144753462E-17,5.73469999999999,1.85921796433739));
#5444=CARTESIAN_POINT('',(-0.00637715115299504,5.73469999999999,2.08772899676946));
#5445=CARTESIAN_POINT('',(-0.00637715115299499,5.73469999999999,1.63070693190532));
#5446=CARTESIAN_POINT('',(0.117327088162731,5.73469999999999,1.62725466693594));
#5447=CARTESIAN_POINT('',(0.339867885926371,5.80864810008943,1.85870895566705));
#5448=CARTESIAN_POINT('',(0.117336573590936,5.73469999999985,2.09118152645318));
#5449=CARTESIAN_POINT('',(-0.0063771511528612,5.73469999999983,2.08772899677015));
#5450=CARTESIAN_POINT('',(-0.00637715115299499,5.73469999999999,1.63070693190532));
#5451=CARTESIAN_POINT('',(-3.76750144753462E-17,5.73469999999999,1.85921796433739));
#5452=CARTESIAN_POINT('',(-6.85428342551172,0.,1.70970104170353));
#5453=CARTESIAN_POINT('',(-6.85428342551172,0.,13.0651825763914));
#5454=CARTESIAN_POINT('',(-6.85428342551172,3.2512,13.0651825763914));
#5455=CARTESIAN_POINT('',(-6.85428342551172,-7.5057,11.9983825763914));
#5456=CARTESIAN_POINT('',(-6.85428342551172,3.2512,11.9983825763914));
#5457=CARTESIAN_POINT('',(-6.85428342551172,3.2512,1.70970104170353));
#5458=CARTESIAN_POINT('',(5.4991,0.,13.0651825763914));
#5459=CARTESIAN_POINT('',(0.,3.2512,13.0651825763914));
#5460=CARTESIAN_POINT('',(6.8718428969633,3.2512,13.0651825763914));
#5461=CARTESIAN_POINT('',(6.8718428969633,-7.5057,13.0651825763914));
#5462=CARTESIAN_POINT('',(6.8718428969633,0.,1.70970104170353));
#5463=CARTESIAN_POINT('',(6.8718428969633,-7.5057,11.9983825763914));
#5464=CARTESIAN_POINT('',(6.8718428969633,3.2512,11.9983825763914));
#5465=CARTESIAN_POINT('',(6.8718428969633,3.2512,1.70970104170353));
#5466=CARTESIAN_POINT('',(7.5057,0.9398,14.8695513392573));
#5467=CARTESIAN_POINT('',(10.1473,0.9398,14.8695513392573));
#5468=CARTESIAN_POINT('',(10.1473,3.2512,14.8695513392573));
#5469=CARTESIAN_POINT('',(1.46761715395669E-15,3.2512,14.8695513392573));
#5470=CARTESIAN_POINT('',(-10.1473,3.2512,14.8695513392573));
#5471=CARTESIAN_POINT('',(-10.1473,0.9398,14.8695513392573));
#5472=CARTESIAN_POINT('',(-10.1473,0.9398,12.7));
#5473=CARTESIAN_POINT('',(-10.1473,0.9398,0.));
#5474=CARTESIAN_POINT('',(-10.1473,3.2512,0.));
#5475=CARTESIAN_POINT('',(-10.1473,3.2512,0.));
#5476=CARTESIAN_POINT('',(-10.1473,2.5908,1.92592994438724E-31));
#5477=CARTESIAN_POINT('',(-7.5057,0.9398,0.));
#5478=CARTESIAN_POINT('',(-7.5057,3.2512,0.));
#5479=CARTESIAN_POINT('',(10.1473,3.2512,0.));
#5480=CARTESIAN_POINT('',(10.1473,0.9398,-2.65627467111953E-15));
#5481=CARTESIAN_POINT('',(10.1473,-2.5908,-1.77055607095148E-15));
#5482=CARTESIAN_POINT('',(10.1473,0.9398,0.));
#5483=CARTESIAN_POINT('',(10.1473,3.2512,-1.02522157430229E-15));
#5484=CARTESIAN_POINT('',(5.4991,-7.5057,11.9983825763914));
#5485=CARTESIAN_POINT('',(-6.43518342551172,4.97541006887127,11.9983825763914));
#5486=CARTESIAN_POINT('',(-6.43518342551172,3.2512,11.9983825763914));
#5487=CARTESIAN_POINT('',(-6.43518342551172,3.69550310891114,11.9983825763914));
#5488=CARTESIAN_POINT('',(0.,3.2512,11.9983825763914));
#5489=CARTESIAN_POINT('',(0.,3.2512,11.9983825763914));
#5490=CARTESIAN_POINT('',(6.4527428969633,3.2512,11.9983825763914));
#5491=CARTESIAN_POINT('',(6.4527428969633,4.97541006887127,11.9983825763914));
#5492=CARTESIAN_POINT('',(6.4527428969633,3.69550310891114,11.9983825763914));
#5493=CARTESIAN_POINT('',(4.42774289696329,3.69550310891114,11.9983825763914));
#5494=CARTESIAN_POINT('',(4.42774289696329,5.72050310891116,11.9983825763914));
#5495=CARTESIAN_POINT('',(5.08,5.72050310891116,11.9983825763914));
#5496=CARTESIAN_POINT('',(-4.41018342551171,5.72050310891116,11.9983825763914));
#5497=CARTESIAN_POINT('',(-4.41018342551171,3.69550310891114,11.9983825763914));
#5498=CARTESIAN_POINT('',(-0.00637715115299497,5.73469999999999,27.5218640327666));
#5499=CARTESIAN_POINT('',(-0.0340329664263924,5.73469999999999,27.5218640327666));
#5500=CARTESIAN_POINT('',(-0.0340329664263924,5.73469999999999,1.19804516020662));
#5501=CARTESIAN_POINT('',(-0.00637715115299504,5.73469999999999,27.5218640327666));
#5502=CARTESIAN_POINT('',(-0.00637715115299504,5.73469999999999,1.19804516020662));
#5503=CARTESIAN_POINT('',(5.4991,5.73469999999999,1.19804516020662));
#5504=CARTESIAN_POINT('',(-3.62888212492071,5.73469999999999,27.5218640327666));
#5505=CARTESIAN_POINT('',(4.70156484394216,5.73469999999999,1.19804516020662));
#5506=CARTESIAN_POINT('',(-4.18653039437459,5.73469999999999,1.19804516020662));
#5507=CARTESIAN_POINT('',(-3.58833799932173,5.73469999999999,1.19804516020662));
#5508=CARTESIAN_POINT('',(-4.18653039437459,5.73469999999999,27.5218640327666));
#5509=CARTESIAN_POINT('',(-4.18653039437459,5.73469999999999,2.26484516020662));
#5510=CARTESIAN_POINT('',(4.70156484394216,5.73469999999999,2.26484516020662));
#5511=CARTESIAN_POINT('',(-3.58833799932173,5.73469999999999,2.26484516020662));
#5512=CARTESIAN_POINT('',(-3.58833799932173,5.73469999999999,27.5218640327666));
#5513=CARTESIAN_POINT('',(-3.58833799932173,5.73469999999999,27.5218640327666));
#5514=CARTESIAN_POINT('',(-6.85428342551172,0.,0.));
#5515=CARTESIAN_POINT('',(-6.85428342551172,7.5057,2.26484516020662));
#5516=CARTESIAN_POINT('',(-6.85428342551172,3.2512,2.26484516020662));
#5517=CARTESIAN_POINT('',(-6.85428342551172,5.73469999999999,2.26484516020662));
#5518=CARTESIAN_POINT('',(-6.85428342551172,5.73469999999999,0.));
#5519=CARTESIAN_POINT('',(-6.85428342551172,5.73469999999999,1.19804516020662));
#5520=CARTESIAN_POINT('',(-6.85428342551172,7.5057,1.19804516020662));
#5521=CARTESIAN_POINT('',(-6.85428342551172,3.2512,1.19804516020662));
#5522=CARTESIAN_POINT('',(-6.85428342551172,3.2512,0.));
#5523=CARTESIAN_POINT('',(-4.8292834255117,5.73469999999999,0.));
#5524=CARTESIAN_POINT('',(-4.8292834255117,5.73469999999999,2.26484516020662));
#5525=CARTESIAN_POINT('',(-4.95323436215554,7.75590290057805,2.26484516020662));
#5526=CARTESIAN_POINT('',(-4.95323436215554,7.75590290057805,0.));
#5527=CARTESIAN_POINT('',(-4.95323436215554,7.75590290057805,1.19804516020662));
#5528=CARTESIAN_POINT('',(-4.8292834255117,5.73469999999999,1.19804516020662));
#5529=CARTESIAN_POINT('',(-4.95323436215554,7.7597,27.5218640327666));
#5530=CARTESIAN_POINT('',(-4.95323436215554,7.7597,2.26484516020662));
#5531=CARTESIAN_POINT('',(-4.95323436215554,6.50140396778094,2.26484516020662));
#5532=CARTESIAN_POINT('',(-4.95323436215554,6.50140396778094,27.5218640327666));
#5533=CARTESIAN_POINT('',(-4.95323436215554,6.50140396778094,1.19804516020662));
#5534=CARTESIAN_POINT('',(-4.95323436215554,7.7597,1.19804516020662));
#5535=CARTESIAN_POINT('',(-4.18653039437459,6.50140396778094,27.5218640327666));
#5536=CARTESIAN_POINT('',(-4.18653039437459,6.50140396778094,1.19804516020662));
#5537=CARTESIAN_POINT('',(-4.18653039437459,6.50140396778094,2.26484516020662));
#5538=CARTESIAN_POINT('',(-3.58833799932173,6.45145190662006,27.5218640327666));
#5539=CARTESIAN_POINT('',(-3.58833799932173,6.45145190662006,2.26484516020662));
#5540=CARTESIAN_POINT('',(-2.87158609270166,6.45145190662006,2.26484516020662));
#5541=CARTESIAN_POINT('',(-2.87158609270166,6.45145190662006,27.5218640327666));
#5542=CARTESIAN_POINT('',(-2.87158609270166,6.45145190662006,1.19804516020662));
#5543=CARTESIAN_POINT('',(-3.58833799932173,6.45145190662006,1.19804516020662));
#5544=CARTESIAN_POINT('',(-2.87158609270166,6.45145190662006,27.5218640327666));
#5545=CARTESIAN_POINT('',(-2.87158609270166,7.7597,2.26484516020662));
#5546=CARTESIAN_POINT('',(-2.87158609270166,7.7597,2.26484516020662));
#5547=CARTESIAN_POINT('',(-2.87158609270166,7.7597,27.5218640327666));
#5548=CARTESIAN_POINT('',(-2.87158609270166,7.7597,1.19804516020662));
#5549=CARTESIAN_POINT('',(-2.87158609270166,7.7597,1.19804516020662));
#5550=CARTESIAN_POINT('',(5.4991,7.7597,2.26484516020662));
#5551=CARTESIAN_POINT('',(5.4991,7.7597,2.26484516020662));
#5552=CARTESIAN_POINT('',(-0.75877131549812,7.7597,2.26484516020662));
#5553=CARTESIAN_POINT('',(-0.75877131549812,7.7597,27.5218640327666));
#5554=CARTESIAN_POINT('',(-0.75877131549812,7.7597,1.19804516020662));
#5555=CARTESIAN_POINT('',(5.4991,7.7597,1.19804516020662));
#5556=CARTESIAN_POINT('',(-0.75877131549812,6.45943834907172,27.5218640327666));
#5557=CARTESIAN_POINT('',(-0.75877131549812,7.7597,1.19804516020662));
#5558=CARTESIAN_POINT('',(-0.75877131549812,6.45943834907172,1.19804516020662));
#5559=CARTESIAN_POINT('',(-0.75877131549812,7.7597,2.26484516020662));
#5560=CARTESIAN_POINT('',(-0.75877131549812,6.45943834907172,2.26484516020662));
#5561=CARTESIAN_POINT('',(-0.75877131549812,6.45943834907172,27.5218640327666));
#5562=CARTESIAN_POINT('',(-0.0340329664263924,6.45943834907172,27.5218640327666));
#5563=CARTESIAN_POINT('',(-0.0340329664263924,5.73469999999999,27.5218640327666));
#5564=CARTESIAN_POINT('',(-0.0340329664263924,5.73469999999999,2.26484516020662));
#5565=CARTESIAN_POINT('',(-0.0340329664263924,6.45943834907172,1.19804516020662));
#5566=CARTESIAN_POINT('',(-0.0340329664263924,6.45943834907172,2.26484516020662));
#5567=CARTESIAN_POINT('',(-0.00637715115299497,5.73469999999999,27.5218640327666));
#5568=CARTESIAN_POINT('',(-0.00637715115299504,5.73469999999999,27.5218640327666));
#5569=CARTESIAN_POINT('',(-0.00637715115299504,5.73469999999999,2.26484516020662));
#5570=CARTESIAN_POINT('',(5.4991,5.73469999999999,2.26484516020662));
#5571=CARTESIAN_POINT('',(-0.00637715115299513,6.4998484666511,27.5218640327666));
#5572=CARTESIAN_POINT('',(-0.00637715115299513,6.4998484666511,2.26484516020662));
#5573=CARTESIAN_POINT('',(0.758771315498121,6.4998484666511,2.26484516020662));
#5574=CARTESIAN_POINT('',(0.758771315498121,6.4998484666511,27.5218640327666));
#5575=CARTESIAN_POINT('',(0.758771315498121,6.4998484666511,1.19804516020662));
#5576=CARTESIAN_POINT('',(-0.00637715115299513,6.4998484666511,1.19804516020662));
#5577=CARTESIAN_POINT('',(0.758771315498121,7.7597,27.5218640327666));
#5578=CARTESIAN_POINT('',(0.758771315498121,7.7597,1.19804516020662));
#5579=CARTESIAN_POINT('',(0.758771315498121,7.7597,1.19804516020662));
#5580=CARTESIAN_POINT('',(0.758771315498121,7.7597,2.26484516020662));
#5581=CARTESIAN_POINT('',(0.758771315498121,7.7597,2.26484516020662));
#5582=CARTESIAN_POINT('',(0.758771315498121,7.7597,27.5218640327666));
#5583=CARTESIAN_POINT('',(5.4991,7.7597,2.26484516020662));
#5584=CARTESIAN_POINT('',(5.4991,7.7597,2.26484516020662));
#5585=CARTESIAN_POINT('',(2.86372890355079,7.7597,2.26484516020662));
#5586=CARTESIAN_POINT('',(2.86372890355079,7.7597,27.5218640327666));
#5587=CARTESIAN_POINT('',(2.86372890355079,7.7597,1.19804516020662));
#5588=CARTESIAN_POINT('',(5.4991,7.7597,1.19804516020662));
#5589=CARTESIAN_POINT('',(4.84684289696329,5.73469999999999,2.26484516020662));
#5590=CARTESIAN_POINT('',(4.97079383360712,7.75590290057805,2.26484516020662));
#5591=CARTESIAN_POINT('',(4.97079383360712,7.75590290057805,2.26484516020662));
#5592=CARTESIAN_POINT('',(4.97079383360712,7.75590290057805,1.19804516020662));
#5593=CARTESIAN_POINT('',(4.84684289696329,5.73469999999999,2.26484516020662));
#5594=CARTESIAN_POINT('',(6.8718428969633,5.73469999999999,2.26484516020662));
#5595=CARTESIAN_POINT('',(6.8718428969633,5.73469999999999,2.26484516020662));
#5596=CARTESIAN_POINT('',(6.8718428969633,5.73469999999999,1.19804516020662));
#5597=CARTESIAN_POINT('',(4.84684289696329,5.73469999999999,1.19804516020662));
#5598=CARTESIAN_POINT('',(6.8718428969633,0.,0.));
#5599=CARTESIAN_POINT('',(6.8718428969633,7.5057,1.19804516020662));
#5600=CARTESIAN_POINT('',(6.8718428969633,3.2512,1.19804516020662));
#5601=CARTESIAN_POINT('',(6.8718428969633,7.5057,2.26484516020662));
#5602=CARTESIAN_POINT('',(6.8718428969633,3.2512,2.26484516020662));
#5603=CARTESIAN_POINT('',(6.8718428969633,3.2512,0.));
#5604=CARTESIAN_POINT('',(0.,3.2512,0.));
#5605=CARTESIAN_POINT('',(6.4527428969633,3.2512,0.));
#5606=CARTESIAN_POINT('',(6.4527428969633,3.2512,2.26484516020662));
#5607=CARTESIAN_POINT('',(-6.43518342551172,3.2512,0.));
#5608=CARTESIAN_POINT('',(-6.43518342551172,3.2512,2.26484516020662));
#5609=CARTESIAN_POINT('',(0.,3.2512,2.26484516020662));
#5610=CARTESIAN_POINT('',(0.,3.2512,1.19804516020662));
#5611=CARTESIAN_POINT('',(0.,3.2512,2.26484516020662));
#5612=CARTESIAN_POINT('',(6.4527428969633,0.,0.));
#5613=CARTESIAN_POINT('',(6.4527428969633,-4.97541006887127,2.26484516020662));
#5614=CARTESIAN_POINT('',(6.45274289696331,3.69550310891114,2.26484516020662));
#5615=CARTESIAN_POINT('',(6.4527428969633,3.69550310891114,10.2886815346879));
#5616=CARTESIAN_POINT('',(4.42774289696329,3.69550310891114,2.26484516020662));
#5617=CARTESIAN_POINT('',(4.42774289696329,3.69550310891114,2.26484516020662));
#5618=CARTESIAN_POINT('',(4.42774289696329,5.72050310891116,2.26484516020662));
#5619=CARTESIAN_POINT('',(4.42774289696329,5.72050310891116,2.26484516020662));
#5620=CARTESIAN_POINT('',(5.08,5.72050310891116,2.26484516020662));
#5621=CARTESIAN_POINT('',(5.08,5.72050310891116,2.26484516020662));
#5622=CARTESIAN_POINT('',(-4.41018342551171,5.72050310891116,2.26484516020662));
#5623=CARTESIAN_POINT('',(-4.41018342551171,5.72050310891116,2.26484516020662));
#5624=CARTESIAN_POINT('',(-4.41018342551171,3.69550310891114,-3.1893382238619E-16));
#5625=CARTESIAN_POINT('',(-4.41018342551171,3.69550310891114,2.26484516020662));
#5626=CARTESIAN_POINT('',(-6.43518342551172,3.69550310891114,2.26484516020662));
#5627=CARTESIAN_POINT('',(-6.43518342551172,3.69550310891114,-3.1893382238619E-16));
#5628=CARTESIAN_POINT('',(-6.43518342551172,0.,0.));
#5629=CARTESIAN_POINT('',(-6.43518342551172,-4.97541006887127,2.26484516020662));
#5630=CARTESIAN_POINT('',(2.86372890355079,6.45145190662006,27.5218640327666));
#5631=CARTESIAN_POINT('',(2.86372890355079,7.7597,1.19804516020662));
#5632=CARTESIAN_POINT('',(2.86372890355079,6.45145190662006,1.19804516020662));
#5633=CARTESIAN_POINT('',(2.86372890355079,7.7597,2.26484516020662));
#5634=CARTESIAN_POINT('',(2.86372890355079,6.45145190662006,2.26484516020662));
#5635=CARTESIAN_POINT('',(2.86372890355079,6.45145190662006,27.5218640327666));
#5636=CARTESIAN_POINT('',(5.4991,7.5057,1.19804516020662));
#5637=CARTESIAN_POINT('',(3.58048081017085,6.45145190662006,1.19804516020662));
#5638=CARTESIAN_POINT('',(3.58048081017085,5.73469999999999,1.19804516020662));
#5639=CARTESIAN_POINT('',(6.28877796690697,5.73469999999999,1.19804516020662));
#5640=CARTESIAN_POINT('',(4.20408986582617,5.73469999999999,1.19804516020662));
#5641=CARTESIAN_POINT('',(4.20408986582617,6.50140396778094,1.19804516020662));
#5642=CARTESIAN_POINT('',(4.97079383360712,6.50140396778094,1.19804516020662));
#5643=CARTESIAN_POINT('',(4.97079383360712,7.7597,1.19804516020662));
#5644=CARTESIAN_POINT('',(4.97079383360712,7.7597,27.5218640327666));
#5645=CARTESIAN_POINT('',(4.97079383360712,6.50140396778094,27.5218640327666));
#5646=CARTESIAN_POINT('',(4.97079383360712,6.50140396778094,2.26484516020662));
#5647=CARTESIAN_POINT('',(4.97079383360712,7.7597,2.26484516020662));
#5648=CARTESIAN_POINT('',(5.4991,7.5057,2.26484516020662));
#5649=CARTESIAN_POINT('',(4.20408986582617,6.50140396778094,2.26484516020662));
#5650=CARTESIAN_POINT('',(4.20408986582617,5.73469999999999,2.26484516020662));
#5651=CARTESIAN_POINT('',(6.28877796690697,5.73469999999999,2.26484516020662));
#5652=CARTESIAN_POINT('',(3.58048081017085,5.73469999999999,2.26484516020662));
#5653=CARTESIAN_POINT('',(3.58048081017085,6.45145190662006,2.26484516020662));
#5654=CARTESIAN_POINT('',(3.62102493576984,5.73469999999999,27.5218640327666));
#5655=CARTESIAN_POINT('',(4.20408986582617,5.73469999999999,27.5218640327666));
#5656=CARTESIAN_POINT('',(3.58048081017085,5.73469999999999,27.5218640327666));
#5657=CARTESIAN_POINT('',(3.58048081017085,5.73469999999999,1.6316987481138));
#5658=CARTESIAN_POINT('',(3.55827796690697,5.73469999999999,1.85921796433739));
#5659=CARTESIAN_POINT('',(3.58048081017085,5.73469999999999,2.08673718056099));
#5660=CARTESIAN_POINT('',(3.58048081017085,5.73469999999999,27.5218640327666));
#5661=CARTESIAN_POINT('',(4.20408986582617,6.50140396778094,27.5218640327666));
#5662=CARTESIAN_POINT('',(3.58048081017085,6.45145190662006,27.5218640327666));
#5663=CARTESIAN_POINT('',(3.58048081017085,5.73469999999999,2.08673718056099));
#5664=CARTESIAN_POINT('',(3.5757832379583,5.73469999999999,2.08719560100251));
#5665=CARTESIAN_POINT('',(3.57109781548398,5.73474617498941,2.08750611897757));
#5666=CARTESIAN_POINT('',(3.56642424147608,5.73483784834319,2.08767276995689));
#5667=CARTESIAN_POINT('',(3.56642424147608,5.73483784834319,2.08767276995689));
#5668=CARTESIAN_POINT('',(3.55192350923955,5.73526912533652,2.08772899676947));
#5669=CARTESIAN_POINT('',(3.55675546675922,5.73507645431931,2.08771025449861));
#5670=CARTESIAN_POINT('',(3.56158937420743,5.73493268550569,2.08769151222775));
#5671=CARTESIAN_POINT('',(3.56642424147608,5.73483784834319,2.08767276995689));
#5672=CARTESIAN_POINT('',(3.55191553078147,5.73498442837606,2.08772940647946));
#5673=CARTESIAN_POINT('',(3.55192686742639,5.73526899143899,2.087729722318));
#5674=CARTESIAN_POINT('',(3.43383475953979,5.73997727924604,2.08444755105606));
#5675=CARTESIAN_POINT('',(3.22539301816676,5.82005243136653,1.85920894105258));
#5676=CARTESIAN_POINT('',(3.43409107212312,5.73996680732859,1.6339804620851));
#5677=CARTESIAN_POINT('',(3.5519284016377,5.73526893027221,1.63070616372112));
#5678=CARTESIAN_POINT('',(3.55191706560079,5.73498436719394,1.63070647957063));
#5679=CARTESIAN_POINT('',(3.56642424147607,5.73483784834319,1.63076315871789));
#5680=CARTESIAN_POINT('',(3.56158937420738,5.73493268550569,1.63074441644703));
#5681=CARTESIAN_POINT('',(3.55675546675911,5.73507645431931,1.63072567417618));
#5682=CARTESIAN_POINT('',(3.55192350923939,5.73526912533652,1.63070693190532));
#5683=CARTESIAN_POINT('',(3.56642424147607,5.73483784834319,1.63076315871789));
#5684=CARTESIAN_POINT('',(3.56642424147607,5.7348378483432,1.63076315871789));
#5685=CARTESIAN_POINT('',(3.571140251924,5.73474534258775,1.63093132290194));
#5686=CARTESIAN_POINT('',(3.57582550007995,5.73469999999999,1.6312444518921));
#5687=CARTESIAN_POINT('',(3.58048081017085,5.73469999999999,1.6316987481138));
#5688=CARTESIAN_POINT('',(3.55827796690697,6.35,-5.81235483979338));
#5689=CARTESIAN_POINT('',(3.55827796690697,6.35,-5.81235483979338));
#5690=CARTESIAN_POINT('',(3.55827796690697,6.1214,-5.81235483979338));
#5691=CARTESIAN_POINT('',(3.55827796690697,6.35,-11.4469060625526));
#5692=CARTESIAN_POINT('',(3.55827796690697,6.35,1.49168329930589));
#5693=CARTESIAN_POINT('',(3.55827796690697,6.5786,1.49168329930589));
#5694=CARTESIAN_POINT('',(3.55827796690697,5.9824653349685,1.49168329930589));
#5695=CARTESIAN_POINT('',(3.55827796690697,5.9824653349685,1.85921796433739));
#5696=CARTESIAN_POINT('',(3.55827796690697,5.9824653349685,2.08781796433739));
#5697=CARTESIAN_POINT('',(3.55827796690697,5.9824653349685,1.85921796433739));
#5698=MECHANICAL_DESIGN_GEOMETRIC_PRESENTATION_REPRESENTATION('',(#2621,
#2622,#2623,#2624,#2625,#2626,#2627,#2628,#2629,#2630,#2631,#2632,#2633,
#2634,#2635,#2636,#2637,#2638,#2639,#2640,#2641,#2642,#2643,#2644,#2645,
#2646,#2647,#2648,#2649,#2650,#2651,#2652,#2653,#2654,#2655,#2656,#2657,
#2658,#2659,#2660,#2661,#2662,#2663,#2664,#2665,#2666,#2667,#2668,#2669,
#2670,#2671,#2672,#2673,#2674,#2675,#2676,#2677,#2678,#2679,#2680,#2681,
#2682,#2683,#2684,#2685,#2686,#2687,#2688,#2689,#2690,#2691,#2692,#2693,
#2694,#2695,#2696,#2697,#2698,#2699,#2700,#2701,#2702,#2703,#2704,#2705,
#2706,#2707,#2708,#2709,#2710,#2711,#2712,#2713,#2714,#2715,#2716,#2717,
#2718,#2719,#2720,#2721,#2722,#2723,#2724,#2725,#2726,#2727,#2728,#2729,
#2730,#2731,#2732,#2733,#2734,#2735,#2736,#2737,#2738,#2739,#2740,#2741,
#2742,#2743,#2744,#2745,#2746,#2747,#2748,#2749,#2750,#2751,#2752,#2753,
#2754,#2755,#2756,#2757,#2758,#2759,#2760,#2761,#2762,#2763,#2764,#2765,
#2766),#5699);
#5699=(
GEOMETRIC_REPRESENTATION_CONTEXT(3)
GLOBAL_UNCERTAINTY_ASSIGNED_CONTEXT((#5700))
GLOBAL_UNIT_ASSIGNED_CONTEXT((#5703,#5702,#5701))
REPRESENTATION_CONTEXT('42TM018-RC','TOP_LEVEL_ASSEMBLY_PART')
);
#5700=UNCERTAINTY_MEASURE_WITH_UNIT(LENGTH_MEASURE(0.005),#5703,
'DISTANCE_ACCURACY_VALUE','Maximum Tolerance applied to model');
#5701=(
NAMED_UNIT(*)
SI_UNIT($,.STERADIAN.)
SOLID_ANGLE_UNIT()
);
#5702=(
NAMED_UNIT(*)
PLANE_ANGLE_UNIT()
SI_UNIT($,.RADIAN.)
);
#5703=(
LENGTH_UNIT()
NAMED_UNIT(*)
SI_UNIT(.MILLI.,.METRE.)
);
#5704=PRODUCT_DEFINITION_SHAPE('','',#5705);
#5705=PRODUCT_DEFINITION('','',#5707,#5706);
#5706=PRODUCT_DEFINITION_CONTEXT('',#5713,'design');
#5707=PRODUCT_DEFINITION_FORMATION_WITH_SPECIFIED_SOURCE('','',#5709,
 .NOT_KNOWN.);
#5708=PRODUCT_RELATED_PRODUCT_CATEGORY('','',(#5709));
#5709=PRODUCT('42TM018-RC','42TM018-RC','42TM018-RC',(#5711));
#5710=PRODUCT_CATEGORY('','');
#5711=PRODUCT_CONTEXT('',#5713,'mechanical');
#5712=APPLICATION_PROTOCOL_DEFINITION('international standard',
'automotive_design',2010,#5713);
#5713=APPLICATION_CONTEXT(
'core data for automotive mechanical design processes');
ENDSEC;
END-ISO-10303-21;
