ISO-10303-21;
HEADER;
FILE_DESCRIPTION (( 'STEP AP214' ),
    '1' );
FILE_NAME ('PDV-P9203.STEP',
    '2024-02-28T20:16:31',
    ( '' ),
    ( '' ),
    'SwSTEP 2.0',
    'SolidWorks 2021',
    '' );
FILE_SCHEMA (( 'AUTOMOTIVE_DESIGN' ));
ENDSEC;

DATA;
#1 = VERTEX_POINT ( 'NONE', #1375 ) ;
#2 = FACE_OUTER_BOUND ( 'NONE', #425, .T. ) ;
#3 = DIRECTION ( 'NONE',  ( -0.000000000000000000, -1.000000000000000000, -0.000000000000000000 ) ) ;
#4 = FILL_AREA_STYLE ('',( #1309 ) ) ;
#5 = CARTESIAN_POINT ( 'NONE',  ( 1.270000000000000240, -26.00000000000000000, 0.2000000000000005107 ) ) ;
#6 = EDGE_CURVE ( 'NONE', #1493, #1115, #83, .T. ) ;
#7 =( NAMED_UNIT ( * ) SI_UNIT ( $, .STERADIAN. ) SOLID_ANGLE_UNIT ( ) );
#8 = ORIENTED_EDGE ( 'NONE', *, *, #1417, .T. ) ;
#9 = CYLINDRICAL_SURFACE ( 'NONE', #1692, 0.2000000000000002331 ) ;
#10 =( NAMED_UNIT ( * ) PLANE_ANGLE_UNIT ( ) SI_UNIT ( $, .RADIAN. ) );
#11 = DIRECTION ( 'NONE',  ( -1.000000000000000000, 0.000000000000000000, 0.000000000000000000 ) ) ;
#12 = SURFACE_STYLE_FILL_AREA ( #389 ) ;
#13 = DIRECTION ( 'NONE',  ( 0.000000000000000000, 0.000000000000000000, -1.000000000000000000 ) ) ;
#14 = UNCERTAINTY_MEASURE_WITH_UNIT (LENGTH_MEASURE( 1.000000000000000082E-05 ), #379, 'distance_accuracy_value', 'NONE');
#15 = SURFACE_SIDE_STYLE ('',( #535 ) ) ;
#16 = EDGE_LOOP ( 'NONE', ( #699, #774, #78, #931 ) ) ;
#17 = STYLED_ITEM ( 'NONE', ( #610 ), #113 ) ;
#18 = MECHANICAL_DESIGN_GEOMETRIC_PRESENTATION_REPRESENTATION (  '', ( #1632 ), #1356 ) ;
#19 = AXIS2_PLACEMENT_3D ( 'NONE', #808, #956, #675 ) ;
#20 = AXIS2_PLACEMENT_3D ( 'NONE', #161, #1508, #487 ) ;
#21 = DIRECTION ( 'NONE',  ( 0.000000000000000000, 0.000000000000000000, -1.000000000000000000 ) ) ;
#22 = CARTESIAN_POINT ( 'NONE',  ( 0.000000000000000000, 2.000000000000000000, 1.559607849419712988E-16 ) ) ;
#23 = ORIENTED_EDGE ( 'NONE', *, *, #1040, .T. ) ;
#24 =( GEOMETRIC_REPRESENTATION_CONTEXT ( 3 ) GLOBAL_UNCERTAINTY_ASSIGNED_CONTEXT ( ( #1603 ) ) GLOBAL_UNIT_ASSIGNED_CONTEXT ( ( #1095, #245, #7 ) ) REPRESENTATION_CONTEXT ( 'NONE', 'WORKASPACE' ) );
#25 = AXIS2_PLACEMENT_3D ( 'NONE', #1175, #259, #1156 ) ;
#26 =( GEOMETRIC_REPRESENTATION_CONTEXT ( 3 ) GLOBAL_UNCERTAINTY_ASSIGNED_CONTEXT ( ( #400 ) ) GLOBAL_UNIT_ASSIGNED_CONTEXT ( ( #814, #1183, #575 ) ) REPRESENTATION_CONTEXT ( 'NONE', 'WORKASPACE' ) );
#27 = DIRECTION ( 'NONE',  ( 0.000000000000000000, 0.000000000000000000, -1.000000000000000000 ) ) ;
#28 = DIRECTION ( 'NONE',  ( 1.000000000000000000, -0.000000000000000000, -0.000000000000000000 ) ) ;
#29 = EDGE_CURVE ( 'NONE', #730, #1115, #1296, .T. ) ;
#30 = VERTEX_POINT ( 'NONE', #1208 ) ;
#31 = FACE_OUTER_BOUND ( 'NONE', #16, .T. ) ;
#32 =( NAMED_UNIT ( * ) PLANE_ANGLE_UNIT ( ) SI_UNIT ( $, .RADIAN. ) );
#33 = CARTESIAN_POINT ( 'NONE',  ( 0.7602504436327108817, 2.000000000000000000, 1.750000000000000222 ) ) ;
#34 = ORIENTED_EDGE ( 'NONE', *, *, #1655, .T. ) ;
#35 = UNCERTAINTY_MEASURE_WITH_UNIT (LENGTH_MEASURE( 1.000000000000000082E-05 ), #1268, 'distance_accuracy_value', 'NONE');
#36 = SURFACE_STYLE_FILL_AREA ( #678 ) ;
#37 = DIRECTION ( 'NONE',  ( -0.000000000000000000, 0.000000000000000000, 1.000000000000000000 ) ) ;
#38 = ORIENTED_EDGE ( 'NONE', *, *, #63, .F. ) ;
#39 = DIRECTION ( 'NONE',  ( -0.000000000000000000, 1.000000000000000000, -0.000000000000000000 ) ) ;
#40 = ADVANCED_FACE ( 'NONE', ( #585 ), #570, .F. ) ;
#41 = ORIENTED_EDGE ( 'NONE', *, *, #449, .T. ) ;
#42 = EDGE_CURVE ( 'NONE', #148, #818, #1344, .T. ) ;
#43 = ORIENTED_EDGE ( 'NONE', *, *, #1267, .T. ) ;
#44 = DIRECTION ( 'NONE',  ( 0.000000000000000000, 1.000000000000000000, 0.000000000000000000 ) ) ;
#45 = EDGE_LOOP ( 'NONE', ( #853, #308, #633, #986 ) ) ;
#46 = VERTEX_POINT ( 'NONE', #979 ) ;
#47 = PRESENTATION_STYLE_ASSIGNMENT (( #1463 ) ) ;
#48 = AXIS2_PLACEMENT_3D ( 'NONE', #1633, #463, #1516 ) ;
#49 = STYLED_ITEM ( 'NONE', ( #1596 ), #210 ) ;
#50 = LINE ( 'NONE', #1199, #973 ) ;
#51 = DIRECTION ( 'NONE',  ( 0.000000000000000000, 0.000000000000000000, -1.000000000000000000 ) ) ;
#52 = VECTOR ( 'NONE', #391, 1000.000000000000000 ) ;
#53 = ORIENTED_EDGE ( 'NONE', *, *, #654, .T. ) ;
#54 = CARTESIAN_POINT ( 'NONE',  ( 0.7602504436327108817, 2.000000000000000000, 0.6996210485191314277 ) ) ;
#55 = COLOUR_RGB ( '',0.6941176470588235059, 0.09803921568627450844, 0.09803921568627450844 ) ;
#56 = AXIS2_PLACEMENT_3D ( 'NONE', #1628, #705, #1229 ) ;
#57 = ORIENTED_EDGE ( 'NONE', *, *, #295, .F. ) ;
#58 = COLOUR_RGB ( '',0.6941176470588235059, 0.09803921568627450844, 0.09803921568627450844 ) ;
#59 =( NAMED_UNIT ( * ) PLANE_ANGLE_UNIT ( ) SI_UNIT ( $, .RADIAN. ) );
#60 = STYLED_ITEM ( 'NONE', ( #344 ), #1434 ) ;
#61 = ORIENTED_EDGE ( 'NONE', *, *, #1280, .F. ) ;
#62 = DIRECTION ( 'NONE',  ( -0.000000000000000000, -0.000000000000000000, 1.000000000000000000 ) ) ;
#63 = EDGE_CURVE ( 'NONE', #1092, #1226, #1086, .T. ) ;
#64 = ORIENTED_EDGE ( 'NONE', *, *, #1548, .T. ) ;
#65 =( NAMED_UNIT ( * ) PLANE_ANGLE_UNIT ( ) SI_UNIT ( $, .RADIAN. ) );
#66 = ORIENTED_EDGE ( 'NONE', *, *, #691, .T. ) ;
#67 = FILL_AREA_STYLE ('',( #346 ) ) ;
#68 = ADVANCED_FACE ( 'NONE', ( #454 ), #958, .F. ) ;
#69 = ORIENTED_EDGE ( 'NONE', *, *, #1134, .F. ) ;
#70 = ORIENTED_EDGE ( 'NONE', *, *, #1668, .T. ) ;
#71 = DIRECTION ( 'NONE',  ( 0.000000000000000000, 0.000000000000000000, -1.000000000000000000 ) ) ;
#72 = LINE ( 'NONE', #550, #407 ) ;
#73 = MANIFOLD_SOLID_BREP ( 'Dome2', #351 ) ;
#74 = CARTESIAN_POINT ( 'NONE',  ( -1.151748670500643890, 2.000000000000000000, -1.749999999999999556 ) ) ;
#75 = FILL_AREA_STYLE_COLOUR ( '', #134 ) ;
#76 = ORIENTED_EDGE ( 'NONE', *, *, #533, .F. ) ;
#77 = EDGE_LOOP ( 'NONE', ( #1459, #791 ) ) ;
#78 = ORIENTED_EDGE ( 'NONE', *, *, #838, .F. ) ;
#79 = CARTESIAN_POINT ( 'NONE',  ( -1.269999999999999796, -26.00000000000000000, -0.2000000000000002331 ) ) ;
#80 =( NAMED_UNIT ( * ) SI_UNIT ( $, .STERADIAN. ) SOLID_ANGLE_UNIT ( ) );
#81 = CARTESIAN_POINT ( 'NONE',  ( 0.8602504436327109705, 1.989999999999999991, 0.7996210485191312944 ) ) ;
#82 = ORIENTED_EDGE ( 'NONE', *, *, #1016, .T. ) ;
#83 = LINE ( 'NONE', #826, #105 ) ;
#84 = AXIS2_PLACEMENT_3D ( 'NONE', #1284, #1439, #1429 ) ;
#85 = FACE_OUTER_BOUND ( 'NONE', #239, .T. ) ;
#86 = CIRCLE ( 'NONE', #788, 0.2499999999999999445 ) ;
#87 = VERTEX_POINT ( 'NONE', #54 ) ;
#88 = DIRECTION ( 'NONE',  ( -0.000000000000000000, -1.000000000000000000, -0.000000000000000000 ) ) ;
#89 = STYLED_ITEM ( 'NONE', ( #1142 ), #747 ) ;
#90 = VECTOR ( 'NONE', #277, 1000.000000000000000 ) ;
#91 = EDGE_CURVE ( 'NONE', #213, #1515, #871, .T. ) ;
#92 = VECTOR ( 'NONE', #368, 1000.000000000000000 ) ;
#93 = ORIENTED_EDGE ( 'NONE', *, *, #98, .T. ) ;
#94 = DIRECTION ( 'NONE',  ( -0.000000000000000000, 1.000000000000000000, -0.000000000000000000 ) ) ;
#95 = ORIENTED_EDGE ( 'NONE', *, *, #502, .F. ) ;
#96 = SURFACE_SIDE_STYLE ('',( #477 ) ) ;
#97 = DIRECTION ( 'NONE',  ( -1.000000000000000000, 0.000000000000000000, -0.000000000000000000 ) ) ;
#98 = EDGE_CURVE ( 'NONE', #1468, #1066, #998, .T. ) ;
#99 = ORIENTED_EDGE ( 'NONE', *, *, #274, .F. ) ;
#100 = SURFACE_STYLE_USAGE ( .BOTH. , #750 ) ;
#101 = CARTESIAN_POINT ( 'NONE',  ( 0.000000000000000000, 0.000000000000000000, 1.559607849419712988E-16 ) ) ;
#102 = CYLINDRICAL_SURFACE ( 'NONE', #138, 0.2499999999999999445 ) ;
#103 = CARTESIAN_POINT ( 'NONE',  ( 1.270000000000000240, 0.000000000000000000, 3.110602869834277654E-16 ) ) ;
#104 = ORIENTED_EDGE ( 'NONE', *, *, #1024, .T. ) ;
#105 = VECTOR ( 'NONE', #1116, 1000.000000000000000 ) ;
#106 = EDGE_CURVE ( 'NONE', #957, #730, #228, .T. ) ;
#107 = PRESENTATION_LAYER_ASSIGNMENT (  '', '', ( #1632 ) ) ;
#108 = DIRECTION ( 'NONE',  ( -0.000000000000000000, -1.000000000000000000, -0.000000000000000000 ) ) ;
#109 = VECTOR ( 'NONE', #913, 1000.000000000000000 ) ;
#110 = MECHANICAL_DESIGN_GEOMETRIC_PRESENTATION_REPRESENTATION (  '', ( #1637 ), #303 ) ;
#111 = DIRECTION ( 'NONE',  ( 1.000000000000000000, -0.000000000000000000, -0.000000000000000000 ) ) ;
#112 = DIRECTION ( 'NONE',  ( 1.000000000000000000, 0.000000000000000000, -0.000000000000000000 ) ) ;
#113 = ADVANCED_FACE ( 'NONE', ( #1274 ), #1412, .F. ) ;
#114 = LINE ( 'NONE', #786, #1252 ) ;
#115 = FILL_AREA_STYLE ('',( #761 ) ) ;
#116 = ADVANCED_FACE ( 'NONE', ( #1147 ), #821, .F. ) ;
#117 = DIRECTION ( 'NONE',  ( 0.000000000000000000, 0.000000000000000000, 1.000000000000000000 ) ) ;
#118 = DIRECTION ( 'NONE',  ( 1.000000000000000000, -0.000000000000000000, -0.000000000000000000 ) ) ;
#119 = FILL_AREA_STYLE ('',( #621 ) ) ;
#120 = FACE_OUTER_BOUND ( 'NONE', #1051, .T. ) ;
#121 = SURFACE_STYLE_USAGE ( .BOTH. , #1037 ) ;
#122 = SURFACE_SIDE_STYLE ('',( #518 ) ) ;
#123 = SURFACE_SIDE_STYLE ('',( #625 ) ) ;
#124 = CARTESIAN_POINT ( 'NONE',  ( -0.6080900285679359252, 1.989999999999999991, 1.299242097038262544 ) ) ;
#125 = ORIENTED_EDGE ( 'NONE', *, *, #1327, .T. ) ;
#126 = CARTESIAN_POINT ( 'NONE',  ( 1.270000000000000240, -26.00000000000000000, -0.1999999999999999278 ) ) ;
#127 = DIRECTION ( 'NONE',  ( -0.000000000000000000, 1.000000000000000000, -0.000000000000000000 ) ) ;
#128 = FILL_AREA_STYLE_COLOUR ( '', #58 ) ;
#129 = LINE ( 'NONE', #1018, #300 ) ;
#130 = DIRECTION ( 'NONE',  ( 0.000000000000000000, 0.000000000000000000, 1.000000000000000000 ) ) ;
#131 = EDGE_CURVE ( 'NONE', #180, #429, #1491, .T. ) ;
#132 = DIRECTION ( 'NONE',  ( -1.000000000000000000, 0.000000000000000000, 0.000000000000000000 ) ) ;
#133 = DIRECTION ( 'NONE',  ( -0.000000000000000000, 1.000000000000000000, -0.000000000000000000 ) ) ;
#134 = COLOUR_RGB ( '',0.6941176470588235059, 0.09803921568627450844, 0.09803921568627450844 ) ;
#135 = AXIS2_PLACEMENT_3D ( 'NONE', #1185, #1465, #11 ) ;
#136 =( LENGTH_UNIT ( ) NAMED_UNIT ( * ) SI_UNIT ( .MILLI., .METRE. ) );
#137 = EDGE_CURVE ( 'NONE', #1226, #455, #725, .T. ) ;
#138 = AXIS2_PLACEMENT_3D ( 'NONE', #481, #88, #71 ) ;
#139 = CARTESIAN_POINT ( 'NONE',  ( -1.529740910740642557, 2.024999999999999911, -2.577481332075403292E-16 ) ) ;
#140 = COLOUR_RGB ( '',0.6941176470588235059, 0.09803921568627450844, 0.09803921568627450844 ) ;
#141 = PRESENTATION_STYLE_ASSIGNMENT (( #121 ) ) ;
#142 = CARTESIAN_POINT ( 'NONE',  ( 0.8602504436327109705, 2.000000000000000000, -0.09999999999999996392 ) ) ;
#143 = COLOUR_RGB ( '',0.6941176470588235059, 0.09803921568627450844, 0.09803921568627450844 ) ;
#144 = CARTESIAN_POINT ( 'NONE',  ( -0.7080900285679360140, 2.000000000000000000, -1.749999999999999556 ) ) ;
#145 = DIRECTION ( 'NONE',  ( 0.000000000000000000, -0.000000000000000000, -1.000000000000000000 ) ) ;
#146 = AXIS2_PLACEMENT_3D ( 'NONE', #417, #1453, #287 ) ;
#147 = UNCERTAINTY_MEASURE_WITH_UNIT (LENGTH_MEASURE( 1.000000000000000082E-05 ), #356, 'distance_accuracy_value', 'NONE');
#148 = VERTEX_POINT ( 'NONE', #1338 ) ;
#149 = DIRECTION ( 'NONE',  ( 1.000000000000000000, 0.000000000000000000, -1.882706184525868293E-16 ) ) ;
#150 = CARTESIAN_POINT ( 'NONE',  ( -0.6080900285679359252, 1.989999999999999991, -0.09999999999999996392 ) ) ;
#151 = PLANE ( 'NONE',  #355 ) ;
#152 = CARTESIAN_POINT ( 'NONE',  ( 0.7602504436327108817, 2.000000000000000000, -0.6996210485191314277 ) ) ;
#153 = CARTESIAN_POINT ( 'NONE',  ( 0.8602504436327109705, 1.989999999999999991, -1.499242097038262722 ) ) ;
#154 = DIRECTION ( 'NONE',  ( -0.000000000000000000, 1.000000000000000000, -0.000000000000000000 ) ) ;
#155 = EDGE_LOOP ( 'NONE', ( #1210, #1364, #38, #829 ) ) ;
#156 = ORIENTED_EDGE ( 'NONE', *, *, #1352, .T. ) ;
#157 = PRESENTATION_LAYER_ASSIGNMENT (  '', '', ( #888 ) ) ;
#158 = LINE ( 'NONE', #662, #1163 ) ;
#159 = VECTOR ( 'NONE', #1419, 1000.000000000000000 ) ;
#160 = VECTOR ( 'NONE', #1149, 1000.000000000000000 ) ;
#161 = CARTESIAN_POINT ( 'NONE',  ( 1.270000000000000240, 0.000000000000000000, 3.110602869834277654E-16 ) ) ;
#162 = CARTESIAN_POINT ( 'NONE',  ( 0.7602504436327108817, 2.000000000000000000, 2.710505431213761085E-17 ) ) ;
#163 = ORIENTED_EDGE ( 'NONE', *, *, #63, .T. ) ;
#164 = VECTOR ( 'NONE', #1251, 1000.000000000000000 ) ;
#165 = VECTOR ( 'NONE', #1667, 1000.000000000000000 ) ;
#166 = ORIENTED_EDGE ( 'NONE', *, *, #627, .T. ) ;
#167 = PRESENTATION_LAYER_ASSIGNMENT (  '', '', ( #60 ) ) ;
#168 = EDGE_CURVE ( 'NONE', #818, #1334, #326, .T. ) ;
#169 = DIRECTION ( 'NONE',  ( 0.000000000000000000, 1.000000000000000000, 0.000000000000000000 ) ) ;
#170 = LINE ( 'NONE', #963, #1574 ) ;
#171 = ORIENTED_EDGE ( 'NONE', *, *, #717, .T. ) ;
#172 = VERTEX_POINT ( 'NONE', #984 ) ;
#173 = PRESENTATION_STYLE_ASSIGNMENT (( #1212 ) ) ;
#174 = DIRECTION ( 'NONE',  ( -0.000000000000000000, 0.000000000000000000, 1.000000000000000000 ) ) ;
#175 = VERTEX_POINT ( 'NONE', #952 ) ;
#176 = ORIENTED_EDGE ( 'NONE', *, *, #1327, .F. ) ;
#177 = CARTESIAN_POINT ( 'NONE',  ( -1.269999999999999796, -26.00000000000000000, 0.2000000000000002331 ) ) ;
#178 = CARTESIAN_POINT ( 'NONE',  ( -1.529740910740642557, 2.024999999999999911, -2.577481332075403292E-16 ) ) ;
#179 = EDGE_LOOP ( 'NONE', ( #926, #227, #95, #1237 ) ) ;
#180 = VERTEX_POINT ( 'NONE', #1108 ) ;
#181 = ORIENTED_EDGE ( 'NONE', *, *, #1350, .F. ) ;
#182 = VERTEX_POINT ( 'NONE', #296 ) ;
#183 = LINE ( 'NONE', #1319, #873 ) ;
#184 = AXIS2_PLACEMENT_3D ( 'NONE', #476, #863, #217 ) ;
#185 = ADVANCED_FACE ( 'NONE', ( #318 ), #1088, .F. ) ;
#186 = FILL_AREA_STYLE_COLOUR ( '', #357 ) ;
#187 = CARTESIAN_POINT ( 'NONE',  ( 0.8602504436327109705, 1.989999999999999991, -0.09999999999999996392 ) ) ;
#188 = CIRCLE ( 'NONE', #1254, 0.2499999999999999445 ) ;
#189 = ORIENTED_EDGE ( 'NONE', *, *, #1034, .F. ) ;
#190 = AXIS2_PLACEMENT_3D ( 'NONE', #693, #526, #1597 ) ;
#191 = ORIENTED_EDGE ( 'NONE', *, *, #796, .F. ) ;
#192 = CARTESIAN_POINT ( 'NONE',  ( -0.7080900285679360140, 2.000000000000000000, -0.6996210485191314277 ) ) ;
#193 = CARTESIAN_POINT ( 'NONE',  ( 0.7602504436327108817, 2.000000000000000000, 1.399242097038262633 ) ) ;
#194 = PRESENTATION_LAYER_ASSIGNMENT (  '', '', ( #1418 ) ) ;
#195 =( NAMED_UNIT ( * ) SI_UNIT ( $, .STERADIAN. ) SOLID_ANGLE_UNIT ( ) );
#196 = ORIENTED_EDGE ( 'NONE', *, *, #221, .T. ) ;
#197 = SURFACE_STYLE_USAGE ( .BOTH. , #556 ) ;
#198 = EDGE_CURVE ( 'NONE', #813, #182, #72, .T. ) ;
#199 = ORIENTED_EDGE ( 'NONE', *, *, #840, .F. ) ;
#200 = DIRECTION ( 'NONE',  ( -0.000000000000000000, 1.000000000000000000, -0.000000000000000000 ) ) ;
#201 = PRESENTATION_STYLE_ASSIGNMENT (( #1371 ) ) ;
#202 = ORIENTED_EDGE ( 'NONE', *, *, #1016, .F. ) ;
#203 = LINE ( 'NONE', #81, #841 ) ;
#204 = ORIENTED_EDGE ( 'NONE', *, *, #6, .T. ) ;
#205 = ORIENTED_EDGE ( 'NONE', *, *, #137, .T. ) ;
#206 = DIRECTION ( 'NONE',  ( 0.000000000000000000, -1.000000000000000000, 0.000000000000000000 ) ) ;
#207 = ORIENTED_EDGE ( 'NONE', *, *, #627, .F. ) ;
#208 = ORIENTED_EDGE ( 'NONE', *, *, #91, .F. ) ;
#209 = UNCERTAINTY_MEASURE_WITH_UNIT (LENGTH_MEASURE( 1.000000000000000082E-05 ), #700, 'distance_accuracy_value', 'NONE');
#210 = ADVANCED_FACE ( 'NONE', ( #959 ), #315, .T. ) ;
#211 = CARTESIAN_POINT ( 'NONE',  ( -0.6080900285679359252, 2.000000000000000000, 0.7996210485191312944 ) ) ;
#212 = COLOUR_RGB ( '',1.000000000000000000, 1.000000000000000000, 1.000000000000000000 ) ;
#213 = VERTEX_POINT ( 'NONE', #1478 ) ;
#214 = VERTEX_POINT ( 'NONE', #242 ) ;
#215 = AXIS2_PLACEMENT_3D ( 'NONE', #101, #1249, #1523 ) ;
#216 =( GEOMETRIC_REPRESENTATION_CONTEXT ( 3 ) GLOBAL_UNCERTAINTY_ASSIGNED_CONTEXT ( ( #1238 ) ) GLOBAL_UNIT_ASSIGNED_CONTEXT ( ( #1612, #65, #1206 ) ) REPRESENTATION_CONTEXT ( 'NONE', 'WORKASPACE' ) );
#217 = DIRECTION ( 'NONE',  ( 1.000000000000000000, 0.000000000000000000, 0.000000000000000000 ) ) ;
#218 = PRESENTATION_LAYER_ASSIGNMENT (  '', '', ( #1526 ) ) ;
#219 = CARTESIAN_POINT ( 'NONE',  ( -0.7080900285679360140, 2.000000000000000000, -1.399242097038262855 ) ) ;
#220 = VECTOR ( 'NONE', #133, 1000.000000000000000 ) ;
#221 = EDGE_CURVE ( 'NONE', #1466, #680, #740, .T. ) ;
#222 = CIRCLE ( 'NONE', #706, 0.2000000000000002331 ) ;
#223 = FACE_OUTER_BOUND ( 'NONE', #1652, .T. ) ;
#224 = AXIS2_PLACEMENT_3D ( 'NONE', #411, #1167, #1282 ) ;
#225 = VECTOR ( 'NONE', #620, 1000.000000000000000 ) ;
#226 = FILL_AREA_STYLE ('',( #1442 ) ) ;
#227 = ORIENTED_EDGE ( 'NONE', *, *, #1507, .F. ) ;
#228 = LINE ( 'NONE', #1649, #503 ) ;
#229 = DIRECTION ( 'NONE',  ( -0.000000000000000000, 1.000000000000000000, -0.000000000000000000 ) ) ;
#230 = CARTESIAN_POINT ( 'NONE',  ( 1.270000000000000240, -26.00000000000000000, -0.1999999999999999278 ) ) ;
#231 = CARTESIAN_POINT ( 'NONE',  ( 0.8602504436327109705, 1.989999999999999991, 1.299242097038262544 ) ) ;
#232 =( NAMED_UNIT ( * ) PLANE_ANGLE_UNIT ( ) SI_UNIT ( $, .RADIAN. ) );
#233 = ORIENTED_EDGE ( 'NONE', *, *, #1410, .F. ) ;
#234 = FACE_OUTER_BOUND ( 'NONE', #709, .T. ) ;
#235 = DIRECTION ( 'NONE',  ( 0.000000000000000000, 0.000000000000000000, -1.000000000000000000 ) ) ;
#236 = DIRECTION ( 'NONE',  ( 0.000000000000000000, 0.000000000000000000, 1.000000000000000000 ) ) ;
#237 = CARTESIAN_POINT ( 'NONE',  ( -0.6080900285679359252, 2.000000000000000000, 1.299242097038262544 ) ) ;
#238 = EDGE_CURVE ( 'NONE', #588, #542, #381, .T. ) ;
#239 = EDGE_LOOP ( 'NONE', ( #670, #822, #732, #592 ) ) ;
#240 = EDGE_CURVE ( 'NONE', #1663, #1499, #1384, .T. ) ;
#241 =( NAMED_UNIT ( * ) SI_UNIT ( $, .STERADIAN. ) SOLID_ANGLE_UNIT ( ) );
#242 = CARTESIAN_POINT ( 'NONE',  ( 1.270000000000000240, 0.000000000000000000, -0.1999999999999999278 ) ) ;
#243 =( GEOMETRIC_REPRESENTATION_CONTEXT ( 3 ) GLOBAL_UNCERTAINTY_ASSIGNED_CONTEXT ( ( #209 ) ) GLOBAL_UNIT_ASSIGNED_CONTEXT ( ( #700, #59, #1007 ) ) REPRESENTATION_CONTEXT ( 'NONE', 'WORKASPACE' ) );
#244 = FACE_OUTER_BOUND ( 'NONE', #549, .T. ) ;
#245 =( NAMED_UNIT ( * ) PLANE_ANGLE_UNIT ( ) SI_UNIT ( $, .RADIAN. ) );
#246 = AXIS2_PLACEMENT_3D ( 'NONE', #1475, #1483, #930 ) ;
#247 = CIRCLE ( 'NONE', #20, 0.2000000000000002331 ) ;
#248 = LINE ( 'NONE', #402, #1362 ) ;
#249 = LINE ( 'NONE', #766, #1658 ) ;
#250 = STYLED_ITEM ( 'NONE', ( #1461 ), #976 ) ;
#251 = STYLED_ITEM ( 'NONE', ( #1629 ), #1285 ) ;
#252 = CARTESIAN_POINT ( 'NONE',  ( -0.7080900285679360140, 1.989999999999999991, 1.399242097038262633 ) ) ;
#253 = DIRECTION ( 'NONE',  ( -1.000000000000000000, 0.000000000000000000, 0.000000000000000000 ) ) ;
#254 =( GEOMETRIC_REPRESENTATION_CONTEXT ( 3 ) GLOBAL_UNCERTAINTY_ASSIGNED_CONTEXT ( ( #281 ) ) GLOBAL_UNIT_ASSIGNED_CONTEXT ( ( #943, #688, #1581 ) ) REPRESENTATION_CONTEXT ( 'NONE', 'WORKASPACE' ) );
#255 = CARTESIAN_POINT ( 'NONE',  ( 0.8602504436327109705, 2.000000000000000000, 1.299242097038262544 ) ) ;
#256 = DIRECTION ( 'NONE',  ( -0.000000000000000000, -0.000000000000000000, 1.000000000000000000 ) ) ;
#257 = ORIENTED_EDGE ( 'NONE', *, *, #521, .F. ) ;
#258 = DIRECTION ( 'NONE',  ( 1.000000000000000000, -0.000000000000000000, -0.000000000000000000 ) ) ;
#259 = DIRECTION ( 'NONE',  ( 0.000000000000000000, -1.000000000000000000, -0.000000000000000000 ) ) ;
#260 = CARTESIAN_POINT ( 'NONE',  ( -0.7080900285679360140, 1.989999999999999991, -1.749999999999999556 ) ) ;
#261 =( NAMED_UNIT ( * ) SI_UNIT ( $, .STERADIAN. ) SOLID_ANGLE_UNIT ( ) );
#262 = CARTESIAN_POINT ( 'NONE',  ( 1.270000000000000240, -26.00000000000000000, 3.110602869834277654E-16 ) ) ;
#263 = LINE ( 'NONE', #911, #646 ) ;
#264 = PLANE ( 'NONE',  #276 ) ;
#265 = SURFACE_SIDE_STYLE ('',( #1687 ) ) ;
#266 =( NAMED_UNIT ( * ) PLANE_ANGLE_UNIT ( ) SI_UNIT ( $, .RADIAN. ) );
#267 = CARTESIAN_POINT ( 'NONE',  ( 0.7602504436327108817, 1.989999999999999991, 1.399242097038262633 ) ) ;
#268 = DIRECTION ( 'NONE',  ( 0.000000000000000000, 0.000000000000000000, 1.000000000000000000 ) ) ;
#269 = CARTESIAN_POINT ( 'NONE',  ( -1.269999999999999796, -26.00000000000000000, 0.000000000000000000 ) ) ;
#270 = ORIENTED_EDGE ( 'NONE', *, *, #1044, .F. ) ;
#271 = CARTESIAN_POINT ( 'NONE',  ( -1.151748670500643668, 2.000000000000000000, 1.750000000000000222 ) ) ;
#272 = CARTESIAN_POINT ( 'NONE',  ( -0.7080900285679360140, 1.989999999999999991, -0.6996210485191314277 ) ) ;
#273 = COLOUR_RGB ( '',0.6941176470588235059, 0.09803921568627450844, 0.09803921568627450844 ) ;
#274 = EDGE_CURVE ( 'NONE', #30, #859, #460, .T. ) ;
#275 = MECHANICAL_DESIGN_GEOMETRIC_PRESENTATION_REPRESENTATION (  '', ( #1189 ), #464 ) ;
#276 = AXIS2_PLACEMENT_3D ( 'NONE', #282, #1295, #1563 ) ;
#277 = DIRECTION ( 'NONE',  ( -0.000000000000000000, -0.000000000000000000, 1.000000000000000000 ) ) ;
#278 = COLOUR_RGB ( '',1.000000000000000000, 1.000000000000000000, 1.000000000000000000 ) ;
#279 = AXIS2_PLACEMENT_3D ( 'NONE', #1307, #1172, #500 ) ;
#280 = LINE ( 'NONE', #1425, #159 ) ;
#281 = UNCERTAINTY_MEASURE_WITH_UNIT (LENGTH_MEASURE( 1.000000000000000082E-05 ), #943, 'distance_accuracy_value', 'NONE');
#282 = CARTESIAN_POINT ( 'NONE',  ( -1.151748670500643668, 2.000000000000000000, 1.750000000000000222 ) ) ;
#283 = ADVANCED_FACE ( 'NONE', ( #234 ), #1530, .F. ) ;
#284 = CARTESIAN_POINT ( 'NONE',  ( -1.269999999999999796, -26.00000000000000000, -0.2000000000000002331 ) ) ;
#285 = CARTESIAN_POINT ( 'NONE',  ( 0.8602504436327109705, 1.989999999999999991, 1.750000000000000222 ) ) ;
#286 = ORIENTED_EDGE ( 'NONE', *, *, #1426, .F. ) ;
#287 = DIRECTION ( 'NONE',  ( 1.000000000000000000, 0.000000000000000000, 0.000000000000000000 ) ) ;
#288 = DIRECTION ( 'NONE',  ( -1.000000000000000000, 0.000000000000000000, -0.000000000000000000 ) ) ;
#289 = DIRECTION ( 'NONE',  ( -0.000000000000000000, 1.000000000000000000, -0.000000000000000000 ) ) ;
#290 = ADVANCED_FACE ( 'NONE', ( #85 ), #1376, .F. ) ;
#291 = FACE_OUTER_BOUND ( 'NONE', #1209, .T. ) ;
#292 = CARTESIAN_POINT ( 'NONE',  ( 0.000000000000000000, 0.000000000000000000, 1.559607849419712988E-16 ) ) ;
#293 = LINE ( 'NONE', #554, #299 ) ;
#294 = ORIENTED_EDGE ( 'NONE', *, *, #370, .F. ) ;
#295 = EDGE_CURVE ( 'NONE', #345, #1663, #1650, .T. ) ;
#296 = CARTESIAN_POINT ( 'NONE',  ( 0.8602504436327109705, 1.989999999999999991, -0.5996210485191313388 ) ) ;
#297 = VECTOR ( 'NONE', #1672, 1000.000000000000000 ) ;
#298 = CARTESIAN_POINT ( 'NONE',  ( 0.8602504436327109705, 2.000000000000000000, -1.499242097038262722 ) ) ;
#299 = VECTOR ( 'NONE', #1218, 1000.000000000000000 ) ;
#300 = VECTOR ( 'NONE', #1678, 1000.000000000000000 ) ;
#301 = CARTESIAN_POINT ( 'NONE',  ( 0.7602504436327108817, 1.989999999999999991, -0.6996210485191314277 ) ) ;
#302 = CARTESIAN_POINT ( 'NONE',  ( 0.8602504436327109705, 2.000000000000000000, -0.09999999999999996392 ) ) ;
#303 =( GEOMETRIC_REPRESENTATION_CONTEXT ( 3 ) GLOBAL_UNCERTAINTY_ASSIGNED_CONTEXT ( ( #918 ) ) GLOBAL_UNIT_ASSIGNED_CONTEXT ( ( #1100, #758, #1140 ) ) REPRESENTATION_CONTEXT ( 'NONE', 'WORKASPACE' ) );
#304 = ORIENTED_EDGE ( 'NONE', *, *, #106, .F. ) ;
#305 =( GEOMETRIC_REPRESENTATION_CONTEXT ( 3 ) GLOBAL_UNCERTAINTY_ASSIGNED_CONTEXT ( ( #933 ) ) GLOBAL_UNIT_ASSIGNED_CONTEXT ( ( #136, #266, #783 ) ) REPRESENTATION_CONTEXT ( 'NONE', 'WORKASPACE' ) );
#306 = CIRCLE ( 'NONE', #1260, 0.2000000000000002331 ) ;
#307 = FILL_AREA_STYLE ('',( #849 ) ) ;
#308 = ORIENTED_EDGE ( 'NONE', *, *, #721, .F. ) ;
#309 = ORIENTED_EDGE ( 'NONE', *, *, #1146, .F. ) ;
#310 = LINE ( 'NONE', #1456, #1506 ) ;
#311 = LINE ( 'NONE', #1341, #1002 ) ;
#312 = CARTESIAN_POINT ( 'NONE',  ( -0.7080900285679360140, 1.989999999999999991, -0.6996210485191314277 ) ) ;
#313 = ORIENTED_EDGE ( 'NONE', *, *, #1137, .F. ) ;
#314 = EDGE_LOOP ( 'NONE', ( #1194, #257, #1118, #1402 ) ) ;
#315 = SPHERICAL_SURFACE ( 'NONE', #1000, 0.3625000000000003220 ) ;
#316 = VERTEX_POINT ( 'NONE', #1679 ) ;
#317 = UNCERTAINTY_MEASURE_WITH_UNIT (LENGTH_MEASURE( 1.000000000000000082E-05 ), #1538, 'distance_accuracy_value', 'NONE');
#318 = FACE_OUTER_BOUND ( 'NONE', #1003, .T. ) ;
#319 = VERTEX_POINT ( 'NONE', #924 ) ;
#320 = ORIENTED_EDGE ( 'NONE', *, *, #1191, .T. ) ;
#321 = SURFACE_STYLE_FILL_AREA ( #1083 ) ;
#322 = DIRECTION ( 'NONE',  ( 0.000000000000000000, -0.000000000000000000, 1.000000000000000000 ) ) ;
#323 = DIRECTION ( 'NONE',  ( -0.000000000000000000, 1.000000000000000000, -0.000000000000000000 ) ) ;
#324 = EDGE_LOOP ( 'NONE', ( #945, #965, #1518, #325 ) ) ;
#325 = ORIENTED_EDGE ( 'NONE', *, *, #589, .T. ) ;
#326 = LINE ( 'NONE', #450, #837 ) ;
#327 = PLANE ( 'NONE',  #488 ) ;
#328 = VECTOR ( 'NONE', #94, 1000.000000000000000 ) ;
#329 = PRESENTATION_STYLE_ASSIGNMENT (( #1620 ) ) ;
#330 = FILL_AREA_STYLE ('',( #75 ) ) ;
#331 = VERTEX_POINT ( 'NONE', #1550 ) ;
#332 = PRESENTATION_LAYER_ASSIGNMENT (  '', '', ( #89 ) ) ;
#333 = ORIENTED_EDGE ( 'NONE', *, *, #348, .F. ) ;
#334 = ORIENTED_EDGE ( 'NONE', *, *, #390, .F. ) ;
#335 = VECTOR ( 'NONE', #1150, 1000.000000000000000 ) ;
#336 = CARTESIAN_POINT ( 'NONE',  ( -0.7080900285679360140, 1.989999999999999991, 2.710505431213761085E-17 ) ) ;
#337 = SURFACE_STYLE_FILL_AREA ( #307 ) ;
#338 =( GEOMETRIC_REPRESENTATION_CONTEXT ( 3 ) GLOBAL_UNCERTAINTY_ASSIGNED_CONTEXT ( ( #1471 ) ) GLOBAL_UNIT_ASSIGNED_CONTEXT ( ( #950, #1337, #1079 ) ) REPRESENTATION_CONTEXT ( 'NONE', 'WORKASPACE' ) );
#339 = ORIENTED_EDGE ( 'NONE', *, *, #951, .F. ) ;
#340 = EDGE_CURVE ( 'NONE', #175, #1553, #590, .T. ) ;
#341 = ORIENTED_EDGE ( 'NONE', *, *, #855, .F. ) ;
#342 = VERTEX_POINT ( 'NONE', #267 ) ;
#343 = ORIENTED_EDGE ( 'NONE', *, *, #1097, .T. ) ;
#344 = PRESENTATION_STYLE_ASSIGNMENT (( #1265 ) ) ;
#345 = VERTEX_POINT ( 'NONE', #260 ) ;
#346 = FILL_AREA_STYLE_COLOUR ( '', #886 ) ;
#347 = PRESENTATION_STYLE_ASSIGNMENT (( #1644 ) ) ;
#348 = EDGE_CURVE ( 'NONE', #1028, #813, #1141, .T. ) ;
#349 = LINE ( 'NONE', #79, #815 ) ;
#350 = LINE ( 'NONE', #875, #1166 ) ;
#351 = CLOSED_SHELL ( 'NONE', ( #1235, #1521, #679, #1534, #568, #1063, #922, #1599, #936, #1566, #820, #1054, #1216, #480, #68, #437, #1434, #113, #747, #906, #1285, #185, #586, #976, #283, #1464, #1168, #772, #40, #290, #876, #755, #419, #116, #1377, #1297, #1690, #1287, #1106, #1313, #996, #210 ) ) ;
#352 = DIRECTION ( 'NONE',  ( 0.000000000000000000, 0.000000000000000000, 1.000000000000000000 ) ) ;
#353 = ORIENTED_EDGE ( 'NONE', *, *, #473, .T. ) ;
#354 = PRESENTATION_LAYER_ASSIGNMENT (  '', '', ( #1386 ) ) ;
#355 = AXIS2_PLACEMENT_3D ( 'NONE', #1310, #899, #1026 ) ;
#356 =( LENGTH_UNIT ( ) NAMED_UNIT ( * ) SI_UNIT ( .MILLI., .METRE. ) );
#357 = COLOUR_RGB ( '',0.6941176470588235059, 0.09803921568627450844, 0.09803921568627450844 ) ;
#358 = LINE ( 'NONE', #219, #1113 ) ;
#359 = VECTOR ( 'NONE', #1239, 1000.000000000000000 ) ;
#360 = STYLED_ITEM ( 'NONE', ( #495 ), #1297 ) ;
#361 = EDGE_CURVE ( 'NONE', #1468, #331, #1577, .T. ) ;
#362 = PLANE ( 'NONE',  #676 ) ;
#363 = VECTOR ( 'NONE', #961, 1000.000000000000000 ) ;
#364 = ORIENTED_EDGE ( 'NONE', *, *, #1548, .F. ) ;
#365 = FILL_AREA_STYLE_COLOUR ( '', #1076 ) ;
#366 = PRODUCT_DEFINITION ( 'UNKNOWN', '', #602, #1105 ) ;
#367 = CARTESIAN_POINT ( 'NONE',  ( -0.7080900285679360140, 1.989999999999999991, 1.399242097038262633 ) ) ;
#368 = DIRECTION ( 'NONE',  ( -0.000000000000000000, 1.000000000000000000, -0.000000000000000000 ) ) ;
#369 = SURFACE_STYLE_FILL_AREA ( #119 ) ;
#370 = EDGE_CURVE ( 'NONE', #1466, #1232, #114, .T. ) ;
#371 = SURFACE_STYLE_USAGE ( .BOTH. , #1661 ) ;
#372 = ORIENTED_EDGE ( 'NONE', *, *, #831, .T. ) ;
#373 = FILL_AREA_STYLE_COLOUR ( '', #1497 ) ;
#374 = PRESENTATION_STYLE_ASSIGNMENT (( #491 ) ) ;
#375 = CARTESIAN_POINT ( 'NONE',  ( -0.6080900285679359252, 1.989999999999999991, -1.749999999999999556 ) ) ;
#376 = CARTESIAN_POINT ( 'NONE',  ( -1.269999999999999796, -26.00000000000000000, 0.000000000000000000 ) ) ;
#377 = DIRECTION ( 'NONE',  ( 1.000000000000000000, 0.000000000000000000, 0.000000000000000000 ) ) ;
#378 = FACE_OUTER_BOUND ( 'NONE', #1593, .T. ) ;
#379 =( LENGTH_UNIT ( ) NAMED_UNIT ( * ) SI_UNIT ( .MILLI., .METRE. ) );
#380 = STYLED_ITEM ( 'NONE', ( #720 ), #73 ) ;
#381 = CIRCLE ( 'NONE', #215, 2.095000000000000195 ) ;
#382 = LINE ( 'NONE', #152, #483 ) ;
#383 = AXIS2_PLACEMENT_3D ( 'NONE', #1315, #424, #938 ) ;
#384 = VERTEX_POINT ( 'NONE', #414 ) ;
#385 = FACE_OUTER_BOUND ( 'NONE', #1509, .T. ) ;
#386 = COLOUR_RGB ( '',0.6941176470588235059, 0.09803921568627450844, 0.09803921568627450844 ) ;
#387 = MECHANICAL_DESIGN_GEOMETRIC_PRESENTATION_REPRESENTATION (  '', ( #1392 ), #1328 ) ;
#388 = VECTOR ( 'NONE', #458, 1000.000000000000000 ) ;
#389 = FILL_AREA_STYLE ('',( #1019 ) ) ;
#390 = EDGE_CURVE ( 'NONE', #1393, #1466, #655, .T. ) ;
#391 = DIRECTION ( 'NONE',  ( -0.000000000000000000, 1.000000000000000000, -0.000000000000000000 ) ) ;
#392 = ORIENTED_EDGE ( 'NONE', *, *, #470, .T. ) ;
#393 = ORIENTED_EDGE ( 'NONE', *, *, #528, .T. ) ;
#394 = DIRECTION ( 'NONE',  ( -0.000000000000000000, 1.000000000000000000, -0.000000000000000000 ) ) ;
#395 = CARTESIAN_POINT ( 'NONE',  ( -0.7080900285679360140, 1.989999999999999991, 1.399242097038262633 ) ) ;
#396 = SURFACE_STYLE_USAGE ( .BOTH. , #1436 ) ;
#397 = DIRECTION ( 'NONE',  ( -1.000000000000000000, 0.000000000000000000, -0.000000000000000000 ) ) ;
#398 = EDGE_CURVE ( 'NONE', #551, #576, #1424, .T. ) ;
#399 = LINE ( 'NONE', #1304, #1162 ) ;
#400 = UNCERTAINTY_MEASURE_WITH_UNIT (LENGTH_MEASURE( 1.000000000000000082E-05 ), #814, 'distance_accuracy_value', 'NONE');
#401 = ORIENTED_EDGE ( 'NONE', *, *, #348, .T. ) ;
#402 = CARTESIAN_POINT ( 'NONE',  ( 0.7602504436327108817, 1.989999999999999991, 1.399242097038262633 ) ) ;
#403 = EDGE_CURVE ( 'NONE', #1, #1028, #1415, .T. ) ;
#404 = PRESENTATION_STYLE_ASSIGNMENT (( #396 ) ) ;
#405 =( NAMED_UNIT ( * ) PLANE_ANGLE_UNIT ( ) SI_UNIT ( $, .RADIAN. ) );
#406 = CARTESIAN_POINT ( 'NONE',  ( -0.6080900285679359252, 2.000000000000000000, -1.749999999999999556 ) ) ;
#407 = VECTOR ( 'NONE', #1080, 1000.000000000000000 ) ;
#408 = SURFACE_SIDE_STYLE ('',( #36 ) ) ;
#409 = CARTESIAN_POINT ( 'NONE',  ( 1.151748670500643890, 2.000000000000000000, 1.749999999999999778 ) ) ;
#410 = AXIS2_PLACEMENT_3D ( 'NONE', #1342, #323, #695 ) ;
#411 = CARTESIAN_POINT ( 'NONE',  ( 1.529740910740642557, 1.762499999999999512, 1.213486482244503005E-16 ) ) ;
#412 = DIRECTION ( 'NONE',  ( -0.000000000000000000, -1.000000000000000000, -0.000000000000000000 ) ) ;
#413 = DIRECTION ( 'NONE',  ( 0.000000000000000000, 0.000000000000000000, -1.000000000000000000 ) ) ;
#414 = CARTESIAN_POINT ( 'NONE',  ( -1.269999999999999796, 0.000000000000000000, 0.2000000000000002331 ) ) ;
#415 = PRESENTATION_LAYER_ASSIGNMENT (  '', '', ( #712 ) ) ;
#416 = DIRECTION ( 'NONE',  ( 0.000000000000000000, 1.000000000000000000, 0.000000000000000000 ) ) ;
#417 = CARTESIAN_POINT ( 'NONE',  ( 0.000000000000000000, 0.000000000000000000, 0.000000000000000000 ) ) ;
#418 = DIRECTION ( 'NONE',  ( 0.000000000000000000, 0.000000000000000000, -1.000000000000000000 ) ) ;
#419 = ADVANCED_FACE ( 'NONE', ( #527 ), #151, .F. ) ;
#420 = FACE_OUTER_BOUND ( 'NONE', #1126, .T. ) ;
#421 = ORIENTED_EDGE ( 'NONE', *, *, #106, .T. ) ;
#422 = ORIENTED_EDGE ( 'NONE', *, *, #855, .T. ) ;
#423 = FILL_AREA_STYLE_COLOUR ( '', #143 ) ;
#424 = DIRECTION ( 'NONE',  ( 0.000000000000000000, -1.000000000000000000, 0.000000000000000000 ) ) ;
#425 = EDGE_LOOP ( 'NONE', ( #1476, #1219, #819, #828, #1421, #1182, #466, #339, #199, #1073, #191, #1594, #462, #1266 ) ) ;
#426 = EDGE_LOOP ( 'NONE', ( #93, #446 ) ) ;
#427 = UNCERTAINTY_MEASURE_WITH_UNIT (LENGTH_MEASURE( 1.000000000000000082E-05 ), #1027, 'distance_accuracy_value', 'NONE');
#428 = STYLED_ITEM ( 'NONE', ( #731 ), #40 ) ;
#429 = VERTEX_POINT ( 'NONE', #647 ) ;
#430 = STYLED_ITEM ( 'NONE', ( #347 ), #283 ) ;
#431 = VECTOR ( 'NONE', #771, 1000.000000000000000 ) ;
#432 = VECTOR ( 'NONE', #1449, 1000.000000000000000 ) ;
#433 = EDGE_CURVE ( 'NONE', #87, #1317, #1177, .T. ) ;
#434 = AXIS2_PLACEMENT_3D ( 'NONE', #1165, #3, #1685 ) ;
#435 = DIRECTION ( 'NONE',  ( 0.000000000000000000, 1.000000000000000000, -0.000000000000000000 ) ) ;
#436 = CIRCLE ( 'NONE', #1394, 0.2499999999999999445 ) ;
#437 = ADVANCED_FACE ( 'NONE', ( #1159 ), #496, .F. ) ;
#438 =( GEOMETRIC_REPRESENTATION_CONTEXT ( 3 ) GLOBAL_UNCERTAINTY_ASSIGNED_CONTEXT ( ( #968 ) ) GLOBAL_UNIT_ASSIGNED_CONTEXT ( ( #746, #1504, #1241 ) ) REPRESENTATION_CONTEXT ( 'NONE', 'WORKASPACE' ) );
#439 = CARTESIAN_POINT ( 'NONE',  ( 0.8602504436327109705, 1.989999999999999991, 1.750000000000000222 ) ) ;
#440 = DIRECTION ( 'NONE',  ( -0.000000000000000000, 1.000000000000000000, -0.000000000000000000 ) ) ;
#441 = ORIENTED_EDGE ( 'NONE', *, *, #1626, .T. ) ;
#442 = ORIENTED_EDGE ( 'NONE', *, *, #1059, .T. ) ;
#443 = LINE ( 'NONE', #177, #710 ) ;
#444 = FACE_BOUND ( 'NONE', #713, .T. ) ;
#445 = DIRECTION ( 'NONE',  ( -0.000000000000000000, -0.000000000000000000, 1.000000000000000000 ) ) ;
#446 = ORIENTED_EDGE ( 'NONE', *, *, #1178, .T. ) ;
#447 = SURFACE_SIDE_STYLE ('',( #1614 ) ) ;
#448 = ORIENTED_EDGE ( 'NONE', *, *, #988, .F. ) ;
#449 = EDGE_CURVE ( 'NONE', #384, #46, #1657, .T. ) ;
#450 = CARTESIAN_POINT ( 'NONE',  ( 0.8602504436327109705, 2.000000000000000000, -0.5996210485191313388 ) ) ;
#451 = DIRECTION ( 'NONE',  ( 0.000000000000000000, 0.000000000000000000, 1.000000000000000000 ) ) ;
#452 = CARTESIAN_POINT ( 'NONE',  ( 0.7602504436327108817, 1.989999999999999991, 1.750000000000000222 ) ) ;
#453 = ORIENTED_EDGE ( 'NONE', *, *, #654, .F. ) ;
#454 = FACE_OUTER_BOUND ( 'NONE', #426, .T. ) ;
#455 = VERTEX_POINT ( 'NONE', #162 ) ;
#456 =( LENGTH_UNIT ( ) NAMED_UNIT ( * ) SI_UNIT ( .MILLI., .METRE. ) );
#457 = VERTEX_POINT ( 'NONE', #312 ) ;
#458 = DIRECTION ( 'NONE',  ( -0.000000000000000000, 1.000000000000000000, -0.000000000000000000 ) ) ;
#459 = VECTOR ( 'NONE', #697, 1000.000000000000000 ) ;
#460 = CIRCLE ( 'NONE', #1271, 0.2000000000000002331 ) ;
#461 = PLANE ( 'NONE',  #1224 ) ;
#462 = ORIENTED_EDGE ( 'NONE', *, *, #1590, .T. ) ;
#463 = DIRECTION ( 'NONE',  ( 1.000000000000000000, 0.000000000000000000, 0.000000000000000000 ) ) ;
#464 =( GEOMETRIC_REPRESENTATION_CONTEXT ( 3 ) GLOBAL_UNCERTAINTY_ASSIGNED_CONTEXT ( ( #559 ) ) GLOBAL_UNIT_ASSIGNED_CONTEXT ( ( #1114, #501, #962 ) ) REPRESENTATION_CONTEXT ( 'NONE', 'WORKASPACE' ) );
#465 = DIRECTION ( 'NONE',  ( 1.000000000000000000, 0.000000000000000000, 0.000000000000000000 ) ) ;
#466 = ORIENTED_EDGE ( 'NONE', *, *, #1253, .F. ) ;
#467 = UNCERTAINTY_MEASURE_WITH_UNIT (LENGTH_MEASURE( 1.000000000000000082E-05 ), #534, 'distance_accuracy_value', 'NONE');
#468 = MECHANICAL_DESIGN_GEOMETRIC_PRESENTATION_REPRESENTATION (  '', ( #360 ), #305 ) ;
#469 = DIRECTION ( 'NONE',  ( 0.000000000000000000, 0.000000000000000000, -1.000000000000000000 ) ) ;
#470 = EDGE_CURVE ( 'NONE', #698, #316, #293, .T. ) ;
#471 = VECTOR ( 'NONE', #472, 1000.000000000000000 ) ;
#472 = DIRECTION ( 'NONE',  ( -0.000000000000000000, 1.000000000000000000, -0.000000000000000000 ) ) ;
#473 = EDGE_CURVE ( 'NONE', #1636, #932, #737, .T. ) ;
#474 = ORIENTED_EDGE ( 'NONE', *, *, #889, .F. ) ;
#475 = SURFACE_STYLE_FILL_AREA ( #67 ) ;
#476 = CARTESIAN_POINT ( 'NONE',  ( -0.6080900285679359252, 1.989999999999999991, -0.5996210485191313388 ) ) ;
#477 = SURFACE_STYLE_FILL_AREA ( #1107 ) ;
#478 = ORIENTED_EDGE ( 'NONE', *, *, #1479, .T. ) ;
#479 = CARTESIAN_POINT ( 'NONE',  ( -0.7080900285679360140, 1.989999999999999991, -1.399242097038262855 ) ) ;
#480 = ADVANCED_FACE ( 'NONE', ( #824 ), #1200, .T. ) ;
#481 = CARTESIAN_POINT ( 'NONE',  ( 1.529740910740642557, 2.024999999999999911, 1.213486482244503005E-16 ) ) ;
#482 = VERTEX_POINT ( 'NONE', #33 ) ;
#483 = VECTOR ( 'NONE', #893, 1000.000000000000000 ) ;
#484 = DIRECTION ( 'NONE',  ( 0.000000000000000000, 1.000000000000000000, 0.000000000000000000 ) ) ;
#485 = VECTOR ( 'NONE', #885, 1000.000000000000000 ) ;
#486 = CARTESIAN_POINT ( 'NONE',  ( 0.7602504436327108817, 1.989999999999999991, -0.6996210485191314277 ) ) ;
#487 = DIRECTION ( 'NONE',  ( 0.000000000000000000, 0.000000000000000000, 1.000000000000000000 ) ) ;
#488 = AXIS2_PLACEMENT_3D ( 'NONE', #537, #1583, #418 ) ;
#489 = COLOUR_RGB ( '',1.000000000000000000, 1.000000000000000000, 1.000000000000000000 ) ;
#490 = ORIENTED_EDGE ( 'NONE', *, *, #874, .F. ) ;
#491 = SURFACE_STYLE_USAGE ( .BOTH. , #587 ) ;
#492 = CARTESIAN_POINT ( 'NONE',  ( -0.6080900285679359252, 1.989999999999999991, -1.499242097038262722 ) ) ;
#493 = DIRECTION ( 'NONE',  ( 0.000000000000000000, 0.000000000000000000, -1.000000000000000000 ) ) ;
#494 = SURFACE_STYLE_FILL_AREA ( #1670 ) ;
#495 = PRESENTATION_STYLE_ASSIGNMENT (( #622 ) ) ;
#496 = PLANE ( 'NONE',  #19 ) ;
#497 = LINE ( 'NONE', #773, #335 ) ;
#498 = EDGE_CURVE ( 'NONE', #667, #319, #567, .T. ) ;
#499 = EDGE_LOOP ( 'NONE', ( #1190, #1179, #474, #1061, #341, #716, #994, #69, #1512, #364, #313, #1514, #8, #987 ) ) ;
#500 = DIRECTION ( 'NONE',  ( 0.000000000000000000, -0.000000000000000000, 1.000000000000000000 ) ) ;
#501 =( NAMED_UNIT ( * ) PLANE_ANGLE_UNIT ( ) SI_UNIT ( $, .RADIAN. ) );
#502 = EDGE_CURVE ( 'NONE', #342, #599, #548, .T. ) ;
#503 = VECTOR ( 'NONE', #1263, 1000.000000000000000 ) ;
#504 = VECTOR ( 'NONE', #229, 1000.000000000000000 ) ;
#505 = VECTOR ( 'NONE', #624, 1000.000000000000000 ) ;
#506 = VECTOR ( 'NONE', #1320, 1000.000000000000000 ) ;
#507 = DIRECTION ( 'NONE',  ( 0.000000000000000000, 0.000000000000000000, -1.000000000000000000 ) ) ;
#508 = VECTOR ( 'NONE', #794, 1000.000000000000000 ) ;
#509 = DIRECTION ( 'NONE',  ( -1.000000000000000000, 0.000000000000000000, 0.000000000000000000 ) ) ;
#510 = CIRCLE ( 'NONE', #1230, 2.095000000000000195 ) ;
#511 = EDGE_CURVE ( 'NONE', #1515, #687, #833, .T. ) ;
#512 =( NAMED_UNIT ( * ) PLANE_ANGLE_UNIT ( ) SI_UNIT ( $, .RADIAN. ) );
#513 = DIRECTION ( 'NONE',  ( 0.000000000000000000, 0.000000000000000000, -1.000000000000000000 ) ) ;
#514 = CARTESIAN_POINT ( 'NONE',  ( 1.270000000000000240, -26.00000000000000000, 3.110602869834277654E-16 ) ) ;
#515 = DIRECTION ( 'NONE',  ( -0.000000000000000000, -1.000000000000000000, -0.000000000000000000 ) ) ;
#516 = DIRECTION ( 'NONE',  ( 0.000000000000000000, 0.000000000000000000, -1.000000000000000000 ) ) ;
#517 =( NAMED_UNIT ( * ) PLANE_ANGLE_UNIT ( ) SI_UNIT ( $, .RADIAN. ) );
#518 = SURFACE_STYLE_FILL_AREA ( #1450 ) ;
#519 = CARTESIAN_POINT ( 'NONE',  ( 0.7602504436327108817, 1.989999999999999991, 1.750000000000000222 ) ) ;
#520 = CYLINDRICAL_SURFACE ( 'NONE', #1276, 0.2499999999999999445 ) ;
#521 = EDGE_CURVE ( 'NONE', #1, #551, #801, .T. ) ;
#522 = ORIENTED_EDGE ( 'NONE', *, *, #796, .T. ) ;
#523 = LINE ( 'NONE', #271, #1136 ) ;
#524 = CARTESIAN_POINT ( 'NONE',  ( -0.6080900285679359252, 1.989999999999999991, -0.5996210485191313388 ) ) ;
#525 = FILL_AREA_STYLE ('',( #653 ) ) ;
#526 = DIRECTION ( 'NONE',  ( -0.000000000000000000, 0.000000000000000000, -1.000000000000000000 ) ) ;
#527 = FACE_OUTER_BOUND ( 'NONE', #314, .T. ) ;
#528 = EDGE_CURVE ( 'NONE', #1207, #345, #1592, .T. ) ;
#529 =( GEOMETRIC_REPRESENTATION_CONTEXT ( 3 ) GLOBAL_UNCERTAINTY_ASSIGNED_CONTEXT ( ( #1211 ) ) GLOBAL_UNIT_ASSIGNED_CONTEXT ( ( #1510, #1103, #949 ) ) REPRESENTATION_CONTEXT ( 'NONE', 'WORKASPACE' ) );
#530 = CARTESIAN_POINT ( 'NONE',  ( 0.7602504436327108817, 1.989999999999999991, 1.399242097038262633 ) ) ;
#531 = VECTOR ( 'NONE', #440, 1000.000000000000000 ) ;
#532 = ORIENTED_EDGE ( 'NONE', *, *, #861, .F. ) ;
#533 = EDGE_CURVE ( 'NONE', #1207, #687, #170, .T. ) ;
#534 =( LENGTH_UNIT ( ) NAMED_UNIT ( * ) SI_UNIT ( .MILLI., .METRE. ) );
#535 = SURFACE_STYLE_FILL_AREA ( #1181 ) ;
#536 = AXIS2_PLACEMENT_3D ( 'NONE', #178, #435, #51 ) ;
#537 = CARTESIAN_POINT ( 'NONE',  ( -0.6080900285679359252, 1.989999999999999991, 1.299242097038262544 ) ) ;
#538 = AXIS2_PLACEMENT_3D ( 'NONE', #934, #288, #1290 ) ;
#539 = VECTOR ( 'NONE', #1143, 1000.000000000000000 ) ;
#540 = FACE_OUTER_BOUND ( 'NONE', #1378, .T. ) ;
#541 = DIRECTION ( 'NONE',  ( 0.000000000000000000, 1.000000000000000000, 0.000000000000000000 ) ) ;
#542 = VERTEX_POINT ( 'NONE', #817 ) ;
#543 = VECTOR ( 'NONE', #1532, 1000.000000000000000 ) ;
#544 = UNCERTAINTY_MEASURE_WITH_UNIT (LENGTH_MEASURE( 1.000000000000000082E-05 ), #456, 'distance_accuracy_value', 'NONE');
#545 = SURFACE_STYLE_USAGE ( .BOTH. , #408 ) ;
#546 = CARTESIAN_POINT ( 'NONE',  ( 0.8602504436327109705, 2.000000000000000000, 0.7996210485191312944 ) ) ;
#547 = EDGE_CURVE ( 'NONE', #859, #30, #563, .T. ) ;
#548 = LINE ( 'NONE', #452, #1408 ) ;
#549 = EDGE_LOOP ( 'NONE', ( #1236, #1322, #453, #598 ) ) ;
#550 = CARTESIAN_POINT ( 'NONE',  ( -0.6080900285679359252, 1.989999999999999991, -0.5996210485191313388 ) ) ;
#551 = VERTEX_POINT ( 'NONE', #302 ) ;
#552 = CARTESIAN_POINT ( 'NONE',  ( 0.7602504436327108817, 2.000000000000000000, 1.750000000000000222 ) ) ;
#553 = PLANE ( 'NONE',  #190 ) ;
#554 = CARTESIAN_POINT ( 'NONE',  ( 0.7602504436327108817, 1.989999999999999991, -1.399242097038262855 ) ) ;
#555 = ORIENTED_EDGE ( 'NONE', *, *, #449, .F. ) ;
#556 = SURFACE_SIDE_STYLE ('',( #475 ) ) ;
#557 = EDGE_LOOP ( 'NONE', ( #422, #954, #628, #205 ) ) ;
#558 = VERTEX_POINT ( 'NONE', #664 ) ;
#559 = UNCERTAINTY_MEASURE_WITH_UNIT (LENGTH_MEASURE( 1.000000000000000082E-05 ), #1114, 'distance_accuracy_value', 'NONE');
#560 = FILL_AREA_STYLE_COLOUR ( '', #1610 ) ;
#561 = CARTESIAN_POINT ( 'NONE',  ( -0.7080900285679360140, 1.989999999999999991, 2.710505431213761085E-17 ) ) ;
#562 = ORIENTED_EDGE ( 'NONE', *, *, #883, .T. ) ;
#563 = CIRCLE ( 'NONE', #383, 0.2000000000000002331 ) ;
#564 = LINE ( 'NONE', #1618, #363 ) ;
#565 = CIRCLE ( 'NONE', #56, 0.2499999999999999445 ) ;
#566 = SURFACE_SIDE_STYLE ('',( #1332 ) ) ;
#567 = LINE ( 'NONE', #1495, #1323 ) ;
#568 = ADVANCED_FACE ( 'NONE', ( #1333, #683 ), #1186, .T. ) ;
#569 = VECTOR ( 'NONE', #62, 1000.000000000000000 ) ;
#570 = PLANE ( 'NONE',  #48 ) ;
#571 = STYLED_ITEM ( 'NONE', ( #173 ), #661 ) ;
#572 = CARTESIAN_POINT ( 'NONE',  ( -1.269999999999999796, -26.00000000000000000, 0.000000000000000000 ) ) ;
#573 =( NAMED_UNIT ( * ) SI_UNIT ( $, .STERADIAN. ) SOLID_ANGLE_UNIT ( ) );
#574 = EDGE_LOOP ( 'NONE', ( #270, #181, #43, #442 ) ) ;
#575 =( NAMED_UNIT ( * ) SI_UNIT ( $, .STERADIAN. ) SOLID_ANGLE_UNIT ( ) );
#576 = VERTEX_POINT ( 'NONE', #1586 ) ;
#577 = CARTESIAN_POINT ( 'NONE',  ( 0.7602504436327108817, 1.989999999999999991, 0.6996210485191314277 ) ) ;
#578 = DIRECTION ( 'NONE',  ( -1.000000000000000000, -0.000000000000000000, -0.000000000000000000 ) ) ;
#579 = ORIENTED_EDGE ( 'NONE', *, *, #91, .T. ) ;
#580 = ORIENTED_EDGE ( 'NONE', *, *, #940, .F. ) ;
#581 = PRESENTATION_STYLE_ASSIGNMENT (( #1125 ) ) ;
#582 = CARTESIAN_POINT ( 'NONE',  ( -0.7080900285679360140, 2.000000000000000000, -1.399242097038262855 ) ) ;
#583 = PRESENTATION_STYLE_ASSIGNMENT (( #842 ) ) ;
#584 = ORIENTED_EDGE ( 'NONE', *, *, #29, .T. ) ;
#585 = FACE_OUTER_BOUND ( 'NONE', #324, .T. ) ;
#586 = ADVANCED_FACE ( 'NONE', ( #420 ), #1101, .F. ) ;
#587 = SURFACE_SIDE_STYLE ('',( #1536 ) ) ;
#588 = VERTEX_POINT ( 'NONE', #907 ) ;
#589 = EDGE_CURVE ( 'NONE', #182, #818, #280, .T. ) ;
#590 = CIRCLE ( 'NONE', #84, 0.2499999999999999445 ) ;
#591 = SURFACE_STYLE_FILL_AREA ( #727 ) ;
#592 = ORIENTED_EDGE ( 'NONE', *, *, #940, .T. ) ;
#593 = FACE_OUTER_BOUND ( 'NONE', #1102, .T. ) ;
#594 =( GEOMETRIC_REPRESENTATION_CONTEXT ( 3 ) GLOBAL_UNCERTAINTY_ASSIGNED_CONTEXT ( ( #1568 ) ) GLOBAL_UNIT_ASSIGNED_CONTEXT ( ( #977, #648, #261 ) ) REPRESENTATION_CONTEXT ( 'NONE', 'WORKASPACE' ) );
#595 = EDGE_LOOP ( 'NONE', ( #843, #320, #1627, #692 ) ) ;
#596 = DIRECTION ( 'NONE',  ( 0.000000000000000000, 0.000000000000000000, 1.000000000000000000 ) ) ;
#597 = VECTOR ( 'NONE', #1036, 1000.000000000000000 ) ;
#598 = ORIENTED_EDGE ( 'NONE', *, *, #768, .T. ) ;
#599 = VERTEX_POINT ( 'NONE', #519 ) ;
#600 = LINE ( 'NONE', #192, #359 ) ;
#601 = AXIS2_PLACEMENT_3D ( 'NONE', #1427, #515, #507 ) ;
#602 = PRODUCT_DEFINITION_FORMATION_WITH_SPECIFIED_SOURCE ( 'ANY', '', #1404, .NOT_KNOWN. ) ;
#603 = ORIENTED_EDGE ( 'NONE', *, *, #1676, .T. ) ;
#604 = DIRECTION ( 'NONE',  ( 0.000000000000000000, 0.000000000000000000, 1.000000000000000000 ) ) ;
#605 = FILL_AREA_STYLE_COLOUR ( '', #666 ) ;
#606 = ORIENTED_EDGE ( 'NONE', *, *, #29, .F. ) ;
#607 = CARTESIAN_POINT ( 'NONE',  ( 1.151748670500644556, 0.000000000000000000, -1.749999999999999334 ) ) ;
#608 = EDGE_CURVE ( 'NONE', #1553, #175, #188, .T. ) ;
#609 = ORIENTED_EDGE ( 'NONE', *, *, #6, .F. ) ;
#610 = PRESENTATION_STYLE_ASSIGNMENT (( #100 ) ) ;
#611 = DIRECTION ( 'NONE',  ( 1.000000000000000000, 0.000000000000000000, -1.882706184525868293E-16 ) ) ;
#612 = DIRECTION ( 'NONE',  ( 0.000000000000000000, 0.000000000000000000, 1.000000000000000000 ) ) ;
#613 = VECTOR ( 'NONE', #1622, 1000.000000000000000 ) ;
#614 = ORIENTED_EDGE ( 'NONE', *, *, #521, .T. ) ;
#615 = COLOUR_RGB ( '',1.000000000000000000, 1.000000000000000000, 1.000000000000000000 ) ;
#616 = DIRECTION ( 'NONE',  ( 0.000000000000000000, 0.000000000000000000, 1.000000000000000000 ) ) ;
#617 = PRESENTATION_LAYER_ASSIGNMENT (  '', '', ( #1689 ) ) ;
#618 = DIRECTION ( 'NONE',  ( 0.000000000000000000, 0.000000000000000000, -1.000000000000000000 ) ) ;
#619 = STYLED_ITEM ( 'NONE', ( #581 ), #1168 ) ;
#620 = DIRECTION ( 'NONE',  ( -0.000000000000000000, 1.000000000000000000, -0.000000000000000000 ) ) ;
#621 = FILL_AREA_STYLE_COLOUR ( '', #944 ) ;
#622 = SURFACE_STYLE_USAGE ( .BOTH. , #1688 ) ;
#623 =( NAMED_UNIT ( * ) PLANE_ANGLE_UNIT ( ) SI_UNIT ( $, .RADIAN. ) );
#624 = DIRECTION ( 'NONE',  ( -1.000000000000000000, -0.000000000000000000, -7.383860848435086762E-17 ) ) ;
#625 = SURFACE_STYLE_FILL_AREA ( #115 ) ;
#626 = CARTESIAN_POINT ( 'NONE',  ( 0.8602504436327109705, 2.000000000000000000, 0.7996210485191312944 ) ) ;
#627 = EDGE_CURVE ( 'NONE', #172, #1366, #86, .T. ) ;
#628 = ORIENTED_EDGE ( 'NONE', *, *, #1204, .F. ) ;
#629 = CARTESIAN_POINT ( 'NONE',  ( 0.7602504436327108817, 2.000000000000000000, -0.6996210485191314277 ) ) ;
#630 = SURFACE_STYLE_USAGE ( .BOTH. , #975 ) ;
#631 = CARTESIAN_POINT ( 'NONE',  ( -0.7080900285679360140, 1.989999999999999991, 0.6996210485191313166 ) ) ;
#632 = CARTESIAN_POINT ( 'NONE',  ( -1.529740910740642557, 2.024999999999999911, -2.577481332075403292E-16 ) ) ;
#633 = ORIENTED_EDGE ( 'NONE', *, *, #1398, .F. ) ;
#634 = CARTESIAN_POINT ( 'NONE',  ( 0.8602504436327109705, 1.989999999999999991, 0.7996210485191312944 ) ) ;
#635 = CARTESIAN_POINT ( 'NONE',  ( -0.7080900285679360140, 2.000000000000000000, -0.6996210485191314277 ) ) ;
#636 = EDGE_CURVE ( 'NONE', #1493, #687, #640, .T. ) ;
#637 = DIRECTION ( 'NONE',  ( -0.000000000000000000, 0.000000000000000000, -1.000000000000000000 ) ) ;
#638 =( NAMED_UNIT ( * ) SI_UNIT ( $, .STERADIAN. ) SOLID_ANGLE_UNIT ( ) );
#639 = VECTOR ( 'NONE', #770, 1000.000000000000000 ) ;
#640 = LINE ( 'NONE', #1542, #1025 ) ;
#641 =( GEOMETRIC_REPRESENTATION_CONTEXT ( 3 ) GLOBAL_UNCERTAINTY_ASSIGNED_CONTEXT ( ( #1052 ) ) GLOBAL_UNIT_ASSIGNED_CONTEXT ( ( #682, #32, #663 ) ) REPRESENTATION_CONTEXT ( 'NONE', 'WORKASPACE' ) );
#642 = AXIS2_PLACEMENT_3D ( 'NONE', #1401, #1270, #112 ) ;
#643 = LINE ( 'NONE', #897, #1055 ) ;
#644 = CARTESIAN_POINT ( 'NONE',  ( 0.8602504436327109705, 2.000000000000000000, 1.749999999999999778 ) ) ;
#645 = MECHANICAL_DESIGN_GEOMETRIC_PRESENTATION_REPRESENTATION (  '', ( #712 ), #1529 ) ;
#646 = VECTOR ( 'NONE', #1294, 1000.000000000000000 ) ;
#647 = CARTESIAN_POINT ( 'NONE',  ( 0.7602504436327108817, 2.000000000000000000, 1.399242097038262633 ) ) ;
#648 =( NAMED_UNIT ( * ) PLANE_ANGLE_UNIT ( ) SI_UNIT ( $, .RADIAN. ) );
#649 = CARTESIAN_POINT ( 'NONE',  ( 0.7602504436327108817, 1.989999999999999991, 2.710505431213761085E-17 ) ) ;
#650 = ORIENTED_EDGE ( 'NONE', *, *, #694, .F. ) ;
#651 = CARTESIAN_POINT ( 'NONE',  ( -1.151748670500643668, 2.000000000000000000, 1.750000000000000222 ) ) ;
#652 = LINE ( 'NONE', #395, #597 ) ;
#653 = FILL_AREA_STYLE_COLOUR ( '', #665 ) ;
#654 = EDGE_CURVE ( 'NONE', #1379, #1234, #1567, .T. ) ;
#655 = LINE ( 'NONE', #285, #639 ) ;
#656 = EDGE_CURVE ( 'NONE', #342, #429, #1161, .T. ) ;
#657 = LINE ( 'NONE', #1049, #160 ) ;
#658 = ORIENTED_EDGE ( 'NONE', *, *, #340, .T. ) ;
#659 = PRESENTATION_STYLE_ASSIGNMENT (( #545 ) ) ;
#660 = FACE_OUTER_BOUND ( 'NONE', #1561, .T. ) ;
#661 = ADVANCED_BREP_SHAPE_REPRESENTATION ( 'PDV-P9203', ( #73, #146 ), #338 ) ;
#662 = CARTESIAN_POINT ( 'NONE',  ( -1.151748670500643668, 0.000000000000000000, 1.750000000000000222 ) ) ;
#663 =( NAMED_UNIT ( * ) SI_UNIT ( $, .STERADIAN. ) SOLID_ANGLE_UNIT ( ) );
#664 = CARTESIAN_POINT ( 'NONE',  ( -0.6080900285679359252, 1.989999999999999991, 0.7996210485191312944 ) ) ;
#665 = COLOUR_RGB ( '',0.6941176470588235059, 0.09803921568627450844, 0.09803921568627450844 ) ;
#666 = COLOUR_RGB ( '',0.6941176470588235059, 0.09803921568627450844, 0.09803921568627450844 ) ;
#667 = VERTEX_POINT ( 'NONE', #144 ) ;
#668 = LINE ( 'NONE', #903, #974 ) ;
#669 = PRESENTATION_LAYER_ASSIGNMENT (  '', '', ( #1467 ) ) ;
#670 = ORIENTED_EDGE ( 'NONE', *, *, #42, .T. ) ;
#671 = VECTOR ( 'NONE', #413, 1000.000000000000000 ) ;
#672 = SURFACE_SIDE_STYLE ('',( #321 ) ) ;
#673 = COLOUR_RGB ( '',0.6941176470588235059, 0.09803921568627450844, 0.09803921568627450844 ) ;
#674 = LINE ( 'NONE', #800, #704 ) ;
#675 = DIRECTION ( 'NONE',  ( -0.000000000000000000, 0.000000000000000000, 1.000000000000000000 ) ) ;
#676 = AXIS2_PLACEMENT_3D ( 'NONE', #726, #97, #1110 ) ;
#677 = UNCERTAINTY_MEASURE_WITH_UNIT (LENGTH_MEASURE( 1.000000000000000082E-05 ), #1653, 'distance_accuracy_value', 'NONE');
#678 = FILL_AREA_STYLE ('',( #560 ) ) ;
#679 = ADVANCED_FACE ( 'NONE', ( #1693 ), #1430, .T. ) ;
#680 = VERTEX_POINT ( 'NONE', #255 ) ;
#681 = FACE_OUTER_BOUND ( 'NONE', #696, .T. ) ;
#682 =( LENGTH_UNIT ( ) NAMED_UNIT ( * ) SI_UNIT ( .MILLI., .METRE. ) );
#683 = FACE_OUTER_BOUND ( 'NONE', #499, .T. ) ;
#684 = ORIENTED_EDGE ( 'NONE', *, *, #198, .T. ) ;
#685 = CARTESIAN_POINT ( 'NONE',  ( 0.000000000000000000, 0.000000000000000000, 1.559607849419712988E-16 ) ) ;
#686 = ORIENTED_EDGE ( 'NONE', *, *, #1111, .F. ) ;
#687 = VERTEX_POINT ( 'NONE', #406 ) ;
#688 =( NAMED_UNIT ( * ) PLANE_ANGLE_UNIT ( ) SI_UNIT ( $, .RADIAN. ) );
#689 = DIRECTION ( 'NONE',  ( 0.000000000000000000, 0.000000000000000000, -1.000000000000000000 ) ) ;
#690 = ORIENTED_EDGE ( 'NONE', *, *, #1668, .F. ) ;
#691 = EDGE_CURVE ( 'NONE', #1334, #1515, #1559, .T. ) ;
#692 = ORIENTED_EDGE ( 'NONE', *, *, #1097, .F. ) ;
#693 = CARTESIAN_POINT ( 'NONE',  ( 0.8602504436327109705, 1.989999999999999991, -1.499242097038262722 ) ) ;
#694 = EDGE_CURVE ( 'NONE', #1611, #884, #1001, .T. ) ;
#695 = DIRECTION ( 'NONE',  ( 0.000000000000000000, 0.000000000000000000, 1.000000000000000000 ) ) ;
#696 = EDGE_LOOP ( 'NONE', ( #728, #1152, #1552, #1496 ) ) ;
#697 = DIRECTION ( 'NONE',  ( 1.000000000000000000, 0.000000000000000000, 0.000000000000000000 ) ) ;
#698 = VERTEX_POINT ( 'NONE', #1441 ) ;
#699 = ORIENTED_EDGE ( 'NONE', *, *, #840, .T. ) ;
#700 =( LENGTH_UNIT ( ) NAMED_UNIT ( * ) SI_UNIT ( .MILLI., .METRE. ) );
#701 = ORIENTED_EDGE ( 'NONE', *, *, #1410, .T. ) ;
#702 = VECTOR ( 'NONE', #253, 1000.000000000000000 ) ;
#703 = CARTESIAN_POINT ( 'NONE',  ( -0.7080900285679360140, 1.989999999999999991, 1.399242097038262633 ) ) ;
#704 = VECTOR ( 'NONE', #154, 1000.000000000000000 ) ;
#705 = DIRECTION ( 'NONE',  ( 0.000000000000000000, 1.000000000000000000, 0.000000000000000000 ) ) ;
#706 = AXIS2_PLACEMENT_3D ( 'NONE', #262, #1560, #117 ) ;
#707 = FACE_BOUND ( 'NONE', #1335, .T. ) ;
#708 = DIRECTION ( 'NONE',  ( -0.000000000000000000, 1.000000000000000000, -0.000000000000000000 ) ) ;
#709 = EDGE_LOOP ( 'NONE', ( #64, #1345, #978, #1089 ) ) ;
#710 = VECTOR ( 'NONE', #39, 1000.000000000000000 ) ;
#711 = EDGE_LOOP ( 'NONE', ( #584, #609, #910, #421 ) ) ;
#712 = STYLED_ITEM ( 'NONE', ( #659 ), #1690 ) ;
#713 = EDGE_LOOP ( 'NONE', ( #555, #690 ) ) ;
#714 = FACE_OUTER_BOUND ( 'NONE', #1133, .T. ) ;
#715 = CARTESIAN_POINT ( 'NONE',  ( -0.6080900285679359252, 1.989999999999999991, 0.7996210485191312944 ) ) ;
#716 = ORIENTED_EDGE ( 'NONE', *, *, #960, .F. ) ;
#717 = EDGE_CURVE ( 'NONE', #316, #1587, #382, .T. ) ;
#718 = SURFACE_STYLE_FILL_AREA ( #330 ) ;
#719 = ORIENTED_EDGE ( 'NONE', *, *, #403, .F. ) ;
#720 = PRESENTATION_STYLE_ASSIGNMENT (( #1485 ) ) ;
#721 = EDGE_CURVE ( 'NONE', #1648, #964, #657, .T. ) ;
#722 = EDGE_LOOP ( 'NONE', ( #939, #207 ) ) ;
#723 = UNCERTAINTY_MEASURE_WITH_UNIT (LENGTH_MEASURE( 1.000000000000000082E-05 ), #1691, 'distance_accuracy_value', 'NONE');
#724 = CARTESIAN_POINT ( 'NONE',  ( -0.6080900285679359252, 1.989999999999999991, 0.7996210485191312944 ) ) ;
#725 = LINE ( 'NONE', #827, #531 ) ;
#726 = CARTESIAN_POINT ( 'NONE',  ( -0.7080900285679360140, 1.989999999999999991, -1.399242097038262855 ) ) ;
#727 = FILL_AREA_STYLE ('',( #1372 ) ) ;
#728 = ORIENTED_EDGE ( 'NONE', *, *, #131, .T. ) ;
#729 = DIRECTION ( 'NONE',  ( 0.000000000000000000, 0.000000000000000000, -1.000000000000000000 ) ) ;
#730 = VERTEX_POINT ( 'NONE', #1578 ) ;
#731 = PRESENTATION_STYLE_ASSIGNMENT (( #197 ) ) ;
#732 = ORIENTED_EDGE ( 'NONE', *, *, #198, .F. ) ;
#733 = ORIENTED_EDGE ( 'NONE', *, *, #221, .F. ) ;
#734 = FILL_AREA_STYLE_COLOUR ( '', #1549 ) ;
#735 = AXIS2_PLACEMENT_3D ( 'NONE', #1522, #878, #604 ) ;
#736 = AXIS2_PLACEMENT_3D ( 'NONE', #715, #174, #1245 ) ;
#737 = CIRCLE ( 'NONE', #536, 0.2499999999999999445 ) ;
#738 = ORIENTED_EDGE ( 'NONE', *, *, #1623, .T. ) ;
#739 =( GEOMETRIC_REPRESENTATION_CONTEXT ( 3 ) GLOBAL_UNCERTAINTY_ASSIGNED_CONTEXT ( ( #427 ) ) GLOBAL_UNIT_ASSIGNED_CONTEXT ( ( #1027, #623, #1557 ) ) REPRESENTATION_CONTEXT ( 'NONE', 'WORKASPACE' ) );
#740 = LINE ( 'NONE', #756, #504 ) ;
#741 = ORIENTED_EDGE ( 'NONE', *, *, #240, .F. ) ;
#742 = UNCERTAINTY_MEASURE_WITH_UNIT (LENGTH_MEASURE( 1.000000000000000082E-05 ), #1455, 'distance_accuracy_value', 'NONE');
#743 = MECHANICAL_DESIGN_GEOMETRIC_PRESENTATION_REPRESENTATION (  '', ( #1579 ), #947 ) ;
#744 = FACE_OUTER_BOUND ( 'NONE', #711, .T. ) ;
#745 = VECTOR ( 'NONE', #1227, 1000.000000000000000 ) ;
#746 =( LENGTH_UNIT ( ) NAMED_UNIT ( * ) SI_UNIT ( .MILLI., .METRE. ) );
#747 = ADVANCED_FACE ( 'NONE', ( #244 ), #1286, .F. ) ;
#748 = FACE_OUTER_BOUND ( 'NONE', #1223, .T. ) ;
#749 = ORIENTED_EDGE ( 'NONE', *, *, #295, .T. ) ;
#750 = SURFACE_SIDE_STYLE ('',( #890 ) ) ;
#751 = DIRECTION ( 'NONE',  ( -0.000000000000000000, -1.000000000000000000, -0.000000000000000000 ) ) ;
#752 =( NAMED_UNIT ( * ) SI_UNIT ( $, .STERADIAN. ) SOLID_ANGLE_UNIT ( ) );
#753 = EDGE_CURVE ( 'NONE', #345, #667, #129, .T. ) ;
#754 = ORIENTED_EDGE ( 'NONE', *, *, #528, .F. ) ;
#755 = ADVANCED_FACE ( 'NONE', ( #378 ), #1300, .F. ) ;
#756 = CARTESIAN_POINT ( 'NONE',  ( 0.8602504436327109705, 1.989999999999999991, 1.299242097038262544 ) ) ;
#757 = LINE ( 'NONE', #1269, #225 ) ;
#758 =( NAMED_UNIT ( * ) PLANE_ANGLE_UNIT ( ) SI_UNIT ( $, .RADIAN. ) );
#759 = MECHANICAL_DESIGN_GEOMETRIC_PRESENTATION_REPRESENTATION (  '', ( #380 ), #1021 ) ;
#760 = PRESENTATION_LAYER_ASSIGNMENT (  '', '', ( #430 ) ) ;
#761 = FILL_AREA_STYLE_COLOUR ( '', #869 ) ;
#762 = CARTESIAN_POINT ( 'NONE',  ( -0.7080900285679360140, 1.989999999999999991, 0.6996210485191313166 ) ) ;
#763 = AXIS2_PLACEMENT_3D ( 'NONE', #572, #1616, #1619 ) ;
#764 = PRESENTATION_LAYER_ASSIGNMENT (  '', '', ( #1392 ) ) ;
#765 = DIRECTION ( 'NONE',  ( 0.000000000000000000, 0.000000000000000000, 1.000000000000000000 ) ) ;
#766 = CARTESIAN_POINT ( 'NONE',  ( -0.7080900285679360140, 2.000000000000000000, 1.399242097038262633 ) ) ;
#767 = PLANE ( 'NONE',  #1416 ) ;
#768 = EDGE_CURVE ( 'NONE', #1379, #87, #674, .T. ) ;
#769 = SURFACE_STYLE_FILL_AREA ( #1414 ) ;
#770 = DIRECTION ( 'NONE',  ( 0.000000000000000000, 0.000000000000000000, -1.000000000000000000 ) ) ;
#771 = DIRECTION ( 'NONE',  ( -1.000000000000000000, 0.000000000000000000, 0.000000000000000000 ) ) ;
#772 = ADVANCED_FACE ( 'NONE', ( #937 ), #553, .F. ) ;
#773 = CARTESIAN_POINT ( 'NONE',  ( -1.151748670500644556, 0.000000000000000000, -1.749999999999999334 ) ) ;
#774 = ORIENTED_EDGE ( 'NONE', *, *, #1121, .F. ) ;
#775 = LINE ( 'NONE', #1289, #1031 ) ;
#776 = CARTESIAN_POINT ( 'NONE',  ( -0.6080900285679359252, 1.989999999999999991, 1.299242097038262544 ) ) ;
#777 = FILL_AREA_STYLE_COLOUR ( '', #942 ) ;
#778 = DIRECTION ( 'NONE',  ( 0.000000000000000000, 0.000000000000000000, -1.000000000000000000 ) ) ;
#779 = LINE ( 'NONE', #1543, #919 ) ;
#780 = CARTESIAN_POINT ( 'NONE',  ( 1.529740910740642557, 2.024999999999999911, 0.2500000000000000555 ) ) ;
#781 = CARTESIAN_POINT ( 'NONE',  ( -1.529740910740642557, 2.024999999999999911, 0.2499999999999996669 ) ) ;
#782 = PRESENTATION_STYLE_ASSIGNMENT (( #1046 ) ) ;
#783 =( NAMED_UNIT ( * ) SI_UNIT ( $, .STERADIAN. ) SOLID_ANGLE_UNIT ( ) );
#784 = AXIS2_PLACEMENT_3D ( 'NONE', #685, #44, #596 ) ;
#785 = CARTESIAN_POINT ( 'NONE',  ( -0.7080900285679360140, 1.989999999999999991, 0.6996210485191313166 ) ) ;
#786 = CARTESIAN_POINT ( 'NONE',  ( 0.8602504436327109705, 1.989999999999999991, 1.299242097038262544 ) ) ;
#787 =( GEOMETRIC_REPRESENTATION_CONTEXT ( 3 ) GLOBAL_UNCERTAINTY_ASSIGNED_CONTEXT ( ( #544 ) ) GLOBAL_UNIT_ASSIGNED_CONTEXT ( ( #456, #1359, #80 ) ) REPRESENTATION_CONTEXT ( 'NONE', 'WORKASPACE' ) );
#788 = AXIS2_PLACEMENT_3D ( 'NONE', #1293, #1673, #130 ) ;
#789 = CARTESIAN_POINT ( 'NONE',  ( -1.529740910740642557, 2.000000000000000000, -2.577481332075403292E-16 ) ) ;
#790 = VECTOR ( 'NONE', #832, 1000.000000000000000 ) ;
#791 = ORIENTED_EDGE ( 'NONE', *, *, #547, .T. ) ;
#792 = VECTOR ( 'NONE', #516, 1000.000000000000000 ) ;
#793 = DIRECTION ( 'NONE',  ( 0.000000000000000000, 0.000000000000000000, -1.000000000000000000 ) ) ;
#794 = DIRECTION ( 'NONE',  ( 1.000000000000000000, 0.000000000000000000, 0.000000000000000000 ) ) ;
#795 =( LENGTH_UNIT ( ) NAMED_UNIT ( * ) SI_UNIT ( .MILLI., .METRE. ) );
#796 = EDGE_CURVE ( 'NONE', #966, #680, #50, .T. ) ;
#797 = DIRECTION ( 'NONE',  ( 0.000000000000000000, 0.000000000000000000, 1.000000000000000000 ) ) ;
#798 = FILL_AREA_STYLE_COLOUR ( '', #386 ) ;
#799 = ORIENTED_EDGE ( 'NONE', *, *, #1502, .T. ) ;
#800 = CARTESIAN_POINT ( 'NONE',  ( 0.7602504436327108817, 1.989999999999999991, 0.6996210485191314277 ) ) ;
#801 = LINE ( 'NONE', #187, #867 ) ;
#802 = EDGE_CURVE ( 'NONE', #990, #850, #1217, .T. ) ;
#803 = APPLICATION_PROTOCOL_DEFINITION ( 'draft international standard', 'automotive_design', 1998, #1487 ) ;
#804 = LINE ( 'NONE', #776, #1160 ) ;
#805 = EDGE_LOOP ( 'NONE', ( #66, #208, #176, #603 ) ) ;
#806 = DIRECTION ( 'NONE',  ( 0.000000000000000000, 0.000000000000000000, 1.000000000000000000 ) ) ;
#807 = CARTESIAN_POINT ( 'NONE',  ( -0.7080900285679360140, 2.000000000000000000, 2.710505431213761085E-17 ) ) ;
#808 = CARTESIAN_POINT ( 'NONE',  ( 0.7602504436327108817, 1.989999999999999991, 1.750000000000000222 ) ) ;
#809 = ORIENTED_EDGE ( 'NONE', *, *, #1655, .F. ) ;
#810 = AXIS2_PLACEMENT_3D ( 'NONE', #1220, #1643, #989 ) ;
#811 = DIRECTION ( 'NONE',  ( -1.000000000000000000, 0.000000000000000000, -0.000000000000000000 ) ) ;
#812 = MECHANICAL_DESIGN_GEOMETRIC_PRESENTATION_REPRESENTATION (  '', ( #1689 ), #1438 ) ;
#813 = VERTEX_POINT ( 'NONE', #1085 ) ;
#814 =( LENGTH_UNIT ( ) NAMED_UNIT ( * ) SI_UNIT ( .MILLI., .METRE. ) );
#815 = VECTOR ( 'NONE', #200, 1000.000000000000000 ) ;
#816 = FILL_AREA_STYLE ('',( #186 ) ) ;
#817 = CARTESIAN_POINT ( 'NONE',  ( -1.151748670500643668, 0.000000000000000000, 1.750000000000000222 ) ) ;
#818 = VERTEX_POINT ( 'NONE', #929 ) ;
#819 = ORIENTED_EDGE ( 'NONE', *, *, #168, .F. ) ;
#820 = ADVANCED_FACE ( 'NONE', ( #707, #444, #540 ), #1482, .F. ) ;
#821 = PLANE ( 'NONE',  #736 ) ;
#822 = ORIENTED_EDGE ( 'NONE', *, *, #589, .F. ) ;
#823 = DIRECTION ( 'NONE',  ( 0.000000000000000000, 0.000000000000000000, -1.000000000000000000 ) ) ;
#824 = FACE_OUTER_BOUND ( 'NONE', #1042, .T. ) ;
#825 = ORIENTED_EDGE ( 'NONE', *, *, #1074, .F. ) ;
#826 = CARTESIAN_POINT ( 'NONE',  ( 1.151748670500644556, 2.000000000000000000, -1.749999999999999334 ) ) ;
#827 = CARTESIAN_POINT ( 'NONE',  ( 0.7602504436327108817, 1.989999999999999991, 2.710505431213761085E-17 ) ) ;
#828 = ORIENTED_EDGE ( 'NONE', *, *, #42, .F. ) ;
#829 = ORIENTED_EDGE ( 'NONE', *, *, #1146, .T. ) ;
#830 = SURFACE_SIDE_STYLE ('',( #1481 ) ) ;
#831 = EDGE_CURVE ( 'NONE', #1489, #1587, #1047, .T. ) ;
#832 = DIRECTION ( 'NONE',  ( -0.000000000000000000, 1.000000000000000000, -0.000000000000000000 ) ) ;
#833 = LINE ( 'NONE', #1091, #1598 ) ;
#834 = ORIENTED_EDGE ( 'NONE', *, *, #1584, .F. ) ;
#835 = EDGE_LOOP ( 'NONE', ( #1084, #580, #333, #701 ) ) ;
#836 = SURFACE_SIDE_STYLE ('',( #337 ) ) ;
#837 = VECTOR ( 'NONE', #689, 1000.000000000000000 ) ;
#838 = EDGE_CURVE ( 'NONE', #1232, #558, #311, .T. ) ;
#839 = CARTESIAN_POINT ( 'NONE',  ( 1.151748670500644556, 2.000000000000000000, -1.749999999999999334 ) ) ;
#840 = EDGE_CURVE ( 'NONE', #877, #1462, #1576, .T. ) ;
#841 = VECTOR ( 'NONE', #729, 1000.000000000000000 ) ;
#842 = SURFACE_STYLE_USAGE ( .BOTH. , #1242 ) ;
#843 = ORIENTED_EDGE ( 'NONE', *, *, #1040, .F. ) ;
#844 = FILL_AREA_STYLE_COLOUR ( '', #212 ) ;
#845 = COLOUR_RGB ( '',0.6941176470588235059, 0.09803921568627450844, 0.09803921568627450844 ) ;
#846 = ORIENTED_EDGE ( 'NONE', *, *, #1350, .T. ) ;
#847 = ORIENTED_EDGE ( 'NONE', *, *, #498, .F. ) ;
#848 = CARTESIAN_POINT ( 'NONE',  ( 0.000000000000000000, 2.000000000000000000, 1.559607849419712988E-16 ) ) ;
#849 = FILL_AREA_STYLE_COLOUR ( '', #1131 ) ;
#850 = VERTEX_POINT ( 'NONE', #807 ) ;
#851 = PLANE ( 'NONE',  #25 ) ;
#852 = PLANE ( 'NONE',  #1302 ) ;
#853 = ORIENTED_EDGE ( 'NONE', *, *, #951, .T. ) ;
#854 = EDGE_LOOP ( 'NONE', ( #650, #1122, #166, #1470 ) ) ;
#855 = EDGE_CURVE ( 'NONE', #455, #87, #1458, .T. ) ;
#856 = ORIENTED_EDGE ( 'NONE', *, *, #1365, .F. ) ;
#857 = CYLINDRICAL_SURFACE ( 'NONE', #1360, 2.095000000000000195 ) ;
#858 = CARTESIAN_POINT ( 'NONE',  ( -0.6080900285679359252, 2.000000000000000000, -1.499242097038262722 ) ) ;
#859 = VERTEX_POINT ( 'NONE', #284 ) ;
#860 = ORIENTED_EDGE ( 'NONE', *, *, #909, .T. ) ;
#861 = EDGE_CURVE ( 'NONE', #599, #1393, #1056, .T. ) ;
#862 = FILL_AREA_STYLE ('',( #844 ) ) ;
#863 = DIRECTION ( 'NONE',  ( -0.000000000000000000, 0.000000000000000000, 1.000000000000000000 ) ) ;
#864 = CARTESIAN_POINT ( 'NONE',  ( -0.7080900285679360140, 1.989999999999999991, 2.710505431213761085E-17 ) ) ;
#865 = SURFACE_STYLE_FILL_AREA ( #1651 ) ;
#866 = MECHANICAL_DESIGN_GEOMETRIC_PRESENTATION_REPRESENTATION (  '', ( #49 ), #243 ) ;
#867 = VECTOR ( 'NONE', #708, 1000.000000000000000 ) ;
#868 = SURFACE_STYLE_USAGE ( .BOTH. , #1112 ) ;
#869 = COLOUR_RGB ( '',0.6941176470588235059, 0.09803921568627450844, 0.09803921568627450844 ) ;
#870 = ORIENTED_EDGE ( 'NONE', *, *, #861, .T. ) ;
#871 = LINE ( 'NONE', #1671, #328 ) ;
#872 = SURFACE_STYLE_FILL_AREA ( #1127 ) ;
#873 = VECTOR ( 'NONE', #935, 1000.000000000000000 ) ;
#874 = EDGE_CURVE ( 'NONE', #331, #214, #247, .T. ) ;
#875 = CARTESIAN_POINT ( 'NONE',  ( -0.7080900285679360140, 1.989999999999999991, 0.6996210485191313166 ) ) ;
#876 = ADVANCED_FACE ( 'NONE', ( #1247 ), #461, .F. ) ;
#877 = VERTEX_POINT ( 'NONE', #237 ) ;
#878 = DIRECTION ( 'NONE',  ( 0.000000000000000000, -1.000000000000000000, 0.000000000000000000 ) ) ;
#879 = LINE ( 'NONE', #336, #1225 ) ;
#880 = FACE_OUTER_BOUND ( 'NONE', #1214, .T. ) ;
#881 = PLANE ( 'NONE',  #642 ) ;
#882 =( LENGTH_UNIT ( ) NAMED_UNIT ( * ) SI_UNIT ( .MILLI., .METRE. ) );
#883 = EDGE_CURVE ( 'NONE', #319, #588, #1407, .T. ) ;
#884 = VERTEX_POINT ( 'NONE', #1009 ) ;
#885 = DIRECTION ( 'NONE',  ( -0.000000000000000000, -1.000000000000000000, -0.000000000000000000 ) ) ;
#886 = COLOUR_RGB ( '',0.6941176470588235059, 0.09803921568627450844, 0.09803921568627450844 ) ;
#887 = SPHERICAL_SURFACE ( 'NONE', #224, 0.3625000000000003220 ) ;
#888 = STYLED_ITEM ( 'NONE', ( #374 ), #290 ) ;
#889 = EDGE_CURVE ( 'NONE', #1317, #180, #249, .T. ) ;
#890 = SURFACE_STYLE_FILL_AREA ( #1665 ) ;
#891 = AXIS2_PLACEMENT_3D ( 'NONE', #900, #13, #397 ) ;
#892 = FILL_AREA_STYLE_COLOUR ( '', #917 ) ;
#893 = DIRECTION ( 'NONE',  ( -0.000000000000000000, -0.000000000000000000, 1.000000000000000000 ) ) ;
#894 = VECTOR ( 'NONE', #983, 1000.000000000000000 ) ;
#895 = ORIENTED_EDGE ( 'NONE', *, *, #1477, .T. ) ;
#896 = MECHANICAL_DESIGN_GEOMETRIC_PRESENTATION_REPRESENTATION (  '', ( #251 ), #1195 ) ;
#897 = CARTESIAN_POINT ( 'NONE',  ( 0.7602504436327108817, 1.989999999999999991, -1.399242097038262855 ) ) ;
#898 = DIRECTION ( 'NONE',  ( 0.000000000000000000, 0.000000000000000000, -1.000000000000000000 ) ) ;
#899 = DIRECTION ( 'NONE',  ( 1.000000000000000000, 0.000000000000000000, 0.000000000000000000 ) ) ;
#900 = CARTESIAN_POINT ( 'NONE',  ( -0.7080900285679360140, 1.989999999999999991, -0.6996210485191314277 ) ) ;
#901 = ORIENTED_EDGE ( 'NONE', *, *, #838, .T. ) ;
#902 = CARTESIAN_POINT ( 'NONE',  ( 1.529740910740642557, 2.024999999999999911, 1.213486482244503005E-16 ) ) ;
#903 = CARTESIAN_POINT ( 'NONE',  ( 0.7602504436327108817, 2.000000000000000000, 2.710505431213761085E-17 ) ) ;
#904 = DIRECTION ( 'NONE',  ( -1.000000000000000000, 0.000000000000000000, -7.383860848435087995E-17 ) ) ;
#905 = CARTESIAN_POINT ( 'NONE',  ( -0.7080900285679360140, 2.000000000000000000, 0.6996210485191313166 ) ) ;
#906 = ADVANCED_FACE ( 'NONE', ( #1533 ), #852, .F. ) ;
#907 = CARTESIAN_POINT ( 'NONE',  ( -1.151748670500643890, 0.000000000000000000, -1.749999999999999556 ) ) ;
#908 = FACE_OUTER_BOUND ( 'NONE', #77, .T. ) ;
#909 = EDGE_CURVE ( 'NONE', #1648, #1, #203, .T. ) ;
#910 = ORIENTED_EDGE ( 'NONE', *, *, #1590, .F. ) ;
#911 = CARTESIAN_POINT ( 'NONE',  ( -1.151748670500643668, 2.000000000000000000, 1.750000000000000222 ) ) ;
#912 = LINE ( 'NONE', #272, #1192 ) ;
#913 = DIRECTION ( 'NONE',  ( -1.000000000000000000, 0.000000000000000000, 0.000000000000000000 ) ) ;
#914 =( GEOMETRIC_REPRESENTATION_CONTEXT ( 3 ) GLOBAL_UNCERTAINTY_ASSIGNED_CONTEXT ( ( #1068 ) ) GLOBAL_UNIT_ASSIGNED_CONTEXT ( ( #1511, #1517, #1124 ) ) REPRESENTATION_CONTEXT ( 'NONE', 'WORKASPACE' ) );
#915 = VECTOR ( 'NONE', #916, 1000.000000000000000 ) ;
#916 = DIRECTION ( 'NONE',  ( -1.000000000000000000, -0.000000000000000000, -7.383860848435086762E-17 ) ) ;
#917 = COLOUR_RGB ( '',0.6941176470588235059, 0.09803921568627450844, 0.09803921568627450844 ) ;
#918 = UNCERTAINTY_MEASURE_WITH_UNIT (LENGTH_MEASURE( 1.000000000000000082E-05 ), #1100, 'distance_accuracy_value', 'NONE');
#919 = VECTOR ( 'NONE', #256, 1000.000000000000000 ) ;
#920 = PRESENTATION_LAYER_ASSIGNMENT (  '', '', ( #1662 ) ) ;
#921 = PRESENTATION_STYLE_ASSIGNMENT (( #868 ) ) ;
#922 = ADVANCED_FACE ( 'NONE', ( #593 ), #881, .F. ) ;
#923 = CARTESIAN_POINT ( 'NONE',  ( 0.7602504436327108817, 2.000000000000000000, 0.6996210485191314277 ) ) ;
#924 = CARTESIAN_POINT ( 'NONE',  ( -1.151748670500643890, 2.000000000000000000, -1.749999999999999556 ) ) ;
#925 = DIRECTION ( 'NONE',  ( -0.000000000000000000, 1.000000000000000000, -0.000000000000000000 ) ) ;
#926 = ORIENTED_EDGE ( 'NONE', *, *, #1316, .T. ) ;
#927 = PLANE ( 'NONE',  #538 ) ;
#928 = LINE ( 'NONE', #1457, #1601 ) ;
#929 = CARTESIAN_POINT ( 'NONE',  ( 0.8602504436327109705, 2.000000000000000000, -0.5996210485191313388 ) ) ;
#930 = DIRECTION ( 'NONE',  ( 0.000000000000000000, 0.000000000000000000, 1.000000000000000000 ) ) ;
#931 = ORIENTED_EDGE ( 'NONE', *, *, #988, .T. ) ;
#932 = VERTEX_POINT ( 'NONE', #781 ) ;
#933 = UNCERTAINTY_MEASURE_WITH_UNIT (LENGTH_MEASURE( 1.000000000000000082E-05 ), #136, 'distance_accuracy_value', 'NONE');
#934 = CARTESIAN_POINT ( 'NONE',  ( 0.7602504436327108817, 1.989999999999999991, -0.6996210485191314277 ) ) ;
#935 = DIRECTION ( 'NONE',  ( -0.000000000000000000, -0.000000000000000000, 1.000000000000000000 ) ) ;
#936 = ADVANCED_FACE ( 'NONE', ( #660 ), #264, .F. ) ;
#937 = FACE_OUTER_BOUND ( 'NONE', #805, .T. ) ;
#938 = DIRECTION ( 'NONE',  ( 0.000000000000000000, 0.000000000000000000, -1.000000000000000000 ) ) ;
#939 = ORIENTED_EDGE ( 'NONE', *, *, #1059, .F. ) ;
#940 = EDGE_CURVE ( 'NONE', #813, #148, #1446, .T. ) ;
#941 = PRESENTATION_LAYER_ASSIGNMENT (  '', '', ( #49 ) ) ;
#942 = COLOUR_RGB ( '',0.6941176470588235059, 0.09803921568627450844, 0.09803921568627450844 ) ;
#943 =( LENGTH_UNIT ( ) NAMED_UNIT ( * ) SI_UNIT ( .MILLI., .METRE. ) );
#944 = COLOUR_RGB ( '',0.6941176470588235059, 0.09803921568627450844, 0.09803921568627450844 ) ;
#945 = ORIENTED_EDGE ( 'NONE', *, *, #168, .T. ) ;
#946 = CARTESIAN_POINT ( 'NONE',  ( 1.529740910740642557, 2.000000000000000000, -0.2499999999999998335 ) ) ;
#947 =( GEOMETRIC_REPRESENTATION_CONTEXT ( 3 ) GLOBAL_UNCERTAINTY_ASSIGNED_CONTEXT ( ( #317 ) ) GLOBAL_UNIT_ASSIGNED_CONTEXT ( ( #1538, #1447, #1409 ) ) REPRESENTATION_CONTEXT ( 'NONE', 'WORKASPACE' ) );
#948 = VECTOR ( 'NONE', #493, 1000.000000000000000 ) ;
#949 =( NAMED_UNIT ( * ) SI_UNIT ( $, .STERADIAN. ) SOLID_ANGLE_UNIT ( ) );
#950 =( LENGTH_UNIT ( ) NAMED_UNIT ( * ) SI_UNIT ( .MILLI., .METRE. ) );
#951 = EDGE_CURVE ( 'NONE', #1462, #964, #1433, .T. ) ;
#952 = CARTESIAN_POINT ( 'NONE',  ( -1.529740910740642557, 2.000000000000000000, -0.2500000000000002220 ) ) ;
#953 = ORIENTED_EDGE ( 'NONE', *, *, #502, .T. ) ;
#954 = ORIENTED_EDGE ( 'NONE', *, *, #768, .F. ) ;
#955 = LINE ( 'NONE', #1062, #745 ) ;
#956 = DIRECTION ( 'NONE',  ( -1.000000000000000000, 0.000000000000000000, -0.000000000000000000 ) ) ;
#957 = VERTEX_POINT ( 'NONE', #409 ) ;
#958 = PLANE ( 'NONE',  #810 ) ;
#959 = FACE_OUTER_BOUND ( 'NONE', #1383, .T. ) ;
#960 = EDGE_CURVE ( 'NONE', #850, #455, #668, .T. ) ;
#961 = DIRECTION ( 'NONE',  ( 1.000000000000000000, 0.000000000000000000, 0.000000000000000000 ) ) ;
#962 =( NAMED_UNIT ( * ) SI_UNIT ( $, .STERADIAN. ) SOLID_ANGLE_UNIT ( ) );
#963 = CARTESIAN_POINT ( 'NONE',  ( -0.6080900285679359252, 1.989999999999999991, -1.749999999999999556 ) ) ;
#964 = VERTEX_POINT ( 'NONE', #546 ) ;
#965 = ORIENTED_EDGE ( 'NONE', *, *, #1676, .F. ) ;
#966 = VERTEX_POINT ( 'NONE', #644 ) ;
#967 = ORIENTED_EDGE ( 'NONE', *, *, #1426, .T. ) ;
#968 = UNCERTAINTY_MEASURE_WITH_UNIT (LENGTH_MEASURE( 1.000000000000000082E-05 ), #746, 'distance_accuracy_value', 'NONE');
#969 = VECTOR ( 'NONE', #1369, 1000.000000000000000 ) ;
#970 = ORIENTED_EDGE ( 'NONE', *, *, #398, .T. ) ;
#971 = MECHANICAL_DESIGN_GEOMETRIC_PRESENTATION_REPRESENTATION (  '', ( #1272 ), #1437 ) ;
#972 = LINE ( 'NONE', #1639, #471 ) ;
#973 = VECTOR ( 'NONE', #21, 1000.000000000000000 ) ;
#974 = VECTOR ( 'NONE', #28, 1000.000000000000000 ) ;
#975 = SURFACE_SIDE_STYLE ('',( #369 ) ) ;
#976 = ADVANCED_FACE ( 'NONE', ( #1060 ), #927, .F. ) ;
#977 =( LENGTH_UNIT ( ) NAMED_UNIT ( * ) SI_UNIT ( .MILLI., .METRE. ) );
#978 = ORIENTED_EDGE ( 'NONE', *, *, #1647, .F. ) ;
#979 = CARTESIAN_POINT ( 'NONE',  ( -1.269999999999999796, 0.000000000000000000, -0.2000000000000002331 ) ) ;
#980 = CARTESIAN_POINT ( 'NONE',  ( 0.7602504436327108817, 1.989999999999999991, -1.399242097038262855 ) ) ;
#981 = MECHANICAL_DESIGN_GEOMETRIC_PRESENTATION_REPRESENTATION (  '', ( #60 ), #1277 ) ;
#982 = ORIENTED_EDGE ( 'NONE', *, *, #608, .F. ) ;
#983 = DIRECTION ( 'NONE',  ( -0.000000000000000000, 1.000000000000000000, -0.000000000000000000 ) ) ;
#984 = CARTESIAN_POINT ( 'NONE',  ( 1.529740910740642557, 2.000000000000000000, 0.2500000000000000555 ) ) ;
#985 = CARTESIAN_POINT ( 'NONE',  ( 1.270000000000000240, -26.00000000000000000, 0.2000000000000005107 ) ) ;
#986 = ORIENTED_EDGE ( 'NONE', *, *, #1121, .T. ) ;
#987 = ORIENTED_EDGE ( 'NONE', *, *, #1111, .T. ) ;
#988 = EDGE_CURVE ( 'NONE', #1232, #877, #804, .T. ) ;
#989 = DIRECTION ( 'NONE',  ( 0.000000000000000000, 0.000000000000000000, 1.000000000000000000 ) ) ;
#990 = VERTEX_POINT ( 'NONE', #635 ) ;
#991 = UNCERTAINTY_MEASURE_WITH_UNIT (LENGTH_MEASURE( 1.000000000000000082E-05 ), #993, 'distance_accuracy_value', 'NONE');
#992 = DIRECTION ( 'NONE',  ( -0.000000000000000000, -1.000000000000000000, -0.000000000000000000 ) ) ;
#993 =( LENGTH_UNIT ( ) NAMED_UNIT ( * ) SI_UNIT ( .MILLI., .METRE. ) );
#994 = ORIENTED_EDGE ( 'NONE', *, *, #802, .F. ) ;
#995 =( NAMED_UNIT ( * ) PLANE_ANGLE_UNIT ( ) SI_UNIT ( $, .RADIAN. ) );
#996 = ADVANCED_FACE ( 'NONE', ( #1045 ), #1154, .T. ) ;
#997 = FACE_OUTER_BOUND ( 'NONE', #574, .T. ) ;
#998 = CIRCLE ( 'NONE', #735, 0.2000000000000002331 ) ;
#999 = DIRECTION ( 'NONE',  ( 0.000000000000000000, 0.000000000000000000, 1.000000000000000000 ) ) ;
#1000 = AXIS2_PLACEMENT_3D ( 'NONE', #1077, #484, #465 ) ;
#1001 = CIRCLE ( 'NONE', #1222, 0.2499999999999999445 ) ;
#1002 = VECTOR ( 'NONE', #823, 1000.000000000000000 ) ;
#1003 = EDGE_LOOP ( 'NONE', ( #1374, #309, #189, #104 ) ) ;
#1004 =( NAMED_UNIT ( * ) SI_UNIT ( $, .STERADIAN. ) SOLID_ANGLE_UNIT ( ) );
#1005 = MECHANICAL_DESIGN_GEOMETRIC_PRESENTATION_REPRESENTATION (  '', ( #619 ), #24 ) ;
#1006 = AXIS2_PLACEMENT_3D ( 'NONE', #902, #1153, #793 ) ;
#1007 =( NAMED_UNIT ( * ) SI_UNIT ( $, .STERADIAN. ) SOLID_ANGLE_UNIT ( ) );
#1008 = FILL_AREA_STYLE_COLOUR ( '', #845 ) ;
#1009 = CARTESIAN_POINT ( 'NONE',  ( 1.529740910740642557, 2.024999999999999911, -0.2499999999999998335 ) ) ;
#1010 = ORIENTED_EDGE ( 'NONE', *, *, #1569, .T. ) ;
#1011 = DIRECTION ( 'NONE',  ( -0.000000000000000000, 1.000000000000000000, -0.000000000000000000 ) ) ;
#1012 = EDGE_CURVE ( 'NONE', #576, #148, #1030, .T. ) ;
#1013 = DIRECTION ( 'NONE',  ( -0.000000000000000000, -1.000000000000000000, -0.000000000000000000 ) ) ;
#1014 = CYLINDRICAL_SURFACE ( 'NONE', #601, 2.095000000000000195 ) ;
#1015 = CARTESIAN_POINT ( 'NONE',  ( -0.6080900285679359252, 1.989999999999999991, -0.09999999999999996392 ) ) ;
#1016 = EDGE_CURVE ( 'NONE', #1234, #1343, #652, .T. ) ;
#1017 = FACE_OUTER_BOUND ( 'NONE', #1535, .T. ) ;
#1018 = CARTESIAN_POINT ( 'NONE',  ( -0.7080900285679360140, 1.989999999999999991, -1.749999999999999556 ) ) ;
#1019 = FILL_AREA_STYLE_COLOUR ( '', #273 ) ;
#1020 = ORIENTED_EDGE ( 'NONE', *, *, #511, .T. ) ;
#1021 =( GEOMETRIC_REPRESENTATION_CONTEXT ( 3 ) GLOBAL_UNCERTAINTY_ASSIGNED_CONTEXT ( ( #35 ) ) GLOBAL_UNIT_ASSIGNED_CONTEXT ( ( #1268, #995, #241 ) ) REPRESENTATION_CONTEXT ( 'NONE', 'WORKASPACE' ) );
#1022 = CARTESIAN_POINT ( 'NONE',  ( 0.8602504436327109705, 1.989999999999999991, 1.299242097038262544 ) ) ;
#1023 = VECTOR ( 'NONE', #513, 1000.000000000000000 ) ;
#1024 = EDGE_CURVE ( 'NONE', #457, #990, #912, .T. ) ;
#1025 = VECTOR ( 'NONE', #1278, 1000.000000000000000 ) ;
#1026 = DIRECTION ( 'NONE',  ( 0.000000000000000000, 0.000000000000000000, -1.000000000000000000 ) ) ;
#1027 =( LENGTH_UNIT ( ) NAMED_UNIT ( * ) SI_UNIT ( .MILLI., .METRE. ) );
#1028 = VERTEX_POINT ( 'NONE', #150 ) ;
#1029 = DIRECTION ( 'NONE',  ( 0.000000000000000000, 1.000000000000000000, 0.000000000000000000 ) ) ;
#1030 = LINE ( 'NONE', #1555, #792 ) ;
#1031 = VECTOR ( 'NONE', #132, 1000.000000000000000 ) ;
#1032 = DIRECTION ( 'NONE',  ( -1.000000000000000000, 0.000000000000000000, 0.000000000000000000 ) ) ;
#1033 = PRODUCT_DEFINITION_SHAPE ( 'NONE', 'NONE',  #366 ) ;
#1034 = EDGE_CURVE ( 'NONE', #457, #1092, #1173, .T. ) ;
#1035 = FACE_BOUND ( 'NONE', #722, .T. ) ;
#1036 = DIRECTION ( 'NONE',  ( -0.000000000000000000, -0.000000000000000000, 1.000000000000000000 ) ) ;
#1037 = SURFACE_SIDE_STYLE ('',( #769 ) ) ;
#1038 = PRESENTATION_STYLE_ASSIGNMENT (( #1292 ) ) ;
#1039 = CARTESIAN_POINT ( 'NONE',  ( 1.529740910740642557, 2.024999999999999911, 1.213486482244503005E-16 ) ) ;
#1040 = EDGE_CURVE ( 'NONE', #932, #1636, #1390, .T. ) ;
#1041 = DIRECTION ( 'NONE',  ( 0.000000000000000000, -1.000000000000000000, 0.000000000000000000 ) ) ;
#1042 = EDGE_LOOP ( 'NONE', ( #809, #1624, #1613, #1258 ) ) ;
#1043 = CARTESIAN_POINT ( 'NONE',  ( 0.000000000000000000, 2.000000000000000000, 1.559607849419712988E-16 ) ) ;
#1044 = EDGE_CURVE ( 'NONE', #1611, #172, #928, .T. ) ;
#1045 = FACE_OUTER_BOUND ( 'NONE', #1608, .T. ) ;
#1046 = SURFACE_STYLE_USAGE ( .BOTH. , #265 ) ;
#1047 = LINE ( 'NONE', #301, #790 ) ;
#1048 = SURFACE_STYLE_USAGE ( .BOTH. , #1558 ) ;
#1049 = CARTESIAN_POINT ( 'NONE',  ( 0.8602504436327109705, 1.989999999999999991, 0.7996210485191312944 ) ) ;
#1050 = MECHANICAL_DESIGN_GEOMETRIC_PRESENTATION_REPRESENTATION (  '', ( #1526 ), #641 ) ;
#1051 = EDGE_LOOP ( 'NONE', ( #441, #448, #294, #196 ) ) ;
#1052 = UNCERTAINTY_MEASURE_WITH_UNIT (LENGTH_MEASURE( 1.000000000000000082E-05 ), #682, 'distance_accuracy_value', 'NONE');
#1053 = COLOUR_RGB ( '',0.6941176470588235059, 0.09803921568627450844, 0.09803921568627450844 ) ;
#1054 = ADVANCED_FACE ( 'NONE', ( #291 ), #1397, .T. ) ;
#1055 = VECTOR ( 'NONE', #111, 1000.000000000000000 ) ;
#1056 = LINE ( 'NONE', #1585, #506 ) ;
#1057 = DIRECTION ( 'NONE',  ( 0.000000000000000000, -0.000000000000000000, 1.000000000000000000 ) ) ;
#1058 = ORIENTED_EDGE ( 'NONE', *, *, #1336, .F. ) ;
#1059 = EDGE_CURVE ( 'NONE', #1366, #172, #565, .T. ) ;
#1060 = FACE_OUTER_BOUND ( 'NONE', #1600, .T. ) ;
#1061 = ORIENTED_EDGE ( 'NONE', *, *, #433, .F. ) ;
#1062 = CARTESIAN_POINT ( 'NONE',  ( -0.7080900285679360140, 1.989999999999999991, -0.6996210485191314277 ) ) ;
#1063 = ADVANCED_FACE ( 'NONE', ( #744 ), #857, .T. ) ;
#1064 = DIRECTION ( 'NONE',  ( -0.000000000000000000, -0.000000000000000000, 1.000000000000000000 ) ) ;
#1065 = DIRECTION ( 'NONE',  ( -0.000000000000000000, 1.000000000000000000, -0.000000000000000000 ) ) ;
#1066 = VERTEX_POINT ( 'NONE', #230 ) ;
#1067 = ORIENTED_EDGE ( 'NONE', *, *, #1502, .F. ) ;
#1068 = UNCERTAINTY_MEASURE_WITH_UNIT (LENGTH_MEASURE( 1.000000000000000082E-05 ), #1511, 'distance_accuracy_value', 'NONE');
#1069 = SHAPE_DEFINITION_REPRESENTATION ( #1033, #661 ) ;
#1070 = SURFACE_SIDE_STYLE ('',( #1347 ) ) ;
#1071 = CARTESIAN_POINT ( 'NONE',  ( 1.529740910740642557, 2.024999999999999911, 1.213486482244503005E-16 ) ) ;
#1072 = PRESENTATION_STYLE_ASSIGNMENT (( #1314 ) ) ;
#1073 = ORIENTED_EDGE ( 'NONE', *, *, #1626, .F. ) ;
#1074 = EDGE_CURVE ( 'NONE', #859, #46, #349, .T. ) ;
#1075 = CARTESIAN_POINT ( 'NONE',  ( 0.7602504436327108817, 1.989999999999999991, 2.710505431213761085E-17 ) ) ;
#1076 = COLOUR_RGB ( '',0.6941176470588235059, 0.09803921568627450844, 0.09803921568627450844 ) ;
#1077 = CARTESIAN_POINT ( 'NONE',  ( -1.529740910740642557, 1.762499999999999512, -2.577481332075403292E-16 ) ) ;
#1078 = ORIENTED_EDGE ( 'NONE', *, *, #1477, .F. ) ;
#1079 =( NAMED_UNIT ( * ) SI_UNIT ( $, .STERADIAN. ) SOLID_ANGLE_UNIT ( ) );
#1080 = DIRECTION ( 'NONE',  ( 1.000000000000000000, 0.000000000000000000, 0.000000000000000000 ) ) ;
#1081 = PRESENTATION_LAYER_ASSIGNMENT (  '', '', ( #250 ) ) ;
#1082 = EDGE_LOOP ( 'NONE', ( #1087, #34, #895, #1373 ) ) ;
#1083 = FILL_AREA_STYLE ('',( #1312 ) ) ;
#1084 = ORIENTED_EDGE ( 'NONE', *, *, #1012, .T. ) ;
#1085 = CARTESIAN_POINT ( 'NONE',  ( -0.6080900285679359252, 1.989999999999999991, -0.5996210485191313388 ) ) ;
#1086 = LINE ( 'NONE', #1075, #613 ) ;
#1087 = ORIENTED_EDGE ( 'NONE', *, *, #1178, .F. ) ;
#1088 = PLANE ( 'NONE',  #1682 ) ;
#1089 = ORIENTED_EDGE ( 'NONE', *, *, #240, .T. ) ;
#1090 = CARTESIAN_POINT ( 'NONE',  ( 0.8602504436327109705, 1.989999999999999991, 1.750000000000000222 ) ) ;
#1091 = CARTESIAN_POINT ( 'NONE',  ( -0.6080900285679359252, 2.000000000000000000, -1.499242097038262722 ) ) ;
#1092 = VERTEX_POINT ( 'NONE', #864 ) ;
#1093 = CARTESIAN_POINT ( 'NONE',  ( -0.6080900285679359252, 2.000000000000000000, -0.5996210485191313388 ) ) ;
#1094 = ORIENTED_EDGE ( 'NONE', *, *, #1539, .T. ) ;
#1095 =( LENGTH_UNIT ( ) NAMED_UNIT ( * ) SI_UNIT ( .MILLI., .METRE. ) );
#1096 = SURFACE_STYLE_USAGE ( .BOTH. , #1070 ) ;
#1097 = EDGE_CURVE ( 'NONE', #1636, #175, #1531, .T. ) ;
#1098 = ORIENTED_EDGE ( 'NONE', *, *, #340, .F. ) ;
#1099 = CARTESIAN_POINT ( 'NONE',  ( 0.8602504436327109705, 1.989999999999999991, 1.750000000000000222 ) ) ;
#1100 =( LENGTH_UNIT ( ) NAMED_UNIT ( * ) SI_UNIT ( .MILLI., .METRE. ) );
#1101 = PLANE ( 'NONE',  #891 ) ;
#1102 = EDGE_LOOP ( 'NONE', ( #847, #1454, #754, #1243, #1570, #204, #1248, #1358 ) ) ;
#1103 =( NAMED_UNIT ( * ) PLANE_ANGLE_UNIT ( ) SI_UNIT ( $, .RADIAN. ) );
#1104 = ORIENTED_EDGE ( 'NONE', *, *, #1191, .F. ) ;
#1105 = PRODUCT_DEFINITION_CONTEXT ( 'detailed design', #1423, 'design' ) ;
#1106 = ADVANCED_FACE ( 'NONE', ( #997 ), #102, .T. ) ;
#1107 = FILL_AREA_STYLE ('',( #734 ) ) ;
#1108 = CARTESIAN_POINT ( 'NONE',  ( -0.7080900285679360140, 2.000000000000000000, 1.399242097038262633 ) ) ;
#1109 = MECHANICAL_DESIGN_GEOMETRIC_PRESENTATION_REPRESENTATION (  '', ( #888 ), #914 ) ;
#1110 = DIRECTION ( 'NONE',  ( -0.000000000000000000, 0.000000000000000000, 1.000000000000000000 ) ) ;
#1111 = EDGE_CURVE ( 'NONE', #1631, #482, #1524, .T. ) ;
#1112 = SURFACE_SIDE_STYLE ('',( #591 ) ) ;
#1113 = VECTOR ( 'NONE', #1261, 1000.000000000000000 ) ;
#1114 =( LENGTH_UNIT ( ) NAMED_UNIT ( * ) SI_UNIT ( .MILLI., .METRE. ) );
#1115 = VERTEX_POINT ( 'NONE', #607 ) ;
#1116 = DIRECTION ( 'NONE',  ( -0.000000000000000000, -1.000000000000000000, -0.000000000000000000 ) ) ;
#1117 = CARTESIAN_POINT ( 'NONE',  ( -1.269999999999999796, -26.00000000000000000, 0.000000000000000000 ) ) ;
#1118 = ORIENTED_EDGE ( 'NONE', *, *, #909, .F. ) ;
#1119 = CARTESIAN_POINT ( 'NONE',  ( -1.151748670500643668, 2.000000000000000000, 1.750000000000000222 ) ) ;
#1120 =( NAMED_UNIT ( * ) PLANE_ANGLE_UNIT ( ) SI_UNIT ( $, .RADIAN. ) );
#1121 = EDGE_CURVE ( 'NONE', #558, #1462, #1387, .T. ) ;
#1122 = ORIENTED_EDGE ( 'NONE', *, *, #1044, .T. ) ;
#1123 = EDGE_CURVE ( 'NONE', #1343, #180, #1656, .T. ) ;
#1124 =( NAMED_UNIT ( * ) SI_UNIT ( $, .STERADIAN. ) SOLID_ANGLE_UNIT ( ) );
#1125 = SURFACE_STYLE_USAGE ( .BOTH. , #96 ) ;
#1126 = EDGE_LOOP ( 'NONE', ( #1486, #1306, #286, #372 ) ) ;
#1127 = FILL_AREA_STYLE ('',( #365 ) ) ;
#1128 = DIRECTION ( 'NONE',  ( -0.000000000000000000, -1.000000000000000000, -0.000000000000000000 ) ) ;
#1129 = MECHANICAL_DESIGN_GEOMETRIC_PRESENTATION_REPRESENTATION (  '', ( #428 ), #529 ) ;
#1130 = LINE ( 'NONE', #1659, #543 ) ;
#1131 = COLOUR_RGB ( '',0.6941176470588235059, 0.09803921568627450844, 0.09803921568627450844 ) ;
#1132 = PRESENTATION_LAYER_ASSIGNMENT (  '', '', ( #1189 ) ) ;
#1133 = EDGE_LOOP ( 'NONE', ( #1020, #76, #1370, #579 ) ) ;
#1134 = EDGE_CURVE ( 'NONE', #1587, #990, #600, .T. ) ;
#1135 = DIRECTION ( 'NONE',  ( 1.000000000000000000, 0.000000000000000000, -0.000000000000000000 ) ) ;
#1136 = VECTOR ( 'NONE', #149, 1000.000000000000000 ) ;
#1137 = EDGE_CURVE ( 'NONE', #667, #1499, #358, .T. ) ;
#1138 = LINE ( 'NONE', #626, #165 ) ;
#1139 = FACE_OUTER_BOUND ( 'NONE', #1602, .T. ) ;
#1140 =( NAMED_UNIT ( * ) SI_UNIT ( $, .STERADIAN. ) SOLID_ANGLE_UNIT ( ) );
#1141 = LINE ( 'NONE', #1148, #1023 ) ;
#1142 = PRESENTATION_STYLE_ASSIGNMENT (( #1680 ) ) ;
#1143 = DIRECTION ( 'NONE',  ( -0.000000000000000000, -1.000000000000000000, -0.000000000000000000 ) ) ;
#1144 = PLANE ( 'NONE',  #279 ) ;
#1145 = PRESENTATION_STYLE_ASSIGNMENT (( #630 ) ) ;
#1146 = EDGE_CURVE ( 'NONE', #1092, #850, #879, .T. ) ;
#1147 = FACE_OUTER_BOUND ( 'NONE', #45, .T. ) ;
#1148 = CARTESIAN_POINT ( 'NONE',  ( -0.6080900285679359252, 1.989999999999999991, -0.09999999999999996392 ) ) ;
#1149 = DIRECTION ( 'NONE',  ( -0.000000000000000000, 1.000000000000000000, -0.000000000000000000 ) ) ;
#1150 = DIRECTION ( 'NONE',  ( -1.000000000000000000, -0.000000000000000000, -0.000000000000000000 ) ) ;
#1151 = PRODUCT_RELATED_PRODUCT_CATEGORY ( 'part', '', ( #1404 ) ) ;
#1152 = ORIENTED_EDGE ( 'NONE', *, *, #656, .F. ) ;
#1153 = DIRECTION ( 'NONE',  ( -0.000000000000000000, -1.000000000000000000, -0.000000000000000000 ) ) ;
#1154 = CYLINDRICAL_SURFACE ( 'NONE', #434, 0.2499999999999999445 ) ;
#1155 = VECTOR ( 'NONE', #1011, 1000.000000000000000 ) ;
#1156 = DIRECTION ( 'NONE',  ( 0.000000000000000000, 0.000000000000000000, -1.000000000000000000 ) ) ;
#1157 = STYLED_ITEM ( 'NONE', ( #583 ), #586 ) ;
#1158 = VECTOR ( 'NONE', #1064, 1000.000000000000000 ) ;
#1159 = FACE_OUTER_BOUND ( 'NONE', #179, .T. ) ;
#1160 = VECTOR ( 'NONE', #127, 1000.000000000000000 ) ;
#1161 = LINE ( 'NONE', #530, #52 ) ;
#1162 = VECTOR ( 'NONE', #1013, 1000.000000000000000 ) ;
#1163 = VECTOR ( 'NONE', #1197, 1000.000000000000000 ) ;
#1164 = LINE ( 'NONE', #1684, #948 ) ;
#1165 = CARTESIAN_POINT ( 'NONE',  ( -1.529740910740642557, 2.024999999999999911, -2.577481332075403292E-16 ) ) ;
#1166 = VECTOR ( 'NONE', #1389, 1000.000000000000000 ) ;
#1167 = DIRECTION ( 'NONE',  ( 0.000000000000000000, 1.000000000000000000, 0.000000000000000000 ) ) ;
#1168 = ADVANCED_FACE ( 'NONE', ( #714 ), #1645, .F. ) ;
#1169 = CARTESIAN_POINT ( 'NONE',  ( 0.8602504436327109705, 1.989999999999999991, -0.09999999999999996392 ) ) ;
#1170 = FACE_OUTER_BOUND ( 'NONE', #595, .T. ) ;
#1171 = ORIENTED_EDGE ( 'NONE', *, *, #370, .T. ) ;
#1172 = DIRECTION ( 'NONE',  ( 0.000000000000000000, 1.000000000000000000, 0.000000000000000000 ) ) ;
#1173 = LINE ( 'NONE', #1488, #90 ) ;
#1174 = ORIENTED_EDGE ( 'NONE', *, *, #1647, .T. ) ;
#1175 = CARTESIAN_POINT ( 'NONE',  ( 0.000000000000000000, 1.989999999999999991, 0.000000000000000000 ) ) ;
#1176 = DIRECTION ( 'NONE',  ( 0.000000000000000000, 0.000000000000000000, -1.000000000000000000 ) ) ;
#1177 = LINE ( 'NONE', #905, #505 ) ;
#1178 = EDGE_CURVE ( 'NONE', #1066, #1468, #222, .T. ) ;
#1179 = ORIENTED_EDGE ( 'NONE', *, *, #131, .F. ) ;
#1180 = SURFACE_SIDE_STYLE ('',( #1460 ) ) ;
#1181 = FILL_AREA_STYLE ('',( #798 ) ) ;
#1182 = ORIENTED_EDGE ( 'NONE', *, *, #398, .F. ) ;
#1183 =( NAMED_UNIT ( * ) PLANE_ANGLE_UNIT ( ) SI_UNIT ( $, .RADIAN. ) );
#1184 =( GEOMETRIC_REPRESENTATION_CONTEXT ( 3 ) GLOBAL_UNCERTAINTY_ASSIGNED_CONTEXT ( ( #677 ) ) GLOBAL_UNIT_ASSIGNED_CONTEXT ( ( #1653, #1403, #1004 ) ) REPRESENTATION_CONTEXT ( 'NONE', 'WORKASPACE' ) );
#1185 = CARTESIAN_POINT ( 'NONE',  ( 0.8602504436327109705, 1.989999999999999991, -0.09999999999999996392 ) ) ;
#1186 = PLANE ( 'NONE',  #1546 ) ;
#1187 =( GEOMETRIC_REPRESENTATION_CONTEXT ( 3 ) GLOBAL_UNCERTAINTY_ASSIGNED_CONTEXT ( ( #147 ) ) GLOBAL_UNIT_ASSIGNED_CONTEXT ( ( #356, #1399, #1396 ) ) REPRESENTATION_CONTEXT ( 'NONE', 'WORKASPACE' ) );
#1188 = MECHANICAL_DESIGN_GEOMETRIC_PRESENTATION_REPRESENTATION (  '', ( #1157 ), #594 ) ;
#1189 = STYLED_ITEM ( 'NONE', ( #329 ), #876 ) ;
#1190 = ORIENTED_EDGE ( 'NONE', *, *, #1316, .F. ) ;
#1191 = EDGE_CURVE ( 'NONE', #932, #1553, #399, .T. ) ;
#1192 = VECTOR ( 'NONE', #1308, 1000.000000000000000 ) ;
#1193 = SURFACE_STYLE_USAGE ( .BOTH. , #15 ) ;
#1194 = ORIENTED_EDGE ( 'NONE', *, *, #1253, .T. ) ;
#1195 =( GEOMETRIC_REPRESENTATION_CONTEXT ( 3 ) GLOBAL_UNCERTAINTY_ASSIGNED_CONTEXT ( ( #1490 ) ) GLOBAL_UNIT_ASSIGNED_CONTEXT ( ( #882, #232, #752 ) ) REPRESENTATION_CONTEXT ( 'NONE', 'WORKASPACE' ) );
#1196 = ORIENTED_EDGE ( 'NONE', *, *, #694, .T. ) ;
#1197 = DIRECTION ( 'NONE',  ( 1.000000000000000000, 0.000000000000000000, -1.882706184525868293E-16 ) ) ;
#1198 = CIRCLE ( 'NONE', #1473, 0.2000000000000002331 ) ;
#1199 = CARTESIAN_POINT ( 'NONE',  ( 0.8602504436327109705, 2.000000000000000000, 1.750000000000000222 ) ) ;
#1200 = CYLINDRICAL_SURFACE ( 'NONE', #410, 0.2000000000000002331 ) ;
#1201 = EDGE_LOOP ( 'NONE', ( #1098, #982 ) ) ;
#1202 = ORIENTED_EDGE ( 'NONE', *, *, #238, .F. ) ;
#1203 = DIRECTION ( 'NONE',  ( 0.000000000000000000, 1.000000000000000000, 0.000000000000000000 ) ) ;
#1204 = EDGE_CURVE ( 'NONE', #1226, #1379, #779, .T. ) ;
#1205 = EDGE_LOOP ( 'NONE', ( #1451, #1528, #202, #1324 ) ) ;
#1206 =( NAMED_UNIT ( * ) SI_UNIT ( $, .STERADIAN. ) SOLID_ANGLE_UNIT ( ) );
#1207 = VERTEX_POINT ( 'NONE', #375 ) ;
#1208 = CARTESIAN_POINT ( 'NONE',  ( -1.269999999999999796, -26.00000000000000000, 0.2000000000000002331 ) ) ;
#1209 = EDGE_LOOP ( 'NONE', ( #825, #99, #156, #41 ) ) ;
#1210 = ORIENTED_EDGE ( 'NONE', *, *, #960, .T. ) ;
#1211 = UNCERTAINTY_MEASURE_WITH_UNIT (LENGTH_MEASURE( 1.000000000000000082E-05 ), #1510, 'distance_accuracy_value', 'NONE');
#1212 = SURFACE_STYLE_USAGE ( .BOTH. , #1180 ) ;
#1213 = PRESENTATION_STYLE_ASSIGNMENT (( #1606 ) ) ;
#1214 = EDGE_LOOP ( 'NONE', ( #1472, #1348, #70, #1615 ) ) ;
#1215 = CARTESIAN_POINT ( 'NONE',  ( 0.7602504436327108817, 1.989999999999999991, 0.6996210485191314277 ) ) ;
#1216 = ADVANCED_FACE ( 'NONE', ( #908 ), #1431, .T. ) ;
#1217 = LINE ( 'NONE', #1474, #1158 ) ;
#1218 = DIRECTION ( 'NONE',  ( -0.000000000000000000, 1.000000000000000000, -0.000000000000000000 ) ) ;
#1219 = ORIENTED_EDGE ( 'NONE', *, *, #691, .F. ) ;
#1220 = CARTESIAN_POINT ( 'NONE',  ( 1.270000000000000240, -26.00000000000000000, 3.110602869834277654E-16 ) ) ;
#1221 = AXIS2_PLACEMENT_3D ( 'NONE', #980, #616, #1135 ) ;
#1222 = AXIS2_PLACEMENT_3D ( 'NONE', #1039, #416, #268 ) ;
#1223 = EDGE_LOOP ( 'NONE', ( #870, #1484, #1171, #901, #1262, #860, #1250, #401, #684, #1094, #125, #478, #393, #749, #1174, #1288, #967, #1382, #163, #1683, #53, #82, #1010, #953 ) ) ;
#1224 = AXIS2_PLACEMENT_3D ( 'NONE', #1015, #377, #898 ) ;
#1225 = VECTOR ( 'NONE', #1380, 1000.000000000000000 ) ;
#1226 = VERTEX_POINT ( 'NONE', #649 ) ;
#1227 = DIRECTION ( 'NONE',  ( -1.000000000000000000, -0.000000000000000000, -0.000000000000000000 ) ) ;
#1228 = PRESENTATION_LAYER_ASSIGNMENT (  '', '', ( #1579 ) ) ;
#1229 = DIRECTION ( 'NONE',  ( 0.000000000000000000, 0.000000000000000000, 1.000000000000000000 ) ) ;
#1230 = AXIS2_PLACEMENT_3D ( 'NONE', #1349, #169, #806 ) ;
#1231 = DIRECTION ( 'NONE',  ( -1.000000000000000000, -0.000000000000000000, -0.000000000000000000 ) ) ;
#1232 = VERTEX_POINT ( 'NONE', #124 ) ;
#1233 = PRESENTATION_LAYER_ASSIGNMENT (  '', '', ( #571 ) ) ;
#1234 = VERTEX_POINT ( 'NONE', #762 ) ;
#1235 = ADVANCED_FACE ( 'NONE', ( #1170 ), #520, .T. ) ;
#1236 = ORIENTED_EDGE ( 'NONE', *, *, #433, .T. ) ;
#1237 = ORIENTED_EDGE ( 'NONE', *, *, #656, .T. ) ;
#1238 = UNCERTAINTY_MEASURE_WITH_UNIT (LENGTH_MEASURE( 1.000000000000000082E-05 ), #1612, 'distance_accuracy_value', 'NONE');
#1239 = DIRECTION ( 'NONE',  ( -1.000000000000000000, -0.000000000000000000, -0.000000000000000000 ) ) ;
#1240 = FILL_AREA_STYLE ('',( #1501 ) ) ;
#1241 =( NAMED_UNIT ( * ) SI_UNIT ( $, .STERADIAN. ) SOLID_ANGLE_UNIT ( ) );
#1242 = SURFACE_SIDE_STYLE ('',( #718 ) ) ;
#1243 = ORIENTED_EDGE ( 'NONE', *, *, #533, .T. ) ;
#1244 = ORIENTED_EDGE ( 'NONE', *, *, #1417, .F. ) ;
#1245 = DIRECTION ( 'NONE',  ( 1.000000000000000000, 0.000000000000000000, 0.000000000000000000 ) ) ;
#1246 = DIRECTION ( 'NONE',  ( 1.000000000000000000, 0.000000000000000000, -0.000000000000000000 ) ) ;
#1247 = FACE_OUTER_BOUND ( 'NONE', #835, .T. ) ;
#1248 = ORIENTED_EDGE ( 'NONE', *, *, #1280, .T. ) ;
#1249 = DIRECTION ( 'NONE',  ( 0.000000000000000000, 1.000000000000000000, 0.000000000000000000 ) ) ;
#1250 = ORIENTED_EDGE ( 'NONE', *, *, #403, .T. ) ;
#1251 = DIRECTION ( 'NONE',  ( -0.000000000000000000, 1.000000000000000000, -0.000000000000000000 ) ) ;
#1252 = VECTOR ( 'NONE', #1032, 1000.000000000000000 ) ;
#1253 = EDGE_CURVE ( 'NONE', #964, #551, #1138, .T. ) ;
#1254 = AXIS2_PLACEMENT_3D ( 'NONE', #789, #1303, #778 ) ;
#1255 = FACE_OUTER_BOUND ( 'NONE', #854, .T. ) ;
#1256 = AXIS2_PLACEMENT_3D ( 'NONE', #292, #1591, #322 ) ;
#1257 = SURFACE_STYLE_FILL_AREA ( #226 ) ;
#1258 = ORIENTED_EDGE ( 'NONE', *, *, #874, .T. ) ;
#1259 = CARTESIAN_POINT ( 'NONE',  ( -0.7080900285679360140, 1.989999999999999991, -1.399242097038262855 ) ) ;
#1260 = AXIS2_PLACEMENT_3D ( 'NONE', #1562, #1422, #236 ) ;
#1261 = DIRECTION ( 'NONE',  ( -0.000000000000000000, -0.000000000000000000, 1.000000000000000000 ) ) ;
#1262 = ORIENTED_EDGE ( 'NONE', *, *, #1398, .T. ) ;
#1263 = DIRECTION ( 'NONE',  ( -0.000000000000000000, -1.000000000000000000, -0.000000000000000000 ) ) ;
#1264 = DIRECTION ( 'NONE',  ( 0.000000000000000000, 0.000000000000000000, -1.000000000000000000 ) ) ;
#1265 = SURFACE_STYLE_USAGE ( .BOTH. , #830 ) ;
#1266 = ORIENTED_EDGE ( 'NONE', *, *, #636, .T. ) ;
#1267 = EDGE_CURVE ( 'NONE', #884, #1366, #1279, .T. ) ;
#1268 =( LENGTH_UNIT ( ) NAMED_UNIT ( * ) SI_UNIT ( .MILLI., .METRE. ) );
#1269 = CARTESIAN_POINT ( 'NONE',  ( 0.8602504436327109705, 1.989999999999999991, -1.499242097038262722 ) ) ;
#1270 = DIRECTION ( 'NONE',  ( 0.000000000000000000, 0.000000000000000000, 1.000000000000000000 ) ) ;
#1271 = AXIS2_PLACEMENT_3D ( 'NONE', #1117, #206, #1264 ) ;
#1272 = STYLED_ITEM ( 'NONE', ( #1038 ), #419 ) ;
#1273 = DIRECTION ( 'NONE',  ( 1.000000000000000000, 0.000000000000000000, -0.000000000000000000 ) ) ;
#1274 = FACE_OUTER_BOUND ( 'NONE', #1205, .T. ) ;
#1275 =( GEOMETRIC_REPRESENTATION_CONTEXT ( 3 ) GLOBAL_UNCERTAINTY_ASSIGNED_CONTEXT ( ( #1452 ) ) GLOBAL_UNIT_ASSIGNED_CONTEXT ( ( #1571, #10, #1582 ) ) REPRESENTATION_CONTEXT ( 'NONE', 'WORKASPACE' ) );
#1276 = AXIS2_PLACEMENT_3D ( 'NONE', #632, #108, #618 ) ;
#1277 =( GEOMETRIC_REPRESENTATION_CONTEXT ( 3 ) GLOBAL_UNCERTAINTY_ASSIGNED_CONTEXT ( ( #991 ) ) GLOBAL_UNIT_ASSIGNED_CONTEXT ( ( #993, #1120, #195 ) ) REPRESENTATION_CONTEXT ( 'NONE', 'WORKASPACE' ) );
#1278 = DIRECTION ( 'NONE',  ( -1.000000000000000000, -0.000000000000000000, -0.000000000000000000 ) ) ;
#1279 = LINE ( 'NONE', #1674, #539 ) ;
#1280 = EDGE_CURVE ( 'NONE', #1115, #588, #497, .T. ) ;
#1281 = LINE ( 'NONE', #1544, #1305 ) ;
#1282 = DIRECTION ( 'NONE',  ( 1.000000000000000000, 0.000000000000000000, 0.000000000000000000 ) ) ;
#1283 = DIRECTION ( 'NONE',  ( -0.000000000000000000, 0.000000000000000000, 1.000000000000000000 ) ) ;
#1284 = CARTESIAN_POINT ( 'NONE',  ( -1.529740910740642557, 2.000000000000000000, -2.577481332075403292E-16 ) ) ;
#1285 = ADVANCED_FACE ( 'NONE', ( #1681 ), #1469, .F. ) ;
#1286 = PLANE ( 'NONE',  #1686 ) ;
#1287 = ADVANCED_FACE ( 'NONE', ( #748 ), #851, .F. ) ;
#1288 = ORIENTED_EDGE ( 'NONE', *, *, #1365, .T. ) ;
#1289 = CARTESIAN_POINT ( 'NONE',  ( 0.8602504436327109705, 2.000000000000000000, 1.299242097038262544 ) ) ;
#1290 = DIRECTION ( 'NONE',  ( -0.000000000000000000, 0.000000000000000000, 1.000000000000000000 ) ) ;
#1291 = LINE ( 'NONE', #552, #569 ) ;
#1292 = SURFACE_STYLE_USAGE ( .BOTH. , #122 ) ;
#1293 = CARTESIAN_POINT ( 'NONE',  ( 1.529740910740642557, 2.000000000000000000, 1.213486482244503005E-16 ) ) ;
#1294 = DIRECTION ( 'NONE',  ( -0.000000000000000000, -1.000000000000000000, -0.000000000000000000 ) ) ;
#1295 = DIRECTION ( 'NONE',  ( -1.882706184525868293E-16, 0.000000000000000000, -1.000000000000000000 ) ) ;
#1296 = CIRCLE ( 'NONE', #784, 2.095000000000000195 ) ;
#1297 = ADVANCED_FACE ( 'NONE', ( #120 ), #767, .F. ) ;
#1298 =( NAMED_UNIT ( * ) PLANE_ANGLE_UNIT ( ) SI_UNIT ( $, .RADIAN. ) );
#1299 = MECHANICAL_DESIGN_GEOMETRIC_PRESENTATION_REPRESENTATION (  '', ( #1467 ), #216 ) ;
#1300 = PLANE ( 'NONE',  #135 ) ;
#1301 = DIRECTION ( 'NONE',  ( -0.000000000000000000, -0.000000000000000000, 1.000000000000000000 ) ) ;
#1302 = AXIS2_PLACEMENT_3D ( 'NONE', #577, #1494, #1363 ) ;
#1303 = DIRECTION ( 'NONE',  ( 0.000000000000000000, 1.000000000000000000, -0.000000000000000000 ) ) ;
#1304 = CARTESIAN_POINT ( 'NONE',  ( -1.529740910740642557, 2.024999999999999911, 0.2499999999999996669 ) ) ;
#1305 = VECTOR ( 'NONE', #258, 1000.000000000000000 ) ;
#1306 = ORIENTED_EDGE ( 'NONE', *, *, #1024, .F. ) ;
#1307 = CARTESIAN_POINT ( 'NONE',  ( 0.000000000000000000, 2.000000000000000000, 1.559607849419712988E-16 ) ) ;
#1308 = DIRECTION ( 'NONE',  ( -0.000000000000000000, 1.000000000000000000, -0.000000000000000000 ) ) ;
#1309 = FILL_AREA_STYLE_COLOUR ( '', #278 ) ;
#1310 = CARTESIAN_POINT ( 'NONE',  ( 0.8602504436327109705, 1.989999999999999991, 0.7996210485191312944 ) ) ;
#1311 = CARTESIAN_POINT ( 'NONE',  ( 0.8602504436327109705, 2.000000000000000000, -1.499242097038262722 ) ) ;
#1312 = FILL_AREA_STYLE_COLOUR ( '', #140 ) ;
#1313 = ADVANCED_FACE ( 'NONE', ( #1017 ), #887, .T. ) ;
#1314 = SURFACE_STYLE_USAGE ( .BOTH. , #566 ) ;
#1315 = CARTESIAN_POINT ( 'NONE',  ( -1.269999999999999796, -26.00000000000000000, 0.000000000000000000 ) ) ;
#1316 = EDGE_CURVE ( 'NONE', #429, #482, #1291, .T. ) ;
#1317 = VERTEX_POINT ( 'NONE', #1329 ) ;
#1318 = PRODUCT_CONTEXT ( 'NONE', #1487, 'mechanical' ) ;
#1319 = CARTESIAN_POINT ( 'NONE',  ( 0.7602504436327108817, 1.989999999999999991, -0.6996210485191314277 ) ) ;
#1320 = DIRECTION ( 'NONE',  ( 1.000000000000000000, -0.000000000000000000, -0.000000000000000000 ) ) ;
#1321 = VECTOR ( 'NONE', #1301, 1000.000000000000000 ) ;
#1322 = ORIENTED_EDGE ( 'NONE', *, *, #1448, .F. ) ;
#1323 = VECTOR ( 'NONE', #578, 1000.000000000000000 ) ;
#1324 = ORIENTED_EDGE ( 'NONE', *, *, #1448, .T. ) ;
#1325 = MECHANICAL_DESIGN_GEOMETRIC_PRESENTATION_REPRESENTATION (  '', ( #250 ), #1275 ) ;
#1326 = APPLICATION_PROTOCOL_DEFINITION ( 'draft international standard', 'automotive_design', 1998, #1423 ) ;
#1327 = EDGE_CURVE ( 'NONE', #1520, #213, #1609, .T. ) ;
#1328 =( GEOMETRIC_REPRESENTATION_CONTEXT ( 3 ) GLOBAL_UNCERTAINTY_ASSIGNED_CONTEXT ( ( #1367 ) ) GLOBAL_UNIT_ASSIGNED_CONTEXT ( ( #795, #517, #1677 ) ) REPRESENTATION_CONTEXT ( 'NONE', 'WORKASPACE' ) );
#1329 = CARTESIAN_POINT ( 'NONE',  ( -0.7080900285679360140, 2.000000000000000000, 0.6996210485191313166 ) ) ;
#1330 = AXIS2_PLACEMENT_3D ( 'NONE', #1043, #1029, #1675 ) ;
#1331 = MECHANICAL_DESIGN_GEOMETRIC_PRESENTATION_REPRESENTATION (  '', ( #571 ), #254 ) ;
#1332 = SURFACE_STYLE_FILL_AREA ( #816 ) ;
#1333 = FACE_BOUND ( 'NONE', #1201, .T. ) ;
#1334 = VERTEX_POINT ( 'NONE', #298 ) ;
#1335 = EDGE_LOOP ( 'NONE', ( #490, #1078 ) ) ;
#1336 = EDGE_CURVE ( 'NONE', #542, #730, #158, .T. ) ;
#1337 =( NAMED_UNIT ( * ) PLANE_ANGLE_UNIT ( ) SI_UNIT ( $, .RADIAN. ) );
#1338 = CARTESIAN_POINT ( 'NONE',  ( -0.6080900285679359252, 2.000000000000000000, -0.5996210485191313388 ) ) ;
#1339 = ORIENTED_EDGE ( 'NONE', *, *, #473, .F. ) ;
#1340 = FILL_AREA_STYLE ('',( #423 ) ) ;
#1341 = CARTESIAN_POINT ( 'NONE',  ( -0.6080900285679359252, 1.989999999999999991, 1.299242097038262544 ) ) ;
#1342 = CARTESIAN_POINT ( 'NONE',  ( 1.270000000000000240, -26.00000000000000000, 3.110602869834277654E-16 ) ) ;
#1343 = VERTEX_POINT ( 'NONE', #703 ) ;
#1344 = LINE ( 'NONE', #1093, #459 ) ;
#1345 = ORIENTED_EDGE ( 'NONE', *, *, #470, .F. ) ;
#1346 = FILL_AREA_STYLE ('',( #1595 ) ) ;
#1347 = SURFACE_STYLE_FILL_AREA ( #1240 ) ;
#1348 = ORIENTED_EDGE ( 'NONE', *, *, #1074, .T. ) ;
#1349 = CARTESIAN_POINT ( 'NONE',  ( 0.000000000000000000, 2.000000000000000000, 1.559607849419712988E-16 ) ) ;
#1350 = EDGE_CURVE ( 'NONE', #884, #1611, #436, .T. ) ;
#1351 = CARTESIAN_POINT ( 'NONE',  ( -0.6080900285679359252, 2.000000000000000000, 1.299242097038262544 ) ) ;
#1352 = EDGE_CURVE ( 'NONE', #30, #384, #443, .T. ) ;
#1353 = DIRECTION ( 'NONE',  ( 0.000000000000000000, 0.000000000000000000, -1.000000000000000000 ) ) ;
#1354 = ORIENTED_EDGE ( 'NONE', *, *, #753, .T. ) ;
#1355 = PRESENTATION_LAYER_ASSIGNMENT (  '', '', ( #380 ) ) ;
#1356 =( GEOMETRIC_REPRESENTATION_CONTEXT ( 3 ) GLOBAL_UNCERTAINTY_ASSIGNED_CONTEXT ( ( #742 ) ) GLOBAL_UNIT_ASSIGNED_CONTEXT ( ( #1455, #1298, #1617 ) ) REPRESENTATION_CONTEXT ( 'NONE', 'WORKASPACE' ) );
#1357 = ORIENTED_EDGE ( 'NONE', *, *, #1507, .T. ) ;
#1358 = ORIENTED_EDGE ( 'NONE', *, *, #883, .F. ) ;
#1359 =( NAMED_UNIT ( * ) PLANE_ANGLE_UNIT ( ) SI_UNIT ( $, .RADIAN. ) );
#1360 = AXIS2_PLACEMENT_3D ( 'NONE', #848, #1128, #469 ) ;
#1361 = MECHANICAL_DESIGN_GEOMETRIC_PRESENTATION_REPRESENTATION (  '', ( #1662 ), #26 ) ;
#1362 = VECTOR ( 'NONE', #118, 1000.000000000000000 ) ;
#1363 = DIRECTION ( 'NONE',  ( -0.000000000000000000, 0.000000000000000000, 1.000000000000000000 ) ) ;
#1364 = ORIENTED_EDGE ( 'NONE', *, *, #137, .F. ) ;
#1365 = EDGE_CURVE ( 'NONE', #698, #1489, #183, .T. ) ;
#1366 = VERTEX_POINT ( 'NONE', #946 ) ;
#1367 = UNCERTAINTY_MEASURE_WITH_UNIT (LENGTH_MEASURE( 1.000000000000000082E-05 ), #795, 'distance_accuracy_value', 'NONE');
#1368 = CARTESIAN_POINT ( 'NONE',  ( -1.529740910740642557, 2.024999999999999911, -0.2500000000000002220 ) ) ;
#1369 = DIRECTION ( 'NONE',  ( 1.000000000000000000, -0.000000000000000000, -0.000000000000000000 ) ) ;
#1370 = ORIENTED_EDGE ( 'NONE', *, *, #1479, .F. ) ;
#1371 = SURFACE_STYLE_USAGE ( .BOTH. , #1646 ) ;
#1372 = FILL_AREA_STYLE_COLOUR ( '', #1053 ) ;
#1373 = ORIENTED_EDGE ( 'NONE', *, *, #361, .F. ) ;
#1374 = ORIENTED_EDGE ( 'NONE', *, *, #802, .T. ) ;
#1375 = CARTESIAN_POINT ( 'NONE',  ( 0.8602504436327109705, 1.989999999999999991, -0.09999999999999996392 ) ) ;
#1376 = PLANE ( 'NONE',  #184 ) ;
#1377 = ADVANCED_FACE ( 'NONE', ( #31 ), #327, .F. ) ;
#1378 = EDGE_LOOP ( 'NONE', ( #606, #1058, #1202, #61 ) ) ;
#1379 = VERTEX_POINT ( 'NONE', #1215 ) ;
#1380 = DIRECTION ( 'NONE',  ( -0.000000000000000000, 1.000000000000000000, -0.000000000000000000 ) ) ;
#1381 = CARTESIAN_POINT ( 'NONE',  ( 0.8602504436327109705, 1.989999999999999991, -1.499242097038262722 ) ) ;
#1382 = ORIENTED_EDGE ( 'NONE', *, *, #1034, .T. ) ;
#1383 = EDGE_LOOP ( 'NONE', ( #353, #23 ) ) ;
#1384 = LINE ( 'NONE', #1259, #1155 ) ;
#1385 = PRESENTATION_LAYER_ASSIGNMENT (  '', '', ( #17 ) ) ;
#1386 = STYLED_ITEM ( 'NONE', ( #1213 ), #185 ) ;
#1387 = LINE ( 'NONE', #724, #894 ) ;
#1388 = AXIS2_PLACEMENT_3D ( 'NONE', #514, #925, #797 ) ;
#1389 = DIRECTION ( 'NONE',  ( -0.000000000000000000, 1.000000000000000000, -0.000000000000000000 ) ) ;
#1390 = CIRCLE ( 'NONE', #1503, 0.2499999999999999445 ) ;
#1391 = CARTESIAN_POINT ( 'NONE',  ( 0.7602504436327108817, 1.989999999999999991, 2.710505431213761085E-17 ) ) ;
#1392 = STYLED_ITEM ( 'NONE', ( #921 ), #1287 ) ;
#1393 = VERTEX_POINT ( 'NONE', #1090 ) ;
#1394 = AXIS2_PLACEMENT_3D ( 'NONE', #1071, #1203, #451 ) ;
#1395 = DIRECTION ( 'NONE',  ( -1.000000000000000000, 0.000000000000000000, -0.000000000000000000 ) ) ;
#1396 =( NAMED_UNIT ( * ) SI_UNIT ( $, .STERADIAN. ) SOLID_ANGLE_UNIT ( ) );
#1397 = CYLINDRICAL_SURFACE ( 'NONE', #763, 0.2000000000000002331 ) ;
#1398 = EDGE_CURVE ( 'NONE', #558, #1648, #564, .T. ) ;
#1399 =( NAMED_UNIT ( * ) PLANE_ANGLE_UNIT ( ) SI_UNIT ( $, .RADIAN. ) );
#1400 = CARTESIAN_POINT ( 'NONE',  ( -0.7080900285679360140, 1.989999999999999991, -1.399242097038262855 ) ) ;
#1401 = CARTESIAN_POINT ( 'NONE',  ( -1.151748670500644556, 2.000000000000000000, -1.749999999999999334 ) ) ;
#1402 = ORIENTED_EDGE ( 'NONE', *, *, #721, .T. ) ;
#1403 =( NAMED_UNIT ( * ) PLANE_ANGLE_UNIT ( ) SI_UNIT ( $, .RADIAN. ) );
#1404 = PRODUCT ( 'PDV-P9203', 'PDV-P9203', '', ( #1318 ) ) ;
#1405 = AXIS2_PLACEMENT_3D ( 'NONE', #252, #1395, #1283 ) ;
#1406 = CYLINDRICAL_SURFACE ( 'NONE', #1006, 0.2499999999999999445 ) ;
#1407 = LINE ( 'NONE', #74, #485 ) ;
#1408 = VECTOR ( 'NONE', #445, 1000.000000000000000 ) ;
#1409 =( NAMED_UNIT ( * ) SI_UNIT ( $, .STERADIAN. ) SOLID_ANGLE_UNIT ( ) );
#1410 = EDGE_CURVE ( 'NONE', #1028, #576, #310, .T. ) ;
#1411 = MECHANICAL_DESIGN_GEOMETRIC_PRESENTATION_REPRESENTATION (  '', ( #89 ), #739 ) ;
#1412 = PLANE ( 'NONE',  #1405 ) ;
#1413 = VECTOR ( 'NONE', #992, 1000.000000000000000 ) ;
#1414 = FILL_AREA_STYLE ('',( #892 ) ) ;
#1415 = LINE ( 'NONE', #1169, #109 ) ;
#1416 = AXIS2_PLACEMENT_3D ( 'NONE', #1022, #637, #509 ) ;
#1417 = EDGE_CURVE ( 'NONE', #319, #1631, #510, .T. ) ;
#1418 = STYLED_ITEM ( 'NONE', ( #201 ), #1464 ) ;
#1419 = DIRECTION ( 'NONE',  ( -0.000000000000000000, 1.000000000000000000, -0.000000000000000000 ) ) ;
#1420 = DIRECTION ( 'NONE',  ( 1.000000000000000000, 0.000000000000000000, 0.000000000000000000 ) ) ;
#1421 = ORIENTED_EDGE ( 'NONE', *, *, #1012, .F. ) ;
#1422 = DIRECTION ( 'NONE',  ( -0.000000000000000000, -1.000000000000000000, -0.000000000000000000 ) ) ;
#1423 = APPLICATION_CONTEXT ( 'automotive_design' ) ;
#1424 = LINE ( 'NONE', #142, #702 ) ;
#1425 = CARTESIAN_POINT ( 'NONE',  ( 0.8602504436327109705, 1.989999999999999991, -0.5996210485191313388 ) ) ;
#1426 = EDGE_CURVE ( 'NONE', #1489, #457, #955, .T. ) ;
#1427 = CARTESIAN_POINT ( 'NONE',  ( 0.000000000000000000, 2.000000000000000000, 1.559607849419712988E-16 ) ) ;
#1428 = CARTESIAN_POINT ( 'NONE',  ( -0.6080900285679359252, 2.000000000000000000, 0.7996210485191312944 ) ) ;
#1429 = DIRECTION ( 'NONE',  ( 0.000000000000000000, 0.000000000000000000, -1.000000000000000000 ) ) ;
#1430 = CYLINDRICAL_SURFACE ( 'NONE', #1388, 0.2000000000000002331 ) ;
#1431 = PLANE ( 'NONE',  #1660 ) ;
#1432 = CARTESIAN_POINT ( 'NONE',  ( -1.529740910740642557, 2.024999999999999911, -0.2500000000000002220 ) ) ;
#1433 = LINE ( 'NONE', #1428, #508 ) ;
#1434 = ADVANCED_FACE ( 'NONE', ( #681 ), #1588, .F. ) ;
#1435 = MECHANICAL_DESIGN_GEOMETRIC_PRESENTATION_REPRESENTATION (  '', ( #430 ), #1187 ) ;
#1436 = SURFACE_SIDE_STYLE ('',( #1556 ) ) ;
#1437 =( GEOMETRIC_REPRESENTATION_CONTEXT ( 3 ) GLOBAL_UNCERTAINTY_ASSIGNED_CONTEXT ( ( #14 ) ) GLOBAL_UNIT_ASSIGNED_CONTEXT ( ( #379, #405, #638 ) ) REPRESENTATION_CONTEXT ( 'NONE', 'WORKASPACE' ) );
#1438 =( GEOMETRIC_REPRESENTATION_CONTEXT ( 3 ) GLOBAL_UNCERTAINTY_ASSIGNED_CONTEXT ( ( #723 ) ) GLOBAL_UNIT_ASSIGNED_CONTEXT ( ( #1691, #512, #1565 ) ) REPRESENTATION_CONTEXT ( 'NONE', 'WORKASPACE' ) );
#1439 = DIRECTION ( 'NONE',  ( 0.000000000000000000, 1.000000000000000000, -0.000000000000000000 ) ) ;
#1440 = AXIS2_PLACEMENT_3D ( 'NONE', #492, #1420, #235 ) ;
#1441 = CARTESIAN_POINT ( 'NONE',  ( 0.7602504436327108817, 1.989999999999999991, -1.399242097038262855 ) ) ;
#1442 = FILL_AREA_STYLE_COLOUR ( '', #673 ) ;
#1443 = VECTOR ( 'NONE', #1492, 1000.000000000000000 ) ;
#1444 = CIRCLE ( 'NONE', #1330, 2.095000000000000195 ) ;
#1445 =( NAMED_UNIT ( * ) PLANE_ANGLE_UNIT ( ) SI_UNIT ( $, .RADIAN. ) );
#1446 = LINE ( 'NONE', #524, #220 ) ;
#1447 =( NAMED_UNIT ( * ) PLANE_ANGLE_UNIT ( ) SI_UNIT ( $, .RADIAN. ) );
#1448 = EDGE_CURVE ( 'NONE', #1234, #1317, #350, .T. ) ;
#1449 = DIRECTION ( 'NONE',  ( -0.000000000000000000, -0.000000000000000000, 1.000000000000000000 ) ) ;
#1450 = FILL_AREA_STYLE ('',( #777 ) ) ;
#1451 = ORIENTED_EDGE ( 'NONE', *, *, #889, .T. ) ;
#1452 = UNCERTAINTY_MEASURE_WITH_UNIT (LENGTH_MEASURE( 1.000000000000000082E-05 ), #1571, 'distance_accuracy_value', 'NONE');
#1453 = DIRECTION ( 'NONE',  ( 0.000000000000000000, 0.000000000000000000, 1.000000000000000000 ) ) ;
#1454 = ORIENTED_EDGE ( 'NONE', *, *, #753, .F. ) ;
#1455 =( LENGTH_UNIT ( ) NAMED_UNIT ( * ) SI_UNIT ( .MILLI., .METRE. ) );
#1456 = CARTESIAN_POINT ( 'NONE',  ( -0.6080900285679359252, 1.989999999999999991, -0.09999999999999996392 ) ) ;
#1457 = CARTESIAN_POINT ( 'NONE',  ( 1.529740910740642557, 2.024999999999999911, 0.2500000000000000555 ) ) ;
#1458 = LINE ( 'NONE', #923, #432 ) ;
#1459 = ORIENTED_EDGE ( 'NONE', *, *, #274, .T. ) ;
#1460 = SURFACE_STYLE_FILL_AREA ( #1346 ) ;
#1461 = PRESENTATION_STYLE_ASSIGNMENT (( #1193 ) ) ;
#1462 = VERTEX_POINT ( 'NONE', #211 ) ;
#1463 = SURFACE_STYLE_USAGE ( .BOTH. , #672 ) ;
#1464 = ADVANCED_FACE ( 'NONE', ( #223 ), #362, .F. ) ;
#1465 = DIRECTION ( 'NONE',  ( -0.000000000000000000, 0.000000000000000000, -1.000000000000000000 ) ) ;
#1466 = VERTEX_POINT ( 'NONE', #231 ) ;
#1467 = STYLED_ITEM ( 'NONE', ( #1541 ), #437 ) ;
#1468 = VERTEX_POINT ( 'NONE', #985 ) ;
#1469 = PLANE ( 'NONE',  #1505 ) ;
#1470 = ORIENTED_EDGE ( 'NONE', *, *, #1267, .F. ) ;
#1471 = UNCERTAINTY_MEASURE_WITH_UNIT (LENGTH_MEASURE( 1.000000000000000082E-05 ), #950, 'distance_accuracy_value', 'NONE');
#1472 = ORIENTED_EDGE ( 'NONE', *, *, #547, .F. ) ;
#1473 = AXIS2_PLACEMENT_3D ( 'NONE', #103, #751, #612 ) ;
#1474 = CARTESIAN_POINT ( 'NONE',  ( -0.7080900285679360140, 2.000000000000000000, 2.710505431213761085E-17 ) ) ;
#1475 = CARTESIAN_POINT ( 'NONE',  ( -1.269999999999999796, 0.000000000000000000, 0.000000000000000000 ) ) ;
#1476 = ORIENTED_EDGE ( 'NONE', *, *, #511, .F. ) ;
#1477 = EDGE_CURVE ( 'NONE', #214, #331, #1198, .T. ) ;
#1478 = CARTESIAN_POINT ( 'NONE',  ( -0.6080900285679359252, 1.989999999999999991, -1.499242097038262722 ) ) ;
#1479 = EDGE_CURVE ( 'NONE', #213, #1207, #1130, .T. ) ;
#1480 = ORIENTED_EDGE ( 'NONE', *, *, #831, .F. ) ;
#1481 = SURFACE_STYLE_FILL_AREA ( #1340 ) ;
#1482 = PLANE ( 'NONE',  #1256 ) ;
#1483 = DIRECTION ( 'NONE',  ( -0.000000000000000000, -1.000000000000000000, -0.000000000000000000 ) ) ;
#1484 = ORIENTED_EDGE ( 'NONE', *, *, #390, .T. ) ;
#1485 = SURFACE_STYLE_USAGE ( .BOTH. , #447 ) ;
#1486 = ORIENTED_EDGE ( 'NONE', *, *, #1134, .T. ) ;
#1487 = APPLICATION_CONTEXT ( 'automotive_design' ) ;
#1488 = CARTESIAN_POINT ( 'NONE',  ( -0.7080900285679360140, 1.989999999999999991, 2.710505431213761085E-17 ) ) ;
#1489 = VERTEX_POINT ( 'NONE', #486 ) ;
#1490 = UNCERTAINTY_MEASURE_WITH_UNIT (LENGTH_MEASURE( 1.000000000000000082E-05 ), #882, 'distance_accuracy_value', 'NONE');
#1491 = LINE ( 'NONE', #193, #969 ) ;
#1492 = DIRECTION ( 'NONE',  ( -1.000000000000000000, 0.000000000000000000, 0.000000000000000000 ) ) ;
#1493 = VERTEX_POINT ( 'NONE', #839 ) ;
#1494 = DIRECTION ( 'NONE',  ( -1.000000000000000000, 0.000000000000000000, -0.000000000000000000 ) ) ;
#1495 = CARTESIAN_POINT ( 'NONE',  ( -1.151748670500644556, 2.000000000000000000, -1.749999999999999334 ) ) ;
#1496 = ORIENTED_EDGE ( 'NONE', *, *, #1123, .T. ) ;
#1497 = COLOUR_RGB ( '',0.6941176470588235059, 0.09803921568627450844, 0.09803921568627450844 ) ;
#1498 = VECTOR ( 'NONE', #1231, 1000.000000000000000 ) ;
#1499 = VERTEX_POINT ( 'NONE', #582 ) ;
#1500 = ORIENTED_EDGE ( 'NONE', *, *, #1623, .F. ) ;
#1501 = FILL_AREA_STYLE_COLOUR ( '', #615 ) ;
#1502 = EDGE_CURVE ( 'NONE', #1393, #966, #1513, .T. ) ;
#1503 = AXIS2_PLACEMENT_3D ( 'NONE', #139, #1589, #1176 ) ;
#1504 =( NAMED_UNIT ( * ) PLANE_ANGLE_UNIT ( ) SI_UNIT ( $, .RADIAN. ) );
#1505 = AXIS2_PLACEMENT_3D ( 'NONE', #1391, #352, #1273 ) ;
#1506 = VECTOR ( 'NONE', #289, 1000.000000000000000 ) ;
#1507 = EDGE_CURVE ( 'NONE', #599, #482, #972, .T. ) ;
#1508 = DIRECTION ( 'NONE',  ( -0.000000000000000000, -1.000000000000000000, -0.000000000000000000 ) ) ;
#1509 = EDGE_LOOP ( 'NONE', ( #1642, #1500, #1244, #562 ) ) ;
#1510 =( LENGTH_UNIT ( ) NAMED_UNIT ( * ) SI_UNIT ( .MILLI., .METRE. ) );
#1511 =( LENGTH_UNIT ( ) NAMED_UNIT ( * ) SI_UNIT ( .MILLI., .METRE. ) );
#1512 = ORIENTED_EDGE ( 'NONE', *, *, #717, .F. ) ;
#1513 = LINE ( 'NONE', #1099, #388 ) ;
#1514 = ORIENTED_EDGE ( 'NONE', *, *, #498, .T. ) ;
#1515 = VERTEX_POINT ( 'NONE', #858 ) ;
#1516 = DIRECTION ( 'NONE',  ( 0.000000000000000000, 0.000000000000000000, -1.000000000000000000 ) ) ;
#1517 =( NAMED_UNIT ( * ) PLANE_ANGLE_UNIT ( ) SI_UNIT ( $, .RADIAN. ) );
#1518 = ORIENTED_EDGE ( 'NONE', *, *, #1539, .F. ) ;
#1519 = CARTESIAN_POINT ( 'NONE',  ( 0.7602504436327108817, 1.989999999999999991, 1.399242097038262633 ) ) ;
#1520 = VERTEX_POINT ( 'NONE', #1381 ) ;
#1521 = ADVANCED_FACE ( 'NONE', ( #1255 ), #1406, .T. ) ;
#1522 = CARTESIAN_POINT ( 'NONE',  ( 1.270000000000000240, -26.00000000000000000, 3.110602869834277654E-16 ) ) ;
#1523 = DIRECTION ( 'NONE',  ( 0.000000000000000000, 0.000000000000000000, 1.000000000000000000 ) ) ;
#1524 = LINE ( 'NONE', #1119, #1638 ) ;
#1525 = PRESENTATION_LAYER_ASSIGNMENT (  '', '', ( #1157 ) ) ;
#1526 = STYLED_ITEM ( 'NONE', ( #1072 ), #772 ) ;
#1527 = PRESENTATION_LAYER_ASSIGNMENT (  '', '', ( #619 ) ) ;
#1528 = ORIENTED_EDGE ( 'NONE', *, *, #1123, .F. ) ;
#1529 =( GEOMETRIC_REPRESENTATION_CONTEXT ( 3 ) GLOBAL_UNCERTAINTY_ASSIGNED_CONTEXT ( ( #467 ) ) GLOBAL_UNIT_ASSIGNED_CONTEXT ( ( #534, #1445, #573 ) ) REPRESENTATION_CONTEXT ( 'NONE', 'WORKASPACE' ) );
#1530 = PLANE ( 'NONE',  #1221 ) ;
#1531 = LINE ( 'NONE', #1368, #1413 ) ;
#1532 = DIRECTION ( 'NONE',  ( 0.000000000000000000, 0.000000000000000000, -1.000000000000000000 ) ) ;
#1533 = FACE_OUTER_BOUND ( 'NONE', #557, .T. ) ;
#1534 = ADVANCED_FACE ( 'NONE', ( #880 ), #9, .T. ) ;
#1535 = EDGE_LOOP ( 'NONE', ( #846, #1196 ) ) ;
#1536 = SURFACE_STYLE_FILL_AREA ( #1666 ) ;
#1537 = LINE ( 'NONE', #126, #92 ) ;
#1538 =( LENGTH_UNIT ( ) NAMED_UNIT ( * ) SI_UNIT ( .MILLI., .METRE. ) );
#1539 = EDGE_CURVE ( 'NONE', #182, #1520, #1164, .T. ) ;
#1540 = DIRECTION ( 'NONE',  ( 7.383860848435087995E-17, 0.000000000000000000, -1.000000000000000000 ) ) ;
#1541 = PRESENTATION_STYLE_ASSIGNMENT (( #1048 ) ) ;
#1542 = CARTESIAN_POINT ( 'NONE',  ( -1.151748670500644556, 2.000000000000000000, -1.749999999999999334 ) ) ;
#1543 = CARTESIAN_POINT ( 'NONE',  ( 0.7602504436327108817, 1.989999999999999991, 0.6996210485191314277 ) ) ;
#1544 = CARTESIAN_POINT ( 'NONE',  ( 0.7602504436327108817, 2.000000000000000000, -1.399242097038262855 ) ) ;
#1545 = FILL_AREA_STYLE_COLOUR ( '', #55 ) ;
#1546 = AXIS2_PLACEMENT_3D ( 'NONE', #22, #541, #1057 ) ;
#1547 = FILL_AREA_STYLE ('',( #128 ) ) ;
#1548 = EDGE_CURVE ( 'NONE', #1499, #316, #1281, .T. ) ;
#1549 = COLOUR_RGB ( '',0.6941176470588235059, 0.09803921568627450844, 0.09803921568627450844 ) ;
#1550 = CARTESIAN_POINT ( 'NONE',  ( 1.270000000000000240, 0.000000000000000000, 0.2000000000000005107 ) ) ;
#1551 = MECHANICAL_DESIGN_GEOMETRIC_PRESENTATION_REPRESENTATION (  '', ( #1418 ), #438 ) ;
#1552 = ORIENTED_EDGE ( 'NONE', *, *, #1569, .F. ) ;
#1553 = VERTEX_POINT ( 'NONE', #1554 ) ;
#1554 = CARTESIAN_POINT ( 'NONE',  ( -1.529740910740642557, 2.000000000000000000, 0.2499999999999996669 ) ) ;
#1555 = CARTESIAN_POINT ( 'NONE',  ( -0.6080900285679359252, 2.000000000000000000, -0.09999999999999996392 ) ) ;
#1556 = SURFACE_STYLE_FILL_AREA ( #4 ) ;
#1557 =( NAMED_UNIT ( * ) SI_UNIT ( $, .STERADIAN. ) SOLID_ANGLE_UNIT ( ) );
#1558 = SURFACE_SIDE_STYLE ('',( #12 ) ) ;
#1559 = LINE ( 'NONE', #1311, #431 ) ;
#1560 = DIRECTION ( 'NONE',  ( 0.000000000000000000, -1.000000000000000000, 0.000000000000000000 ) ) ;
#1561 = EDGE_LOOP ( 'NONE', ( #532, #1357, #686, #738, #1580, #304, #834, #1067 ) ) ;
#1562 = CARTESIAN_POINT ( 'NONE',  ( -1.269999999999999796, 0.000000000000000000, 0.000000000000000000 ) ) ;
#1563 = DIRECTION ( 'NONE',  ( -1.000000000000000000, 0.000000000000000000, 1.882706184525868293E-16 ) ) ;
#1564 = SURFACE_STYLE_FILL_AREA ( #1547 ) ;
#1565 =( NAMED_UNIT ( * ) SI_UNIT ( $, .STERADIAN. ) SOLID_ANGLE_UNIT ( ) );
#1566 = ADVANCED_FACE ( 'NONE', ( #1035, #2 ), #1144, .T. ) ;
#1567 = LINE ( 'NONE', #631, #915 ) ;
#1568 = UNCERTAINTY_MEASURE_WITH_UNIT (LENGTH_MEASURE( 1.000000000000000082E-05 ), #977, 'distance_accuracy_value', 'NONE');
#1569 = EDGE_CURVE ( 'NONE', #1343, #342, #248, .T. ) ;
#1570 = ORIENTED_EDGE ( 'NONE', *, *, #636, .F. ) ;
#1571 =( LENGTH_UNIT ( ) NAMED_UNIT ( * ) SI_UNIT ( .MILLI., .METRE. ) );
#1572 = PRESENTATION_LAYER_ASSIGNMENT (  '', '', ( #428 ) ) ;
#1573 = MECHANICAL_DESIGN_GEOMETRIC_PRESENTATION_REPRESENTATION (  '', ( #1386 ), #787 ) ;
#1574 = VECTOR ( 'NONE', #1065, 1000.000000000000000 ) ;
#1575 = PRESENTATION_LAYER_ASSIGNMENT (  '', '', ( #1637 ) ) ;
#1576 = LINE ( 'NONE', #1351, #671 ) ;
#1577 = LINE ( 'NONE', #5, #297 ) ;
#1578 = CARTESIAN_POINT ( 'NONE',  ( 1.151748670500643890, 0.000000000000000000, 1.749999999999999778 ) ) ;
#1579 = STYLED_ITEM ( 'NONE', ( #404 ), #1313 ) ;
#1580 = ORIENTED_EDGE ( 'NONE', *, *, #1336, .T. ) ;
#1581 =( NAMED_UNIT ( * ) SI_UNIT ( $, .STERADIAN. ) SOLID_ANGLE_UNIT ( ) );
#1582 =( NAMED_UNIT ( * ) SI_UNIT ( $, .STERADIAN. ) SOLID_ANGLE_UNIT ( ) );
#1583 = DIRECTION ( 'NONE',  ( 1.000000000000000000, 0.000000000000000000, 0.000000000000000000 ) ) ;
#1584 = EDGE_CURVE ( 'NONE', #966, #957, #523, .T. ) ;
#1585 = CARTESIAN_POINT ( 'NONE',  ( 0.8602504436327109705, 1.989999999999999991, 1.750000000000000222 ) ) ;
#1586 = CARTESIAN_POINT ( 'NONE',  ( -0.6080900285679359252, 2.000000000000000000, -0.09999999999999996392 ) ) ;
#1587 = VERTEX_POINT ( 'NONE', #629 ) ;
#1588 = PLANE ( 'NONE',  #1607 ) ;
#1589 = DIRECTION ( 'NONE',  ( 0.000000000000000000, 1.000000000000000000, -0.000000000000000000 ) ) ;
#1590 = EDGE_CURVE ( 'NONE', #957, #1493, #1444, .T. ) ;
#1591 = DIRECTION ( 'NONE',  ( 0.000000000000000000, 1.000000000000000000, 0.000000000000000000 ) ) ;
#1592 = LINE ( 'NONE', #1621, #1498 ) ;
#1593 = EDGE_LOOP ( 'NONE', ( #970, #233, #719, #614 ) ) ;
#1594 = ORIENTED_EDGE ( 'NONE', *, *, #1584, .T. ) ;
#1595 = FILL_AREA_STYLE_COLOUR ( '', #489 ) ;
#1596 = PRESENTATION_STYLE_ASSIGNMENT (( #1096 ) ) ;
#1597 = DIRECTION ( 'NONE',  ( -1.000000000000000000, 0.000000000000000000, 0.000000000000000000 ) ) ;
#1598 = VECTOR ( 'NONE', #1353, 1000.000000000000000 ) ;
#1599 = ADVANCED_FACE ( 'NONE', ( #385 ), #1014, .T. ) ;
#1600 = EDGE_LOOP ( 'NONE', ( #171, #1480, #856, #392 ) ) ;
#1601 = VECTOR ( 'NONE', #412, 1000.000000000000000 ) ;
#1602 = EDGE_LOOP ( 'NONE', ( #522, #733, #334, #799 ) ) ;
#1603 = UNCERTAINTY_MEASURE_WITH_UNIT (LENGTH_MEASURE( 1.000000000000000082E-05 ), #1095, 'distance_accuracy_value', 'NONE');
#1604 = PRESENTATION_LAYER_ASSIGNMENT (  '', '', ( #360 ) ) ;
#1605 = DIRECTION ( 'NONE',  ( 1.000000000000000000, 0.000000000000000000, 0.000000000000000000 ) ) ;
#1606 = SURFACE_STYLE_USAGE ( .BOTH. , #836 ) ;
#1607 = AXIS2_PLACEMENT_3D ( 'NONE', #1519, #999, #1246 ) ;
#1608 = EDGE_LOOP ( 'NONE', ( #1104, #1339, #343, #658 ) ) ;
#1609 = LINE ( 'NONE', #153, #1443 ) ;
#1610 = COLOUR_RGB ( '',0.6941176470588235059, 0.09803921568627450844, 0.09803921568627450844 ) ;
#1611 = VERTEX_POINT ( 'NONE', #780 ) ;
#1612 =( LENGTH_UNIT ( ) NAMED_UNIT ( * ) SI_UNIT ( .MILLI., .METRE. ) );
#1613 = ORIENTED_EDGE ( 'NONE', *, *, #361, .T. ) ;
#1614 = SURFACE_STYLE_FILL_AREA ( #862 ) ;
#1615 = ORIENTED_EDGE ( 'NONE', *, *, #1352, .F. ) ;
#1616 = DIRECTION ( 'NONE',  ( -0.000000000000000000, 1.000000000000000000, -0.000000000000000000 ) ) ;
#1617 =( NAMED_UNIT ( * ) SI_UNIT ( $, .STERADIAN. ) SOLID_ANGLE_UNIT ( ) );
#1618 = CARTESIAN_POINT ( 'NONE',  ( -0.6080900285679359252, 1.989999999999999991, 0.7996210485191312944 ) ) ;
#1619 = DIRECTION ( 'NONE',  ( 0.000000000000000000, 0.000000000000000000, 1.000000000000000000 ) ) ;
#1620 = SURFACE_STYLE_USAGE ( .BOTH. , #1630 ) ;
#1621 = CARTESIAN_POINT ( 'NONE',  ( -0.7080900285679360140, 1.989999999999999991, -1.749999999999999556 ) ) ;
#1622 = DIRECTION ( 'NONE',  ( 1.000000000000000000, -0.000000000000000000, -0.000000000000000000 ) ) ;
#1623 = EDGE_CURVE ( 'NONE', #1631, #542, #263, .T. ) ;
#1624 = ORIENTED_EDGE ( 'NONE', *, *, #98, .F. ) ;
#1625 = ORIENTED_EDGE ( 'NONE', *, *, #1137, .T. ) ;
#1626 = EDGE_CURVE ( 'NONE', #680, #877, #775, .T. ) ;
#1627 = ORIENTED_EDGE ( 'NONE', *, *, #608, .T. ) ;
#1628 = CARTESIAN_POINT ( 'NONE',  ( 1.529740910740642557, 2.000000000000000000, 1.213486482244503005E-16 ) ) ;
#1629 = PRESENTATION_STYLE_ASSIGNMENT (( #371 ) ) ;
#1630 = SURFACE_SIDE_STYLE ('',( #494 ) ) ;
#1631 = VERTEX_POINT ( 'NONE', #651 ) ;
#1632 = STYLED_ITEM ( 'NONE', ( #782 ), #116 ) ;
#1633 = CARTESIAN_POINT ( 'NONE',  ( 0.8602504436327109705, 1.989999999999999991, -0.5996210485191313388 ) ) ;
#1634 = SURFACE_SIDE_STYLE ('',( #872 ) ) ;
#1635 = PRESENTATION_LAYER_ASSIGNMENT (  '', '', ( #1272 ) ) ;
#1636 = VERTEX_POINT ( 'NONE', #1432 ) ;
#1637 = STYLED_ITEM ( 'NONE', ( #1145 ), #906 ) ;
#1638 = VECTOR ( 'NONE', #611, 1000.000000000000000 ) ;
#1639 = CARTESIAN_POINT ( 'NONE',  ( 0.7602504436327108817, 1.989999999999999991, 1.750000000000000222 ) ) ;
#1640 = PRESENTATION_LAYER_ASSIGNMENT (  '', '', ( #251 ) ) ;
#1641 = DIRECTION ( 'NONE',  ( -0.000000000000000000, -0.000000000000000000, 1.000000000000000000 ) ) ;
#1642 = ORIENTED_EDGE ( 'NONE', *, *, #238, .T. ) ;
#1643 = DIRECTION ( 'NONE',  ( -0.000000000000000000, 1.000000000000000000, 0.000000000000000000 ) ) ;
#1644 = SURFACE_STYLE_USAGE ( .BOTH. , #1634 ) ;
#1645 = PLANE ( 'NONE',  #1440 ) ;
#1646 = SURFACE_SIDE_STYLE ('',( #865 ) ) ;
#1647 = EDGE_CURVE ( 'NONE', #1663, #698, #643, .T. ) ;
#1648 = VERTEX_POINT ( 'NONE', #634 ) ;
#1649 = CARTESIAN_POINT ( 'NONE',  ( 1.151748670500643890, 2.000000000000000000, 1.749999999999999778 ) ) ;
#1650 = LINE ( 'NONE', #479, #1321 ) ;
#1651 = FILL_AREA_STYLE ('',( #1008 ) ) ;
#1652 = EDGE_LOOP ( 'NONE', ( #1625, #741, #57, #1354 ) ) ;
#1653 =( LENGTH_UNIT ( ) NAMED_UNIT ( * ) SI_UNIT ( .MILLI., .METRE. ) );
#1654 = MECHANICAL_DESIGN_GEOMETRIC_PRESENTATION_REPRESENTATION (  '', ( #17 ), #1184 ) ;
#1655 = EDGE_CURVE ( 'NONE', #1066, #214, #1537, .T. ) ;
#1656 = LINE ( 'NONE', #367, #164 ) ;
#1657 = CIRCLE ( 'NONE', #246, 0.2000000000000002331 ) ;
#1658 = VECTOR ( 'NONE', #1641, 1000.000000000000000 ) ;
#1659 = CARTESIAN_POINT ( 'NONE',  ( -0.6080900285679359252, 1.989999999999999991, -1.499242097038262722 ) ) ;
#1660 = AXIS2_PLACEMENT_3D ( 'NONE', #269, #1041, #145 ) ;
#1661 = SURFACE_SIDE_STYLE ('',( #1257 ) ) ;
#1662 = STYLED_ITEM ( 'NONE', ( #47 ), #1377 ) ;
#1663 = VERTEX_POINT ( 'NONE', #1400 ) ;
#1664 = AXIS2_PLACEMENT_3D ( 'NONE', #439, #1605, #27 ) ;
#1665 = FILL_AREA_STYLE ('',( #373 ) ) ;
#1666 = FILL_AREA_STYLE ('',( #605 ) ) ;
#1667 = DIRECTION ( 'NONE',  ( 0.000000000000000000, 0.000000000000000000, -1.000000000000000000 ) ) ;
#1668 = EDGE_CURVE ( 'NONE', #46, #384, #306, .T. ) ;
#1669 = PLANE ( 'NONE',  #1664 ) ;
#1670 = FILL_AREA_STYLE ('',( #1545 ) ) ;
#1671 = CARTESIAN_POINT ( 'NONE',  ( -0.6080900285679359252, 1.989999999999999991, -1.499242097038262722 ) ) ;
#1672 = DIRECTION ( 'NONE',  ( -0.000000000000000000, 1.000000000000000000, -0.000000000000000000 ) ) ;
#1673 = DIRECTION ( 'NONE',  ( 0.000000000000000000, 1.000000000000000000, 0.000000000000000000 ) ) ;
#1674 = CARTESIAN_POINT ( 'NONE',  ( 1.529740910740642557, 2.024999999999999911, -0.2499999999999998335 ) ) ;
#1675 = DIRECTION ( 'NONE',  ( 0.000000000000000000, 0.000000000000000000, 1.000000000000000000 ) ) ;
#1676 = EDGE_CURVE ( 'NONE', #1520, #1334, #757, .T. ) ;
#1677 =( NAMED_UNIT ( * ) SI_UNIT ( $, .STERADIAN. ) SOLID_ANGLE_UNIT ( ) );
#1678 = DIRECTION ( 'NONE',  ( -0.000000000000000000, 1.000000000000000000, -0.000000000000000000 ) ) ;
#1679 = CARTESIAN_POINT ( 'NONE',  ( 0.7602504436327108817, 2.000000000000000000, -1.399242097038262855 ) ) ;
#1680 = SURFACE_STYLE_USAGE ( .BOTH. , #123 ) ;
#1681 = FACE_OUTER_BOUND ( 'NONE', #155, .T. ) ;
#1682 = AXIS2_PLACEMENT_3D ( 'NONE', #561, #811, #37 ) ;
#1683 = ORIENTED_EDGE ( 'NONE', *, *, #1204, .T. ) ;
#1684 = CARTESIAN_POINT ( 'NONE',  ( 0.8602504436327109705, 1.989999999999999991, -0.5996210485191313388 ) ) ;
#1685 = DIRECTION ( 'NONE',  ( 0.000000000000000000, 0.000000000000000000, -1.000000000000000000 ) ) ;
#1686 = AXIS2_PLACEMENT_3D ( 'NONE', #785, #1540, #904 ) ;
#1687 = SURFACE_STYLE_FILL_AREA ( #525 ) ;
#1688 = SURFACE_SIDE_STYLE ('',( #1564 ) ) ;
#1689 = STYLED_ITEM ( 'NONE', ( #141 ), #755 ) ;
#1690 = ADVANCED_FACE ( 'NONE', ( #1139 ), #1669, .F. ) ;
#1691 =( LENGTH_UNIT ( ) NAMED_UNIT ( * ) SI_UNIT ( .MILLI., .METRE. ) );
#1692 = AXIS2_PLACEMENT_3D ( 'NONE', #376, #394, #765 ) ;
#1693 = FACE_OUTER_BOUND ( 'NONE', #1082, .T. ) ;
ENDSEC;
END-ISO-10303-21;
