ISO-10303-21;
HEADER;
FILE_DESCRIPTION (( 'STEP AP214' ),
    '1' );
FILE_NAME ('LMC8.STEP',
    '2024-05-13T07:57:57',
    ( '' ),
    ( '' ),
    'SwSTEP 2.0',
    'SolidWorks 2021',
    '' );
FILE_SCHEMA (( 'AUTOMOTIVE_DESIGN' ));
ENDSEC;

DATA;
#1 = EDGE_CURVE ( 'NONE', #171, #900, #1266, .T. ) ;
#2 = PRODUCT ( 'LMC8', 'LMC8', '', ( #1545 ) ) ;
#3 = DIRECTION ( 'NONE',  ( 0.000000000000000000, 1.000000000000000000, 0.000000000000000000 ) ) ;
#4 = MANIFOLD_SOLID_BREP ( 'Imported9', #1045 ) ;
#5 = EDGE_CURVE ( 'NONE', #1275, #152, #154, .T. ) ;
#6 =( NAMED_UNIT ( * ) PLANE_ANGLE_UNIT ( ) SI_UNIT ( $, .RADIAN. ) );
#7 = PLANE ( 'NONE',  #957 ) ;
#8 = MANIFOLD_SOLID_BREP ( 'Imported6', #1341 ) ;
#9 = VECTOR ( 'NONE', #486, 1000.000000000000000 ) ;
#10 = DIRECTION ( 'NONE',  ( 0.7071067811865470176, 0.000000000000000000, 0.7071067811865480168 ) ) ;
#11 = VERTEX_POINT ( 'NONE', #1171 ) ;
#12 = CARTESIAN_POINT ( 'NONE',  ( -1.796051224213840003, -12.06499999999999950, -1.796051224213820241 ) ) ;
#13 = CARTESIAN_POINT ( 'NONE',  ( 4.848119202150640252E-16, 5.334000000000000519, 3.958789755157233525 ) ) ;
#14 = AXIS2_PLACEMENT_3D ( 'NONE', #455, #1370, #990 ) ;
#15 = ADVANCED_FACE ( 'NONE', ( #1672 ), #489, .T. ) ;
#16 = FACE_OUTER_BOUND ( 'NONE', #523, .T. ) ;
#17 = DIRECTION ( 'NONE',  ( 0.000000000000000000, 0.000000000000000000, 1.000000000000000000 ) ) ;
#18 = LINE ( 'NONE', #166, #219 ) ;
#19 = MANIFOLD_SOLID_BREP ( 'NONE', #79 ) ;
#20 = SURFACE_STYLE_USAGE ( .BOTH. , #905 ) ;
#21 = EDGE_LOOP ( 'NONE', ( #1000, #394, #1202, #72 ) ) ;
#22 = CARTESIAN_POINT ( 'NONE',  ( 0.000000000000000000, 0.000000000000000000, 1.714500000000000135 ) ) ;
#23 = CIRCLE ( 'NONE', #1185, 1.714500000000000135 ) ;
#24 = EDGE_CURVE ( 'NONE', #670, #1243, #1541, .T. ) ;
#25 = FILL_AREA_STYLE_COLOUR ( '', #1288 ) ;
#26 = DIRECTION ( 'NONE',  ( -0.000000000000000000, -1.000000000000000000, -0.000000000000000000 ) ) ;
#27 = CARTESIAN_POINT ( 'NONE',  ( -2.540000000000000036, 0.6350000000000000089, 0.000000000000000000 ) ) ;
#28 = VECTOR ( 'NONE', #1460, 1000.000000000000000 ) ;
#29 = SURFACE_SIDE_STYLE ('',( #570 ) ) ;
#30 = VERTEX_POINT ( 'NONE', #1032 ) ;
#31 = CARTESIAN_POINT ( 'NONE',  ( -1.138615355244366745, 1.651000000000000245, 4.169571005702250588 ) ) ;
#32 = EDGE_LOOP ( 'NONE', ( #84, #919 ) ) ;
#33 = CARTESIAN_POINT ( 'NONE',  ( -1.796051224213815134, 0.6350000000000001199, 1.796051224213845110 ) ) ;
#34 = CYLINDRICAL_SURFACE ( 'NONE', #1271, 4.064000000000000057 ) ;
#35 = ORIENTED_EDGE ( 'NONE', *, *, #1445, .F. ) ;
#36 = CARTESIAN_POINT ( 'NONE',  ( -3.694075160472007013, 1.651000000000000467, 2.240562489821642522 ) ) ;
#37 = ORIENTED_EDGE ( 'NONE', *, *, #46, .T. ) ;
#38 = CARTESIAN_POINT ( 'NONE',  ( 8.127999999999998337, 5.228789755157234431, 4.063999999999999169 ) ) ;
#39 = DIRECTION ( 'NONE',  ( 0.000000000000000000, -0.000000000000000000, -1.000000000000000000 ) ) ;
#40 =( GEOMETRIC_REPRESENTATION_CONTEXT ( 3 ) GLOBAL_UNCERTAINTY_ASSIGNED_CONTEXT ( ( #1224 ) ) GLOBAL_UNIT_ASSIGNED_CONTEXT ( ( #438, #418, #173 ) ) REPRESENTATION_CONTEXT ( 'NONE', 'WORKASPACE' ) );
#41 = LINE ( 'NONE', #157, #890 ) ;
#42 = CARTESIAN_POINT ( 'NONE',  ( 8.635999999999999233, 1.651000000000000467, -4.318000000000000504 ) ) ;
#43 = AXIS2_PLACEMENT_3D ( 'NONE', #782, #1690, #1061 ) ;
#44 = EDGE_LOOP ( 'NONE', ( #1709, #511, #145, #351 ) ) ;
#45 = CARTESIAN_POINT ( 'NONE',  ( -1.555475610816663634, 1.651000000000000467, 4.028273984473798031 ) ) ;
#46 = EDGE_CURVE ( 'NONE', #1574, #838, #130, .T. ) ;
#47 = ORIENTED_EDGE ( 'NONE', *, *, #1524, .F. ) ;
#48 = CARTESIAN_POINT ( 'NONE',  ( 4.976964591734842274E-16, 1.905000000000000693, 4.064000000000000057 ) ) ;
#49 = DIRECTION ( 'NONE',  ( 0.000000000000000000, 0.000000000000000000, 1.000000000000000000 ) ) ;
#50 = CARTESIAN_POINT ( 'NONE',  ( 0.6792864136078540227, 1.651000000000000245, -4.280103235498446956 ) ) ;
#51 = CYLINDRICAL_SURFACE ( 'NONE', #1289, 0.2349500000000000477 ) ;
#52 = ORIENTED_EDGE ( 'NONE', *, *, #738, .T. ) ;
#53 = CARTESIAN_POINT ( 'NONE',  ( -3.531195607228513555, 1.651000000000000467, 2.486272144268402595 ) ) ;
#54 = EDGE_CURVE ( 'NONE', #1674, #454, #384, .T. ) ;
#55 = ORIENTED_EDGE ( 'NONE', *, *, #1296, .T. ) ;
#56 = CARTESIAN_POINT ( 'NONE',  ( -8.868362600661559985E-15, 0.6350000000000001199, -2.305050000000000487 ) ) ;
#57 = PLANE ( 'NONE',  #1033 ) ;
#58 = DIRECTION ( 'NONE',  ( 0.000000000000000000, 0.000000000000000000, 1.000000000000000000 ) ) ;
#59 = CARTESIAN_POINT ( 'NONE',  ( -3.431663290281536050, 0.6350000000000003419, -2.874887410775264218 ) ) ;
#60 = ORIENTED_EDGE ( 'NONE', *, *, #109, .F. ) ;
#61 = MECHANICAL_DESIGN_GEOMETRIC_PRESENTATION_REPRESENTATION (  '', ( #672 ), #1461 ) ;
#62 = AXIS2_PLACEMENT_3D ( 'NONE', #971, #195, #76 ) ;
#63 = PLANE ( 'NONE',  #279 ) ;
#64 = ORIENTED_EDGE ( 'NONE', *, *, #239, .T. ) ;
#65 = AXIS2_PLACEMENT_3D ( 'NONE', #514, #1437, #1423 ) ;
#66 = DIRECTION ( 'NONE',  ( 0.000000000000000000, 1.000000000000000000, 0.000000000000000000 ) ) ;
#67 = CARTESIAN_POINT ( 'NONE',  ( -7.620000000000000995, 5.334000000000000519, -3.810000000000000497 ) ) ;
#68 = CARTESIAN_POINT ( 'NONE',  ( 3.450799517933884175, 1.651000000000000467, 2.612635210314124823 ) ) ;
#69 = DIRECTION ( 'NONE',  ( 0.000000000000000000, 0.000000000000000000, 1.000000000000000000 ) ) ;
#70 = EDGE_CURVE ( 'NONE', #30, #616, #783, .T. ) ;
#71 = PLANE ( 'NONE',  #288 ) ;
#72 = ORIENTED_EDGE ( 'NONE', *, *, #355, .F. ) ;
#73 = AXIS2_PLACEMENT_3D ( 'NONE', #488, #1390, #1154 ) ;
#74 = CARTESIAN_POINT ( 'NONE',  ( -2.782301414931573458, 1.651000000000000245, -3.308029712945144141 ) ) ;
#75 = ORIENTED_EDGE ( 'NONE', *, *, #1397, .T. ) ;
#76 = DIRECTION ( 'NONE',  ( 0.000000000000000000, 0.000000000000000000, 1.000000000000000000 ) ) ;
#77 = CARTESIAN_POINT ( 'NONE',  ( 2.606114915643923169, 1.651000000000000245, 3.443733634515196762 ) ) ;
#78 = FACE_OUTER_BOUND ( 'NONE', #878, .T. ) ;
#79 = CLOSED_SHELL ( 'NONE', ( #304, #471, #102, #122 ) ) ;
#80 = EDGE_CURVE ( 'NONE', #776, #347, #886, .T. ) ;
#81 = CARTESIAN_POINT ( 'NONE',  ( 0.000000000000000000, 0.6350000000000003419, 0.000000000000000000 ) ) ;
#82 = FILL_AREA_STYLE ('',( #1365 ) ) ;
#83 = CARTESIAN_POINT ( 'NONE',  ( -1.796051224213815134, 0.6350000000000000089, 1.796051224213845110 ) ) ;
#84 = ORIENTED_EDGE ( 'NONE', *, *, #1196, .F. ) ;
#85 =( NAMED_UNIT ( * ) SI_UNIT ( $, .STERADIAN. ) SOLID_ANGLE_UNIT ( ) );
#86 = CYLINDRICAL_SURFACE ( 'NONE', #700, 4.476750000000000007 ) ;
#87 = CARTESIAN_POINT ( 'NONE',  ( -4.096202243240655072, 3.378200000000000980, -3.539426363734379688 ) ) ;
#88 = CARTESIAN_POINT ( 'NONE',  ( -8.868362600661559985E-15, -12.06499999999999950, -2.540000000000000036 ) ) ;
#89 = VERTEX_POINT ( 'NONE', #420 ) ;
#90 = CARTESIAN_POINT ( 'NONE',  ( -1.796051224213840003, -12.06499999999999950, -1.796051224213820241 ) ) ;
#91 = ORIENTED_EDGE ( 'NONE', *, *, #837, .T. ) ;
#92 = ORIENTED_EDGE ( 'NONE', *, *, #613, .T. ) ;
#93 = CARTESIAN_POINT ( 'NONE',  ( -7.917579510314467939, 5.333999999999999631, -3.958789755157231749 ) ) ;
#94 = CARTESIAN_POINT ( 'NONE',  ( 3.804106476065216125, 1.651000000000000245, -2.052168225942121449 ) ) ;
#95 = DIRECTION ( 'NONE',  ( 0.000000000000000000, 0.000000000000000000, 1.000000000000000000 ) ) ;
#96 =( NAMED_UNIT ( * ) SI_UNIT ( $, .STERADIAN. ) SOLID_ANGLE_UNIT ( ) );
#97 = CARTESIAN_POINT ( 'NONE',  ( -3.765564152199973424, 1.651000000000000467, -2.114569060943840118 ) ) ;
#98 = VERTEX_POINT ( 'NONE', #269 ) ;
#99 = STYLED_ITEM ( 'NONE', ( #891 ), #1153 ) ;
#100 = EDGE_LOOP ( 'NONE', ( #622, #732 ) ) ;
#101 = CIRCLE ( 'NONE', #1706, 4.476750000000000007 ) ;
#102 = ADVANCED_FACE ( 'NONE', ( #945 ), #820, .F. ) ;
#103 = SURFACE_STYLE_USAGE ( .BOTH. , #361 ) ;
#104 = CARTESIAN_POINT ( 'NONE',  ( -1.796051224213840003, -12.06499999999999950, -2.031001224213819789 ) ) ;
#105 = CYLINDRICAL_SURFACE ( 'NONE', #309, 0.2349499999999999922 ) ;
#106 = DIRECTION ( 'NONE',  ( 0.000000000000000000, -1.000000000000000000, 0.000000000000000000 ) ) ;
#107 = EDGE_LOOP ( 'NONE', ( #1156, #1677, #1572, #473 ) ) ;
#108 = EDGE_LOOP ( 'NONE', ( #966, #1637, #769, #976, #741, #1173 ) ) ;
#109 = EDGE_CURVE ( 'NONE', #996, #117, #1403, .T. ) ;
#110 = CARTESIAN_POINT ( 'NONE',  ( -7.619999999999999218, 5.333999999999999631, -3.809999999999998277 ) ) ;
#111 = CYLINDRICAL_SURFACE ( 'NONE', #232, 4.476750000000000007 ) ;
#112 =( BOUNDED_CURVE ( )  B_SPLINE_CURVE ( 3, ( #325, #343, #67, #600 ),
 .UNSPECIFIED., .F., .T. ) 
 B_SPLINE_CURVE_WITH_KNOTS ( ( 4, 4 ),
 ( 0.000000000000000000, 1.000000000000000000 ),
 .UNSPECIFIED. ) 
 CURVE ( )  GEOMETRIC_REPRESENTATION_ITEM ( )  RATIONAL_B_SPLINE_CURVE ( ( 1.000000000000000000, 0.3333333333333333703, 0.3333333333333333703, 1.000000000000000000 ) ) 
 REPRESENTATION_ITEM ( '' )  );
#113 = SURFACE_STYLE_FILL_AREA ( #773 ) ;
#114 = SURFACE_STYLE_USAGE ( .BOTH. , #226 ) ;
#115 = AXIS2_PLACEMENT_3D ( 'NONE', #845, #1071, #17 ) ;
#116 = DIRECTION ( 'NONE',  ( 0.000000000000000000, 1.000000000000000000, 0.000000000000000000 ) ) ;
#117 = VERTEX_POINT ( 'NONE', #533 ) ;
#118 = VERTEX_POINT ( 'NONE', #405 ) ;
#119 =( GEOMETRIC_REPRESENTATION_CONTEXT ( 3 ) GLOBAL_UNCERTAINTY_ASSIGNED_CONTEXT ( ( #580 ) ) GLOBAL_UNIT_ASSIGNED_CONTEXT ( ( #592, #559, #1473 ) ) REPRESENTATION_CONTEXT ( 'NONE', 'WORKASPACE' ) );
#120 = CIRCLE ( 'NONE', #339, 1.714500000000000135 ) ;
#121 = DIRECTION ( 'NONE',  ( 0.000000000000000000, 1.000000000000000000, 0.000000000000000000 ) ) ;
#122 = ADVANCED_FACE ( 'NONE', ( #1324 ), #922, .T. ) ;
#123 = CARTESIAN_POINT ( 'NONE',  ( 5.482437558082912640E-16, 0.6350000000000003419, -4.476750000000000007 ) ) ;
#124 = ORIENTED_EDGE ( 'NONE', *, *, #1364, .F. ) ;
#125 = CARTESIAN_POINT ( 'NONE',  ( 0.000000000000000000, 1.905000000000000693, 0.000000000000000000 ) ) ;
#126 = DIRECTION ( 'NONE',  ( -0.000000000000000000, -1.000000000000000000, -0.000000000000000000 ) ) ;
#127 = EDGE_CURVE ( 'NONE', #1544, #11, #159, .T. ) ;
#128 = CARTESIAN_POINT ( 'NONE',  ( 5.482437558082912640E-16, 0.6350000000000003419, -4.476750000000000007 ) ) ;
#129 = VERTEX_POINT ( 'NONE', #1089 ) ;
#130 = CIRCLE ( 'NONE', #1347, 3.625000000000003109 ) ;
#131 = DIRECTION ( 'NONE',  ( 0.000000000000000000, 1.000000000000000000, 0.000000000000000000 ) ) ;
#132 = SURFACE_STYLE_USAGE ( .BOTH. , #1162 ) ;
#133 = DIRECTION ( 'NONE',  ( 0.000000000000000000, -1.000000000000000000, 0.000000000000000000 ) ) ;
#134 = ORIENTED_EDGE ( 'NONE', *, *, #1644, .T. ) ;
#135 = EDGE_CURVE ( 'NONE', #171, #571, #851, .T. ) ;
#136 = CARTESIAN_POINT ( 'NONE',  ( -8.127999999999998337, 5.080000000000000959, -4.063999999999997392 ) ) ;
#137 = ADVANCED_FACE ( 'NONE', ( #548 ), #34, .T. ) ;
#138 = CARTESIAN_POINT ( 'NONE',  ( 0.000000000000000000, 5.228789755157233543, -4.064000000000000057 ) ) ;
#139 = AXIS2_PLACEMENT_3D ( 'NONE', #831, #1118, #1512 ) ;
#140 = VECTOR ( 'NONE', #607, 1000.000000000000000 ) ;
#141 = CARTESIAN_POINT ( 'NONE',  ( 2.540000000000000036, -12.06499999999999950, -0.2349499999999999922 ) ) ;
#142 = CARTESIAN_POINT ( 'NONE',  ( 0.000000000000000000, 0.6350000000000003419, 0.000000000000000000 ) ) ;
#143 = AXIS2_PLACEMENT_3D ( 'NONE', #873, #458, #58 ) ;
#144 = FILL_AREA_STYLE ('',( #803 ) ) ;
#145 = ORIENTED_EDGE ( 'NONE', *, *, #1230, .F. ) ;
#146 = CARTESIAN_POINT ( 'NONE',  ( 1.796051224213854880, 0.6350000000000000089, 1.796051224213810249 ) ) ;
#147 = ADVANCED_FACE ( 'NONE', ( #1588 ), #7, .F. ) ;
#148 = DIRECTION ( 'NONE',  ( 0.7071067811865441310, 0.000000000000000000, 0.7071067811865510144 ) ) ;
#149 = DIRECTION ( 'NONE',  ( -0.000000000000000000, -1.000000000000000000, -0.000000000000000000 ) ) ;
#150 = CARTESIAN_POINT ( 'NONE',  ( 0.000000000000000000, 1.905000000000000693, -3.625000000000003109 ) ) ;
#151 = CARTESIAN_POINT ( 'NONE',  ( 0.000000000000000000, 1.905000000000000693, 0.000000000000000000 ) ) ;
#152 = VERTEX_POINT ( 'NONE', #558 ) ;
#153 = CARTESIAN_POINT ( 'NONE',  ( -4.317966257850549994, 1.651000000000000245, -0.2747179406609590591 ) ) ;
#154 = CIRCLE ( 'NONE', #1711, 0.2349500000000000477 ) ;
#155 = EDGE_LOOP ( 'NONE', ( #1279, #229, #1174, #370 ) ) ;
#156 = CARTESIAN_POINT ( 'NONE',  ( -8.128000000000000114, 1.756210244842766555, -4.063999999999998280 ) ) ;
#157 = CARTESIAN_POINT ( 'NONE',  ( -2.540000000000000036, -12.06499999999999950, 0.2349499999999999922 ) ) ;
#158 = DIRECTION ( 'NONE',  ( 0.000000000000000000, 1.000000000000000000, 0.000000000000000000 ) ) ;
#159 = CIRCLE ( 'NONE', #1048, 0.2349499999999998257 ) ;
#160 = ORIENTED_EDGE ( 'NONE', *, *, #531, .T. ) ;
#161 = CYLINDRICAL_SURFACE ( 'NONE', #1606, 0.2349500000000000477 ) ;
#162 = ORIENTED_EDGE ( 'NONE', *, *, #987, .T. ) ;
#163 = UNCERTAINTY_MEASURE_WITH_UNIT (LENGTH_MEASURE( 1.000000000000000082E-05 ), #231, 'distance_accuracy_value', 'NONE');
#164 = PLANE ( 'NONE',  #1639 ) ;
#165 = CARTESIAN_POINT ( 'NONE',  ( -2.540000000000000036, -12.06499999999999950, -0.2349499999999999922 ) ) ;
#166 = CARTESIAN_POINT ( 'NONE',  ( 2.099656937138137170E-16, 0.000000000000000000, -1.714500000000000135 ) ) ;
#167 = ADVANCED_FACE ( 'NONE', ( #668 ), #543, .T. ) ;
#168 = ORIENTED_EDGE ( 'NONE', *, *, #1022, .T. ) ;
#169 = AXIS2_PLACEMENT_3D ( 'NONE', #982, #353, #1254 ) ;
#170 = FACE_OUTER_BOUND ( 'NONE', #436, .T. ) ;
#171 = VERTEX_POINT ( 'NONE', #929 ) ;
#172 = CIRCLE ( 'NONE', #1059, 3.625000000000003109 ) ;
#173 =( NAMED_UNIT ( * ) SI_UNIT ( $, .STERADIAN. ) SOLID_ANGLE_UNIT ( ) );
#174 = CIRCLE ( 'NONE', #1150, 0.2349499999999999922 ) ;
#175 = CARTESIAN_POINT ( 'NONE',  ( 3.158792903876400437, 1.651000000000000023, -2.947754940890947140 ) ) ;
#176 = DIRECTION ( 'NONE',  ( -0.000000000000000000, -1.000000000000000000, -0.000000000000000000 ) ) ;
#177 = PRESENTATION_LAYER_ASSIGNMENT (  '', '', ( #924 ) ) ;
#178 = UNCERTAINTY_MEASURE_WITH_UNIT (LENGTH_MEASURE( 1.000000000000000082E-05 ), #1607, 'distance_accuracy_value', 'NONE');
#179 = VERTEX_POINT ( 'NONE', #1471 ) ;
#180 = EDGE_CURVE ( 'NONE', #285, #1463, #275, .T. ) ;
#181 = DIRECTION ( 'NONE',  ( 0.000000000000000000, 1.000000000000000000, 0.000000000000000000 ) ) ;
#182 = VERTEX_POINT ( 'NONE', #297 ) ;
#183 = DIRECTION ( 'NONE',  ( 0.000000000000000000, 1.000000000000000000, 0.000000000000000000 ) ) ;
#184 = EDGE_CURVE ( 'NONE', #509, #399, #679, .T. ) ;
#185 = LINE ( 'NONE', #717, #864 ) ;
#186 = CARTESIAN_POINT ( 'NONE',  ( 3.654983392319200775, 1.651000000000000689, 2.300405841317774591 ) ) ;
#187 = DIRECTION ( 'NONE',  ( 0.000000000000000000, 1.000000000000000000, 0.000000000000000000 ) ) ;
#188 =( LENGTH_UNIT ( ) NAMED_UNIT ( * ) SI_UNIT ( .MILLI., .METRE. ) );
#189 = ORIENTED_EDGE ( 'NONE', *, *, #277, .F. ) ;
#190 = VECTOR ( 'NONE', #282, 1000.000000000000000 ) ;
#191 = CARTESIAN_POINT ( 'NONE',  ( -1.796051224213840003, 0.6350000000000000089, -1.796051224213820241 ) ) ;
#192 = LINE ( 'NONE', #494, #734 ) ;
#193 = AXIS2_PLACEMENT_3D ( 'NONE', #928, #790, #1424 ) ;
#194 = MECHANICAL_DESIGN_GEOMETRIC_PRESENTATION_REPRESENTATION (  '', ( #936 ), #1697 ) ;
#195 = DIRECTION ( 'NONE',  ( -0.000000000000000000, -1.000000000000000000, -0.000000000000000000 ) ) ;
#196 = CARTESIAN_POINT ( 'NONE',  ( 4.217009359963818760, 1.651000000000000467, -1.078549415104985254 ) ) ;
#197 = CARTESIAN_POINT ( 'NONE',  ( 8.127999999999998337, 1.756210244842766555, 4.063999999999999169 ) ) ;
#198 = DIRECTION ( 'NONE',  ( 0.000000000000000000, 1.000000000000000000, 0.000000000000000000 ) ) ;
#199 = ORIENTED_EDGE ( 'NONE', *, *, #483, .T. ) ;
#200 = STYLED_ITEM ( 'NONE', ( #1462 ), #1717 ) ;
#201 = CIRCLE ( 'NONE', #1306, 0.2349500000000000477 ) ;
#202 = CARTESIAN_POINT ( 'NONE',  ( -3.654983392319433033, 1.651000000000000689, -2.300405841317542333 ) ) ;
#203 = FACE_OUTER_BOUND ( 'NONE', #1374, .T. ) ;
#204 = EDGE_CURVE ( 'NONE', #1684, #1043, #18, .T. ) ;
#205 = FACE_OUTER_BOUND ( 'NONE', #1346, .T. ) ;
#206 = FACE_OUTER_BOUND ( 'NONE', #646, .T. ) ;
#207 = DIRECTION ( 'NONE',  ( 0.000000000000000000, 0.000000000000000000, 1.000000000000000000 ) ) ;
#208 = AXIS2_PLACEMENT_3D ( 'NONE', #880, #66, #1120 ) ;
#209 = CARTESIAN_POINT ( 'NONE',  ( 5.482437558082912640E-16, 1.651000000000000245, -4.476750000000000007 ) ) ;
#210 = ORIENTED_EDGE ( 'NONE', *, *, #180, .T. ) ;
#211 = AXIS2_PLACEMENT_3D ( 'NONE', #1123, #459, #984 ) ;
#212 = CARTESIAN_POINT ( 'NONE',  ( -3.450799517932950700, 1.651000000000000023, -2.612635210315054302 ) ) ;
#213 = ORIENTED_EDGE ( 'NONE', *, *, #917, .T. ) ;
#214 =( NAMED_UNIT ( * ) PLANE_ANGLE_UNIT ( ) SI_UNIT ( $, .RADIAN. ) );
#215 = DIRECTION ( 'NONE',  ( 0.000000000000000000, 0.000000000000000000, 1.000000000000000000 ) ) ;
#216 = CARTESIAN_POINT ( 'NONE',  ( 4.317966257850549106, 1.651000000000000689, 0.2747179406615442021 ) ) ;
#217 = DIRECTION ( 'NONE',  ( 0.000000000000000000, 1.000000000000000000, 0.000000000000000000 ) ) ;
#218 = ORIENTED_EDGE ( 'NONE', *, *, #204, .T. ) ;
#219 = VECTOR ( 'NONE', #1184, 1000.000000000000000 ) ;
#220 = CARTESIAN_POINT ( 'NONE',  ( -2.423996327764999403, 1.651000000000000689, -3.574182345927045201 ) ) ;
#221 = ORIENTED_EDGE ( 'NONE', *, *, #180, .F. ) ;
#222 = VERTEX_POINT ( 'NONE', #1716 ) ;
#223 = DIRECTION ( 'NONE',  ( 0.000000000000000000, 1.000000000000000000, 0.000000000000000000 ) ) ;
#224 = CARTESIAN_POINT ( 'NONE',  ( 4.280044186736908784, 1.651000000000000245, 0.6794355156437198451 ) ) ;
#225 = PRESENTATION_STYLE_ASSIGNMENT (( #1407 ) ) ;
#226 = SURFACE_SIDE_STYLE ('',( #254 ) ) ;
#227 = EDGE_CURVE ( 'NONE', #954, #482, #1130, .T. ) ;
#228 = DIRECTION ( 'NONE',  ( 0.000000000000000000, -0.000000000000000000, -1.000000000000000000 ) ) ;
#229 = ORIENTED_EDGE ( 'NONE', *, *, #46, .F. ) ;
#230 = ORIENTED_EDGE ( 'NONE', *, *, #380, .F. ) ;
#231 =( LENGTH_UNIT ( ) NAMED_UNIT ( * ) SI_UNIT ( .MILLI., .METRE. ) );
#232 = AXIS2_PLACEMENT_3D ( 'NONE', #788, #245, #1580 ) ;
#233 = LINE ( 'NONE', #104, #1083 ) ;
#234 = DIRECTION ( 'NONE',  ( -0.000000000000000000, 1.000000000000000000, -0.000000000000000000 ) ) ;
#235 =( BOUNDED_SURFACE ( )  B_SPLINE_SURFACE ( 3, 3, ( 
 ( #1209, #1605, #290, #1662 ),
 ( #1133, #1373, #197, #327 ),
 ( #1105, #719, #448, #1096 ),
 ( #1256, #42, #963, #609 ) ),
 .UNSPECIFIED., .F., .F., .F. ) 
 B_SPLINE_SURFACE_WITH_KNOTS ( ( 4, 4 ),
 ( 4, 4 ),
 ( 0.000000000000000000, 1.000000000000000000 ),
 ( 0.000000000000000000, 1.000000000000000000 ),
 .UNSPECIFIED. ) 
 GEOMETRIC_REPRESENTATION_ITEM ( )  RATIONAL_B_SPLINE_SURFACE ( (
 ( 1.000000000000000000, 0.3333333333333334259, 0.3333333333333334259, 1.000000000000000000),
 ( 0.8047378541243649375, 0.2682459513747884050, 0.2682459513747884050, 0.8047378541243649375),
 ( 0.8047378541243649375, 0.2682459513747884050, 0.2682459513747884050, 0.8047378541243649375),
 ( 1.000000000000000000, 0.3333333333333334259, 0.3333333333333334259, 1.000000000000000000) ) ) 
 REPRESENTATION_ITEM ( '' )  SURFACE ( )  );
#236 = DIRECTION ( 'NONE',  ( -0.7071067811865480168, 0.000000000000000000, 0.7071067811865470176 ) ) ;
#237 = CARTESIAN_POINT ( 'NONE',  ( -4.063365560483175543, 1.651000000000000467, -1.461503134820114180 ) ) ;
#238 = EDGE_LOOP ( 'NONE', ( #517, #1649, #830, #1510 ) ) ;
#239 = EDGE_CURVE ( 'NONE', #98, #1097, #411, .T. ) ;
#240 = AXIS2_PLACEMENT_3D ( 'NONE', #980, #1138, #1377 ) ;
#241 = ORIENTED_EDGE ( 'NONE', *, *, #277, .T. ) ;
#242 = AXIS2_PLACEMENT_3D ( 'NONE', #1052, #3, #1316 ) ;
#243 = ADVANCED_BREP_SHAPE_REPRESENTATION ( 'LMC8', ( #19, #567, #1153, #1142, #1717, #8, #1714, #577, #4, #556, #1161, #1436 ), #786 ) ;
#244 = DIRECTION ( 'NONE',  ( -0.000000000000000000, -1.000000000000000000, -0.000000000000000000 ) ) ;
#245 = DIRECTION ( 'NONE',  ( 0.000000000000000000, 1.000000000000000000, 0.000000000000000000 ) ) ;
#246 = CARTESIAN_POINT ( 'NONE',  ( 6.642261879184577199E-16, 1.651000000000000245, 4.317999999999999616 ) ) ;
#247 = DIRECTION ( 'NONE',  ( 0.000000000000000000, 0.000000000000000000, 1.000000000000000000 ) ) ;
#248 = ORIENTED_EDGE ( 'NONE', *, *, #1585, .F. ) ;
#249 = ORIENTED_EDGE ( 'NONE', *, *, #724, .F. ) ;
#250 = AXIS2_PLACEMENT_3D ( 'NONE', #729, #176, #207 ) ;
#251 = ADVANCED_FACE ( 'NONE', ( #812 ), #235, .F. ) ;
#252 = DIRECTION ( 'NONE',  ( 0.000000000000000000, -1.000000000000000000, 0.000000000000000000 ) ) ;
#253 = DIRECTION ( 'NONE',  ( 0.000000000000000000, -1.000000000000000000, 0.000000000000000000 ) ) ;
#254 = SURFACE_STYLE_FILL_AREA ( #392 ) ;
#255 = CARTESIAN_POINT ( 'NONE',  ( 2.660508780198469573E-14, -12.06499999999999950, 2.540000000000000036 ) ) ;
#256 = ORIENTED_EDGE ( 'NONE', *, *, #896, .F. ) ;
#257 = AXIS2_PLACEMENT_3D ( 'NONE', #1611, #697, #1484 ) ;
#258 = VECTOR ( 'NONE', #684, 1000.000000000000000 ) ;
#259 = DIRECTION ( 'NONE',  ( 0.000000000000000000, 1.000000000000000000, 0.000000000000000000 ) ) ;
#260 = ADVANCED_FACE ( 'NONE', ( #710 ), #1362, .F. ) ;
#261 = APPLICATION_CONTEXT ( 'automotive_design' ) ;
#262 = PLANE ( 'NONE',  #43 ) ;
#263 = DIRECTION ( 'NONE',  ( -1.000000000000000000, 0.000000000000000000, 1.224646799147353207E-16 ) ) ;
#264 = ORIENTED_EDGE ( 'NONE', *, *, #1136, .F. ) ;
#265 = CIRCLE ( 'NONE', #1231, 0.2349500000000000477 ) ;
#266 = AXIS2_PLACEMENT_3D ( 'NONE', #469, #198, #497 ) ;
#267 = CARTESIAN_POINT ( 'NONE',  ( 2.540000000000000036, -12.06499999999999950, 0.000000000000000000 ) ) ;
#268 = SURFACE_SIDE_STYLE ('',( #113 ) ) ;
#269 = CARTESIAN_POINT ( 'NONE',  ( -4.096202243240655072, 1.651000000000000245, -3.539426363734379688 ) ) ;
#270 = CARTESIAN_POINT ( 'NONE',  ( 1.796051224213854880, -12.06499999999999950, 1.796051224213810249 ) ) ;
#271 = ORIENTED_EDGE ( 'NONE', *, *, #5, .F. ) ;
#272 = COLOUR_RGB ( '',0.7921568627450980005, 0.8196078431372548767, 0.9333333333333333481 ) ;
#273 = CARTESIAN_POINT ( 'NONE',  ( 0.000000000000000000, 5.080000000000000071, -4.064000000000000057 ) ) ;
#274 = FACE_OUTER_BOUND ( 'NONE', #1658, .T. ) ;
#275 = LINE ( 'NONE', #802, #190 ) ;
#276 = ORIENTED_EDGE ( 'NONE', *, *, #869, .F. ) ;
#277 = EDGE_CURVE ( 'NONE', #222, #616, #298, .T. ) ;
#278 = FACE_OUTER_BOUND ( 'NONE', #1073, .T. ) ;
#279 = AXIS2_PLACEMENT_3D ( 'NONE', #595, #723, #989 ) ;
#280 = AXIS2_PLACEMENT_3D ( 'NONE', #1430, #244, #1151 ) ;
#281 = DIRECTION ( 'NONE',  ( -0.000000000000000000, -1.000000000000000000, -0.000000000000000000 ) ) ;
#282 = DIRECTION ( 'NONE',  ( -0.7071067811865480168, 0.000000000000000000, 0.7071067811865470176 ) ) ;
#283 = AXIS2_PLACEMENT_3D ( 'NONE', #1038, #1701, #1713 ) ;
#284 = FILL_AREA_STYLE ('',( #1239 ) ) ;
#285 = VERTEX_POINT ( 'NONE', #1635 ) ;
#286 = CARTESIAN_POINT ( 'NONE',  ( 4.848119202150640252E-16, 5.334000000000000519, 3.958789755157233525 ) ) ;
#287 = AXIS2_PLACEMENT_3D ( 'NONE', #628, #313, #843 ) ;
#288 = AXIS2_PLACEMENT_3D ( 'NONE', #633, #1257, #1023 ) ;
#289 = CARTESIAN_POINT ( 'NONE',  ( 7.619999999999998330, 5.333999999999999631, -3.809999999999999609 ) ) ;
#290 = CARTESIAN_POINT ( 'NONE',  ( 8.127999999999998337, 1.905000000000000471, 4.063999999999999169 ) ) ;
#291 = ORIENTED_EDGE ( 'NONE', *, *, #1383, .F. ) ;
#292 = DIRECTION ( 'NONE',  ( 0.000000000000000000, -0.000000000000000000, -1.000000000000000000 ) ) ;
#293 = ORIENTED_EDGE ( 'NONE', *, *, #1597, .F. ) ;
#294 = CARTESIAN_POINT ( 'NONE',  ( 0.000000000000000000, 5.334000000000000519, -3.810000000000000053 ) ) ;
#295 =( NAMED_UNIT ( * ) SI_UNIT ( $, .STERADIAN. ) SOLID_ANGLE_UNIT ( ) );
#296 = LINE ( 'NONE', #150, #1106 ) ;
#297 = CARTESIAN_POINT ( 'NONE',  ( -1.796051224213815134, -12.06499999999999950, 2.031001224213845102 ) ) ;
#298 = CIRCLE ( 'NONE', #250, 0.2349499999999998257 ) ;
#299 = EDGE_LOOP ( 'NONE', ( #925, #493 ) ) ;
#300 = DIRECTION ( 'NONE',  ( 0.000000000000000000, 0.000000000000000000, 1.000000000000000000 ) ) ;
#301 = ORIENTED_EDGE ( 'NONE', *, *, #1308, .T. ) ;
#302 = CARTESIAN_POINT ( 'NONE',  ( 0.000000000000000000, 5.334000000000000519, -3.958789755157233525 ) ) ;
#303 = UNCERTAINTY_MEASURE_WITH_UNIT (LENGTH_MEASURE( 1.000000000000000082E-05 ), #1024, 'distance_accuracy_value', 'NONE');
#304 = ADVANCED_FACE ( 'NONE', ( #854 ), #846, .T. ) ;
#305 = SURFACE_STYLE_FILL_AREA ( #1603 ) ;
#306 = CARTESIAN_POINT ( 'NONE',  ( 2.842275435737733336, 1.651000000000000023, -3.264351361708643040 ) ) ;
#307 = CARTESIAN_POINT ( 'NONE',  ( -2.874887410775248675, 1.651000000000000245, -3.431663290281548484 ) ) ;
#308 = ORIENTED_EDGE ( 'NONE', *, *, #1179, .F. ) ;
#309 = AXIS2_PLACEMENT_3D ( 'NONE', #267, #763, #382 ) ;
#310 = DIRECTION ( 'NONE',  ( 0.000000000000000000, -1.000000000000000000, 0.000000000000000000 ) ) ;
#311 = EDGE_LOOP ( 'NONE', ( #337, #1027, #1144, #1080 ) ) ;
#312 = AXIS2_PLACEMENT_3D ( 'NONE', #1457, #1329, #1213 ) ;
#313 = DIRECTION ( 'NONE',  ( -0.000000000000000000, -1.000000000000000000, -0.000000000000000000 ) ) ;
#314 = CARTESIAN_POINT ( 'NONE',  ( 2.660508780198469573E-14, -12.06499999999999950, 2.540000000000000036 ) ) ;
#315 = AXIS2_PLACEMENT_3D ( 'NONE', #1149, #834, #1625 ) ;
#316 = CARTESIAN_POINT ( 'NONE',  ( 3.574182345926450122, 1.651000000000000245, -2.423996327765992831 ) ) ;
#317 = DIRECTION ( 'NONE',  ( 0.000000000000000000, 1.000000000000000000, 0.000000000000000000 ) ) ;
#318 = CIRCLE ( 'NONE', #842, 0.2349499999999998257 ) ;
#319 = VECTOR ( 'NONE', #893, 1000.000000000000000 ) ;
#320 =( NAMED_UNIT ( * ) PLANE_ANGLE_UNIT ( ) SI_UNIT ( $, .RADIAN. ) );
#321 = EDGE_LOOP ( 'NONE', ( #248, #1186, #407, #1666 ) ) ;
#322 = EDGE_CURVE ( 'NONE', #1084, #1043, #23, .T. ) ;
#323 = CARTESIAN_POINT ( 'NONE',  ( -4.002189416739056149, 1.651000000000000245, 1.621363177186812221 ) ) ;
#324 = CARTESIAN_POINT ( 'NONE',  ( 0.000000000000000000, 0.6350000000000000089, 1.714500000000000135 ) ) ;
#325 = CARTESIAN_POINT ( 'NONE',  ( 4.728116362148101837E-16, 5.334000000000000519, 3.810000000000000053 ) ) ;
#326 = DIRECTION ( 'NONE',  ( 0.000000000000000000, 0.000000000000000000, 1.000000000000000000 ) ) ;
#327 = CARTESIAN_POINT ( 'NONE',  ( 4.976964591734844246E-16, 1.756210244842766555, 4.064000000000000057 ) ) ;
#328 = PLANE ( 'NONE',  #490 ) ;
#329 = CARTESIAN_POINT ( 'NONE',  ( -3.915218721081711539, 1.651000000000000245, 1.823694172711025852 ) ) ;
#330 = ADVANCED_FACE ( 'NONE', ( #78 ), #1227, .T. ) ;
#331 = SURFACE_STYLE_USAGE ( .BOTH. , #1270 ) ;
#332 = CARTESIAN_POINT ( 'NONE',  ( 1.796051224213830233, 0.6350000000000001199, -2.031001224213835332 ) ) ;
#333 = CARTESIAN_POINT ( 'NONE',  ( 4.063365560483178207, 1.651000000000000689, 1.461503134820382632 ) ) ;
#334 = DIRECTION ( 'NONE',  ( 0.000000000000000000, 0.000000000000000000, 1.000000000000000000 ) ) ;
#335 = EDGE_CURVE ( 'NONE', #347, #1477, #101, .T. ) ;
#336 = FACE_OUTER_BOUND ( 'NONE', #1441, .T. ) ;
#337 = ORIENTED_EDGE ( 'NONE', *, *, #549, .T. ) ;
#338 = VECTOR ( 'NONE', #366, 1000.000000000000114 ) ;
#339 = AXIS2_PLACEMENT_3D ( 'NONE', #771, #503, #1600 ) ;
#340 = PLANE ( 'NONE',  #588 ) ;
#341 = VERTEX_POINT ( 'NONE', #602 ) ;
#342 = CYLINDRICAL_SURFACE ( 'NONE', #424, 0.2349499999999998257 ) ;
#343 = CARTESIAN_POINT ( 'NONE',  ( -7.619999999999998330, 5.334000000000000519, 3.810000000000001830 ) ) ;
#344 = DIRECTION ( 'NONE',  ( 0.000000000000000000, 0.000000000000000000, 1.000000000000000000 ) ) ;
#345 = CARTESIAN_POINT ( 'NONE',  ( 1.796051224213854880, -12.06499999999999950, 1.796051224213810249 ) ) ;
#346 = CARTESIAN_POINT ( 'NONE',  ( -2.540000000000000036, -12.06499999999999950, 0.000000000000000000 ) ) ;
#347 = VERTEX_POINT ( 'NONE', #59 ) ;
#348 = AXIS2_PLACEMENT_3D ( 'NONE', #346, #217, #746 ) ;
#349 = VERTEX_POINT ( 'NONE', #307 ) ;
#350 = APPLICATION_PROTOCOL_DEFINITION ( 'draft international standard', 'automotive_design', 1998, #618 ) ;
#351 = ORIENTED_EDGE ( 'NONE', *, *, #1, .F. ) ;
#352 = DIRECTION ( 'NONE',  ( -0.000000000000000000, -1.000000000000000000, -0.000000000000000000 ) ) ;
#353 = DIRECTION ( 'NONE',  ( -0.000000000000000000, 1.000000000000000000, -0.000000000000000000 ) ) ;
#354 = CARTESIAN_POINT ( 'NONE',  ( -3.431663290281534717, 1.651000000000000245, -2.874887410775265995 ) ) ;
#355 = EDGE_CURVE ( 'NONE', #11, #387, #1529, .T. ) ;
#356 = SURFACE_SIDE_STYLE ('',( #1540 ) ) ;
#357 = CARTESIAN_POINT ( 'NONE',  ( -1.796051224213840003, -12.06499999999999950, -1.561101224213820249 ) ) ;
#358 = CARTESIAN_POINT ( 'NONE',  ( -2.240562489821135816, 1.651000000000000245, -3.694075160472318764 ) ) ;
#359 = ORIENTED_EDGE ( 'NONE', *, *, #1327, .F. ) ;
#360 = ORIENTED_EDGE ( 'NONE', *, *, #1665, .T. ) ;
#361 = SURFACE_SIDE_STYLE ('',( #1547 ) ) ;
#362 = CARTESIAN_POINT ( 'NONE',  ( -7.619999999999996554, 5.333999999999999631, 3.810000000000000941 ) ) ;
#363 = CARTESIAN_POINT ( 'NONE',  ( 2.782301414931373618, 1.651000000000000245, 3.308029712945341760 ) ) ;
#364 = ADVANCED_FACE ( 'NONE', ( #836 ), #51, .T. ) ;
#365 = DIRECTION ( 'NONE',  ( -0.000000000000000000, -1.000000000000000000, -0.000000000000000000 ) ) ;
#366 = DIRECTION ( 'NONE',  ( -0.7071067811865505703, 0.000000000000000000, -0.7071067811865444641 ) ) ;
#367 = ORIENTED_EDGE ( 'NONE', *, *, #858, .F. ) ;
#368 = COLOUR_RGB ( '',0.7921568627450980005, 0.8196078431372548767, 0.9333333333333333481 ) ;
#369 = CARTESIAN_POINT ( 'NONE',  ( 0.000000000000000000, 0.000000000000000000, 0.000000000000000000 ) ) ;
#370 = ORIENTED_EDGE ( 'NONE', *, *, #1311, .T. ) ;
#371 = VECTOR ( 'NONE', #1113, 1000.000000000000000 ) ;
#372 = PRODUCT_DEFINITION ( 'UNKNOWN', '', #1490, #975 ) ;
#373 = AXIS2_PLACEMENT_3D ( 'NONE', #1539, #983, #326 ) ;
#374 = FACE_OUTER_BOUND ( 'NONE', #299, .T. ) ;
#375 = FACE_OUTER_BOUND ( 'NONE', #238, .T. ) ;
#376 = FILL_AREA_STYLE ('',( #644 ) ) ;
#377 = PRESENTATION_STYLE_ASSIGNMENT (( #20 ) ) ;
#378 = ORIENTED_EDGE ( 'NONE', *, *, #1656, .F. ) ;
#379 = ORIENTED_EDGE ( 'NONE', *, *, #1128, .T. ) ;
#380 = EDGE_CURVE ( 'NONE', #670, #1229, #516, .T. ) ;
#381 = DIRECTION ( 'NONE',  ( 0.000000000000000000, -0.000000000000000000, -1.000000000000000000 ) ) ;
#382 = DIRECTION ( 'NONE',  ( 0.000000000000000000, 0.000000000000000000, 1.000000000000000000 ) ) ;
#383 = SURFACE_STYLE_USAGE ( .BOTH. , #268 ) ;
#384 = LINE ( 'NONE', #123, #1452 ) ;
#385 = PRESENTATION_LAYER_ASSIGNMENT (  '', '', ( #910 ) ) ;
#386 = EDGE_LOOP ( 'NONE', ( #1399, #1192 ) ) ;
#387 = VERTEX_POINT ( 'NONE', #1647 ) ;
#388 = EDGE_CURVE ( 'NONE', #749, #129, #1678, .T. ) ;
#389 = AXIS2_PLACEMENT_3D ( 'NONE', #1053, #694, #397 ) ;
#390 = CARTESIAN_POINT ( 'NONE',  ( -1.796051224213815134, -12.06499999999999950, 1.561101224213845118 ) ) ;
#391 =( LENGTH_UNIT ( ) NAMED_UNIT ( * ) SI_UNIT ( .MILLI., .METRE. ) );
#392 = FILL_AREA_STYLE ('',( #498 ) ) ;
#393 = CARTESIAN_POINT ( 'NONE',  ( 4.665904304751414509E-16, 5.080000000000000071, 3.809999999999999609 ) ) ;
#394 = ORIENTED_EDGE ( 'NONE', *, *, #930, .T. ) ;
#395 = B_SPLINE_CURVE_WITH_KNOTS ( 'NONE', 3,
 ( #1198, #410, #50, #578, #678, #447, #568, #1617, #1594, #1104, #973, #962, #1237, #1488, #306, #175, #934, #1459, #1498, #316, #1646, #94, #631, #753, #1021, #589, #196, #1395, #216, #224, #1152, #1516, #333, #1255, #1682, #1507, #496, #467, #728, #186, #68, #862, #1550, #363, #77, #1140, #1388, #744, #1372, #884, #1273, #1132, #601, #853, #718, #620 ),
 .UNSPECIFIED., .F., .F.,
 ( 4, 1, 1, 1, 2, 2, 1, 2, 2, 2, 1, 2, 2, 1, 1, 2, 2, 2, 1, 1, 1, 2, 2, 1, 2, 2, 2, 1, 2, 2, 1, 1, 2, 2, 4 ),
 ( 0.000000000000000000, 0.06250000000000008327, 0.09375000000000011102, 0.1093750000000001110, 0.1171875000000000971, 0.1250000000000000833, 0.1562499999999997224, 0.1718749999999995837, 0.1874999999999994449, 0.2499999999999989453, 0.2812499999999987232, 0.2968749999999986122, 0.3124999999999985012, 0.3437499999999982792, 0.3593749999999982792, 0.3671874999999982792, 0.3749999999999982792, 0.4999999999999993339, 0.5624999999999998890, 0.5937500000000001110, 0.6093750000000002220, 0.6171875000000002220, 0.6250000000000002220, 0.6562500000000002220, 0.6718750000000002220, 0.6875000000000002220, 0.7500000000000003331, 0.7812500000000003331, 0.7968750000000004441, 0.8125000000000004441, 0.8437500000000004441, 0.8593750000000004441, 0.8671875000000004441, 0.8750000000000004441, 1.000000000000000000 ),
 .UNSPECIFIED. ) ;
#396 = AXIS2_PLACEMENT_3D ( 'NONE', #566, #404, #1593 ) ;
#397 = DIRECTION ( 'NONE',  ( 0.000000000000000000, 0.000000000000000000, 1.000000000000000000 ) ) ;
#398 = PLANE ( 'NONE',  #1693 ) ;
#399 = VERTEX_POINT ( 'NONE', #1508 ) ;
#400 = COLOUR_RGB ( '',0.7921568627450980005, 0.8196078431372548767, 0.9333333333333333481 ) ;
#401 = CARTESIAN_POINT ( 'NONE',  ( -8.338420489685534065, 1.651000000000000911, -4.169210244842765256 ) ) ;
#402 = B_SPLINE_CURVE_WITH_KNOTS ( 'NONE', 3,
 ( #1082, #840, #1375, #31, #422, #1368, #967, #45, #712, #1504, #572, #949, #442, #453, #822, #1250, #1241, #1092, #53, #1622, #36, #582, #329, #1108, #1640, #323, #849, #1337, #153, #624, #1392, #1657, #237, #997, #1017, #508, #1164, #97, #1694, #202, #212, #897, #1259, #74, #1543, #491, #220, #358, #500, #748, #1126, #877, #1025, #472, #1564, #1277 ),
 .UNSPECIFIED., .F., .F.,
 ( 4, 1, 1, 1, 2, 2, 1, 2, 2, 2, 1, 2, 2, 1, 1, 2, 2, 2, 1, 1, 1, 2, 2, 1, 2, 2, 2, 1, 2, 2, 1, 1, 2, 2, 4 ),
 ( 0.000000000000000000, 0.06250000000000047184, 0.09375000000000069389, 0.1093750000000008327, 0.1171875000000008882, 0.1250000000000009437, 0.1562500000000010270, 0.1718750000000010547, 0.1875000000000010547, 0.2500000000000011657, 0.2812500000000011657, 0.2968750000000011102, 0.3125000000000010547, 0.3437500000000010547, 0.3593750000000009992, 0.3671875000000009992, 0.3750000000000009992, 0.5000000000000002220, 0.5624999999999997780, 0.5937499999999995559, 0.6093749999999994449, 0.6171874999999994449, 0.6249999999999993339, 0.6562499999999994449, 0.6718749999999994449, 0.6874999999999994449, 0.7499999999999996669, 0.7812499999999997780, 0.7968749999999997780, 0.8124999999999997780, 0.8437499999999997780, 0.8593749999999997780, 0.8671874999999998890, 0.8749999999999998890, 1.000000000000000000 ),
 .UNSPECIFIED. ) ;
#403 = EDGE_CURVE ( 'NONE', #509, #1401, #815, .T. ) ;
#404 = DIRECTION ( 'NONE',  ( -0.000000000000000000, 1.000000000000000000, -0.000000000000000000 ) ) ;
#405 = CARTESIAN_POINT ( 'NONE',  ( 0.000000000000000000, 0.000000000000000000, 1.714500000000000135 ) ) ;
#406 = DIRECTION ( 'NONE',  ( 0.000000000000000000, 0.000000000000000000, 1.000000000000000000 ) ) ;
#407 = ORIENTED_EDGE ( 'NONE', *, *, #1, .T. ) ;
#408 = CARTESIAN_POINT ( 'NONE',  ( 4.439344646909158981E-16, 1.905000000000000693, 3.625000000000003109 ) ) ;
#409 = DIRECTION ( 'NONE',  ( 0.000000000000000000, -0.000000000000000000, -1.000000000000000000 ) ) ;
#410 = CARTESIAN_POINT ( 'NONE',  ( 0.2746327394981903369, 1.650999999999999801, -4.317999999999998728 ) ) ;
#411 = LINE ( 'NONE', #935, #28 ) ;
#412 = ADVANCED_FACE ( 'NONE', ( #863 ), #1389, .T. ) ;
#413 = EDGE_LOOP ( 'NONE', ( #1454, #714, #758, #1719 ) ) ;
#414 = CARTESIAN_POINT ( 'NONE',  ( 4.976964591734842274E-16, 5.080000000000000071, 4.064000000000000057 ) ) ;
#415 = CARTESIAN_POINT ( 'NONE',  ( 2.660508780198469573E-14, -12.06499999999999950, 2.540000000000000036 ) ) ;
#416 = VECTOR ( 'NONE', #463, 1000.000000000000000 ) ;
#417 = AXIS2_PLACEMENT_3D ( 'NONE', #1515, #1131, #860 ) ;
#418 =( NAMED_UNIT ( * ) PLANE_ANGLE_UNIT ( ) SI_UNIT ( $, .RADIAN. ) );
#419 = DIRECTION ( 'NONE',  ( 0.000000000000000000, 0.000000000000000000, 1.000000000000000000 ) ) ;
#420 = CARTESIAN_POINT ( 'NONE',  ( -1.796051224213815134, 0.6350000000000001199, 1.561101224213845118 ) ) ;
#421 = ORIENTED_EDGE ( 'NONE', *, *, #1128, .F. ) ;
#422 = CARTESIAN_POINT ( 'NONE',  ( -1.365088073190452889, 1.651000000000000023, 4.097725056334720506 ) ) ;
#423 = EDGE_CURVE ( 'NONE', #1019, #1336, #586, .T. ) ;
#424 = AXIS2_PLACEMENT_3D ( 'NONE', #1536, #183, #484 ) ;
#425 = ORIENTED_EDGE ( 'NONE', *, *, #1124, .F. ) ;
#426 = AXIS2_PLACEMENT_3D ( 'NONE', #1274, #731, #95 ) ;
#427 = DIRECTION ( 'NONE',  ( 0.000000000000000000, 0.000000000000000000, 1.000000000000000000 ) ) ;
#428 = UNCERTAINTY_MEASURE_WITH_UNIT (LENGTH_MEASURE( 1.000000000000000082E-05 ), #1561, 'distance_accuracy_value', 'NONE');
#429 = DIRECTION ( 'NONE',  ( 0.000000000000000000, 0.000000000000000000, 1.000000000000000000 ) ) ;
#430 = DIRECTION ( 'NONE',  ( 0.000000000000000000, 0.000000000000000000, -1.000000000000000000 ) ) ;
#431 = DIRECTION ( 'NONE',  ( 1.224646799147354686E-16, 0.000000000000000000, 1.000000000000000000 ) ) ;
#432 = ORIENTED_EDGE ( 'NONE', *, *, #917, .F. ) ;
#433 = CARTESIAN_POINT ( 'NONE',  ( -1.796051224213815134, -12.06499999999999950, 1.796051224213845110 ) ) ;
#434 = CLOSED_SHELL ( 'NONE', ( #1044, #364, #1621, #495 ) ) ;
#435 = ADVANCED_FACE ( 'NONE', ( #1265 ), #328, .T. ) ;
#436 = EDGE_LOOP ( 'NONE', ( #1631, #189 ) ) ;
#437 = CARTESIAN_POINT ( 'NONE',  ( -1.021161996263809254E-15, 1.651000000000000689, -4.169210244842766144 ) ) ;
#438 =( LENGTH_UNIT ( ) NAMED_UNIT ( * ) SI_UNIT ( .MILLI., .METRE. ) );
#439 = DIRECTION ( 'NONE',  ( 0.000000000000000000, 1.000000000000000000, 0.000000000000000000 ) ) ;
#440 = DIRECTION ( 'NONE',  ( 0.000000000000000000, 1.000000000000000000, 0.000000000000000000 ) ) ;
#441 = SURFACE_STYLE_USAGE ( .BOTH. , #611 ) ;
#442 = CARTESIAN_POINT ( 'NONE',  ( -2.300405841317573863, 1.651000000000000467, 3.654983392319370861 ) ) ;
#443 = ORIENTED_EDGE ( 'NONE', *, *, #1420, .T. ) ;
#444 = FACE_OUTER_BOUND ( 'NONE', #1260, .T. ) ;
#445 = DIRECTION ( 'NONE',  ( 0.000000000000000000, 0.000000000000000000, -1.000000000000000000 ) ) ;
#446 = CIRCLE ( 'NONE', #139, 0.2349499999999998257 ) ;
#447 = CARTESIAN_POINT ( 'NONE',  ( 1.461463862409150050, 1.650999999999999801, -4.063381113505189823 ) ) ;
#448 = CARTESIAN_POINT ( 'NONE',  ( 8.338420489685532289, 1.651000000000000911, 4.169210244842766144 ) ) ;
#449 = CIRCLE ( 'NONE', #920, 0.2349500000000000477 ) ;
#450 = SURFACE_SIDE_STYLE ('',( #1090 ) ) ;
#451 = ORIENTED_EDGE ( 'NONE', *, *, #1665, .F. ) ;
#452 = AXIS2_PLACEMENT_3D ( 'NONE', #1029, #1576, #1559 ) ;
#453 = CARTESIAN_POINT ( 'NONE',  ( -2.612635210314931289, 1.651000000000000467, 3.450799517933198501 ) ) ;
#454 = VERTEX_POINT ( 'NONE', #209 ) ;
#455 = CARTESIAN_POINT ( 'NONE',  ( 0.000000000000000000, 1.905000000000000693, 0.000000000000000000 ) ) ;
#456 = DIRECTION ( 'NONE',  ( 0.000000000000000000, -1.000000000000000000, 0.000000000000000000 ) ) ;
#457 = MECHANICAL_DESIGN_GEOMETRIC_PRESENTATION_REPRESENTATION (  '', ( #1200 ), #1469 ) ;
#458 = DIRECTION ( 'NONE',  ( 0.000000000000000000, 1.000000000000000000, 0.000000000000000000 ) ) ;
#459 = DIRECTION ( 'NONE',  ( -0.000000000000000000, -1.000000000000000000, -0.000000000000000000 ) ) ;
#460 = EDGE_CURVE ( 'NONE', #399, #1091, #318, .T. ) ;
#461 = CARTESIAN_POINT ( 'NONE',  ( 4.439344646909158981E-16, 1.905000000000000693, 3.625000000000003109 ) ) ;
#462 = VERTEX_POINT ( 'NONE', #1283 ) ;
#463 = DIRECTION ( 'NONE',  ( 0.000000000000000000, 1.000000000000000000, 0.000000000000000000 ) ) ;
#464 = FILL_AREA_STYLE_COLOUR ( '', #792 ) ;
#465 = MECHANICAL_DESIGN_GEOMETRIC_PRESENTATION_REPRESENTATION (  '', ( #910 ), #797 ) ;
#466 = CARTESIAN_POINT ( 'NONE',  ( 0.000000000000000000, 1.651000000000000245, 4.476750000000000007 ) ) ;
#467 = CARTESIAN_POINT ( 'NONE',  ( 3.765564152199881942, 1.651000000000000689, 2.114569060943652268 ) ) ;
#468 = CARTESIAN_POINT ( 'NONE',  ( -8.868362600661559985E-15, -12.06499999999999950, -2.540000000000000036 ) ) ;
#469 = CARTESIAN_POINT ( 'NONE',  ( -2.540000000000000036, -12.06499999999999950, 0.000000000000000000 ) ) ;
#470 = DIRECTION ( 'NONE',  ( 0.000000000000000000, 1.000000000000000000, 0.000000000000000000 ) ) ;
#471 = ADVANCED_FACE ( 'NONE', ( #603 ), #875, .T. ) ;
#472 = CARTESIAN_POINT ( 'NONE',  ( -1.078719720090161482, 1.651000000000000023, -4.216941961329189859 ) ) ;
#473 = ORIENTED_EDGE ( 'NONE', *, *, #1610, .F. ) ;
#474 = CARTESIAN_POINT ( 'NONE',  ( -1.796051224213815134, -12.06499999999999950, 1.796051224213845110 ) ) ;
#475 = FACE_OUTER_BOUND ( 'NONE', #1315, .T. ) ;
#476 = LINE ( 'NONE', #1002, #9 ) ;
#477 = DIRECTION ( 'NONE',  ( 0.000000000000000000, 1.000000000000000000, 0.000000000000000000 ) ) ;
#478 = CARTESIAN_POINT ( 'NONE',  ( 1.796051224213854880, 0.6350000000000001199, 1.796051224213810249 ) ) ;
#479 = ORIENTED_EDGE ( 'NONE', *, *, #460, .F. ) ;
#480 = AXIS2_PLACEMENT_3D ( 'NONE', #433, #181, #1348 ) ;
#481 = ORIENTED_EDGE ( 'NONE', *, *, #1702, .T. ) ;
#482 = VERTEX_POINT ( 'NONE', #461 ) ;
#483 = EDGE_CURVE ( 'NONE', #349, #454, #1444, .T. ) ;
#484 = DIRECTION ( 'NONE',  ( 0.000000000000000000, 0.000000000000000000, 1.000000000000000000 ) ) ;
#485 = CARTESIAN_POINT ( 'NONE',  ( 1.796051224213854880, 0.6350000000000001199, 1.561101224213810035 ) ) ;
#486 = DIRECTION ( 'NONE',  ( 0.000000000000000000, -1.000000000000000000, 0.000000000000000000 ) ) ;
#487 = CIRCLE ( 'NONE', #287, 0.2349499999999999922 ) ;
#488 = CARTESIAN_POINT ( 'NONE',  ( 0.000000000000000000, 5.080000000000000071, -3.809999999999999609 ) ) ;
#489 = CYLINDRICAL_SURFACE ( 'NONE', #525, 0.2349499999999998257 ) ;
#490 = AXIS2_PLACEMENT_3D ( 'NONE', #1398, #106, #1509 ) ;
#491 = CARTESIAN_POINT ( 'NONE',  ( -2.486272144268498963, 1.651000000000000245, -3.531195607228466926 ) ) ;
#492 = ORIENTED_EDGE ( 'NONE', *, *, #1524, .T. ) ;
#493 = ORIENTED_EDGE ( 'NONE', *, *, #1158, .F. ) ;
#494 = CARTESIAN_POINT ( 'NONE',  ( 0.000000000000000000, 0.6350000000000003419, 4.476750000000000007 ) ) ;
#495 = ADVANCED_FACE ( 'NONE', ( #336 ), #765, .T. ) ;
#496 = CARTESIAN_POINT ( 'NONE',  ( 3.870604272266040535, 1.651000000000000023, 1.923811716291768725 ) ) ;
#497 = DIRECTION ( 'NONE',  ( 0.000000000000000000, 0.000000000000000000, 1.000000000000000000 ) ) ;
#498 = FILL_AREA_STYLE_COLOUR ( '', #272 ) ;
#499 = EDGE_CURVE ( 'NONE', #454, #1284, #1567, .T. ) ;
#500 = CARTESIAN_POINT ( 'NONE',  ( -2.052168225945595559, 1.651000000000000245, -3.804106476063135567 ) ) ;
#501 = ORIENTED_EDGE ( 'NONE', *, *, #54, .F. ) ;
#502 = EDGE_LOOP ( 'NONE', ( #978, #218, #443, #35 ) ) ;
#503 = DIRECTION ( 'NONE',  ( -0.000000000000000000, -1.000000000000000000, -0.000000000000000000 ) ) ;
#504 = DIRECTION ( 'NONE',  ( 0.000000000000000000, 0.000000000000000000, -1.000000000000000000 ) ) ;
#505 = ADVANCED_FACE ( 'NONE', ( #895 ), #71, .T. ) ;
#506 = FILL_AREA_STYLE_COLOUR ( '', #400 ) ;
#507 = DIRECTION ( 'NONE',  ( 0.000000000000000000, 0.000000000000000000, 1.000000000000000000 ) ) ;
#508 = CARTESIAN_POINT ( 'NONE',  ( -3.961033482042866538, 1.651000000000000245, -1.725262336174013811 ) ) ;
#509 = VERTEX_POINT ( 'NONE', #985 ) ;
#510 = VECTOR ( 'NONE', #10, 1000.000000000000000 ) ;
#511 = ORIENTED_EDGE ( 'NONE', *, *, #1585, .T. ) ;
#512 = AXIS2_PLACEMENT_3D ( 'NONE', #1387, #883, #445 ) ;
#513 = DIRECTION ( 'NONE',  ( -0.000000000000000000, -1.000000000000000000, -0.000000000000000000 ) ) ;
#514 = CARTESIAN_POINT ( 'NONE',  ( 0.000000000000000000, 1.905000000000000693, -4.317999999999999616 ) ) ;
#515 = ADVANCED_FACE ( 'NONE', ( #1416 ), #1671, .T. ) ;
#516 = CIRCLE ( 'NONE', #871, 0.2349500000000002697 ) ;
#517 = ORIENTED_EDGE ( 'NONE', *, *, #204, .F. ) ;
#518 = ORIENTED_EDGE ( 'NONE', *, *, #691, .F. ) ;
#519 = CARTESIAN_POINT ( 'NONE',  ( 2.663386087853066284E-14, -12.06499999999999950, 2.305050000000000487 ) ) ;
#520 = FILL_AREA_STYLE_COLOUR ( '', #779 ) ;
#521 = PRESENTATION_STYLE_ASSIGNMENT (( #114 ) ) ;
#522 = PRESENTATION_LAYER_ASSIGNMENT (  '', '', ( #742 ) ) ;
#523 = EDGE_LOOP ( 'NONE', ( #1628, #271 ) ) ;
#524 = EDGE_CURVE ( 'NONE', #915, #1019, #539, .T. ) ;
#525 = AXIS2_PLACEMENT_3D ( 'NONE', #1293, #1683, #1300 ) ;
#526 = STYLED_ITEM ( 'NONE', ( #1446 ), #577 ) ;
#527 = DIRECTION ( 'NONE',  ( 0.000000000000000000, 0.000000000000000000, -1.000000000000000000 ) ) ;
#528 = PRODUCT_DEFINITION_SHAPE ( 'NONE', 'NONE',  #372 ) ;
#529 = DIRECTION ( 'NONE',  ( 0.000000000000000000, 0.000000000000000000, 1.000000000000000000 ) ) ;
#530 = VERTEX_POINT ( 'NONE', #739 ) ;
#531 = EDGE_CURVE ( 'NONE', #1685, #1369, #1040, .T. ) ;
#532 = CARTESIAN_POINT ( 'NONE',  ( -1.796051224213815134, -12.06499999999999950, 2.031001224213845102 ) ) ;
#533 = CARTESIAN_POINT ( 'NONE',  ( 2.540000000000000036, -12.06499999999999950, 0.2349499999999999922 ) ) ;
#534 = VECTOR ( 'NONE', #1175, 1000.000000000000000 ) ;
#535 = FACE_BOUND ( 'NONE', #1117, .T. ) ;
#536 = EDGE_LOOP ( 'NONE', ( #645, #768, #1696, #293 ) ) ;
#537 = AXIS2_PLACEMENT_3D ( 'NONE', #699, #1659, #1525 ) ;
#538 = CARTESIAN_POINT ( 'NONE',  ( 0.000000000000000000, 0.6350000000000003419, -3.625000000000003109 ) ) ;
#539 = CIRCLE ( 'NONE', #73, 0.2540000000000003366 ) ;
#540 = CARTESIAN_POINT ( 'NONE',  ( -8.127999999999998337, 1.905000000000000471, -4.063999999999997392 ) ) ;
#541 = EDGE_CURVE ( 'NONE', #1243, #341, #658, .T. ) ;
#542 = CYLINDRICAL_SURFACE ( 'NONE', #1172, 4.476750000000000007 ) ;
#543 = CYLINDRICAL_SURFACE ( 'NONE', #1299, 4.064000000000000057 ) ;
#544 = ORIENTED_EDGE ( 'NONE', *, *, #561, .F. ) ;
#545 = PLANE ( 'NONE',  #1700 ) ;
#546 = CARTESIAN_POINT ( 'NONE',  ( 7.917579510314465274, 5.333999999999999631, 3.958789755157232637 ) ) ;
#547 = CARTESIAN_POINT ( 'NONE',  ( 2.660508780198469573E-14, -12.06499999999999950, 2.540000000000000036 ) ) ;
#548 = FACE_OUTER_BOUND ( 'NONE', #44, .T. ) ;
#549 = EDGE_CURVE ( 'NONE', #530, #652, #707, .T. ) ;
#550 = ORIENTED_EDGE ( 'NONE', *, *, #531, .F. ) ;
#551 = CARTESIAN_POINT ( 'NONE',  ( 2.663386087853066284E-14, -12.06499999999999950, 2.305050000000000487 ) ) ;
#552 = EDGE_LOOP ( 'NONE', ( #879, #213, #800, #1222 ) ) ;
#553 = CARTESIAN_POINT ( 'NONE',  ( 7.917579510314465274, 5.333999999999999631, -3.958789755157233969 ) ) ;
#554 = AXIS2_PLACEMENT_3D ( 'NONE', #692, #555, #810 ) ;
#555 = DIRECTION ( 'NONE',  ( 0.000000000000000000, -1.000000000000000000, 0.000000000000000000 ) ) ;
#556 = MANIFOLD_SOLID_BREP ( 'Body-Move/Copy2[2]', #1183 ) ;
#557 = FACE_OUTER_BOUND ( 'NONE', #502, .T. ) ;
#558 = CARTESIAN_POINT ( 'NONE',  ( 1.796051224213830233, 0.6350000000000001199, -1.561101224213835126 ) ) ;
#559 =( NAMED_UNIT ( * ) PLANE_ANGLE_UNIT ( ) SI_UNIT ( $, .RADIAN. ) );
#560 = EDGE_LOOP ( 'NONE', ( #1492, #1166 ) ) ;
#561 = EDGE_CURVE ( 'NONE', #1401, #509, #766, .T. ) ;
#562 = FACE_OUTER_BOUND ( 'NONE', #847, .T. ) ;
#563 = EDGE_LOOP ( 'NONE', ( #958, #908 ) ) ;
#564 = UNCERTAINTY_MEASURE_WITH_UNIT (LENGTH_MEASURE( 1.000000000000000082E-05 ), #1491, 'distance_accuracy_value', 'NONE');
#565 = ADVANCED_FACE ( 'NONE', ( #274 ), #262, .T. ) ;
#566 = CARTESIAN_POINT ( 'NONE',  ( 0.000000000000000000, 5.080000000000000071, 0.000000000000000000 ) ) ;
#567 = MANIFOLD_SOLID_BREP ( 'Imported2', #687 ) ;
#568 = CARTESIAN_POINT ( 'NONE',  ( 1.525562400322684198, 1.651000000000000467, -4.039695635691717968 ) ) ;
#569 = CARTESIAN_POINT ( 'NONE',  ( -2.540000000000000036, -12.06499999999999950, 0.000000000000000000 ) ) ;
#570 = SURFACE_STYLE_FILL_AREA ( #1335 ) ;
#571 = VERTEX_POINT ( 'NONE', #246 ) ;
#572 = CARTESIAN_POINT ( 'NONE',  ( -2.114569060944066159, 1.651000000000000689, 3.765564152199716741 ) ) ;
#573 = ORIENTED_EDGE ( 'NONE', *, *, #24, .T. ) ;
#574 = CARTESIAN_POINT ( 'NONE',  ( -1.057604975743654205E-15, 1.651000000000000467, -4.317999999999999616 ) ) ;
#575 = AXIS2_PLACEMENT_3D ( 'NONE', #1333, #1216, #1581 ) ;
#576 = FACE_OUTER_BOUND ( 'NONE', #651, .T. ) ;
#577 = MANIFOLD_SOLID_BREP ( 'Imported8', #1542 ) ;
#578 = CARTESIAN_POINT ( 'NONE',  ( 1.138615355244956717, 1.651000000000000245, -4.169571005702248812 ) ) ;
#579 = DIRECTION ( 'NONE',  ( 0.000000000000000000, 1.000000000000000000, 0.000000000000000000 ) ) ;
#580 = UNCERTAINTY_MEASURE_WITH_UNIT (LENGTH_MEASURE( 1.000000000000000082E-05 ), #592, 'distance_accuracy_value', 'NONE');
#581 = ORIENTED_EDGE ( 'NONE', *, *, #869, .T. ) ;
#582 = CARTESIAN_POINT ( 'NONE',  ( -3.804106476062589781, 1.651000000000000467, 2.052168225946482849 ) ) ;
#583 = VERTEX_POINT ( 'NONE', #1439 ) ;
#584 = LINE ( 'NONE', #1244, #1502 ) ;
#585 = EDGE_CURVE ( 'NONE', #1684, #118, #1692, .T. ) ;
#586 =( BOUNDED_CURVE ( )  B_SPLINE_CURVE ( 3, ( #1125, #1382, #885, #1552 ),
 .UNSPECIFIED., .F., .T. ) 
 B_SPLINE_CURVE_WITH_KNOTS ( ( 4, 4 ),
 ( 0.000000000000000000, 1.000000000000000000 ),
 .UNSPECIFIED. ) 
 CURVE ( )  GEOMETRIC_REPRESENTATION_ITEM ( )  RATIONAL_B_SPLINE_CURVE ( ( 1.000000000000000000, 0.3333333333333333703, 0.3333333333333333703, 1.000000000000000000 ) ) 
 REPRESENTATION_ITEM ( '' )  );
#587 = CARTESIAN_POINT ( 'NONE',  ( 0.000000000000000000, 0.000000000000000000, 0.000000000000000000 ) ) ;
#588 = AXIS2_PLACEMENT_3D ( 'NONE', #83, #614, #228 ) ;
#589 = CARTESIAN_POINT ( 'NONE',  ( 4.002189416739058814, 1.651000000000000467, -1.621363177187115978 ) ) ;
#590 = DIRECTION ( 'NONE',  ( 0.000000000000000000, 1.000000000000000000, 0.000000000000000000 ) ) ;
#591 = AXIS2_PLACEMENT_3D ( 'NONE', #146, #1297, #1290 ) ;
#592 =( LENGTH_UNIT ( ) NAMED_UNIT ( * ) SI_UNIT ( .MILLI., .METRE. ) );
#593 = CARTESIAN_POINT ( 'NONE',  ( 1.796051224213830233, 0.6350000000000001199, -1.796051224213835118 ) ) ;
#594 = AXIS2_PLACEMENT_3D ( 'NONE', #1661, #1263, #1246 ) ;
#595 = CARTESIAN_POINT ( 'NONE',  ( -3.539426363734364145, 3.378200000000000980, -4.096202243240670171 ) ) ;
#596 = VERTEX_POINT ( 'NONE', #661 ) ;
#597 = CARTESIAN_POINT ( 'NONE',  ( 2.663386087853066284E-14, 0.6350000000000001199, 2.305050000000000487 ) ) ;
#598 = PRESENTATION_LAYER_ASSIGNMENT (  '', '', ( #1367 ) ) ;
#599 = ADVANCED_FACE ( 'NONE', ( #1570 ), #944, .F. ) ;
#600 = CARTESIAN_POINT ( 'NONE',  ( 0.000000000000000000, 5.334000000000000519, -3.810000000000000053 ) ) ;
#601 = CARTESIAN_POINT ( 'NONE',  ( 1.621352533125789863, 1.651000000000000245, 4.002193629153723009 ) ) ;
#602 = CARTESIAN_POINT ( 'NONE',  ( 1.796051224213854880, 0.6350000000000001199, 2.031001224213810463 ) ) ;
#603 = FACE_OUTER_BOUND ( 'NONE', #1565, .T. ) ;
#604 = ORIENTED_EDGE ( 'NONE', *, *, #930, .F. ) ;
#605 = ORIENTED_EDGE ( 'NONE', *, *, #1321, .F. ) ;
#606 = CARTESIAN_POINT ( 'NONE',  ( 2.099656937138137170E-16, 0.6350000000000000089, -1.714500000000000135 ) ) ;
#607 = DIRECTION ( 'NONE',  ( 0.000000000000000000, 1.000000000000000000, 0.000000000000000000 ) ) ;
#608 = CARTESIAN_POINT ( 'NONE',  ( -8.868362600661559985E-15, -12.06499999999999950, -2.540000000000000036 ) ) ;
#609 = CARTESIAN_POINT ( 'NONE',  ( 5.288024878718271026E-16, 1.651000000000000467, 4.317999999999999616 ) ) ;
#610 = CARTESIAN_POINT ( 'NONE',  ( 0.000000000000000000, 1.651000000000000245, 0.000000000000000000 ) ) ;
#611 = SURFACE_SIDE_STYLE ('',( #721 ) ) ;
#612 = VECTOR ( 'NONE', #657, 1000.000000000000000 ) ;
#613 = EDGE_CURVE ( 'NONE', #1278, #1426, #1487, .T. ) ;
#614 = DIRECTION ( 'NONE',  ( 0.000000000000000000, -1.000000000000000000, 0.000000000000000000 ) ) ;
#615 = DIRECTION ( 'NONE',  ( 0.000000000000000000, 0.000000000000000000, 1.000000000000000000 ) ) ;
#616 = VERTEX_POINT ( 'NONE', #819 ) ;
#617 = FACE_OUTER_BOUND ( 'NONE', #889, .T. ) ;
#618 = APPLICATION_CONTEXT ( 'automotive_design' ) ;
#619 = CARTESIAN_POINT ( 'NONE',  ( 2.540000000000000036, -12.06499999999999950, 0.000000000000000000 ) ) ;
#620 = CARTESIAN_POINT ( 'NONE',  ( 6.642261879184577199E-16, 1.651000000000000245, 4.317999999999999616 ) ) ;
#621 = FILL_AREA_STYLE_COLOUR ( '', #1503 ) ;
#622 = ORIENTED_EDGE ( 'NONE', *, *, #322, .F. ) ;
#623 = VECTOR ( 'NONE', #1001, 1000.000000000000000 ) ;
#624 = CARTESIAN_POINT ( 'NONE',  ( -4.280044186736908784, 1.651000000000000689, -0.6794355156426993281 ) ) ;
#625 = EDGE_LOOP ( 'NONE', ( #1018, #1533, #704, #124 ) ) ;
#626 = EDGE_CURVE ( 'NONE', #996, #583, #1208, .T. ) ;
#627 = EDGE_LOOP ( 'NONE', ( #1008, #1705, #160, #1522 ) ) ;
#628 = CARTESIAN_POINT ( 'NONE',  ( -2.540000000000000036, 0.6350000000000001199, 0.000000000000000000 ) ) ;
#629 = AXIS2_PLACEMENT_3D ( 'NONE', #648, #259, #1168 ) ;
#630 = DIRECTION ( 'NONE',  ( 0.000000000000000000, -0.000000000000000000, -1.000000000000000000 ) ) ;
#631 = CARTESIAN_POINT ( 'NONE',  ( 3.915218721083681519, 1.651000000000000911, -1.823694172707754690 ) ) ;
#632 = CIRCLE ( 'NONE', #240, 4.476750000000000007 ) ;
#633 = CARTESIAN_POINT ( 'NONE',  ( 0.000000000000000000, 0.6350000000000003419, 0.000000000000000000 ) ) ;
#634 =( GEOMETRIC_REPRESENTATION_CONTEXT ( 3 ) GLOBAL_UNCERTAINTY_ASSIGNED_CONTEXT ( ( #709 ) ) GLOBAL_UNIT_ASSIGNED_CONTEXT ( ( #1031, #656, #1312 ) ) REPRESENTATION_CONTEXT ( 'NONE', 'WORKASPACE' ) );
#635 = AXIS2_PLACEMENT_3D ( 'NONE', #642, #1160, #1688 ) ;
#636 = LINE ( 'NONE', #1155, #338 ) ;
#637 = ORIENTED_EDGE ( 'NONE', *, *, #649, .F. ) ;
#638 = ORIENTED_EDGE ( 'NONE', *, *, #1383, .T. ) ;
#639 = ADVANCED_FACE ( 'NONE', ( #1361 ), #1343, .T. ) ;
#640 = EDGE_CURVE ( 'NONE', #530, #749, #41, .T. ) ;
#641 = DIRECTION ( 'NONE',  ( 0.000000000000000000, 0.000000000000000000, 1.000000000000000000 ) ) ;
#642 = CARTESIAN_POINT ( 'NONE',  ( 1.796051224213830233, -12.06499999999999950, -1.796051224213835118 ) ) ;
#643 =( NAMED_UNIT ( * ) SI_UNIT ( $, .STERADIAN. ) SOLID_ANGLE_UNIT ( ) );
#644 = FILL_AREA_STYLE_COLOUR ( '', #1206 ) ;
#645 = ORIENTED_EDGE ( 'NONE', *, *, #135, .F. ) ;
#646 = EDGE_LOOP ( 'NONE', ( #1535, #823, #1137, #1210 ) ) ;
#647 = PLANE ( 'NONE',  #591 ) ;
#648 = CARTESIAN_POINT ( 'NONE',  ( 0.000000000000000000, 0.000000000000000000, 0.000000000000000000 ) ) ;
#649 = EDGE_CURVE ( 'NONE', #1574, #1426, #296, .T. ) ;
#650 = DIRECTION ( 'NONE',  ( -0.000000000000000000, -1.000000000000000000, -0.000000000000000000 ) ) ;
#651 = EDGE_LOOP ( 'NONE', ( #501, #888, #663, #199 ) ) ;
#652 = VERTEX_POINT ( 'NONE', #165 ) ;
#653 = PRODUCT_RELATED_PRODUCT_CATEGORY ( 'part', '', ( #2 ) ) ;
#654 = CIRCLE ( 'NONE', #396, 4.064000000000000057 ) ;
#655 = CARTESIAN_POINT ( 'NONE',  ( -2.540000000000000036, -12.06499999999999950, -0.2349499999999999922 ) ) ;
#656 =( NAMED_UNIT ( * ) PLANE_ANGLE_UNIT ( ) SI_UNIT ( $, .RADIAN. ) );
#657 = DIRECTION ( 'NONE',  ( 0.000000000000000000, 1.000000000000000000, 0.000000000000000000 ) ) ;
#658 = CIRCLE ( 'NONE', #1619, 0.2349500000000002697 ) ;
#659 = ORIENTED_EDGE ( 'NONE', *, *, #109, .T. ) ;
#660 = CARTESIAN_POINT ( 'NONE',  ( 0.000000000000000000, 5.080000000000000071, 4.064000000000000057 ) ) ;
#661 = CARTESIAN_POINT ( 'NONE',  ( -2.874887410775248231, 0.6349999999999996758, -3.431663290281549372 ) ) ;
#662 = CLOSED_SHELL ( 'NONE', ( #1466, #251, #137, #807, #1187, #1101, #1406, #938, #167, #960, #1710, #1253, #1551, #515, #703, #1285, #599, #1276 ) ) ;
#663 = ORIENTED_EDGE ( 'NONE', *, *, #1179, .T. ) ;
#664 = EDGE_CURVE ( 'NONE', #652, #530, #857, .T. ) ;
#665 = PRESENTATION_LAYER_ASSIGNMENT (  '', '', ( #913 ) ) ;
#666 = FACE_OUTER_BOUND ( 'NONE', #1590, .T. ) ;
#667 = AXIS2_PLACEMENT_3D ( 'NONE', #547, #1634, #1332 ) ;
#668 = FACE_OUTER_BOUND ( 'NONE', #321, .T. ) ;
#669 = CARTESIAN_POINT ( 'NONE',  ( 4.439344646909158981E-16, 0.6350000000000003419, 3.625000000000003109 ) ) ;
#670 = VERTEX_POINT ( 'NONE', #1077 ) ;
#671 = ADVANCED_FACE ( 'NONE', ( #701 ), #693, .F. ) ;
#672 = STYLED_ITEM ( 'NONE', ( #377 ), #1714 ) ;
#673 = LINE ( 'NONE', #22, #808 ) ;
#674 = CIRCLE ( 'NONE', #280, 3.625000000000003109 ) ;
#675 = CARTESIAN_POINT ( 'NONE',  ( 4.665904304751415495E-16, 5.334000000000000519, 3.810000000000000053 ) ) ;
#676 = CIRCLE ( 'NONE', #594, 0.2349499999999998257 ) ;
#677 = CARTESIAN_POINT ( 'NONE',  ( 1.796051224213830233, -12.06499999999999950, -1.796051224213835118 ) ) ;
#678 = CARTESIAN_POINT ( 'NONE',  ( 1.365088073190798168, 1.651000000000000023, -4.097725056334722282 ) ) ;
#679 = LINE ( 'NONE', #1344, #991 ) ;
#680 = VERTEX_POINT ( 'NONE', #1470 ) ;
#681 = LINE ( 'NONE', #408, #730 ) ;
#682 = FACE_OUTER_BOUND ( 'NONE', #698, .T. ) ;
#683 = ADVANCED_FACE ( 'NONE', ( #557 ), #1626, .T. ) ;
#684 = DIRECTION ( 'NONE',  ( 0.000000000000000000, 1.000000000000000000, 0.000000000000000000 ) ) ;
#685 = CARTESIAN_POINT ( 'NONE',  ( 0.000000000000000000, 0.6350000000000003419, 0.000000000000000000 ) ) ;
#686 = ORIENTED_EDGE ( 'NONE', *, *, #335, .F. ) ;
#687 = CLOSED_SHELL ( 'NONE', ( #789, #1051, #260, #1305 ) ) ;
#688 = CARTESIAN_POINT ( 'NONE',  ( 0.000000000000000000, 1.905000000000000693, -3.625000000000003109 ) ) ;
#689 = ORIENTED_EDGE ( 'NONE', *, *, #127, .F. ) ;
#690 = CARTESIAN_POINT ( 'NONE',  ( -9.953929183469688493E-16, 1.756210244842766555, -4.064000000000000057 ) ) ;
#691 = EDGE_CURVE ( 'NONE', #706, #571, #395, .T. ) ;
#692 = CARTESIAN_POINT ( 'NONE',  ( 1.796051224213854880, -12.06499999999999950, 1.796051224213810249 ) ) ;
#693 = PLANE ( 'NONE',  #1076 ) ;
#694 = DIRECTION ( 'NONE',  ( 0.000000000000000000, 1.000000000000000000, 0.000000000000000000 ) ) ;
#695 = ORIENTED_EDGE ( 'NONE', *, *, #1308, .F. ) ;
#696 = MECHANICAL_DESIGN_GEOMETRIC_PRESENTATION_REPRESENTATION (  '', ( #1367 ), #1456 ) ;
#697 = DIRECTION ( 'NONE',  ( 0.000000000000000000, -1.000000000000000000, 0.000000000000000000 ) ) ;
#698 = EDGE_LOOP ( 'NONE', ( #604, #1411, #916, #301 ) ) ;
#699 = CARTESIAN_POINT ( 'NONE',  ( 0.000000000000000000, 1.651000000000000245, 0.000000000000000000 ) ) ;
#700 = AXIS2_PLACEMENT_3D ( 'NONE', #844, #223, #1378 ) ;
#701 = FACE_OUTER_BOUND ( 'NONE', #100, .T. ) ;
#702 = CARTESIAN_POINT ( 'NONE',  ( 0.000000000000000000, 0.6350000000000003419, 0.000000000000000000 ) ) ;
#703 = ADVANCED_FACE ( 'NONE', ( #1379 ), #1122, .T. ) ;
#704 = ORIENTED_EDGE ( 'NONE', *, *, #460, .T. ) ;
#705 = CARTESIAN_POINT ( 'NONE',  ( 1.796051224213830233, -12.06499999999999950, -1.561101224213835126 ) ) ;
#706 = VERTEX_POINT ( 'NONE', #993 ) ;
#707 = CIRCLE ( 'NONE', #348, 0.2349499999999999922 ) ;
#708 = CARTESIAN_POINT ( 'NONE',  ( -8.635999999999999233, 1.651000000000000467, 4.318000000000000504 ) ) ;
#709 = UNCERTAINTY_MEASURE_WITH_UNIT (LENGTH_MEASURE( 1.000000000000000082E-05 ), #1031, 'distance_accuracy_value', 'NONE');
#710 = FACE_OUTER_BOUND ( 'NONE', #386, .T. ) ;
#711 = PRESENTATION_STYLE_ASSIGNMENT (( #965 ) ) ;
#712 = CARTESIAN_POINT ( 'NONE',  ( -1.725262336174177458, 1.651000000000000245, 3.961033482042681797 ) ) ;
#713 = ADVANCED_FACE ( 'NONE', ( #206 ), #1115, .T. ) ;
#714 = ORIENTED_EDGE ( 'NONE', *, *, #54, .T. ) ;
#715 = ORIENTED_EDGE ( 'NONE', *, *, #1351, .F. ) ;
#716 = DIRECTION ( 'NONE',  ( 0.000000000000000000, 0.000000000000000000, 1.000000000000000000 ) ) ;
#717 = CARTESIAN_POINT ( 'NONE',  ( 1.796051224213830233, -12.06499999999999950, -2.031001224213835332 ) ) ;
#718 = CARTESIAN_POINT ( 'NONE',  ( 0.5489087347901477898, 1.651000000000000689, 4.318000000000000504 ) ) ;
#719 = CARTESIAN_POINT ( 'NONE',  ( 8.338420489685532289, 1.651000000000000911, -4.169210244842767032 ) ) ;
#720 =( NAMED_UNIT ( * ) SI_UNIT ( $, .STERADIAN. ) SOLID_ANGLE_UNIT ( ) );
#721 = SURFACE_STYLE_FILL_AREA ( #82 ) ;
#722 = PRESENTATION_LAYER_ASSIGNMENT (  '', '', ( #526 ) ) ;
#723 = DIRECTION ( 'NONE',  ( 0.7071067811865490160, 0.000000000000000000, -0.7071067811865460184 ) ) ;
#724 = EDGE_CURVE ( 'NONE', #1229, #341, #1405, .T. ) ;
#725 = DIRECTION ( 'NONE',  ( 0.000000000000000000, 0.000000000000000000, 1.000000000000000000 ) ) ;
#726 = CARTESIAN_POINT ( 'NONE',  ( 0.000000000000000000, 1.905000000000000693, -3.625000000000003109 ) ) ;
#727 = CIRCLE ( 'NONE', #894, 0.2349499999999999922 ) ;
#728 = CARTESIAN_POINT ( 'NONE',  ( 3.692290536535908885, 1.651000000000000467, 2.240009060608016078 ) ) ;
#729 = CARTESIAN_POINT ( 'NONE',  ( -1.796051224213840003, 0.6350000000000001199, -1.796051224213820241 ) ) ;
#730 = VECTOR ( 'NONE', #513, 1000.000000000000000 ) ;
#731 = DIRECTION ( 'NONE',  ( -0.000000000000000000, -1.000000000000000000, -0.000000000000000000 ) ) ;
#732 = ORIENTED_EDGE ( 'NONE', *, *, #1420, .F. ) ;
#733 = CYLINDRICAL_SURFACE ( 'NONE', #1039, 0.2349499999999999922 ) ;
#734 = VECTOR ( 'NONE', #1287, 1000.000000000000000 ) ;
#735 = DIRECTION ( 'NONE',  ( 0.000000000000000000, 1.000000000000000000, 0.000000000000000000 ) ) ;
#736 = CARTESIAN_POINT ( 'NONE',  ( 1.796051224213854880, -12.06499999999999950, 2.031001224213810463 ) ) ;
#737 = DIRECTION ( 'NONE',  ( 0.000000000000000000, 0.000000000000000000, 1.000000000000000000 ) ) ;
#738 = EDGE_CURVE ( 'NONE', #616, #222, #676, .T. ) ;
#739 = CARTESIAN_POINT ( 'NONE',  ( -2.540000000000000036, -12.06499999999999950, 0.2349499999999999922 ) ) ;
#740 = EDGE_LOOP ( 'NONE', ( #1050, #479 ) ) ;
#741 = ORIENTED_EDGE ( 'NONE', *, *, #1022, .F. ) ;
#742 = STYLED_ITEM ( 'NONE', ( #1163 ), #8 ) ;
#743 = DIRECTION ( 'NONE',  ( -0.000000000000000000, -1.000000000000000000, -0.000000000000000000 ) ) ;
#744 = CARTESIAN_POINT ( 'NONE',  ( 2.240562489819370118, 1.651000000000000245, 3.694075160473433872 ) ) ;
#745 = EDGE_CURVE ( 'NONE', #482, #1685, #476, .T. ) ;
#746 = DIRECTION ( 'NONE',  ( 0.000000000000000000, 0.000000000000000000, 1.000000000000000000 ) ) ;
#747 = ORIENTED_EDGE ( 'NONE', *, *, #1230, .T. ) ;
#748 = CARTESIAN_POINT ( 'NONE',  ( -1.823694172710359940, 1.651000000000000467, -3.915218721082120990 ) ) ;
#749 = VERTEX_POINT ( 'NONE', #1528 ) ;
#750 = EDGE_LOOP ( 'NONE', ( #1449, #432 ) ) ;
#751 = AXIS2_PLACEMENT_3D ( 'NONE', #1353, #26, #828 ) ;
#752 = DIRECTION ( 'NONE',  ( 0.000000000000000000, -0.000000000000000000, -1.000000000000000000 ) ) ;
#753 = CARTESIAN_POINT ( 'NONE',  ( 3.959140192554768678, 1.651000000000000245, -1.723916561597776509 ) ) ;
#754 = DIRECTION ( 'NONE',  ( 0.000000000000000000, 0.000000000000000000, 1.000000000000000000 ) ) ;
#755 = SURFACE_STYLE_FILL_AREA ( #376 ) ;
#756 = EDGE_CURVE ( 'NONE', #171, #462, #1641, .T. ) ;
#757 = DIRECTION ( 'NONE',  ( 0.000000000000000000, 0.000000000000000000, 1.000000000000000000 ) ) ;
#758 = ORIENTED_EDGE ( 'NONE', *, *, #499, .T. ) ;
#759 = AXIS2_PLACEMENT_3D ( 'NONE', #608, #1015, #344 ) ;
#760 = ORIENTED_EDGE ( 'NONE', *, *, #388, .T. ) ;
#761 = FILL_AREA_STYLE ('',( #1680 ) ) ;
#762 = CARTESIAN_POINT ( 'NONE',  ( -9.331808609502830990E-16, 5.334000000000000519, -3.810000000000000053 ) ) ;
#763 = DIRECTION ( 'NONE',  ( 0.000000000000000000, 1.000000000000000000, 0.000000000000000000 ) ) ;
#764 = CIRCLE ( 'NONE', #1366, 0.2349500000000000477 ) ;
#765 = PLANE ( 'NONE',  #1013 ) ;
#766 = CIRCLE ( 'NONE', #793, 0.2349499999999998257 ) ;
#767 = CIRCLE ( 'NONE', #242, 0.2349499999999998257 ) ;
#768 = ORIENTED_EDGE ( 'NONE', *, *, #882, .F. ) ;
#769 = ORIENTED_EDGE ( 'NONE', *, *, #239, .F. ) ;
#770 = EDGE_CURVE ( 'NONE', #1212, #583, #1114, .T. ) ;
#771 = CARTESIAN_POINT ( 'NONE',  ( 0.000000000000000000, 0.6350000000000000089, 0.000000000000000000 ) ) ;
#772 = FACE_OUTER_BOUND ( 'NONE', #107, .T. ) ;
#773 = FILL_AREA_STYLE ('',( #520 ) ) ;
#774 = AXIS2_PLACEMENT_3D ( 'NONE', #151, #1072, #527 ) ;
#775 = DIRECTION ( 'NONE',  ( 0.000000000000000000, 1.000000000000000000, 0.000000000000000000 ) ) ;
#776 = VERTEX_POINT ( 'NONE', #354 ) ;
#777 = ORIENTED_EDGE ( 'NONE', *, *, #585, .F. ) ;
#778 = EDGE_CURVE ( 'NONE', #182, #1269, #902, .T. ) ;
#779 = COLOUR_RGB ( '',1.000000000000000000, 1.000000000000000000, 1.000000000000000000 ) ;
#780 = FACE_OUTER_BOUND ( 'NONE', #1664, .T. ) ;
#781 = DIRECTION ( 'NONE',  ( 0.000000000000000000, 0.000000000000000000, -1.000000000000000000 ) ) ;
#782 = CARTESIAN_POINT ( 'NONE',  ( -8.868362600661559985E-15, -12.06499999999999950, -2.540000000000000036 ) ) ;
#783 = LINE ( 'NONE', #357, #612 ) ;
#784 = DIRECTION ( 'NONE',  ( 0.000000000000000000, -1.000000000000000000, 0.000000000000000000 ) ) ;
#785 = ORIENTED_EDGE ( 'NONE', *, *, #837, .F. ) ;
#786 =( GEOMETRIC_REPRESENTATION_CONTEXT ( 3 ) GLOBAL_UNCERTAINTY_ASSIGNED_CONTEXT ( ( #178 ) ) GLOBAL_UNIT_ASSIGNED_CONTEXT ( ( #1607, #1248, #1345 ) ) REPRESENTATION_CONTEXT ( 'NONE', 'WORKASPACE' ) );
#787 = CIRCLE ( 'NONE', #1558, 0.2349499999999998257 ) ;
#788 = CARTESIAN_POINT ( 'NONE',  ( 0.000000000000000000, 0.6350000000000003419, 0.000000000000000000 ) ) ;
#789 = ADVANCED_FACE ( 'NONE', ( #772 ), #105, .T. ) ;
#790 = DIRECTION ( 'NONE',  ( 0.000000000000000000, 1.000000000000000000, 0.000000000000000000 ) ) ;
#791 = DIRECTION ( 'NONE',  ( 0.000000000000000000, 0.000000000000000000, -1.000000000000000000 ) ) ;
#792 = COLOUR_RGB ( '',0.7921568627450980005, 0.8196078431372548767, 0.9333333333333333481 ) ;
#793 = AXIS2_PLACEMENT_3D ( 'NONE', #88, #903, #1189 ) ;
#794 = ORIENTED_EDGE ( 'NONE', *, *, #1376, .F. ) ;
#795 = CARTESIAN_POINT ( 'NONE',  ( 0.000000000000000000, 0.6350000000000003419, 0.000000000000000000 ) ) ;
#796 = DIRECTION ( 'NONE',  ( 0.000000000000000000, 0.000000000000000000, 1.000000000000000000 ) ) ;
#797 =( GEOMETRIC_REPRESENTATION_CONTEXT ( 3 ) GLOBAL_UNCERTAINTY_ASSIGNED_CONTEXT ( ( #1624 ) ) GLOBAL_UNIT_ASSIGNED_CONTEXT ( ( #856, #1258, #1691 ) ) REPRESENTATION_CONTEXT ( 'NONE', 'WORKASPACE' ) );
#798 = EDGE_CURVE ( 'NONE', #118, #1684, #899, .T. ) ;
#799 = FACE_OUTER_BOUND ( 'NONE', #108, .T. ) ;
#800 = ORIENTED_EDGE ( 'NONE', *, *, #1242, .T. ) ;
#801 = CARTESIAN_POINT ( 'NONE',  ( 7.619999999999999218, 5.333999999999999631, 3.809999999999999165 ) ) ;
#802 = CARTESIAN_POINT ( 'NONE',  ( -3.539426363734364145, 0.6350000000000005640, -4.096202243240670171 ) ) ;
#803 = FILL_AREA_STYLE_COLOUR ( '', #368 ) ;
#804 = ORIENTED_EDGE ( 'NONE', *, *, #423, .T. ) ;
#805 = PRESENTATION_LAYER_ASSIGNMENT (  '', '', ( #672 ) ) ;
#806 = CARTESIAN_POINT ( 'NONE',  ( -8.127999999999998337, 5.080000000000000959, 4.064000000000000057 ) ) ;
#807 = ADVANCED_FACE ( 'NONE', ( #1046 ), #111, .T. ) ;
#808 = VECTOR ( 'NONE', #1159, 1000.000000000000000 ) ;
#809 = CARTESIAN_POINT ( 'NONE',  ( 4.976964591734843260E-16, 1.756210244842766555, 4.064000000000000057 ) ) ;
#810 = DIRECTION ( 'NONE',  ( 0.000000000000000000, -0.000000000000000000, -1.000000000000000000 ) ) ;
#811 = DIRECTION ( 'NONE',  ( 0.000000000000000000, 1.000000000000000000, 0.000000000000000000 ) ) ;
#812 = FACE_OUTER_BOUND ( 'NONE', #1695, .T. ) ;
#813 = FILL_AREA_STYLE_COLOUR ( '', #939 ) ;
#814 = ORIENTED_EDGE ( 'NONE', *, *, #335, .T. ) ;
#815 = CIRCLE ( 'NONE', #1232, 0.2349499999999998257 ) ;
#816 = CARTESIAN_POINT ( 'NONE',  ( -7.917579510314465274, 5.333999999999999631, 3.958789755157234858 ) ) ;
#817 = EDGE_CURVE ( 'NONE', #1229, #670, #972, .T. ) ;
#818 = CARTESIAN_POINT ( 'NONE',  ( 8.127999999999998337, 5.228789755157234431, -4.064000000000000057 ) ) ;
#819 = CARTESIAN_POINT ( 'NONE',  ( -1.796051224213840003, 0.6350000000000001199, -1.561101224213820249 ) ) ;
#820 = PLANE ( 'NONE',  #1686 ) ;
#821 = ORIENTED_EDGE ( 'NONE', *, *, #770, .T. ) ;
#822 = CARTESIAN_POINT ( 'NONE',  ( -2.842275435738489620, 1.651000000000000467, 3.264351361707887644 ) ) ;
#823 = ORIENTED_EDGE ( 'NONE', *, *, #403, .T. ) ;
#824 = CARTESIAN_POINT ( 'NONE',  ( 2.540000000000000036, -12.06499999999999950, -0.2349499999999999922 ) ) ;
#825 = UNCERTAINTY_MEASURE_WITH_UNIT (LENGTH_MEASURE( 1.000000000000000082E-05 ), #1129, 'distance_accuracy_value', 'NONE');
#826 = EDGE_CURVE ( 'NONE', #462, #706, #1560, .T. ) ;
#827 = CARTESIAN_POINT ( 'NONE',  ( 2.540000000000000036, 0.6350000000000001199, 0.2349499999999999922 ) ) ;
#828 = DIRECTION ( 'NONE',  ( 0.000000000000000000, 0.000000000000000000, -1.000000000000000000 ) ) ;
#829 = CARTESIAN_POINT ( 'NONE',  ( 0.000000000000000000, 0.6350000000000003419, 0.000000000000000000 ) ) ;
#830 = ORIENTED_EDGE ( 'NONE', *, *, #1445, .T. ) ;
#831 = CARTESIAN_POINT ( 'NONE',  ( -8.868362600661559985E-15, 0.6350000000000001199, -2.540000000000000036 ) ) ;
#832 = ORIENTED_EDGE ( 'NONE', *, *, #1610, .T. ) ;
#833 = CARTESIAN_POINT ( 'NONE',  ( -9.953929183469686521E-16, 1.905000000000000693, -4.064000000000000057 ) ) ;
#834 = DIRECTION ( 'NONE',  ( 0.000000000000000000, 1.000000000000000000, 0.000000000000000000 ) ) ;
#835 = DIRECTION ( 'NONE',  ( -0.000000000000000000, -1.000000000000000000, -0.000000000000000000 ) ) ;
#836 = FACE_OUTER_BOUND ( 'NONE', #1102, .T. ) ;
#837 = EDGE_CURVE ( 'NONE', #596, #285, #1188, .T. ) ;
#838 = VERTEX_POINT ( 'NONE', #1569 ) ;
#839 = VECTOR ( 'NONE', #148, 999.9999999999998863 ) ;
#840 = CARTESIAN_POINT ( 'NONE',  ( -0.2746327394977402525, 1.651000000000000467, 4.317999999999998728 ) ) ;
#841 = ORIENTED_EDGE ( 'NONE', *, *, #1500, .F. ) ;
#842 = AXIS2_PLACEMENT_3D ( 'NONE', #1648, #1655, #754 ) ;
#843 = DIRECTION ( 'NONE',  ( 0.000000000000000000, 0.000000000000000000, 1.000000000000000000 ) ) ;
#844 = CARTESIAN_POINT ( 'NONE',  ( 0.000000000000000000, 0.6350000000000003419, 0.000000000000000000 ) ) ;
#845 = CARTESIAN_POINT ( 'NONE',  ( -2.540000000000000036, -12.06499999999999950, 0.000000000000000000 ) ) ;
#846 = CYLINDRICAL_SURFACE ( 'NONE', #988, 0.2349499999999999922 ) ;
#847 = EDGE_LOOP ( 'NONE', ( #359, #1355, #1419, #1485 ) ) ;
#848 = ADVANCED_FACE ( 'NONE', ( #666 ), #1584, .T. ) ;
#849 = CARTESIAN_POINT ( 'NONE',  ( -4.217009359963819648, 1.651000000000000467, 1.078549415109869791 ) ) ;
#850 = CARTESIAN_POINT ( 'NONE',  ( 2.540000000000000036, -12.06499999999999950, 0.000000000000000000 ) ) ;
#851 = CIRCLE ( 'NONE', #1712, 0.2539999999999998925 ) ;
#852 = CARTESIAN_POINT ( 'NONE',  ( 4.728116362148101837E-16, 5.334000000000000519, 3.810000000000000053 ) ) ;
#853 = CARTESIAN_POINT ( 'NONE',  ( 1.078719720086195766, 1.651000000000000911, 4.216941961329194299 ) ) ;
#854 = FACE_OUTER_BOUND ( 'NONE', #311, .T. ) ;
#855 = CARTESIAN_POINT ( 'NONE',  ( -1.796051224213815134, -12.06499999999999950, 1.796051224213845110 ) ) ;
#856 =( LENGTH_UNIT ( ) NAMED_UNIT ( * ) SI_UNIT ( .MILLI., .METRE. ) );
#857 = CIRCLE ( 'NONE', #115, 0.2349499999999999922 ) ;
#858 = EDGE_CURVE ( 'NONE', #680, #89, #1058, .T. ) ;
#859 = LINE ( 'NONE', #868, #979 ) ;
#860 = DIRECTION ( 'NONE',  ( 0.000000000000000000, -0.000000000000000000, 1.000000000000000000 ) ) ;
#861 = AXIS2_PLACEMENT_3D ( 'NONE', #255, #116, #529 ) ;
#862 = CARTESIAN_POINT ( 'NONE',  ( 3.264351361707889865, 1.651000000000000467, 2.842275435738367495 ) ) ;
#863 = FACE_OUTER_BOUND ( 'NONE', #552, .T. ) ;
#864 = VECTOR ( 'NONE', #1404, 1000.000000000000000 ) ;
#865 = DIRECTION ( 'NONE',  ( -0.7071067811865470176, 0.000000000000000000, -0.7071067811865480168 ) ) ;
#866 = CARTESIAN_POINT ( 'NONE',  ( 0.000000000000000000, 0.6350000000000003419, 4.064000000000000057 ) ) ;
#867 = ORIENTED_EDGE ( 'NONE', *, *, #1093, .F. ) ;
#868 = CARTESIAN_POINT ( 'NONE',  ( -3.539426363734364145, 3.378200000000000980, -4.096202243240670171 ) ) ;
#869 = EDGE_CURVE ( 'NONE', #30, #179, #767, .T. ) ;
#870 = MECHANICAL_DESIGN_GEOMETRIC_PRESENTATION_REPRESENTATION (  '', ( #1675 ), #40 ) ;
#871 = AXIS2_PLACEMENT_3D ( 'NONE', #345, #590, #1116 ) ;
#872 = LINE ( 'NONE', #1121, #140 ) ;
#873 = CARTESIAN_POINT ( 'NONE',  ( 0.000000000000000000, 1.905000000000000693, 0.000000000000000000 ) ) ;
#874 = DIRECTION ( 'NONE',  ( 0.000000000000000000, -1.000000000000000000, 0.000000000000000000 ) ) ;
#875 = CYLINDRICAL_SURFACE ( 'NONE', #266, 0.2349499999999999922 ) ;
#876 = ORIENTED_EDGE ( 'NONE', *, *, #135, .T. ) ;
#877 = CARTESIAN_POINT ( 'NONE',  ( -1.656984785364540746, 1.651000000000000467, -3.987599381955321931 ) ) ;
#878 = EDGE_LOOP ( 'NONE', ( #1418, #1531, #1034, #1157 ) ) ;
#879 = ORIENTED_EDGE ( 'NONE', *, *, #745, .F. ) ;
#880 = CARTESIAN_POINT ( 'NONE',  ( -1.796051224213815134, -12.06499999999999950, 1.796051224213845110 ) ) ;
#881 = CLOSED_SHELL ( 'NONE', ( #1632, #1030, #1579, #435 ) ) ;
#882 = EDGE_CURVE ( 'NONE', #462, #171, #981, .T. ) ;
#883 = DIRECTION ( 'NONE',  ( -0.000000000000000000, -1.000000000000000000, -0.000000000000000000 ) ) ;
#884 = CARTESIAN_POINT ( 'NONE',  ( 1.823694172708043126, 1.651000000000000689, 3.915218721083585152 ) ) ;
#885 = CARTESIAN_POINT ( 'NONE',  ( 7.620000000000000995, 5.334000000000000519, 3.809999999999999165 ) ) ;
#886 = LINE ( 'NONE', #1408, #1548 ) ;
#887 = CARTESIAN_POINT ( 'NONE',  ( 2.540000000000000036, -12.06499999999999950, 0.2349499999999999922 ) ) ;
#888 = ORIENTED_EDGE ( 'NONE', *, *, #1136, .T. ) ;
#889 = EDGE_LOOP ( 'NONE', ( #1520, #1427, #1582, #1620 ) ) ;
#890 = VECTOR ( 'NONE', #1481, 1000.000000000000000 ) ;
#891 = PRESENTATION_STYLE_ASSIGNMENT (( #103 ) ) ;
#892 = CARTESIAN_POINT ( 'NONE',  ( 1.796051224213854880, 0.6350000000000001199, 1.796051224213810249 ) ) ;
#893 = DIRECTION ( 'NONE',  ( 0.000000000000000000, 1.000000000000000000, 0.000000000000000000 ) ) ;
#894 = AXIS2_PLACEMENT_3D ( 'NONE', #1180, #775, #406 ) ;
#895 = FACE_OUTER_BOUND ( 'NONE', #950, .T. ) ;
#896 = EDGE_CURVE ( 'NONE', #1369, #1685, #1203, .T. ) ;
#897 = CARTESIAN_POINT ( 'NONE',  ( -3.264351361707662491, 1.651000000000000467, -2.842275435738593981 ) ) ;
#898 = ORIENTED_EDGE ( 'NONE', *, *, #80, .T. ) ;
#899 = CIRCLE ( 'NONE', #283, 1.714500000000000135 ) ;
#900 = VERTEX_POINT ( 'NONE', #660 ) ;
#901 = FACE_OUTER_BOUND ( 'NONE', #1026, .T. ) ;
#902 = LINE ( 'NONE', #532, #1194 ) ;
#903 = DIRECTION ( 'NONE',  ( 0.000000000000000000, 1.000000000000000000, 0.000000000000000000 ) ) ;
#904 = AXIS2_PLACEMENT_3D ( 'NONE', #125, #121, #1442 ) ;
#905 = SURFACE_SIDE_STYLE ('',( #1201 ) ) ;
#906 = ORIENTED_EDGE ( 'NONE', *, *, #1331, .F. ) ;
#907 = ADVANCED_FACE ( 'NONE', ( #375 ), #1298, .T. ) ;
#908 = ORIENTED_EDGE ( 'NONE', *, *, #613, .F. ) ;
#909 = DIRECTION ( 'NONE',  ( 0.000000000000000000, 1.000000000000000000, 0.000000000000000000 ) ) ;
#910 = STYLED_ITEM ( 'NONE', ( #986 ), #4 ) ;
#911 = CARTESIAN_POINT ( 'NONE',  ( 4.976964591734843260E-16, 5.080000000000000071, -4.064000000000000057 ) ) ;
#912 =( NAMED_UNIT ( * ) PLANE_ANGLE_UNIT ( ) SI_UNIT ( $, .RADIAN. ) );
#913 = STYLED_ITEM ( 'NONE', ( #521 ), #19 ) ;
#914 = CYLINDRICAL_SURFACE ( 'NONE', #1523, 0.2349500000000002697 ) ;
#915 = VERTEX_POINT ( 'NONE', #911 ) ;
#916 = ORIENTED_EDGE ( 'NONE', *, *, #355, .T. ) ;
#917 = EDGE_CURVE ( 'NONE', #482, #954, #172, .T. ) ;
#918 = DIRECTION ( 'NONE',  ( 0.000000000000000000, 1.000000000000000000, 0.000000000000000000 ) ) ;
#919 = ORIENTED_EDGE ( 'NONE', *, *, #1010, .F. ) ;
#920 = AXIS2_PLACEMENT_3D ( 'NONE', #1615, #149, #429 ) ;
#921 = EDGE_CURVE ( 'NONE', #652, #129, #1304, .T. ) ;
#922 = PLANE ( 'NONE',  #575 ) ;
#923 = AXIS2_PLACEMENT_3D ( 'NONE', #33, #1613, #427 ) ;
#924 = STYLED_ITEM ( 'NONE', ( #225 ), #556 ) ;
#925 = ORIENTED_EDGE ( 'NONE', *, *, #1170, .F. ) ;
#926 = VECTOR ( 'NONE', #1415, 1000.000000000000114 ) ;
#927 = DIRECTION ( 'NONE',  ( 0.000000000000000000, 1.000000000000000000, 0.000000000000000000 ) ) ;
#928 = CARTESIAN_POINT ( 'NONE',  ( 0.000000000000000000, 0.000000000000000000, 0.000000000000000000 ) ) ;
#929 = CARTESIAN_POINT ( 'NONE',  ( 0.000000000000000000, 1.905000000000000693, 4.064000000000000057 ) ) ;
#930 = EDGE_CURVE ( 'NONE', #1544, #1035, #1707, .T. ) ;
#931 = ORIENTED_EDGE ( 'NONE', *, *, #1327, .T. ) ;
#932 = DIRECTION ( 'NONE',  ( 0.000000000000000000, 1.000000000000000000, 0.000000000000000000 ) ) ;
#933 = CARTESIAN_POINT ( 'NONE',  ( 8.127999999999998337, 5.080000000000000959, 4.063999999999999169 ) ) ;
#934 = CARTESIAN_POINT ( 'NONE',  ( 3.308029712945895984, 1.651000000000000689, -2.782301414930714589 ) ) ;
#935 = CARTESIAN_POINT ( 'NONE',  ( -4.096202243240655072, 1.651000000000000245, -3.539426363734379688 ) ) ;
#936 = STYLED_ITEM ( 'NONE', ( #711 ), #243 ) ;
#937 = ORIENTED_EDGE ( 'NONE', *, *, #1597, .T. ) ;
#938 = ADVANCED_FACE ( 'NONE', ( #1309 ), #1057, .T. ) ;
#939 = COLOUR_RGB ( '',0.7921568627450980005, 0.8196078431372548767, 0.9333333333333333481 ) ;
#940 = CARTESIAN_POINT ( 'NONE',  ( 4.976964591734843260E-16, 5.228789755157233543, 4.064000000000000057 ) ) ;
#941 = AXIS2_PLACEMENT_3D ( 'NONE', #892, #1167, #1413 ) ;
#942 = CARTESIAN_POINT ( 'NONE',  ( 4.976964591734843260E-16, 5.228789755157233543, 4.064000000000000057 ) ) ;
#943 = CARTESIAN_POINT ( 'NONE',  ( -2.874887410775248675, 0.6350000000000003419, -3.431663290281548928 ) ) ;
#944 = CYLINDRICAL_SURFACE ( 'NONE', #751, 3.625000000000003109 ) ;
#945 = FACE_OUTER_BOUND ( 'NONE', #1286, .T. ) ;
#946 = ORIENTED_EDGE ( 'NONE', *, *, #921, .F. ) ;
#947 = COLOUR_RGB ( '',0.7921568627450980005, 0.8196078431372548767, 0.9333333333333333481 ) ;
#948 = AXIS2_PLACEMENT_3D ( 'NONE', #1519, #865, #236 ) ;
#949 = CARTESIAN_POINT ( 'NONE',  ( -2.240009060608280311, 1.651000000000000689, 3.692290536535805856 ) ) ;
#950 = EDGE_LOOP ( 'NONE', ( #256, #550 ) ) ;
#951 = CARTESIAN_POINT ( 'NONE',  ( 8.127999999999998337, 5.080000000000000959, -4.063999999999999169 ) ) ;
#952 = CARTESIAN_POINT ( 'NONE',  ( 1.796051224213830233, 0.6350000000000000089, -1.796051224213835118 ) ) ;
#953 = DIRECTION ( 'NONE',  ( 0.000000000000000000, 0.000000000000000000, 1.000000000000000000 ) ) ;
#954 = VERTEX_POINT ( 'NONE', #1223 ) ;
#955 = MECHANICAL_DESIGN_GEOMETRIC_PRESENTATION_REPRESENTATION (  '', ( #742 ), #1513 ) ;
#956 = CARTESIAN_POINT ( 'NONE',  ( 1.796051224213830233, -12.06499999999999950, -2.031001224213835332 ) ) ;
#957 = AXIS2_PLACEMENT_3D ( 'NONE', #1078, #133, #1190 ) ;
#958 = ORIENTED_EDGE ( 'NONE', *, *, #1311, .F. ) ;
#959 = CARTESIAN_POINT ( 'NONE',  ( -8.127999999999998337, 1.756210244842766555, 4.064000000000000945 ) ) ;
#960 = ADVANCED_FACE ( 'NONE', ( #1478 ), #1698, .F. ) ;
#961 = PRESENTATION_STYLE_ASSIGNMENT (( #1360 ) ) ;
#962 = CARTESIAN_POINT ( 'NONE',  ( 2.240009060609508218, 1.651000000000000245, -3.692290536535236534 ) ) ;
#963 = CARTESIAN_POINT ( 'NONE',  ( 8.635999999999999233, 1.651000000000000467, 4.317999999999999616 ) ) ;
#964 = VECTOR ( 'NONE', #811, 1000.000000000000000 ) ;
#965 = SURFACE_STYLE_USAGE ( .BOTH. , #450 ) ;
#966 = ORIENTED_EDGE ( 'NONE', *, *, #483, .F. ) ;
#967 = CARTESIAN_POINT ( 'NONE',  ( -1.525562400322575396, 1.651000000000000467, 4.039695635691718856 ) ) ;
#968 = ORIENTED_EDGE ( 'NONE', *, *, #524, .T. ) ;
#969 = DIRECTION ( 'NONE',  ( 0.000000000000000000, 1.000000000000000000, 0.000000000000000000 ) ) ;
#970 = EDGE_CURVE ( 'NONE', #1477, #1674, #1147, .T. ) ;
#971 = CARTESIAN_POINT ( 'NONE',  ( 2.660508780198469573E-14, 0.6350000000000001199, 2.540000000000000036 ) ) ;
#972 = CIRCLE ( 'NONE', #452, 0.2349500000000002697 ) ;
#973 = CARTESIAN_POINT ( 'NONE',  ( 2.114569060945996171, 1.651000000000000467, -3.765564152198822789 ) ) ;
#974 = CARTESIAN_POINT ( 'NONE',  ( 2.660508780198469573E-14, -12.06499999999999950, 2.774950000000000028 ) ) ;
#975 = PRODUCT_DEFINITION_CONTEXT ( 'detailed design', #261, 'design' ) ;
#976 = ORIENTED_EDGE ( 'NONE', *, *, #1644, .F. ) ;
#977 = CARTESIAN_POINT ( 'NONE',  ( 1.796051224213830233, -12.06499999999999950, -1.796051224213835118 ) ) ;
#978 = ORIENTED_EDGE ( 'NONE', *, *, #798, .T. ) ;
#979 = VECTOR ( 'NONE', #1667, 1000.000000000000000 ) ;
#980 = CARTESIAN_POINT ( 'NONE',  ( 0.000000000000000000, 0.6350000000000003419, 0.000000000000000000 ) ) ;
#981 = CIRCLE ( 'NONE', #904, 4.064000000000000057 ) ;
#982 = CARTESIAN_POINT ( 'NONE',  ( 0.000000000000000000, 5.080000000000000071, 0.000000000000000000 ) ) ;
#983 = DIRECTION ( 'NONE',  ( -0.000000000000000000, -1.000000000000000000, -0.000000000000000000 ) ) ;
#984 = DIRECTION ( 'NONE',  ( 0.000000000000000000, 0.000000000000000000, 1.000000000000000000 ) ) ;
#985 = CARTESIAN_POINT ( 'NONE',  ( -8.839589524115591294E-15, -12.06499999999999950, -2.774950000000000028 ) ) ;
#986 = PRESENTATION_STYLE_ASSIGNMENT (( #441 ) ) ;
#987 = EDGE_CURVE ( 'NONE', #1097, #349, #1085, .T. ) ;
#988 = AXIS2_PLACEMENT_3D ( 'NONE', #569, #477, #1003 ) ;
#989 = DIRECTION ( 'NONE',  ( -0.7071067811865460184, 0.000000000000000000, -0.7071067811865490160 ) ) ;
#990 = DIRECTION ( 'NONE',  ( 0.000000000000000000, 0.000000000000000000, -1.000000000000000000 ) ) ;
#991 = VECTOR ( 'NONE', #1354, 1000.000000000000000 ) ;
#992 = PLANE ( 'NONE',  #417 ) ;
#993 = CARTESIAN_POINT ( 'NONE',  ( 0.000000000000000000, 1.651000000000000245, -4.317999999999999616 ) ) ;
#994 = DIRECTION ( 'NONE',  ( 0.000000000000000000, 1.000000000000000000, 0.000000000000000000 ) ) ;
#995 = DIRECTION ( 'NONE',  ( 0.000000000000000000, -1.000000000000000000, 0.000000000000000000 ) ) ;
#996 = VERTEX_POINT ( 'NONE', #824 ) ;
#997 = CARTESIAN_POINT ( 'NONE',  ( -4.039687463764896513, 1.651000000000000023, -1.525583034979291819 ) ) ;
#998 = ADVANCED_FACE ( 'NONE', ( #682 ), #1602, .T. ) ;
#999 = SHAPE_DEFINITION_REPRESENTATION ( #528, #243 ) ;
#1000 = ORIENTED_EDGE ( 'NONE', *, *, #1321, .T. ) ;
#1001 = DIRECTION ( 'NONE',  ( 0.000000000000000000, 1.000000000000000000, 0.000000000000000000 ) ) ;
#1002 = CARTESIAN_POINT ( 'NONE',  ( 4.439344646909158981E-16, 1.905000000000000693, 3.625000000000003109 ) ) ;
#1003 = DIRECTION ( 'NONE',  ( 0.000000000000000000, 0.000000000000000000, 1.000000000000000000 ) ) ;
#1004 = CIRCLE ( 'NONE', #941, 0.2349500000000002697 ) ;
#1005 = DIRECTION ( 'NONE',  ( -0.000000000000000000, -1.000000000000000000, -0.000000000000000000 ) ) ;
#1006 = ORIENTED_EDGE ( 'NONE', *, *, #626, .F. ) ;
#1007 = FACE_OUTER_BOUND ( 'NONE', #32, .T. ) ;
#1008 = ORIENTED_EDGE ( 'NONE', *, *, #227, .T. ) ;
#1009 = ORIENTED_EDGE ( 'NONE', *, *, #1148, .T. ) ;
#1010 = EDGE_CURVE ( 'NONE', #89, #1269, #1363, .T. ) ;
#1011 = CYLINDRICAL_SURFACE ( 'NONE', #208, 0.2349500000000000477 ) ;
#1012 = MECHANICAL_DESIGN_GEOMETRIC_PRESENTATION_REPRESENTATION (  '', ( #99 ), #1063 ) ;
#1013 = AXIS2_PLACEMENT_3D ( 'NONE', #855, #995, #1143 ) ;
#1014 = PLANE ( 'NONE',  #1609 ) ;
#1015 = DIRECTION ( 'NONE',  ( 0.000000000000000000, 1.000000000000000000, 0.000000000000000000 ) ) ;
#1016 = FILL_AREA_STYLE ('',( #621 ) ) ;
#1017 = CARTESIAN_POINT ( 'NONE',  ( -4.028273984473749181, 1.651000000000000911, -1.555475610816706711 ) ) ;
#1018 = ORIENTED_EDGE ( 'NONE', *, *, #561, .T. ) ;
#1019 = VERTEX_POINT ( 'NONE', #294 ) ;
#1020 = CARTESIAN_POINT ( 'NONE',  ( -8.128000000000000114, 5.228789755157234431, -4.063999999999998280 ) ) ;
#1021 = CARTESIAN_POINT ( 'NONE',  ( 3.987599381955879707, 1.651000000000000245, -1.656984785363608603 ) ) ;
#1022 = EDGE_CURVE ( 'NONE', #1284, #776, #1534, .T. ) ;
#1023 = DIRECTION ( 'NONE',  ( 0.000000000000000000, -0.000000000000000000, -1.000000000000000000 ) ) ;
#1024 =( LENGTH_UNIT ( ) NAMED_UNIT ( * ) SI_UNIT ( .MILLI., .METRE. ) );
#1025 = CARTESIAN_POINT ( 'NONE',  ( -1.621352533125544060, 1.651000000000000911, -4.002193629153720345 ) ) ;
#1026 = EDGE_LOOP ( 'NONE', ( #1483, #1146 ) ) ;
#1027 = ORIENTED_EDGE ( 'NONE', *, *, #921, .T. ) ;
#1028 = PLANE ( 'NONE',  #1668 ) ;
#1029 = CARTESIAN_POINT ( 'NONE',  ( 1.796051224213854880, -12.06499999999999950, 1.796051224213810249 ) ) ;
#1030 = ADVANCED_FACE ( 'NONE', ( #1496 ), #342, .T. ) ;
#1031 =( LENGTH_UNIT ( ) NAMED_UNIT ( * ) SI_UNIT ( .MILLI., .METRE. ) );
#1032 = CARTESIAN_POINT ( 'NONE',  ( -1.796051224213840003, -12.06499999999999950, -1.561101224213820249 ) ) ;
#1033 = AXIS2_PLACEMENT_3D ( 'NONE', #587, #456, #1506 ) ;
#1034 = ORIENTED_EDGE ( 'NONE', *, *, #724, .T. ) ;
#1035 = VERTEX_POINT ( 'NONE', #597 ) ;
#1036 = EDGE_CURVE ( 'NONE', #583, #1212, #174, .T. ) ;
#1037 = CARTESIAN_POINT ( 'NONE',  ( 2.660508780198469573E-14, 0.6350000000000000089, 2.540000000000000036 ) ) ;
#1038 = CARTESIAN_POINT ( 'NONE',  ( 0.000000000000000000, 0.000000000000000000, 0.000000000000000000 ) ) ;
#1039 = AXIS2_PLACEMENT_3D ( 'NONE', #850, #1651, #725 ) ;
#1040 = CIRCLE ( 'NONE', #1334, 3.625000000000003109 ) ;
#1041 = DIRECTION ( 'NONE',  ( -0.000000000000000000, -1.000000000000000000, -0.000000000000000000 ) ) ;
#1042 = EDGE_LOOP ( 'NONE', ( #360, #1325, #134, #1358 ) ) ;
#1043 = VERTEX_POINT ( 'NONE', #606 ) ;
#1044 = ADVANCED_FACE ( 'NONE', ( #617 ), #1011, .T. ) ;
#1045 = CLOSED_SHELL ( 'NONE', ( #1679, #330, #1435, #1182 ) ) ;
#1046 = FACE_OUTER_BOUND ( 'NONE', #413, .T. ) ;
#1047 = CARTESIAN_POINT ( 'NONE',  ( 0.000000000000000000, 1.905000000000000693, 0.000000000000000000 ) ) ;
#1048 = AXIS2_PLACEMENT_3D ( 'NONE', #1062, #158, #796 ) ;
#1049 = FACE_OUTER_BOUND ( 'NONE', #21, .T. ) ;
#1050 = ORIENTED_EDGE ( 'NONE', *, *, #1563, .F. ) ;
#1051 = ADVANCED_FACE ( 'NONE', ( #444 ), #733, .T. ) ;
#1052 = CARTESIAN_POINT ( 'NONE',  ( -1.796051224213840003, -12.06499999999999950, -1.796051224213820241 ) ) ;
#1053 = CARTESIAN_POINT ( 'NONE',  ( 2.540000000000000036, -12.06499999999999950, 0.000000000000000000 ) ) ;
#1054 = LINE ( 'NONE', #1718, #510 ) ;
#1055 = ORIENTED_EDGE ( 'NONE', *, *, #1170, .T. ) ;
#1056 = VECTOR ( 'NONE', #1281, 1000.000000000000000 ) ;
#1057 =( BOUNDED_SURFACE ( )  B_SPLINE_SURFACE ( 3, 3, ( 
 ( #273, #951, #933, #1350 ),
 ( #138, #818, #38, #942 ),
 ( #302, #553, #546, #13 ),
 ( #1235, #289, #801, #675 ) ),
 .UNSPECIFIED., .F., .F., .F. ) 
 B_SPLINE_SURFACE_WITH_KNOTS ( ( 4, 4 ),
 ( 4, 4 ),
 ( 0.000000000000000000, 1.000000000000000000 ),
 ( 0.000000000000000000, 1.000000000000000000 ),
 .UNSPECIFIED. ) 
 GEOMETRIC_REPRESENTATION_ITEM ( )  RATIONAL_B_SPLINE_SURFACE ( (
 ( 1.000000000000000000, 0.3333333333333334259, 0.3333333333333334259, 1.000000000000000000),
 ( 0.8047378541243653816, 0.2682459513747885160, 0.2682459513747885160, 0.8047378541243653816),
 ( 0.8047378541243653816, 0.2682459513747885160, 0.2682459513747885160, 0.8047378541243653816),
 ( 1.000000000000000000, 0.3333333333333334259, 0.3333333333333334259, 1.000000000000000000) ) ) 
 REPRESENTATION_ITEM ( '' )  SURFACE ( )  );
#1058 = LINE ( 'NONE', #390, #319 ) ;
#1059 = AXIS2_PLACEMENT_3D ( 'NONE', #1431, #253, #781 ) ;
#1060 = DIRECTION ( 'NONE',  ( 0.000000000000000000, 0.000000000000000000, 1.000000000000000000 ) ) ;
#1061 = DIRECTION ( 'NONE',  ( 0.000000000000000000, -0.000000000000000000, -1.000000000000000000 ) ) ;
#1062 = CARTESIAN_POINT ( 'NONE',  ( 2.660508780198469573E-14, -12.06499999999999950, 2.540000000000000036 ) ) ;
#1063 =( GEOMETRIC_REPRESENTATION_CONTEXT ( 3 ) GLOBAL_UNCERTAINTY_ASSIGNED_CONTEXT ( ( #163 ) ) GLOBAL_UNIT_ASSIGNED_CONTEXT ( ( #231, #1214, #295 ) ) REPRESENTATION_CONTEXT ( 'NONE', 'WORKASPACE' ) );
#1064 = VECTOR ( 'NONE', #187, 1000.000000000000000 ) ;
#1065 = DIRECTION ( 'NONE',  ( 0.000000000000000000, -0.000000000000000000, -1.000000000000000000 ) ) ;
#1066 = EDGE_LOOP ( 'NONE', ( #814, #1009, #168, #898 ) ) ;
#1067 = CARTESIAN_POINT ( 'NONE',  ( 1.796051224213830233, -12.06499999999999950, -1.796051224213835118 ) ) ;
#1068 = CARTESIAN_POINT ( 'NONE',  ( 5.105809981319046269E-16, 1.651000000000000689, 4.169210244842766144 ) ) ;
#1069 = EDGE_CURVE ( 'NONE', #1463, #98, #584, .T. ) ;
#1070 = LINE ( 'NONE', #726, #371 ) ;
#1071 = DIRECTION ( 'NONE',  ( 0.000000000000000000, 1.000000000000000000, 0.000000000000000000 ) ) ;
#1072 = DIRECTION ( 'NONE',  ( 0.000000000000000000, -1.000000000000000000, 0.000000000000000000 ) ) ;
#1073 = EDGE_LOOP ( 'NONE', ( #55, #481, #1474, #1612 ) ) ;
#1074 = DIRECTION ( 'NONE',  ( 0.000000000000000000, -1.000000000000000000, 0.000000000000000000 ) ) ;
#1075 = CARTESIAN_POINT ( 'NONE',  ( -8.127999999999998337, 1.905000000000000471, 4.064000000000000057 ) ) ;
#1076 = AXIS2_PLACEMENT_3D ( 'NONE', #1604, #1226, #1215 ) ;
#1077 = CARTESIAN_POINT ( 'NONE',  ( 1.796051224213854880, -12.06499999999999950, 1.561101224213810035 ) ) ;
#1078 = CARTESIAN_POINT ( 'NONE',  ( 0.000000000000000000, 1.905000000000000693, 0.000000000000000000 ) ) ;
#1079 =( NAMED_UNIT ( * ) SI_UNIT ( $, .STERADIAN. ) SOLID_ANGLE_UNIT ( ) );
#1080 = ORIENTED_EDGE ( 'NONE', *, *, #640, .F. ) ;
#1081 = AXIS2_PLACEMENT_3D ( 'NONE', #191, #310, #292 ) ;
#1082 = CARTESIAN_POINT ( 'NONE',  ( 6.642261879184577199E-16, 1.651000000000000245, 4.317999999999999616 ) ) ;
#1083 = VECTOR ( 'NONE', #909, 1000.000000000000000 ) ;
#1084 = VERTEX_POINT ( 'NONE', #324 ) ;
#1085 = LINE ( 'NONE', #1095, #839 ) ;
#1086 = UNCERTAINTY_MEASURE_WITH_UNIT (LENGTH_MEASURE( 1.000000000000000082E-05 ), #1440, 'distance_accuracy_value', 'NONE');
#1087 = DIRECTION ( 'NONE',  ( 0.000000000000000000, 1.000000000000000000, 0.000000000000000000 ) ) ;
#1088 = CARTESIAN_POINT ( 'NONE',  ( 0.000000000000000000, 0.000000000000000000, 0.000000000000000000 ) ) ;
#1089 = CARTESIAN_POINT ( 'NONE',  ( -2.540000000000000036, 0.6350000000000001199, -0.2349499999999999922 ) ) ;
#1090 = SURFACE_STYLE_FILL_AREA ( #284 ) ;
#1091 = VERTEX_POINT ( 'NONE', #56 ) ;
#1092 = CARTESIAN_POINT ( 'NONE',  ( -3.443733634515112385, 1.651000000000000467, 2.606114915643925389 ) ) ;
#1093 = EDGE_CURVE ( 'NONE', #182, #680, #764, .T. ) ;
#1094 = EDGE_LOOP ( 'NONE', ( #1303, #573, #1135, #249 ) ) ;
#1095 = CARTESIAN_POINT ( 'NONE',  ( -3.539426363734363701, 1.651000000000000245, -4.096202243240670171 ) ) ;
#1096 = CARTESIAN_POINT ( 'NONE',  ( 5.105809981319046269E-16, 1.651000000000000689, 4.169210244842766144 ) ) ;
#1097 = VERTEX_POINT ( 'NONE', #1385 ) ;
#1098 = CLOSED_SHELL ( 'NONE', ( #15, #713, #1217, #565 ) ) ;
#1099 = FACE_OUTER_BOUND ( 'NONE', #627, .T. ) ;
#1100 =( GEOMETRIC_REPRESENTATION_CONTEXT ( 3 ) GLOBAL_UNCERTAINTY_ASSIGNED_CONTEXT ( ( #1086 ) ) GLOBAL_UNIT_ASSIGNED_CONTEXT ( ( #1440, #1708, #1562 ) ) REPRESENTATION_CONTEXT ( 'NONE', 'WORKASPACE' ) );
#1101 = ADVANCED_FACE ( 'NONE', ( #203 ), #1505, .F. ) ;
#1102 = EDGE_LOOP ( 'NONE', ( #367, #492, #1546, #1400 ) ) ;
#1103 = DIRECTION ( 'NONE',  ( 0.000000000000000000, -0.000000000000000000, -1.000000000000000000 ) ) ;
#1104 = CARTESIAN_POINT ( 'NONE',  ( 1.923811716294751450, 1.651000000000000245, -3.870604272264693169 ) ) ;
#1105 = CARTESIAN_POINT ( 'NONE',  ( 0.000000000000000000, 1.651000000000000689, -4.169210244842766144 ) ) ;
#1106 = VECTOR ( 'NONE', #835, 1000.000000000000000 ) ;
#1107 = ORIENTED_EDGE ( 'NONE', *, *, #1702, .F. ) ;
#1108 = CARTESIAN_POINT ( 'NONE',  ( -3.959140192553499915, 1.651000000000000245, 1.723916561599880382 ) ) ;
#1109 = VECTOR ( 'NONE', #1409, 1000.000000000000000 ) ;
#1110 = ORIENTED_EDGE ( 'NONE', *, *, #1376, .T. ) ;
#1111 = DIRECTION ( 'NONE',  ( 0.000000000000000000, 0.000000000000000000, 1.000000000000000000 ) ) ;
#1112 = AXIS2_PLACEMENT_3D ( 'NONE', #1204, #1568, #381 ) ;
#1113 = DIRECTION ( 'NONE',  ( 0.000000000000000000, -1.000000000000000000, 0.000000000000000000 ) ) ;
#1114 = CIRCLE ( 'NONE', #373, 0.2349499999999999922 ) ;
#1115 = CYLINDRICAL_SURFACE ( 'NONE', #759, 0.2349499999999998257 ) ;
#1116 = DIRECTION ( 'NONE',  ( 0.000000000000000000, 0.000000000000000000, 1.000000000000000000 ) ) ;
#1117 = EDGE_LOOP ( 'NONE', ( #937, #1608 ) ) ;
#1118 = DIRECTION ( 'NONE',  ( -0.000000000000000000, -1.000000000000000000, -0.000000000000000000 ) ) ;
#1119 = ORIENTED_EDGE ( 'NONE', *, *, #1069, .T. ) ;
#1120 = DIRECTION ( 'NONE',  ( 0.000000000000000000, 0.000000000000000000, 1.000000000000000000 ) ) ;
#1121 = CARTESIAN_POINT ( 'NONE',  ( 1.796051224213830233, -12.06499999999999950, -1.561101224213835126 ) ) ;
#1122 = PLANE ( 'NONE',  #1494 ) ;
#1123 = CARTESIAN_POINT ( 'NONE',  ( -2.540000000000000036, 0.6350000000000001199, 0.000000000000000000 ) ) ;
#1124 = EDGE_CURVE ( 'NONE', #129, #749, #487, .T. ) ;
#1125 = CARTESIAN_POINT ( 'NONE',  ( 0.000000000000000000, 5.334000000000000519, -3.810000000000000053 ) ) ;
#1126 = CARTESIAN_POINT ( 'NONE',  ( -1.723916561599452058, 1.651000000000000023, -3.959140192553761928 ) ) ;
#1127 = EDGE_LOOP ( 'NONE', ( #210, #1119, #64, #421 ) ) ;
#1128 = EDGE_CURVE ( 'NONE', #285, #1097, #859, .T. ) ;
#1129 =( LENGTH_UNIT ( ) NAMED_UNIT ( * ) SI_UNIT ( .MILLI., .METRE. ) );
#1130 = CIRCLE ( 'NONE', #774, 3.625000000000003109 ) ;
#1131 = DIRECTION ( 'NONE',  ( -0.000000000000000000, 1.000000000000000000, 0.000000000000000000 ) ) ;
#1132 = CARTESIAN_POINT ( 'NONE',  ( 1.656984785363711854, 1.651000000000000245, 3.987599381955846845 ) ) ;
#1133 = CARTESIAN_POINT ( 'NONE',  ( 0.000000000000000000, 1.756210244842766555, -4.064000000000000057 ) ) ;
#1134 = DIRECTION ( 'NONE',  ( -0.000000000000000000, 1.000000000000000000, -0.000000000000000000 ) ) ;
#1135 = ORIENTED_EDGE ( 'NONE', *, *, #541, .T. ) ;
#1136 = EDGE_CURVE ( 'NONE', #1674, #596, #632, .T. ) ;
#1137 = ORIENTED_EDGE ( 'NONE', *, *, #1364, .T. ) ;
#1138 = DIRECTION ( 'NONE',  ( 0.000000000000000000, 1.000000000000000000, 0.000000000000000000 ) ) ;
#1139 = LINE ( 'NONE', #1660, #623 ) ;
#1140 = CARTESIAN_POINT ( 'NONE',  ( 2.486272144268400375, 1.651000000000000245, 3.531195607228565514 ) ) ;
#1141 = CIRCLE ( 'NONE', #169, 4.064000000000000057 ) ;
#1142 = MANIFOLD_SOLID_BREP ( 'Imported4', #1098 ) ;
#1143 = DIRECTION ( 'NONE',  ( 0.000000000000000000, -0.000000000000000000, -1.000000000000000000 ) ) ;
#1144 = ORIENTED_EDGE ( 'NONE', *, *, #1124, .T. ) ;
#1145 = ORIENTED_EDGE ( 'NONE', *, *, #798, .F. ) ;
#1146 = ORIENTED_EDGE ( 'NONE', *, *, #1340, .F. ) ;
#1147 = CIRCLE ( 'NONE', #312, 4.476750000000000007 ) ;
#1148 = EDGE_CURVE ( 'NONE', #1477, #1284, #192, .T. ) ;
#1149 = CARTESIAN_POINT ( 'NONE',  ( 1.796051224213830233, -12.06499999999999950, -1.796051224213835118 ) ) ;
#1150 = AXIS2_PLACEMENT_3D ( 'NONE', #1643, #352, #716 ) ;
#1151 = DIRECTION ( 'NONE',  ( 0.000000000000000000, 0.000000000000000000, -1.000000000000000000 ) ) ;
#1152 = CARTESIAN_POINT ( 'NONE',  ( 4.169526719131095405, 1.651000000000000467, 1.138727181771857389 ) ) ;
#1153 = MANIFOLD_SOLID_BREP ( 'Imported3', #1267 ) ;
#1154 = DIRECTION ( 'NONE',  ( 0.000000000000000000, 0.000000000000000000, -1.000000000000000000 ) ) ;
#1155 = CARTESIAN_POINT ( 'NONE',  ( -3.431663290281534717, 1.651000000000000245, -2.874887410775265106 ) ) ;
#1156 = ORIENTED_EDGE ( 'NONE', *, *, #1656, .T. ) ;
#1157 = ORIENTED_EDGE ( 'NONE', *, *, #1476, .T. ) ;
#1158 = EDGE_CURVE ( 'NONE', #1578, #1556, #1443, .T. ) ;
#1159 = DIRECTION ( 'NONE',  ( 0.000000000000000000, 1.000000000000000000, 0.000000000000000000 ) ) ;
#1160 = DIRECTION ( 'NONE',  ( 0.000000000000000000, 1.000000000000000000, 0.000000000000000000 ) ) ;
#1161 = MANIFOLD_SOLID_BREP ( 'Body-Move/Copy2[1]', #662 ) ;
#1162 = SURFACE_SIDE_STYLE ('',( #1323 ) ) ;
#1163 = PRESENTATION_STYLE_ASSIGNMENT (( #1571 ) ) ;
#1164 = CARTESIAN_POINT ( 'NONE',  ( -3.870604272266158219, 1.651000000000000245, -1.923811716292007645 ) ) ;
#1165 = EDGE_LOOP ( 'NONE', ( #605, #689 ) ) ;
#1166 = ORIENTED_EDGE ( 'NONE', *, *, #664, .F. ) ;
#1167 = DIRECTION ( 'NONE',  ( -0.000000000000000000, -1.000000000000000000, -0.000000000000000000 ) ) ;
#1168 = DIRECTION ( 'NONE',  ( 0.000000000000000000, 0.000000000000000000, 1.000000000000000000 ) ) ;
#1169 = PRESENTATION_LAYER_ASSIGNMENT (  '', '', ( #200 ) ) ;
#1170 = EDGE_CURVE ( 'NONE', #1556, #1578, #265, .T. ) ;
#1171 = CARTESIAN_POINT ( 'NONE',  ( 2.660508780198469573E-14, -12.06499999999999950, 2.774950000000000028 ) ) ;
#1172 = AXIS2_PLACEMENT_3D ( 'NONE', #1330, #1087, #1060 ) ;
#1173 = ORIENTED_EDGE ( 'NONE', *, *, #499, .F. ) ;
#1174 = ORIENTED_EDGE ( 'NONE', *, *, #649, .T. ) ;
#1175 = DIRECTION ( 'NONE',  ( 0.000000000000000000, 1.000000000000000000, 0.000000000000000000 ) ) ;
#1176 = PRESENTATION_LAYER_ASSIGNMENT (  '', '', ( #99 ) ) ;
#1177 = AXIS2_PLACEMENT_3D ( 'NONE', #1654, #579, #1247 ) ;
#1178 = CARTESIAN_POINT ( 'NONE',  ( 1.796051224213854880, -12.06499999999999950, 1.561101224213810035 ) ) ;
#1179 = EDGE_CURVE ( 'NONE', #596, #349, #1197, .T. ) ;
#1180 = CARTESIAN_POINT ( 'NONE',  ( 2.540000000000000036, -12.06499999999999950, 0.000000000000000000 ) ) ;
#1181 = EDGE_LOOP ( 'NONE', ( #91, #379, #162, #308 ) ) ;
#1182 = ADVANCED_FACE ( 'NONE', ( #1450 ), #1458, .T. ) ;
#1183 = CLOSED_SHELL ( 'NONE', ( #1537, #147, #412, #505 ) ) ;
#1184 = DIRECTION ( 'NONE',  ( 0.000000000000000000, 1.000000000000000000, 0.000000000000000000 ) ) ;
#1185 = AXIS2_PLACEMENT_3D ( 'NONE', #1627, #1238, #69 ) ;
#1186 = ORIENTED_EDGE ( 'NONE', *, *, #882, .T. ) ;
#1187 = ADVANCED_FACE ( 'NONE', ( #1236 ), #542, .T. ) ;
#1188 = LINE ( 'NONE', #1291, #926 ) ;
#1189 = DIRECTION ( 'NONE',  ( 0.000000000000000000, 0.000000000000000000, 1.000000000000000000 ) ) ;
#1190 = DIRECTION ( 'NONE',  ( 0.000000000000000000, -0.000000000000000000, -1.000000000000000000 ) ) ;
#1191 = PRESENTATION_LAYER_ASSIGNMENT (  '', '', ( #936 ) ) ;
#1192 = ORIENTED_EDGE ( 'NONE', *, *, #1036, .F. ) ;
#1193 = AXIS2_PLACEMENT_3D ( 'NONE', #952, #1480, #409 ) ;
#1194 = VECTOR ( 'NONE', #131, 1000.000000000000000 ) ;
#1195 = CARTESIAN_POINT ( 'NONE',  ( -8.127999999999998337, 5.228789755157234431, 4.064000000000000945 ) ) ;
#1196 = EDGE_CURVE ( 'NONE', #1269, #89, #449, .T. ) ;
#1197 = LINE ( 'NONE', #943, #258 ) ;
#1198 = CARTESIAN_POINT ( 'NONE',  ( 0.000000000000000000, 1.651000000000000245, -4.317999999999999616 ) ) ;
#1199 = DIRECTION ( 'NONE',  ( 0.000000000000000000, -1.000000000000000000, 0.000000000000000000 ) ) ;
#1200 = STYLED_ITEM ( 'NONE', ( #1262 ), #1142 ) ;
#1201 = SURFACE_STYLE_FILL_AREA ( #144 ) ;
#1202 = ORIENTED_EDGE ( 'NONE', *, *, #1331, .T. ) ;
#1203 = CIRCLE ( 'NONE', #1421, 3.625000000000003109 ) ;
#1204 = CARTESIAN_POINT ( 'NONE',  ( 0.000000000000000000, 5.334000000000000519, 0.000000000000000000 ) ) ;
#1205 = ADVANCED_FACE ( 'NONE', ( #16 ), #1587, .F. ) ;
#1206 = COLOUR_RGB ( '',0.7921568627450980005, 0.8196078431372548767, 0.9333333333333333481 ) ;
#1207 = CARTESIAN_POINT ( 'NONE',  ( 1.796051224213854880, -12.06499999999999950, 2.031001224213810463 ) ) ;
#1208 = LINE ( 'NONE', #141, #964 ) ;
#1209 = CARTESIAN_POINT ( 'NONE',  ( 0.000000000000000000, 1.905000000000000693, -4.064000000000000057 ) ) ;
#1210 = ORIENTED_EDGE ( 'NONE', *, *, #1563, .T. ) ;
#1211 = FACE_OUTER_BOUND ( 'NONE', #1181, .T. ) ;
#1212 = VERTEX_POINT ( 'NONE', #827 ) ;
#1213 = DIRECTION ( 'NONE',  ( 0.000000000000000000, 0.000000000000000000, 1.000000000000000000 ) ) ;
#1214 =( NAMED_UNIT ( * ) PLANE_ANGLE_UNIT ( ) SI_UNIT ( $, .RADIAN. ) );
#1215 = DIRECTION ( 'NONE',  ( 0.000000000000000000, -0.000000000000000000, -1.000000000000000000 ) ) ;
#1216 = DIRECTION ( 'NONE',  ( 0.000000000000000000, -1.000000000000000000, 0.000000000000000000 ) ) ;
#1217 = ADVANCED_FACE ( 'NONE', ( #1352 ), #164, .F. ) ;
#1218 = ORIENTED_EDGE ( 'NONE', *, *, #664, .T. ) ;
#1219 = CIRCLE ( 'NONE', #1412, 0.2540000000000003366 ) ;
#1220 = DIRECTION ( 'NONE',  ( 0.000000000000000000, 1.000000000000000000, 0.000000000000000000 ) ) ;
#1221 = AXIS2_PLACEMENT_3D ( 'NONE', #314, #735, #1272 ) ;
#1222 = ORIENTED_EDGE ( 'NONE', *, *, #896, .T. ) ;
#1223 = CARTESIAN_POINT ( 'NONE',  ( 0.000000000000000000, 1.905000000000000693, -3.625000000000003109 ) ) ;
#1224 = UNCERTAINTY_MEASURE_WITH_UNIT (LENGTH_MEASURE( 1.000000000000000082E-05 ), #438, 'distance_accuracy_value', 'NONE');
#1225 = DIRECTION ( 'NONE',  ( 0.000000000000000000, -1.000000000000000000, 0.000000000000000000 ) ) ;
#1226 = DIRECTION ( 'NONE',  ( 0.000000000000000000, -1.000000000000000000, 0.000000000000000000 ) ) ;
#1227 = CYLINDRICAL_SURFACE ( 'NONE', #1177, 0.2349500000000002697 ) ;
#1228 = SURFACE_STYLE_USAGE ( .BOTH. , #29 ) ;
#1229 = VERTEX_POINT ( 'NONE', #1207 ) ;
#1230 = EDGE_CURVE ( 'NONE', #900, #915, #654, .T. ) ;
#1231 = AXIS2_PLACEMENT_3D ( 'NONE', #677, #927, #49 ) ;
#1232 = AXIS2_PLACEMENT_3D ( 'NONE', #468, #994, #334 ) ;
#1233 = CARTESIAN_POINT ( 'NONE',  ( 4.976964591734843260E-16, 0.6350000000000003419, -4.064000000000000057 ) ) ;
#1234 = ORIENTED_EDGE ( 'NONE', *, *, #1500, .T. ) ;
#1235 = CARTESIAN_POINT ( 'NONE',  ( 0.000000000000000000, 5.334000000000000519, -3.810000000000000053 ) ) ;
#1236 = FACE_OUTER_BOUND ( 'NONE', #1066, .T. ) ;
#1237 = CARTESIAN_POINT ( 'NONE',  ( 2.300405841317179512, 1.651000000000000467, -3.654983392319766988 ) ) ;
#1238 = DIRECTION ( 'NONE',  ( -0.000000000000000000, -1.000000000000000000, -0.000000000000000000 ) ) ;
#1239 = FILL_AREA_STYLE_COLOUR ( '', #1438 ) ;
#1240 = EDGE_LOOP ( 'NONE', ( #1107, #747, #968, #804 ) ) ;
#1241 = CARTESIAN_POINT ( 'NONE',  ( -3.308029712945234735, 1.651000000000000911, 2.782301414931376726 ) ) ;
#1242 = EDGE_CURVE ( 'NONE', #954, #1369, #1070, .T. ) ;
#1243 = VERTEX_POINT ( 'NONE', #485 ) ;
#1244 = CARTESIAN_POINT ( 'NONE',  ( -4.096202243240655072, 3.378200000000000980, -3.539426363734379688 ) ) ;
#1245 = CARTESIAN_POINT ( 'NONE',  ( 2.660508780198469573E-14, 0.6350000000000001199, 2.540000000000000036 ) ) ;
#1246 = DIRECTION ( 'NONE',  ( 0.000000000000000000, 0.000000000000000000, 1.000000000000000000 ) ) ;
#1247 = DIRECTION ( 'NONE',  ( 0.000000000000000000, 0.000000000000000000, 1.000000000000000000 ) ) ;
#1248 =( NAMED_UNIT ( * ) PLANE_ANGLE_UNIT ( ) SI_UNIT ( $, .RADIAN. ) );
#1249 = ORIENTED_EDGE ( 'NONE', *, *, #970, .F. ) ;
#1250 = CARTESIAN_POINT ( 'NONE',  ( -3.158792903876022962, 1.651000000000000245, 2.947754940891325504 ) ) ;
#1251 = FILL_AREA_STYLE ('',( #464 ) ) ;
#1252 = CIRCLE ( 'NONE', #512, 3.625000000000003109 ) ;
#1253 = ADVANCED_FACE ( 'NONE', ( #576 ), #86, .T. ) ;
#1254 = DIRECTION ( 'NONE',  ( 0.000000000000000000, 0.000000000000000000, -1.000000000000000000 ) ) ;
#1255 = CARTESIAN_POINT ( 'NONE',  ( 4.039687463764899178, 1.651000000000000245, 1.525583034979432151 ) ) ;
#1256 = CARTESIAN_POINT ( 'NONE',  ( 0.000000000000000000, 1.651000000000000467, -4.317999999999999616 ) ) ;
#1257 = DIRECTION ( 'NONE',  ( 0.000000000000000000, -1.000000000000000000, 0.000000000000000000 ) ) ;
#1258 =( NAMED_UNIT ( * ) PLANE_ANGLE_UNIT ( ) SI_UNIT ( $, .RADIAN. ) );
#1259 = CARTESIAN_POINT ( 'NONE',  ( -2.947754940891436970, 1.651000000000000023, -3.158792903875970559 ) ) ;
#1260 = EDGE_LOOP ( 'NONE', ( #1006, #659, #832, #821 ) ) ;
#1261 = AXIS2_PLACEMENT_3D ( 'NONE', #610, #365, #1292 ) ;
#1262 = PRESENTATION_STYLE_ASSIGNMENT (( #331 ) ) ;
#1263 = DIRECTION ( 'NONE',  ( -0.000000000000000000, -1.000000000000000000, -0.000000000000000000 ) ) ;
#1264 = CARTESIAN_POINT ( 'NONE',  ( 0.000000000000000000, 1.905000000000000693, 0.000000000000000000 ) ) ;
#1265 = FACE_OUTER_BOUND ( 'NONE', #1599, .T. ) ;
#1266 = LINE ( 'NONE', #866, #1428 ) ;
#1267 = CLOSED_SHELL ( 'NONE', ( #1689, #998, #1429, #639 ) ) ;
#1268 = APPLICATION_PROTOCOL_DEFINITION ( 'draft international standard', 'automotive_design', 1998, #261 ) ;
#1269 = VERTEX_POINT ( 'NONE', #1633 ) ;
#1270 = SURFACE_SIDE_STYLE ('',( #1514 ) ) ;
#1271 = AXIS2_PLACEMENT_3D ( 'NONE', #142, #1447, #1318 ) ;
#1272 = DIRECTION ( 'NONE',  ( 0.000000000000000000, 0.000000000000000000, 1.000000000000000000 ) ) ;
#1273 = CARTESIAN_POINT ( 'NONE',  ( 1.723916561597961694, 1.651000000000000467, 3.959140192554706505 ) ) ;
#1274 = CARTESIAN_POINT ( 'NONE',  ( 0.000000000000000000, 1.651000000000000245, 0.000000000000000000 ) ) ;
#1275 = VERTEX_POINT ( 'NONE', #332 ) ;
#1276 = ADVANCED_FACE ( 'NONE', ( #1645 ), #1014, .T. ) ;
#1277 = CARTESIAN_POINT ( 'NONE',  ( 0.000000000000000000, 1.651000000000000245, -4.317999999999999616 ) ) ;
#1278 = VERTEX_POINT ( 'NONE', #1652 ) ;
#1279 = ORIENTED_EDGE ( 'NONE', *, *, #1397, .F. ) ;
#1280 = PLANE ( 'NONE',  #1414 ) ;
#1281 = DIRECTION ( 'NONE',  ( 0.000000000000000000, 1.000000000000000000, 0.000000000000000000 ) ) ;
#1282 = AXIS2_PLACEMENT_3D ( 'NONE', #1088, #439, #419 ) ;
#1283 = CARTESIAN_POINT ( 'NONE',  ( 4.976964591734843260E-16, 1.905000000000000693, -4.064000000000000057 ) ) ;
#1284 = VERTEX_POINT ( 'NONE', #466 ) ;
#1285 = ADVANCED_FACE ( 'NONE', ( #205, #1394 ), #992, .F. ) ;
#1286 = EDGE_LOOP ( 'NONE', ( #1495, #425 ) ) ;
#1287 = DIRECTION ( 'NONE',  ( 0.000000000000000000, 1.000000000000000000, 0.000000000000000000 ) ) ;
#1288 = COLOUR_RGB ( '',0.7921568627450980005, 0.8196078431372548767, 0.9333333333333333481 ) ;
#1289 = AXIS2_PLACEMENT_3D ( 'NONE', #1499, #317, #737 ) ;
#1290 = DIRECTION ( 'NONE',  ( 0.000000000000000000, -0.000000000000000000, -1.000000000000000000 ) ) ;
#1291 = CARTESIAN_POINT ( 'NONE',  ( -3.539426363734364145, 0.6350000000000005640, -4.096202243240670171 ) ) ;
#1292 = DIRECTION ( 'NONE',  ( 0.000000000000000000, 0.000000000000000000, 1.000000000000000000 ) ) ;
#1293 = CARTESIAN_POINT ( 'NONE',  ( -8.868362600661559985E-15, -12.06499999999999950, -2.540000000000000036 ) ) ;
#1294 = ORIENTED_EDGE ( 'NONE', *, *, #640, .T. ) ;
#1295 = ORIENTED_EDGE ( 'NONE', *, *, #403, .F. ) ;
#1296 = EDGE_CURVE ( 'NONE', #915, #900, #1141, .T. ) ;
#1297 = DIRECTION ( 'NONE',  ( 0.000000000000000000, -1.000000000000000000, 0.000000000000000000 ) ) ;
#1298 = CYLINDRICAL_SURFACE ( 'NONE', #629, 1.714500000000000135 ) ;
#1299 = AXIS2_PLACEMENT_3D ( 'NONE', #829, #1451, #953 ) ;
#1300 = DIRECTION ( 'NONE',  ( 0.000000000000000000, 0.000000000000000000, 1.000000000000000000 ) ) ;
#1301 = CYLINDRICAL_SURFACE ( 'NONE', #861, 0.2349499999999998257 ) ;
#1302 = ORIENTED_EDGE ( 'NONE', *, *, #756, .F. ) ;
#1303 = ORIENTED_EDGE ( 'NONE', *, *, #817, .T. ) ;
#1304 = LINE ( 'NONE', #655, #534 ) ;
#1305 = ADVANCED_FACE ( 'NONE', ( #475 ), #1280, .T. ) ;
#1306 = AXIS2_PLACEMENT_3D ( 'NONE', #1591, #1493, #1475 ) ;
#1307 = ORIENTED_EDGE ( 'NONE', *, *, #70, .F. ) ;
#1308 = EDGE_CURVE ( 'NONE', #387, #1035, #1386, .T. ) ;
#1309 = FACE_OUTER_BOUND ( 'NONE', #1240, .T. ) ;
#1310 = MECHANICAL_DESIGN_GEOMETRIC_PRESENTATION_REPRESENTATION (  '', ( #924 ), #634 ) ;
#1311 = EDGE_CURVE ( 'NONE', #1426, #1278, #1252, .T. ) ;
#1312 =( NAMED_UNIT ( * ) SI_UNIT ( $, .STERADIAN. ) SOLID_ANGLE_UNIT ( ) );
#1313 = DIRECTION ( 'NONE',  ( 0.000000000000000000, 1.000000000000000000, 0.000000000000000000 ) ) ;
#1314 = DIRECTION ( 'NONE',  ( 0.000000000000000000, 1.000000000000000000, 0.000000000000000000 ) ) ;
#1315 = EDGE_LOOP ( 'NONE', ( #378, #60 ) ) ;
#1316 = DIRECTION ( 'NONE',  ( 0.000000000000000000, 0.000000000000000000, 1.000000000000000000 ) ) ;
#1317 = PRESENTATION_STYLE_ASSIGNMENT (( #132 ) ) ;
#1318 = DIRECTION ( 'NONE',  ( 0.000000000000000000, 0.000000000000000000, 1.000000000000000000 ) ) ;
#1319 = CARTESIAN_POINT ( 'NONE',  ( 2.099656937138137170E-16, 0.000000000000000000, -1.714500000000000135 ) ) ;
#1320 = ORIENTED_EDGE ( 'NONE', *, *, #541, .F. ) ;
#1321 = EDGE_CURVE ( 'NONE', #11, #1544, #1357, .T. ) ;
#1322 = CARTESIAN_POINT ( 'NONE',  ( -4.096202243240655072, 0.6350000000000005640, -3.539426363734379688 ) ) ;
#1323 = SURFACE_STYLE_FILL_AREA ( #1715 ) ;
#1324 = FACE_OUTER_BOUND ( 'NONE', #560, .T. ) ;
#1325 = ORIENTED_EDGE ( 'NONE', *, *, #80, .F. ) ;
#1326 = CIRCLE ( 'NONE', #62, 0.2349499999999998257 ) ;
#1327 = EDGE_CURVE ( 'NONE', #1578, #1275, #185, .T. ) ;
#1328 = CARTESIAN_POINT ( 'NONE',  ( -9.953929183469686521E-16, 5.080000000000000071, -4.064000000000000057 ) ) ;
#1329 = DIRECTION ( 'NONE',  ( 0.000000000000000000, 1.000000000000000000, 0.000000000000000000 ) ) ;
#1330 = CARTESIAN_POINT ( 'NONE',  ( 0.000000000000000000, 0.6350000000000003419, 0.000000000000000000 ) ) ;
#1331 = EDGE_CURVE ( 'NONE', #1035, #387, #1326, .T. ) ;
#1332 = DIRECTION ( 'NONE',  ( 0.000000000000000000, -0.000000000000000000, -1.000000000000000000 ) ) ;
#1333 = CARTESIAN_POINT ( 'NONE',  ( -2.540000000000000036, -12.06499999999999950, 0.000000000000000000 ) ) ;
#1334 = AXIS2_PLACEMENT_3D ( 'NONE', #81, #1134, #1663 ) ;
#1335 = FILL_AREA_STYLE ('',( #813 ) ) ;
#1336 = VERTEX_POINT ( 'NONE', #852 ) ;
#1337 = CARTESIAN_POINT ( 'NONE',  ( -4.318067484298901526, 1.651000000000000467, 0.5494358813219182291 ) ) ;
#1338 = ADVANCED_FACE ( 'NONE', ( #1497 ), #57, .T. ) ;
#1339 = DIRECTION ( 'NONE',  ( 0.000000000000000000, 0.000000000000000000, 1.000000000000000000 ) ) ;
#1340 = EDGE_CURVE ( 'NONE', #1336, #1019, #112, .T. ) ;
#1341 = CLOSED_SHELL ( 'NONE', ( #848, #1573, #1205, #1453 ) ) ;
#1342 = SURFACE_SIDE_STYLE ('',( #305 ) ) ;
#1343 = PLANE ( 'NONE',  #667 ) ;
#1344 = CARTESIAN_POINT ( 'NONE',  ( -8.839589524115591294E-15, -12.06499999999999950, -2.774950000000000028 ) ) ;
#1345 =( NAMED_UNIT ( * ) SI_UNIT ( $, .STERADIAN. ) SOLID_ANGLE_UNIT ( ) );
#1346 = EDGE_LOOP ( 'NONE', ( #451, #221, #785, #264, #1249, #686 ) ) ;
#1347 = AXIS2_PLACEMENT_3D ( 'NONE', #1047, #1041, #791 ) ;
#1348 = DIRECTION ( 'NONE',  ( 0.000000000000000000, 0.000000000000000000, 1.000000000000000000 ) ) ;
#1349 = ORIENTED_EDGE ( 'NONE', *, *, #817, .F. ) ;
#1350 = CARTESIAN_POINT ( 'NONE',  ( 4.976964591734843260E-16, 5.080000000000000071, 4.064000000000000057 ) ) ;
#1351 = EDGE_CURVE ( 'NONE', #1556, #152, #872, .T. ) ;
#1352 = FACE_OUTER_BOUND ( 'NONE', #740, .T. ) ;
#1353 = CARTESIAN_POINT ( 'NONE',  ( 0.000000000000000000, 1.905000000000000693, 0.000000000000000000 ) ) ;
#1354 = DIRECTION ( 'NONE',  ( 0.000000000000000000, 1.000000000000000000, 0.000000000000000000 ) ) ;
#1355 = ORIENTED_EDGE ( 'NONE', *, *, #1158, .T. ) ;
#1356 = LINE ( 'NONE', #1233, #416 ) ;
#1357 = CIRCLE ( 'NONE', #1221, 0.2349499999999998257 ) ;
#1358 = ORIENTED_EDGE ( 'NONE', *, *, #1069, .F. ) ;
#1359 = CARTESIAN_POINT ( 'NONE',  ( 5.288024878718271026E-16, 1.651000000000000467, 4.317999999999999616 ) ) ;
#1360 = SURFACE_STYLE_USAGE ( .BOTH. , #1342 ) ;
#1361 = FACE_OUTER_BOUND ( 'NONE', #1165, .T. ) ;
#1362 = PLANE ( 'NONE',  #1577 ) ;
#1363 = CIRCLE ( 'NONE', #923, 0.2349500000000000477 ) ;
#1364 = EDGE_CURVE ( 'NONE', #1401, #1091, #1139, .T. ) ;
#1365 = FILL_AREA_STYLE_COLOUR ( '', #1575 ) ;
#1366 = AXIS2_PLACEMENT_3D ( 'NONE', #474, #969, #1111 ) ;
#1367 = STYLED_ITEM ( 'NONE', ( #1317 ), #567 ) ;
#1368 = CARTESIAN_POINT ( 'NONE',  ( -1.461463862408942660, 1.651000000000000023, 4.063381113505188935 ) ) ;
#1369 = VERTEX_POINT ( 'NONE', #1669 ) ;
#1370 = DIRECTION ( 'NONE',  ( -0.000000000000000000, -1.000000000000000000, -0.000000000000000000 ) ) ;
#1371 = DIRECTION ( 'NONE',  ( 0.000000000000000000, -1.000000000000000000, 0.000000000000000000 ) ) ;
#1372 = CARTESIAN_POINT ( 'NONE',  ( 2.052168225942504254, 1.651000000000000245, 3.804106476065087339 ) ) ;
#1373 = CARTESIAN_POINT ( 'NONE',  ( 8.127999999999998337, 1.756210244842766555, -4.064000000000000057 ) ) ;
#1374 = EDGE_LOOP ( 'NONE', ( #794, #75, #92, #637 ) ) ;
#1375 = CARTESIAN_POINT ( 'NONE',  ( -0.6792864136070666525, 1.650999999999999801, 4.280103235498445180 ) ) ;
#1376 = EDGE_CURVE ( 'NONE', #838, #1574, #674, .T. ) ;
#1377 = DIRECTION ( 'NONE',  ( 0.000000000000000000, 0.000000000000000000, 1.000000000000000000 ) ) ;
#1378 = DIRECTION ( 'NONE',  ( 0.000000000000000000, 0.000000000000000000, 1.000000000000000000 ) ) ;
#1379 = FACE_OUTER_BOUND ( 'NONE', #1042, .T. ) ;
#1380 = CARTESIAN_POINT ( 'NONE',  ( 2.540000000000000036, 0.6350000000000000089, 0.000000000000000000 ) ) ;
#1381 = MECHANICAL_DESIGN_GEOMETRIC_PRESENTATION_REPRESENTATION (  '', ( #526 ), #1601 ) ;
#1382 = CARTESIAN_POINT ( 'NONE',  ( 7.620000000000000995, 5.334000000000000519, -3.810000000000000497 ) ) ;
#1383 = EDGE_CURVE ( 'NONE', #179, #30, #787, .T. ) ;
#1384 = MECHANICAL_DESIGN_GEOMETRIC_PRESENTATION_REPRESENTATION (  '', ( #200 ), #119 ) ;
#1385 = CARTESIAN_POINT ( 'NONE',  ( -3.539426363734363701, 1.651000000000000245, -4.096202243240670171 ) ) ;
#1386 = CIRCLE ( 'NONE', #1464, 0.2349499999999998257 ) ;
#1387 = CARTESIAN_POINT ( 'NONE',  ( 0.000000000000000000, 0.6350000000000003419, 0.000000000000000000 ) ) ;
#1388 = CARTESIAN_POINT ( 'NONE',  ( 2.423996327765881809, 1.651000000000000245, 3.574182345926487425 ) ) ;
#1389 = CYLINDRICAL_SURFACE ( 'NONE', #1472, 3.625000000000003109 ) ;
#1390 = DIRECTION ( 'NONE',  ( 1.000000000000000000, 0.000000000000000000, 0.000000000000000000 ) ) ;
#1391 = EDGE_LOOP ( 'NONE', ( #37, #1110 ) ) ;
#1392 = CARTESIAN_POINT ( 'NONE',  ( -4.169526719131095405, 1.651000000000000467, -1.138727181771090669 ) ) ;
#1393 = ORIENTED_EDGE ( 'NONE', *, *, #5, .T. ) ;
#1394 = FACE_BOUND ( 'NONE', #563, .T. ) ;
#1395 = CARTESIAN_POINT ( 'NONE',  ( 4.318067484298901526, 1.651000000000000467, -0.5494358813230852956 ) ) ;
#1396 = DIRECTION ( 'NONE',  ( 0.000000000000000000, -1.000000000000000000, 0.000000000000000000 ) ) ;
#1397 = EDGE_CURVE ( 'NONE', #838, #1278, #681, .T. ) ;
#1398 = CARTESIAN_POINT ( 'NONE',  ( -1.796051224213840003, -12.06499999999999950, -1.796051224213820241 ) ) ;
#1399 = ORIENTED_EDGE ( 'NONE', *, *, #770, .F. ) ;
#1400 = ORIENTED_EDGE ( 'NONE', *, *, #1196, .T. ) ;
#1401 = VERTEX_POINT ( 'NONE', #1455 ) ;
#1402 = DIRECTION ( 'NONE',  ( 0.000000000000000000, 1.000000000000000000, 0.000000000000000000 ) ) ;
#1403 = CIRCLE ( 'NONE', #389, 0.2349499999999999922 ) ;
#1404 = DIRECTION ( 'NONE',  ( 0.000000000000000000, 1.000000000000000000, 0.000000000000000000 ) ) ;
#1405 = LINE ( 'NONE', #736, #1056 ) ;
#1406 = ADVANCED_FACE ( 'NONE', ( #901 ), #1687, .F. ) ;
#1407 = SURFACE_STYLE_USAGE ( .BOTH. , #356 ) ;
#1408 = CARTESIAN_POINT ( 'NONE',  ( -3.431663290281534273, 0.6350000000000003419, -2.874887410775266439 ) ) ;
#1409 = DIRECTION ( 'NONE',  ( 0.000000000000000000, 1.000000000000000000, 0.000000000000000000 ) ) ;
#1410 = ORIENTED_EDGE ( 'NONE', *, *, #1476, .F. ) ;
#1411 = ORIENTED_EDGE ( 'NONE', *, *, #127, .T. ) ;
#1412 = AXIS2_PLACEMENT_3D ( 'NONE', #393, #263, #1425 ) ;
#1413 = DIRECTION ( 'NONE',  ( 0.000000000000000000, 0.000000000000000000, 1.000000000000000000 ) ) ;
#1414 = AXIS2_PLACEMENT_3D ( 'NONE', #619, #1371, #752 ) ;
#1415 = DIRECTION ( 'NONE',  ( -0.7071067811865460184, 0.000000000000000000, -0.7071067811865490160 ) ) ;
#1416 = FACE_OUTER_BOUND ( 'NONE', #1127, .T. ) ;
#1417 = DIRECTION ( 'NONE',  ( 0.000000000000000000, 1.000000000000000000, 0.000000000000000000 ) ) ;
#1418 = ORIENTED_EDGE ( 'NONE', *, *, #24, .F. ) ;
#1419 = ORIENTED_EDGE ( 'NONE', *, *, #1351, .T. ) ;
#1420 = EDGE_CURVE ( 'NONE', #1043, #1084, #120, .T. ) ;
#1421 = AXIS2_PLACEMENT_3D ( 'NONE', #795, #234, #504 ) ;
#1422 = CARTESIAN_POINT ( 'NONE',  ( 4.665904304751415495E-16, 5.334000000000000519, 3.810000000000000053 ) ) ;
#1423 = DIRECTION ( 'NONE',  ( 0.000000000000000000, 0.000000000000000000, -1.000000000000000000 ) ) ;
#1424 = DIRECTION ( 'NONE',  ( 0.000000000000000000, 0.000000000000000000, 1.000000000000000000 ) ) ;
#1425 = DIRECTION ( 'NONE',  ( 1.224646799147352468E-16, 0.000000000000000000, 1.000000000000000000 ) ) ;
#1426 = VERTEX_POINT ( 'NONE', #538 ) ;
#1427 = ORIENTED_EDGE ( 'NONE', *, *, #858, .T. ) ;
#1428 = VECTOR ( 'NONE', #470, 1000.000000000000000 ) ;
#1429 = ADVANCED_FACE ( 'NONE', ( #1681 ), #1028, .F. ) ;
#1430 = CARTESIAN_POINT ( 'NONE',  ( 0.000000000000000000, 1.905000000000000693, 0.000000000000000000 ) ) ;
#1431 = CARTESIAN_POINT ( 'NONE',  ( 0.000000000000000000, 1.905000000000000693, 0.000000000000000000 ) ) ;
#1432 = SURFACE_SIDE_STYLE ('',( #755 ) ) ;
#1433 = FACE_OUTER_BOUND ( 'NONE', #1094, .T. ) ;
#1434 = EDGE_LOOP ( 'NONE', ( #1349, #230 ) ) ;
#1435 = ADVANCED_FACE ( 'NONE', ( #780 ), #647, .F. ) ;
#1436 = AXIS2_PLACEMENT_3D ( 'NONE', #369, #615, #1676 ) ;
#1437 = DIRECTION ( 'NONE',  ( 1.000000000000000000, 0.000000000000000000, 0.000000000000000000 ) ) ;
#1438 = COLOUR_RGB ( '',0.7921568627450980005, 0.8196078431372548767, 0.9333333333333333481 ) ;
#1439 = CARTESIAN_POINT ( 'NONE',  ( 2.540000000000000036, 0.6350000000000001199, -0.2349499999999999922 ) ) ;
#1440 =( LENGTH_UNIT ( ) NAMED_UNIT ( * ) SI_UNIT ( .MILLI., .METRE. ) );
#1441 = EDGE_LOOP ( 'NONE', ( #867, #47 ) ) ;
#1442 = DIRECTION ( 'NONE',  ( 0.000000000000000000, 0.000000000000000000, 1.000000000000000000 ) ) ;
#1443 = CIRCLE ( 'NONE', #315, 0.2349500000000000477 ) ;
#1444 = CIRCLE ( 'NONE', #426, 4.476750000000000007 ) ;
#1445 = EDGE_CURVE ( 'NONE', #118, #1084, #673, .T. ) ;
#1446 = PRESENTATION_STYLE_ASSIGNMENT (( #383 ) ) ;
#1447 = DIRECTION ( 'NONE',  ( 0.000000000000000000, 1.000000000000000000, 0.000000000000000000 ) ) ;
#1448 = CARTESIAN_POINT ( 'NONE',  ( 4.064000000000000057, 1.651000000000000245, 0.000000000000000000 ) ) ;
#1449 = ORIENTED_EDGE ( 'NONE', *, *, #227, .F. ) ;
#1450 = FACE_OUTER_BOUND ( 'NONE', #1434, .T. ) ;
#1451 = DIRECTION ( 'NONE',  ( 0.000000000000000000, 1.000000000000000000, 0.000000000000000000 ) ) ;
#1452 = VECTOR ( 'NONE', #1313, 1000.000000000000000 ) ;
#1453 = ADVANCED_FACE ( 'NONE', ( #374 ), #545, .T. ) ;
#1454 = ORIENTED_EDGE ( 'NONE', *, *, #970, .T. ) ;
#1455 = CARTESIAN_POINT ( 'NONE',  ( -8.868362600661559985E-15, -12.06499999999999950, -2.305050000000000487 ) ) ;
#1456 =( GEOMETRIC_REPRESENTATION_CONTEXT ( 3 ) GLOBAL_UNCERTAINTY_ASSIGNED_CONTEXT ( ( #428 ) ) GLOBAL_UNIT_ASSIGNED_CONTEXT ( ( #1561, #6, #643 ) ) REPRESENTATION_CONTEXT ( 'NONE', 'WORKASPACE' ) );
#1457 = CARTESIAN_POINT ( 'NONE',  ( 0.000000000000000000, 0.6350000000000003419, 0.000000000000000000 ) ) ;
#1458 = PLANE ( 'NONE',  #554 ) ;
#1459 = CARTESIAN_POINT ( 'NONE',  ( 3.443733634515632414, 1.651000000000000467, -2.606114915643405805 ) ) ;
#1460 = DIRECTION ( 'NONE',  ( 0.7071067811865483499, 0.000000000000000000, -0.7071067811865466846 ) ) ;
#1461 =( GEOMETRIC_REPRESENTATION_CONTEXT ( 3 ) GLOBAL_UNCERTAINTY_ASSIGNED_CONTEXT ( ( #564 ) ) GLOBAL_UNIT_ASSIGNED_CONTEXT ( ( #1491, #1598, #1079 ) ) REPRESENTATION_CONTEXT ( 'NONE', 'WORKASPACE' ) );
#1462 = PRESENTATION_STYLE_ASSIGNMENT (( #1228 ) ) ;
#1463 = VERTEX_POINT ( 'NONE', #1322 ) ;
#1464 = AXIS2_PLACEMENT_3D ( 'NONE', #1245, #743, #215 ) ;
#1465 = CARTESIAN_POINT ( 'NONE',  ( -9.953929183469686521E-16, 5.228789755157233543, -4.064000000000000057 ) ) ;
#1466 = ADVANCED_FACE ( 'NONE', ( #278 ), #1589, .T. ) ;
#1467 = DIRECTION ( 'NONE',  ( 0.000000000000000000, 1.000000000000000000, 0.000000000000000000 ) ) ;
#1468 = CARTESIAN_POINT ( 'NONE',  ( -8.868362600661559985E-15, 0.6350000000000000089, -2.540000000000000036 ) ) ;
#1469 =( GEOMETRIC_REPRESENTATION_CONTEXT ( 3 ) GLOBAL_UNCERTAINTY_ASSIGNED_CONTEXT ( ( #825 ) ) GLOBAL_UNIT_ASSIGNED_CONTEXT ( ( #1129, #214, #85 ) ) REPRESENTATION_CONTEXT ( 'NONE', 'WORKASPACE' ) );
#1470 = CARTESIAN_POINT ( 'NONE',  ( -1.796051224213815134, -12.06499999999999950, 1.561101224213845118 ) ) ;
#1471 = CARTESIAN_POINT ( 'NONE',  ( -1.796051224213840003, -12.06499999999999950, -2.031001224213819789 ) ) ;
#1472 = AXIS2_PLACEMENT_3D ( 'NONE', #1264, #874, #1614 ) ;
#1473 =( NAMED_UNIT ( * ) SI_UNIT ( $, .STERADIAN. ) SOLID_ANGLE_UNIT ( ) );
#1474 = ORIENTED_EDGE ( 'NONE', *, *, #1340, .T. ) ;
#1475 = DIRECTION ( 'NONE',  ( 0.000000000000000000, 0.000000000000000000, 1.000000000000000000 ) ) ;
#1476 = EDGE_CURVE ( 'NONE', #341, #1243, #1004, .T. ) ;
#1477 = VERTEX_POINT ( 'NONE', #1699 ) ;
#1478 = FACE_OUTER_BOUND ( 'NONE', #536, .T. ) ;
#1479 = UNCERTAINTY_MEASURE_WITH_UNIT (LENGTH_MEASURE( 1.000000000000000082E-05 ), #391, 'distance_accuracy_value', 'NONE');
#1480 = DIRECTION ( 'NONE',  ( 0.000000000000000000, -1.000000000000000000, 0.000000000000000000 ) ) ;
#1481 = DIRECTION ( 'NONE',  ( 0.000000000000000000, 1.000000000000000000, 0.000000000000000000 ) ) ;
#1482 = DIRECTION ( 'NONE',  ( -1.000000000000000000, 0.000000000000000000, 1.224646799147353207E-16 ) ) ;
#1483 = ORIENTED_EDGE ( 'NONE', *, *, #423, .F. ) ;
#1484 = DIRECTION ( 'NONE',  ( 0.000000000000000000, 0.000000000000000000, -1.000000000000000000 ) ) ;
#1485 = ORIENTED_EDGE ( 'NONE', *, *, #1511, .T. ) ;
#1486 = CARTESIAN_POINT ( 'NONE',  ( -8.636000000000001009, 1.651000000000000467, -4.317999999999997840 ) ) ;
#1487 = CIRCLE ( 'NONE', #1720, 3.625000000000003109 ) ;
#1488 = CARTESIAN_POINT ( 'NONE',  ( 2.612635210316509138, 1.651000000000000467, -3.450799517931619320 ) ) ;
#1489 = DIRECTION ( 'NONE',  ( 0.000000000000000000, 0.000000000000000000, 1.000000000000000000 ) ) ;
#1490 = PRODUCT_DEFINITION_FORMATION_WITH_SPECIFIED_SOURCE ( 'ANY', '', #2, .NOT_KNOWN. ) ;
#1491 =( LENGTH_UNIT ( ) NAMED_UNIT ( * ) SI_UNIT ( .MILLI., .METRE. ) );
#1492 = ORIENTED_EDGE ( 'NONE', *, *, #549, .F. ) ;
#1493 = DIRECTION ( 'NONE',  ( -0.000000000000000000, -1.000000000000000000, -0.000000000000000000 ) ) ;
#1494 = AXIS2_PLACEMENT_3D ( 'NONE', #87, #1653, #1670 ) ;
#1495 = ORIENTED_EDGE ( 'NONE', *, *, #388, .F. ) ;
#1496 = FACE_OUTER_BOUND ( 'NONE', #1555, .T. ) ;
#1497 = FACE_OUTER_BOUND ( 'NONE', #1623, .T. ) ;
#1498 = CARTESIAN_POINT ( 'NONE',  ( 3.531195607228843070, 1.650999999999999801, -2.486272144268071305 ) ) ;
#1499 = CARTESIAN_POINT ( 'NONE',  ( -1.796051224213815134, -12.06499999999999950, 1.796051224213845110 ) ) ;
#1500 = EDGE_CURVE ( 'NONE', #179, #222, #233, .T. ) ;
#1501 = EDGE_LOOP ( 'NONE', ( #581, #1234, #241, #1307 ) ) ;
#1502 = VECTOR ( 'NONE', #1402, 1000.000000000000000 ) ;
#1503 = COLOUR_RGB ( '',0.4862745098039215619, 0.2352941176470588203, 0.01568627450980392135 ) ;
#1504 = CARTESIAN_POINT ( 'NONE',  ( -1.923811716292294971, 1.651000000000000467, 3.870604272265831813 ) ) ;
#1505 = CYLINDRICAL_SURFACE ( 'NONE', #14, 3.625000000000003109 ) ;
#1506 = DIRECTION ( 'NONE',  ( 0.000000000000000000, -0.000000000000000000, -1.000000000000000000 ) ) ;
#1507 = CARTESIAN_POINT ( 'NONE',  ( 3.961033482042800813, 1.651000000000000467, 1.725262336173876365 ) ) ;
#1508 = CARTESIAN_POINT ( 'NONE',  ( -8.839589524115591294E-15, 0.6350000000000001199, -2.774950000000000028 ) ) ;
#1509 = DIRECTION ( 'NONE',  ( 0.000000000000000000, -0.000000000000000000, -1.000000000000000000 ) ) ;
#1510 = ORIENTED_EDGE ( 'NONE', *, *, #322, .T. ) ;
#1511 = EDGE_CURVE ( 'NONE', #152, #1275, #201, .T. ) ;
#1512 = DIRECTION ( 'NONE',  ( 0.000000000000000000, 0.000000000000000000, 1.000000000000000000 ) ) ;
#1513 =( GEOMETRIC_REPRESENTATION_CONTEXT ( 3 ) GLOBAL_UNCERTAINTY_ASSIGNED_CONTEXT ( ( #303 ) ) GLOBAL_UNIT_ASSIGNED_CONTEXT ( ( #1024, #1553, #96 ) ) REPRESENTATION_CONTEXT ( 'NONE', 'WORKASPACE' ) );
#1514 = SURFACE_STYLE_FILL_AREA ( #1251 ) ;
#1515 = CARTESIAN_POINT ( 'NONE',  ( 4.476750000000000007, 0.6350000000000000089, 0.000000000000000000 ) ) ;
#1516 = CARTESIAN_POINT ( 'NONE',  ( 4.097699222501550942, 1.651000000000000467, 1.365153305331489264 ) ) ;
#1517 = DIRECTION ( 'NONE',  ( 0.000000000000000000, -0.000000000000000000, -1.000000000000000000 ) ) ;
#1518 = AXIS2_PLACEMENT_3D ( 'NONE', #415, #1467, #1339 ) ;
#1519 = CARTESIAN_POINT ( 'NONE',  ( -3.539426363734364145, 3.378200000000000980, -4.096202243240670171 ) ) ;
#1520 = ORIENTED_EDGE ( 'NONE', *, *, #1093, .T. ) ;
#1521 = LINE ( 'NONE', #887, #1109 ) ;
#1522 = ORIENTED_EDGE ( 'NONE', *, *, #1242, .F. ) ;
#1523 = AXIS2_PLACEMENT_3D ( 'NONE', #270, #1314, #247 ) ;
#1524 = EDGE_CURVE ( 'NONE', #680, #182, #1526, .T. ) ;
#1525 = DIRECTION ( 'NONE',  ( 0.000000000000000000, 0.000000000000000000, 1.000000000000000000 ) ) ;
#1526 = CIRCLE ( 'NONE', #480, 0.2349500000000000477 ) ;
#1527 = CARTESIAN_POINT ( 'NONE',  ( 0.000000000000000000, 1.905000000000000693, 0.000000000000000000 ) ) ;
#1528 = CARTESIAN_POINT ( 'NONE',  ( -2.540000000000000036, 0.6350000000000001199, 0.2349499999999999922 ) ) ;
#1529 = LINE ( 'NONE', #974, #1064 ) ;
#1530 = DIRECTION ( 'NONE',  ( 0.000000000000000000, 0.000000000000000000, 1.000000000000000000 ) ) ;
#1531 = ORIENTED_EDGE ( 'NONE', *, *, #380, .T. ) ;
#1532 = DIRECTION ( 'NONE',  ( 0.000000000000000000, 1.000000000000000000, 0.000000000000000000 ) ) ;
#1533 = ORIENTED_EDGE ( 'NONE', *, *, #184, .T. ) ;
#1534 = CIRCLE ( 'NONE', #537, 4.476750000000000007 ) ;
#1535 = ORIENTED_EDGE ( 'NONE', *, *, #184, .F. ) ;
#1536 = CARTESIAN_POINT ( 'NONE',  ( -1.796051224213840003, -12.06499999999999950, -1.796051224213820241 ) ) ;
#1537 = ADVANCED_FACE ( 'NONE', ( #1099 ), #1630, .T. ) ;
#1538 = DIRECTION ( 'NONE',  ( 0.000000000000000000, -1.000000000000000000, 0.000000000000000000 ) ) ;
#1539 = CARTESIAN_POINT ( 'NONE',  ( 2.540000000000000036, 0.6350000000000001199, 0.000000000000000000 ) ) ;
#1540 = SURFACE_STYLE_FILL_AREA ( #1016 ) ;
#1541 = LINE ( 'NONE', #1178, #1629 ) ;
#1542 = CLOSED_SHELL ( 'NONE', ( #683, #671, #907, #1338 ) ) ;
#1543 = CARTESIAN_POINT ( 'NONE',  ( -2.606114915644078600, 1.651000000000000023, -3.443733634515039999 ) ) ;
#1544 = VERTEX_POINT ( 'NONE', #551 ) ;
#1545 = PRODUCT_CONTEXT ( 'NONE', #618, 'mechanical' ) ;
#1546 = ORIENTED_EDGE ( 'NONE', *, *, #778, .T. ) ;
#1547 = SURFACE_STYLE_FILL_AREA ( #761 ) ;
#1548 = VECTOR ( 'NONE', #126, 1000.000000000000000 ) ;
#1549 = CARTESIAN_POINT ( 'NONE',  ( -9.696238404301280504E-16, 5.334000000000000519, -3.958789755157233525 ) ) ;
#1550 = CARTESIAN_POINT ( 'NONE',  ( 2.947754940891323727, 1.651000000000000911, 3.158792903876083358 ) ) ;
#1551 = ADVANCED_FACE ( 'NONE', ( #1211 ), #63, .T. ) ;
#1552 = CARTESIAN_POINT ( 'NONE',  ( 4.728116362148101837E-16, 5.334000000000000519, 3.810000000000000053 ) ) ;
#1553 =( NAMED_UNIT ( * ) PLANE_ANGLE_UNIT ( ) SI_UNIT ( $, .RADIAN. ) );
#1554 = CYLINDRICAL_SURFACE ( 'NONE', #1638, 0.2349499999999998257 ) ;
#1555 = EDGE_LOOP ( 'NONE', ( #841, #638, #1642, #52 ) ) ;
#1556 = VERTEX_POINT ( 'NONE', #705 ) ;
#1557 = DIRECTION ( 'NONE',  ( 0.000000000000000000, -0.000000000000000000, -1.000000000000000000 ) ) ;
#1558 = AXIS2_PLACEMENT_3D ( 'NONE', #12, #932, #641 ) ;
#1559 = DIRECTION ( 'NONE',  ( 0.000000000000000000, 0.000000000000000000, 1.000000000000000000 ) ) ;
#1560 = CIRCLE ( 'NONE', #65, 0.2539999999999998925 ) ;
#1561 =( LENGTH_UNIT ( ) NAMED_UNIT ( * ) SI_UNIT ( .MILLI., .METRE. ) );
#1562 =( NAMED_UNIT ( * ) SI_UNIT ( $, .STERADIAN. ) SOLID_ANGLE_UNIT ( ) );
#1563 = EDGE_CURVE ( 'NONE', #1091, #399, #446, .T. ) ;
#1564 = CARTESIAN_POINT ( 'NONE',  ( -0.5489087347941019601, 1.651000000000000245, -4.317999999999998728 ) ) ;
#1565 = EDGE_LOOP ( 'NONE', ( #946, #1218, #1294, #760 ) ) ;
#1566 = EDGE_LOOP ( 'NONE', ( #695, #906 ) ) ;
#1567 = CIRCLE ( 'NONE', #1261, 4.476750000000000007 ) ;
#1568 = DIRECTION ( 'NONE',  ( 0.000000000000000000, -1.000000000000000000, 0.000000000000000000 ) ) ;
#1569 = CARTESIAN_POINT ( 'NONE',  ( 4.439344646909158981E-16, 1.905000000000000693, 3.625000000000003109 ) ) ;
#1570 = FACE_OUTER_BOUND ( 'NONE', #155, .T. ) ;
#1571 = SURFACE_STYLE_USAGE ( .BOTH. , #1432 ) ;
#1572 = ORIENTED_EDGE ( 'NONE', *, *, #1036, .T. ) ;
#1573 = ADVANCED_FACE ( 'NONE', ( #562 ), #161, .T. ) ;
#1574 = VERTEX_POINT ( 'NONE', #688 ) ;
#1575 = COLOUR_RGB ( '',0.7921568627450980005, 0.8196078431372548767, 0.9333333333333333481 ) ;
#1576 = DIRECTION ( 'NONE',  ( 0.000000000000000000, 1.000000000000000000, 0.000000000000000000 ) ) ;
#1577 = AXIS2_PLACEMENT_3D ( 'NONE', #1380, #1396, #1517 ) ;
#1578 = VERTEX_POINT ( 'NONE', #956 ) ;
#1579 = ADVANCED_FACE ( 'NONE', ( #170 ), #1650, .F. ) ;
#1580 = DIRECTION ( 'NONE',  ( 0.000000000000000000, 0.000000000000000000, 1.000000000000000000 ) ) ;
#1581 = DIRECTION ( 'NONE',  ( 0.000000000000000000, -0.000000000000000000, -1.000000000000000000 ) ) ;
#1582 = ORIENTED_EDGE ( 'NONE', *, *, #1010, .T. ) ;
#1583 = VECTOR ( 'NONE', #918, 1000.000000000000000 ) ;
#1584 = CYLINDRICAL_SURFACE ( 'NONE', #635, 0.2349500000000000477 ) ;
#1585 = EDGE_CURVE ( 'NONE', #462, #915, #1356, .T. ) ;
#1586 = PRESENTATION_LAYER_ASSIGNMENT (  '', '', ( #1200 ) ) ;
#1587 = PLANE ( 'NONE',  #1193 ) ;
#1588 = FACE_OUTER_BOUND ( 'NONE', #750, .T. ) ;
#1589 =( BOUNDED_SURFACE ( )  B_SPLINE_SURFACE ( 3, 3, ( 
 ( #414, #806, #136, #1328 ),
 ( #940, #1195, #1020, #1465 ),
 ( #286, #816, #93, #1549 ),
 ( #1422, #362, #110, #762 ) ),
 .UNSPECIFIED., .F., .F., .F. ) 
 B_SPLINE_SURFACE_WITH_KNOTS ( ( 4, 4 ),
 ( 4, 4 ),
 ( 0.000000000000000000, 1.000000000000000000 ),
 ( 0.000000000000000000, 1.000000000000000000 ),
 .UNSPECIFIED. ) 
 GEOMETRIC_REPRESENTATION_ITEM ( )  RATIONAL_B_SPLINE_SURFACE ( (
 ( 1.000000000000000000, 0.3333333333333334259, 0.3333333333333334259, 1.000000000000000000),
 ( 0.8047378541243653816, 0.2682459513747885160, 0.2682459513747885160, 0.8047378541243653816),
 ( 0.8047378541243653816, 0.2682459513747885160, 0.2682459513747885160, 0.8047378541243653816),
 ( 1.000000000000000000, 0.3333333333333334259, 0.3333333333333334259, 1.000000000000000000) ) ) 
 REPRESENTATION_ITEM ( '' )  SURFACE ( )  );
#1590 = EDGE_LOOP ( 'NONE', ( #1055, #931, #1393, #715 ) ) ;
#1591 = CARTESIAN_POINT ( 'NONE',  ( 1.796051224213830233, 0.6350000000000001199, -1.796051224213835118 ) ) ;
#1592 = CARTESIAN_POINT ( 'NONE',  ( -8.338420489685532289, 1.651000000000000911, 4.169210244842767032 ) ) ;
#1593 = DIRECTION ( 'NONE',  ( 0.000000000000000000, 0.000000000000000000, -1.000000000000000000 ) ) ;
#1594 = CARTESIAN_POINT ( 'NONE',  ( 1.725262336175580780, 1.651000000000000245, -3.961033482042031206 ) ) ;
#1595 = DIRECTION ( 'NONE',  ( 0.000000000000000000, -0.000000000000000000, -1.000000000000000000 ) ) ;
#1596 = MECHANICAL_DESIGN_GEOMETRIC_PRESENTATION_REPRESENTATION (  '', ( #913 ), #1100 ) ;
#1597 = EDGE_CURVE ( 'NONE', #571, #706, #402, .T. ) ;
#1598 =( NAMED_UNIT ( * ) PLANE_ANGLE_UNIT ( ) SI_UNIT ( $, .RADIAN. ) );
#1599 = EDGE_LOOP ( 'NONE', ( #276, #291 ) ) ;
#1600 = DIRECTION ( 'NONE',  ( 0.000000000000000000, 0.000000000000000000, 1.000000000000000000 ) ) ;
#1601 =( GEOMETRIC_REPRESENTATION_CONTEXT ( 3 ) GLOBAL_UNCERTAINTY_ASSIGNED_CONTEXT ( ( #1479 ) ) GLOBAL_UNIT_ASSIGNED_CONTEXT ( ( #391, #912, #1703 ) ) REPRESENTATION_CONTEXT ( 'NONE', 'WORKASPACE' ) );
#1602 = CYLINDRICAL_SURFACE ( 'NONE', #1518, 0.2349499999999998257 ) ;
#1603 = FILL_AREA_STYLE ('',( #25 ) ) ;
#1604 = CARTESIAN_POINT ( 'NONE',  ( 0.000000000000000000, 0.6350000000000000089, 0.000000000000000000 ) ) ;
#1605 = CARTESIAN_POINT ( 'NONE',  ( 8.127999999999998337, 1.905000000000000471, -4.063999999999999169 ) ) ;
#1606 = AXIS2_PLACEMENT_3D ( 'NONE', #977, #1220, #300 ) ;
#1607 =( LENGTH_UNIT ( ) NAMED_UNIT ( * ) SI_UNIT ( .MILLI., .METRE. ) );
#1608 = ORIENTED_EDGE ( 'NONE', *, *, #691, .T. ) ;
#1609 = AXIS2_PLACEMENT_3D ( 'NONE', #1527, #1538, #1103 ) ;
#1610 = EDGE_CURVE ( 'NONE', #117, #1212, #1521, .T. ) ;
#1611 = CARTESIAN_POINT ( 'NONE',  ( 0.000000000000000000, 1.905000000000000693, 0.000000000000000000 ) ) ;
#1612 = ORIENTED_EDGE ( 'NONE', *, *, #524, .F. ) ;
#1613 = DIRECTION ( 'NONE',  ( -0.000000000000000000, -1.000000000000000000, -0.000000000000000000 ) ) ;
#1614 = DIRECTION ( 'NONE',  ( 0.000000000000000000, 0.000000000000000000, -1.000000000000000000 ) ) ;
#1615 = CARTESIAN_POINT ( 'NONE',  ( -1.796051224213815134, 0.6350000000000001199, 1.796051224213845110 ) ) ;
#1616 = PRESENTATION_LAYER_ASSIGNMENT (  '', '', ( #1675 ) ) ;
#1617 = CARTESIAN_POINT ( 'NONE',  ( 1.555475610816312360, 1.651000000000000245, -4.028273984473960567 ) ) ;
#1618 = CARTESIAN_POINT ( 'NONE',  ( 5.288024878718271026E-16, 1.905000000000000693, 4.317999999999999616 ) ) ;
#1619 = AXIS2_PLACEMENT_3D ( 'NONE', #478, #1005, #1530 ) ;
#1620 = ORIENTED_EDGE ( 'NONE', *, *, #778, .F. ) ;
#1621 = ADVANCED_FACE ( 'NONE', ( #1007 ), #340, .F. ) ;
#1622 = CARTESIAN_POINT ( 'NONE',  ( -3.574182345927201521, 1.651000000000000911, 2.423996327764746717 ) ) ;
#1623 = EDGE_LOOP ( 'NONE', ( #1145, #777 ) ) ;
#1624 = UNCERTAINTY_MEASURE_WITH_UNIT (LENGTH_MEASURE( 1.000000000000000082E-05 ), #856, 'distance_accuracy_value', 'NONE');
#1625 = DIRECTION ( 'NONE',  ( 0.000000000000000000, 0.000000000000000000, 1.000000000000000000 ) ) ;
#1626 = CYLINDRICAL_SURFACE ( 'NONE', #1282, 1.714500000000000135 ) ;
#1627 = CARTESIAN_POINT ( 'NONE',  ( 0.000000000000000000, 0.6350000000000000089, 0.000000000000000000 ) ) ;
#1628 = ORIENTED_EDGE ( 'NONE', *, *, #1511, .F. ) ;
#1629 = VECTOR ( 'NONE', #1417, 1000.000000000000000 ) ;
#1630 = CYLINDRICAL_SURFACE ( 'NONE', #257, 3.625000000000003109 ) ;
#1631 = ORIENTED_EDGE ( 'NONE', *, *, #738, .F. ) ;
#1632 = ADVANCED_FACE ( 'NONE', ( #1673 ), #1554, .T. ) ;
#1633 = CARTESIAN_POINT ( 'NONE',  ( -1.796051224213815134, 0.6350000000000001199, 2.031001224213845102 ) ) ;
#1634 = DIRECTION ( 'NONE',  ( 0.000000000000000000, -1.000000000000000000, 0.000000000000000000 ) ) ;
#1635 = CARTESIAN_POINT ( 'NONE',  ( -3.539426363734364145, 0.6350000000000005640, -4.096202243240670171 ) ) ;
#1636 = UNCERTAINTY_MEASURE_WITH_UNIT (LENGTH_MEASURE( 1.000000000000000082E-05 ), #188, 'distance_accuracy_value', 'NONE');
#1637 = ORIENTED_EDGE ( 'NONE', *, *, #987, .F. ) ;
#1638 = AXIS2_PLACEMENT_3D ( 'NONE', #90, #1532, #757 ) ;
#1639 = AXIS2_PLACEMENT_3D ( 'NONE', #1468, #1225, #39 ) ;
#1640 = CARTESIAN_POINT ( 'NONE',  ( -3.987599381955172717, 1.651000000000000245, 1.656984785364777668 ) ) ;
#1641 = CIRCLE ( 'NONE', #143, 4.064000000000000057 ) ;
#1642 = ORIENTED_EDGE ( 'NONE', *, *, #70, .T. ) ;
#1643 = CARTESIAN_POINT ( 'NONE',  ( 2.540000000000000036, 0.6350000000000001199, 0.000000000000000000 ) ) ;
#1644 = EDGE_CURVE ( 'NONE', #776, #98, #636, .T. ) ;
#1645 = FACE_OUTER_BOUND ( 'NONE', #1391, .T. ) ;
#1646 = CARTESIAN_POINT ( 'NONE',  ( 3.694075160473507591, 1.651000000000000023, -2.240562489819152070 ) ) ;
#1647 = CARTESIAN_POINT ( 'NONE',  ( 2.660508780198469573E-14, 0.6350000000000001199, 2.774950000000000028 ) ) ;
#1648 = CARTESIAN_POINT ( 'NONE',  ( -8.868362600661559985E-15, 0.6350000000000001199, -2.540000000000000036 ) ) ;
#1649 = ORIENTED_EDGE ( 'NONE', *, *, #585, .T. ) ;
#1650 = PLANE ( 'NONE',  #1081 ) ;
#1651 = DIRECTION ( 'NONE',  ( 0.000000000000000000, 1.000000000000000000, 0.000000000000000000 ) ) ;
#1652 = CARTESIAN_POINT ( 'NONE',  ( 4.439344646909158981E-16, 0.6350000000000003419, 3.625000000000003109 ) ) ;
#1653 = DIRECTION ( 'NONE',  ( -0.7071067811865480168, 0.000000000000000000, 0.7071067811865470176 ) ) ;
#1654 = CARTESIAN_POINT ( 'NONE',  ( 1.796051224213854880, -12.06499999999999950, 1.796051224213810249 ) ) ;
#1655 = DIRECTION ( 'NONE',  ( -0.000000000000000000, -1.000000000000000000, -0.000000000000000000 ) ) ;
#1656 = EDGE_CURVE ( 'NONE', #117, #996, #727, .T. ) ;
#1657 = CARTESIAN_POINT ( 'NONE',  ( -4.097699222501545613, 1.651000000000001133, -1.365153305331044287 ) ) ;
#1658 = EDGE_LOOP ( 'NONE', ( #544, #1295 ) ) ;
#1659 = DIRECTION ( 'NONE',  ( -0.000000000000000000, -1.000000000000000000, -0.000000000000000000 ) ) ;
#1660 = CARTESIAN_POINT ( 'NONE',  ( -8.868362600661559985E-15, -12.06499999999999950, -2.305050000000000487 ) ) ;
#1661 = CARTESIAN_POINT ( 'NONE',  ( -1.796051224213840003, 0.6350000000000001199, -1.796051224213820241 ) ) ;
#1662 = CARTESIAN_POINT ( 'NONE',  ( 4.976964591734843260E-16, 1.905000000000000693, 4.064000000000000057 ) ) ;
#1663 = DIRECTION ( 'NONE',  ( 0.000000000000000000, 0.000000000000000000, -1.000000000000000000 ) ) ;
#1664 = EDGE_LOOP ( 'NONE', ( #1410, #1320 ) ) ;
#1665 = EDGE_CURVE ( 'NONE', #1463, #347, #1054, .T. ) ;
#1666 = ORIENTED_EDGE ( 'NONE', *, *, #1296, .F. ) ;
#1667 = DIRECTION ( 'NONE',  ( 0.000000000000000000, 1.000000000000000000, 0.000000000000000000 ) ) ;
#1668 = AXIS2_PLACEMENT_3D ( 'NONE', #1037, #252, #1557 ) ;
#1669 = CARTESIAN_POINT ( 'NONE',  ( 0.000000000000000000, 0.6350000000000003419, -3.625000000000003109 ) ) ;
#1670 = DIRECTION ( 'NONE',  ( 0.7071067811865470176, 0.000000000000000000, 0.7071067811865480168 ) ) ;
#1671 = PLANE ( 'NONE',  #948 ) ;
#1672 = FACE_OUTER_BOUND ( 'NONE', #625, .T. ) ;
#1673 = FACE_OUTER_BOUND ( 'NONE', #1501, .T. ) ;
#1674 = VERTEX_POINT ( 'NONE', #128 ) ;
#1675 = STYLED_ITEM ( 'NONE', ( #961 ), #1161 ) ;
#1676 = DIRECTION ( 'NONE',  ( 1.000000000000000000, 0.000000000000000000, 0.000000000000000000 ) ) ;
#1677 = ORIENTED_EDGE ( 'NONE', *, *, #626, .T. ) ;
#1678 = CIRCLE ( 'NONE', #211, 0.2349499999999999922 ) ;
#1679 = ADVANCED_FACE ( 'NONE', ( #1433 ), #914, .T. ) ;
#1680 = FILL_AREA_STYLE_COLOUR ( '', #947 ) ;
#1681 = FACE_OUTER_BOUND ( 'NONE', #1566, .T. ) ;
#1682 = CARTESIAN_POINT ( 'NONE',  ( 4.028273984473768721, 1.651000000000000245, 1.555475610816738241 ) ) ;
#1683 = DIRECTION ( 'NONE',  ( 0.000000000000000000, 1.000000000000000000, 0.000000000000000000 ) ) ;
#1684 = VERTEX_POINT ( 'NONE', #1319 ) ;
#1685 = VERTEX_POINT ( 'NONE', #669 ) ;
#1686 = AXIS2_PLACEMENT_3D ( 'NONE', #27, #1199, #1595 ) ;
#1687 = PLANE ( 'NONE',  #1112 ) ;
#1688 = DIRECTION ( 'NONE',  ( 0.000000000000000000, 0.000000000000000000, 1.000000000000000000 ) ) ;
#1689 = ADVANCED_FACE ( 'NONE', ( #1049 ), #1301, .T. ) ;
#1690 = DIRECTION ( 'NONE',  ( 0.000000000000000000, -1.000000000000000000, 0.000000000000000000 ) ) ;
#1691 =( NAMED_UNIT ( * ) SI_UNIT ( $, .STERADIAN. ) SOLID_ANGLE_UNIT ( ) );
#1692 = CIRCLE ( 'NONE', #193, 1.714500000000000135 ) ;
#1693 = AXIS2_PLACEMENT_3D ( 'NONE', #1448, #784, #1065 ) ;
#1694 = CARTESIAN_POINT ( 'NONE',  ( -3.692290536535968837, 1.651000000000000023, -2.240009060608136426 ) ) ;
#1695 = EDGE_LOOP ( 'NONE', ( #1302, #876, #518, #1704 ) ) ;
#1696 = ORIENTED_EDGE ( 'NONE', *, *, #826, .T. ) ;
#1697 =( GEOMETRIC_REPRESENTATION_CONTEXT ( 3 ) GLOBAL_UNCERTAINTY_ASSIGNED_CONTEXT ( ( #1636 ) ) GLOBAL_UNIT_ASSIGNED_CONTEXT ( ( #188, #320, #720 ) ) REPRESENTATION_CONTEXT ( 'NONE', 'WORKASPACE' ) );
#1698 =( BOUNDED_SURFACE ( )  B_SPLINE_SURFACE ( 3, 3, ( 
 ( #48, #1075, #540, #833 ),
 ( #809, #959, #156, #690 ),
 ( #1068, #1592, #401, #437 ),
 ( #1359, #708, #1486, #574 ) ),
 .UNSPECIFIED., .F., .F., .F. ) 
 B_SPLINE_SURFACE_WITH_KNOTS ( ( 4, 4 ),
 ( 4, 4 ),
 ( 0.000000000000000000, 1.000000000000000000 ),
 ( 0.000000000000000000, 1.000000000000000000 ),
 .UNSPECIFIED. ) 
 GEOMETRIC_REPRESENTATION_ITEM ( )  RATIONAL_B_SPLINE_SURFACE ( (
 ( 1.000000000000000000, 0.3333333333333334259, 0.3333333333333334259, 1.000000000000000000),
 ( 0.8047378541243649375, 0.2682459513747884050, 0.2682459513747884050, 0.8047378541243649375),
 ( 0.8047378541243649375, 0.2682459513747884050, 0.2682459513747884050, 0.8047378541243649375),
 ( 1.000000000000000000, 0.3333333333333334259, 0.3333333333333334259, 1.000000000000000000) ) ) 
 REPRESENTATION_ITEM ( '' )  SURFACE ( )  );
#1699 = CARTESIAN_POINT ( 'NONE',  ( 0.000000000000000000, 0.6350000000000003419, 4.476750000000000007 ) ) ;
#1700 = AXIS2_PLACEMENT_3D ( 'NONE', #1067, #1074, #630 ) ;
#1701 = DIRECTION ( 'NONE',  ( 0.000000000000000000, 1.000000000000000000, 0.000000000000000000 ) ) ;
#1702 = EDGE_CURVE ( 'NONE', #900, #1336, #1219, .T. ) ;
#1703 =( NAMED_UNIT ( * ) SI_UNIT ( $, .STERADIAN. ) SOLID_ANGLE_UNIT ( ) );
#1704 = ORIENTED_EDGE ( 'NONE', *, *, #826, .F. ) ;
#1705 = ORIENTED_EDGE ( 'NONE', *, *, #745, .T. ) ;
#1706 = AXIS2_PLACEMENT_3D ( 'NONE', #702, #440, #1489 ) ;
#1707 = LINE ( 'NONE', #519, #1583 ) ;
#1708 =( NAMED_UNIT ( * ) PLANE_ANGLE_UNIT ( ) SI_UNIT ( $, .RADIAN. ) );
#1709 = ORIENTED_EDGE ( 'NONE', *, *, #756, .T. ) ;
#1710 = ADVANCED_FACE ( 'NONE', ( #799, #535 ), #398, .F. ) ;
#1711 = AXIS2_PLACEMENT_3D ( 'NONE', #593, #650, #507 ) ;
#1712 = AXIS2_PLACEMENT_3D ( 'NONE', #1618, #1482, #431 ) ;
#1713 = DIRECTION ( 'NONE',  ( 0.000000000000000000, 0.000000000000000000, 1.000000000000000000 ) ) ;
#1714 = MANIFOLD_SOLID_BREP ( 'Imported7', #434 ) ;
#1715 = FILL_AREA_STYLE ('',( #506 ) ) ;
#1716 = CARTESIAN_POINT ( 'NONE',  ( -1.796051224213840003, 0.6350000000000001199, -2.031001224213819789 ) ) ;
#1717 = MANIFOLD_SOLID_BREP ( 'Imported5', #881 ) ;
#1718 = CARTESIAN_POINT ( 'NONE',  ( -4.096202243240655072, 0.6350000000000005640, -3.539426363734379688 ) ) ;
#1719 = ORIENTED_EDGE ( 'NONE', *, *, #1148, .F. ) ;
#1720 = AXIS2_PLACEMENT_3D ( 'NONE', #685, #281, #430 ) ;
ENDSEC;
END-ISO-10303-21;
