ISO-10303-21;
HEADER;
/****************************************************************
 * Generated by software with PDElib inside                    *
 * PDElib Version v51a, created Wed 07/06/2011                  *
 * ITI Transcendata (http://www.transcendata.com/)              *
 ****************************************************************/
FILE_DESCRIPTION((''),'2;1');
FILE_NAME('P:\\E-Switch Secure\\3D_MODELS_STP_FORMAT\\FS57003PLT2B2M2QE.stp','2017-10-18T08:08:43',('mwilliams'),(''),'Autodesk Inventor 2012','Autodesk Inventor 2012','');
FILE_SCHEMA(('AUTOMOTIVE_DESIGN { 1 0 10303 214 1 1 1 1 }'));
ENDSEC;
DATA;
#5=APPLICATION_CONTEXT('automotive design');
#6=APPLICATION_PROTOCOL_DEFINITION('International Standard','automotive_design',2001,#5);
#7=PRODUCT_CONTEXT('',#5,'mechanical');
#8=PRODUCT('T790002','T790002',$,(#7));
#9=PRODUCT_RELATED_PRODUCT_CATEGORY('part',$,(#8));
#10=PRODUCT_DEFINITION_FORMATION('',$,#8);
#11=PRODUCT_DEFINITION_CONTEXT('part definition',#5,'design');
#12=PRODUCT_DEFINITION('',$,#10,#11);
#18=(NAMED_UNIT(*)PLANE_ANGLE_UNIT()SI_UNIT($,.RADIAN.));
#19=DIMENSIONAL_EXPONENTS(0.0,0.0,0.0,0.0,0.0,0.0,0.0);
#20=PLANE_ANGLE_MEASURE_WITH_UNIT(PLANE_ANGLE_MEASURE(0.0174532925),#18);
#24=(CONVERSION_BASED_UNIT('DEGREE',#20)NAMED_UNIT(#19)PLANE_ANGLE_UNIT());
#28=(NAMED_UNIT(*)SI_UNIT($,.STERADIAN.)SOLID_ANGLE_UNIT());
#32=(LENGTH_UNIT()NAMED_UNIT(*)SI_UNIT(.MILLI.,.METRE.));
#34=UNCERTAINTY_MEASURE_WITH_UNIT(LENGTH_MEASURE(0.01),#32,'DISTANCE_ACCURACY_VALUE','');
#36=(GEOMETRIC_REPRESENTATION_CONTEXT(3)GLOBAL_UNCERTAINTY_ASSIGNED_CONTEXT((#34))GLOBAL_UNIT_ASSIGNED_CONTEXT((#24,#28,#32))REPRESENTATION_CONTEXT('None','None'));
#37=AXIS2_PLACEMENT_3D('',#38,#39,#40);
#38=CARTESIAN_POINT('',(0.0,0.0,0.0));
#39=DIRECTION('',(0.0,0.0,1.0));
#40=DIRECTION('',(1.0,0.0,0.0));
#41=SHAPE_REPRESENTATION('',(#37,#2798,#8131,#12815,#13287,#13453,#13659),#36);
#42=PRODUCT_DEFINITION_SHAPE('','',#12);
#43=SHAPE_DEFINITION_REPRESENTATION(#42,#41);
#44=APPLICATION_CONTEXT('automotive design');
#45=APPLICATION_PROTOCOL_DEFINITION('International Standard','automotive_design',2001,#44);
#46=PRODUCT_CONTEXT('',#44,'mechanical');
#47=PRODUCT('FS5700 3P Housing','FS5700 3P Housing',$,(#46));
#48=PRODUCT_RELATED_PRODUCT_CATEGORY('part',$,(#47));
#49=PRODUCT_DEFINITION_FORMATION('',$,#47);
#50=PRODUCT_DEFINITION_CONTEXT('part definition',#44,'design');
#51=PRODUCT_DEFINITION('',$,#49,#50);
#57=(NAMED_UNIT(*)PLANE_ANGLE_UNIT()SI_UNIT($,.RADIAN.));
#58=DIMENSIONAL_EXPONENTS(0.0,0.0,0.0,0.0,0.0,0.0,0.0);
#59=PLANE_ANGLE_MEASURE_WITH_UNIT(PLANE_ANGLE_MEASURE(0.0174532925),#57);
#63=(CONVERSION_BASED_UNIT('DEGREE',#59)NAMED_UNIT(#58)PLANE_ANGLE_UNIT());
#67=(NAMED_UNIT(*)SI_UNIT($,.STERADIAN.)SOLID_ANGLE_UNIT());
#71=(LENGTH_UNIT()NAMED_UNIT(*)SI_UNIT(.MILLI.,.METRE.));
#73=UNCERTAINTY_MEASURE_WITH_UNIT(LENGTH_MEASURE(0.01),#71,'DISTANCE_ACCURACY_VALUE','');
#75=(GEOMETRIC_REPRESENTATION_CONTEXT(3)GLOBAL_UNCERTAINTY_ASSIGNED_CONTEXT((#73))GLOBAL_UNIT_ASSIGNED_CONTEXT((#63,#67,#71))REPRESENTATION_CONTEXT('None','None'));
#76=AXIS2_PLACEMENT_3D('',#77,#78,#79);
#77=CARTESIAN_POINT('',(0.0,0.0,0.0));
#78=DIRECTION('',(0.0,0.0,1.0));
#79=DIRECTION('',(1.0,0.0,0.0));
#80=SHAPE_REPRESENTATION('',(#76),#75);
#81=PRODUCT_DEFINITION_SHAPE('','',#51);
#82=SHAPE_DEFINITION_REPRESENTATION(#81,#80);
#88=(NAMED_UNIT(*)PLANE_ANGLE_UNIT()SI_UNIT($,.RADIAN.));
#89=DIMENSIONAL_EXPONENTS(0.0,0.0,0.0,0.0,0.0,0.0,0.0);
#90=PLANE_ANGLE_MEASURE_WITH_UNIT(PLANE_ANGLE_MEASURE(0.0174532925),#88);
#94=(CONVERSION_BASED_UNIT('DEGREE',#90)NAMED_UNIT(#89)PLANE_ANGLE_UNIT());
#98=(NAMED_UNIT(*)SI_UNIT($,.STERADIAN.)SOLID_ANGLE_UNIT());
#102=(LENGTH_UNIT()NAMED_UNIT(*)SI_UNIT(.MILLI.,.METRE.));
#104=UNCERTAINTY_MEASURE_WITH_UNIT(LENGTH_MEASURE(0.000001),#102,'DISTANCE_ACCURACY_VALUE','');
#106=(GEOMETRIC_REPRESENTATION_CONTEXT(3)GLOBAL_UNCERTAINTY_ASSIGNED_CONTEXT((#104))GLOBAL_UNIT_ASSIGNED_CONTEXT((#94,#98,#102))REPRESENTATION_CONTEXT('','3D'));
#107=CARTESIAN_POINT('',(-4.75,-7.300000000000001,14.000000000000002));
#108=DIRECTION('',(1.0,0.0,0.0));
#109=DIRECTION('',(0.0,0.0,-1.0));
#110=AXIS2_PLACEMENT_3D('',#107,#108,#109);
#111=PLANE('',#110);
#112=CARTESIAN_POINT('',(-4.75,-7.300000000000001,14.500000000000004));
#113=VERTEX_POINT('',#112);
#114=CARTESIAN_POINT('',(-4.75,-8.5,14.500000000000004));
#115=VERTEX_POINT('',#114);
#116=CARTESIAN_POINT('',(-4.750000000000001,-7.3,14.500000000000002));
#117=DIRECTION('',(0.0,-1.0,0.0));
#118=VECTOR('',#117,1.2);
#119=LINE('',#116,#118);
#120=EDGE_CURVE('',#113,#115,#119,.T.);
#121=ORIENTED_EDGE('',*,*,#120,.T.);
#122=CARTESIAN_POINT('',(-4.75,-8.5,14.000000000000002));
#123=VERTEX_POINT('',#122);
#124=CARTESIAN_POINT('',(-4.75,-8.5,14.000000000000002));
#125=DIRECTION('',(0.0,0.0,1.0));
#126=VECTOR('',#125,0.500000000000002);
#127=LINE('',#124,#126);
#128=EDGE_CURVE('',#123,#115,#127,.T.);
#129=ORIENTED_EDGE('',*,*,#128,.F.);
#130=CARTESIAN_POINT('',(-4.75,-7.300000000000001,14.000000000000002));
#131=VERTEX_POINT('',#130);
#132=CARTESIAN_POINT('',(-4.75,-7.300000000000001,14.000000000000002));
#133=DIRECTION('',(0.0,-1.0,0.0));
#134=VECTOR('',#133,1.200000000000001);
#135=LINE('',#132,#134);
#136=EDGE_CURVE('',#131,#123,#135,.T.);
#137=ORIENTED_EDGE('',*,*,#136,.F.);
#138=CARTESIAN_POINT('',(-4.75,-7.300000000000001,14.000000000000002));
#139=DIRECTION('',(0.0,0.0,1.0));
#140=VECTOR('',#139,0.500000000000002);
#141=LINE('',#138,#140);
#142=EDGE_CURVE('',#131,#113,#141,.T.);
#143=ORIENTED_EDGE('',*,*,#142,.T.);
#144=EDGE_LOOP('',(#121,#129,#137,#143));
#145=FACE_OUTER_BOUND('',#144,.T.);
#146=ADVANCED_FACE('',(#145),#111,.T.);
#147=CARTESIAN_POINT('',(-6.25,-8.5,14.000000000000002));
#148=DIRECTION('',(-1.0,0.0,0.0));
#149=DIRECTION('',(0.0,0.0,1.0));
#150=AXIS2_PLACEMENT_3D('',#147,#148,#149);
#151=PLANE('',#150);
#152=CARTESIAN_POINT('',(-6.25,-8.5,14.500000000000004));
#153=VERTEX_POINT('',#152);
#154=CARTESIAN_POINT('',(-6.249999999999999,-7.300000000000001,14.500000000000004));
#155=VERTEX_POINT('',#154);
#156=CARTESIAN_POINT('',(-6.25,-8.5,14.500000000000002));
#157=DIRECTION('',(0.0,1.0,0.0));
#158=VECTOR('',#157,1.199999999999999);
#159=LINE('',#156,#158);
#160=EDGE_CURVE('',#153,#155,#159,.T.);
#161=ORIENTED_EDGE('',*,*,#160,.T.);
#162=CARTESIAN_POINT('',(-6.249999999999999,-7.300000000000001,14.000000000000002));
#163=VERTEX_POINT('',#162);
#164=CARTESIAN_POINT('',(-6.249999999999999,-7.300000000000001,14.000000000000002));
#165=DIRECTION('',(0.0,0.0,1.0));
#166=VECTOR('',#165,0.500000000000002);
#167=LINE('',#164,#166);
#168=EDGE_CURVE('',#163,#155,#167,.T.);
#169=ORIENTED_EDGE('',*,*,#168,.F.);
#170=CARTESIAN_POINT('',(-6.25,-8.5,14.000000000000002));
#171=VERTEX_POINT('',#170);
#172=CARTESIAN_POINT('',(-6.249999999999999,-8.5,14.000000000000002));
#173=DIRECTION('',(0.0,1.0,0.0));
#174=VECTOR('',#173,1.199999999999999);
#175=LINE('',#172,#174);
#176=EDGE_CURVE('',#171,#163,#175,.T.);
#177=ORIENTED_EDGE('',*,*,#176,.F.);
#178=CARTESIAN_POINT('',(-6.25,-8.5,14.000000000000002));
#179=DIRECTION('',(0.0,0.0,1.0));
#180=VECTOR('',#179,0.500000000000002);
#181=LINE('',#178,#180);
#182=EDGE_CURVE('',#171,#153,#181,.T.);
#183=ORIENTED_EDGE('',*,*,#182,.T.);
#184=EDGE_LOOP('',(#161,#169,#177,#183));
#185=FACE_OUTER_BOUND('',#184,.T.);
#186=ADVANCED_FACE('',(#185),#151,.T.);
#187=CARTESIAN_POINT('',(-5.5,-7.900000000000001,14.500000000000004));
#188=DIRECTION('',(0.0,0.0,1.0));
#189=DIRECTION('',(1.0,0.0,0.0));
#190=AXIS2_PLACEMENT_3D('',#187,#188,#189);
#191=PLANE('',#190);
#192=CARTESIAN_POINT('',(-6.249999999999998,-7.300000000000001,14.500000000000002));
#193=DIRECTION('',(1.0,0.0,0.0));
#194=VECTOR('',#193,1.499999999999998);
#195=LINE('',#192,#194);
#196=EDGE_CURVE('',#155,#113,#195,.T.);
#197=ORIENTED_EDGE('',*,*,#196,.F.);
#198=ORIENTED_EDGE('',*,*,#160,.F.);
#199=CARTESIAN_POINT('',(-4.75,-8.5,14.500000000000002));
#200=DIRECTION('',(-1.0,0.0,0.0));
#201=VECTOR('',#200,1.5);
#202=LINE('',#199,#201);
#203=EDGE_CURVE('',#115,#153,#202,.T.);
#204=ORIENTED_EDGE('',*,*,#203,.F.);
#205=ORIENTED_EDGE('',*,*,#120,.F.);
#206=EDGE_LOOP('',(#197,#198,#204,#205));
#207=FACE_OUTER_BOUND('',#206,.T.);
#208=ADVANCED_FACE('',(#207),#191,.T.);
#209=CARTESIAN_POINT('',(0.0,0.0,14.000000000000002));
#210=DIRECTION('',(0.0,0.0,1.0));
#211=DIRECTION('',(1.0,0.0,0.0));
#212=AXIS2_PLACEMENT_3D('',#209,#210,#211);
#213=PLANE('',#212);
#214=ORIENTED_EDGE('',*,*,#176,.T.);
#215=CARTESIAN_POINT('',(-7.799999999999999,-7.300000000000001,14.0));
#216=VERTEX_POINT('',#215);
#217=CARTESIAN_POINT('',(-6.25,-7.300000000000001,14.000000000000002));
#218=DIRECTION('',(-1.0,0.0,0.0));
#219=VECTOR('',#218,1.550000000000001);
#220=LINE('',#217,#219);
#221=EDGE_CURVE('',#163,#216,#220,.T.);
#222=ORIENTED_EDGE('',*,*,#221,.T.);
#223=CARTESIAN_POINT('',(-7.799999999999999,7.3,14.0));
#224=VERTEX_POINT('',#223);
#225=CARTESIAN_POINT('',(-7.800000000000001,-7.300000000000001,14.000000000000002));
#226=DIRECTION('',(0.0,1.0,0.0));
#227=VECTOR('',#226,14.600000000000001);
#228=LINE('',#225,#227);
#229=EDGE_CURVE('',#216,#224,#228,.T.);
#230=ORIENTED_EDGE('',*,*,#229,.T.);
#231=CARTESIAN_POINT('',(7.799999999999999,7.300000000000001,14.0));
#232=VERTEX_POINT('',#231);
#233=CARTESIAN_POINT('',(-7.799999999999999,7.300000000000001,14.000000000000002));
#234=DIRECTION('',(1.0,0.0,0.0));
#235=VECTOR('',#234,15.6);
#236=LINE('',#233,#235);
#237=EDGE_CURVE('',#224,#232,#236,.T.);
#238=ORIENTED_EDGE('',*,*,#237,.T.);
#239=CARTESIAN_POINT('',(7.799999999999999,-7.3,14.0));
#240=VERTEX_POINT('',#239);
#241=CARTESIAN_POINT('',(7.800000000000001,7.300000000000001,14.000000000000002));
#242=DIRECTION('',(0.0,-1.0,0.0));
#243=VECTOR('',#242,14.600000000000001);
#244=LINE('',#241,#243);
#245=EDGE_CURVE('',#232,#240,#244,.T.);
#246=ORIENTED_EDGE('',*,*,#245,.T.);
#247=CARTESIAN_POINT('',(7.799999999999999,-7.300000000000001,14.000000000000002));
#248=DIRECTION('',(-1.0,0.0,0.0));
#249=VECTOR('',#248,12.549999999999999);
#250=LINE('',#247,#249);
#251=EDGE_CURVE('',#240,#131,#250,.T.);
#252=ORIENTED_EDGE('',*,*,#251,.T.);
#253=ORIENTED_EDGE('',*,*,#136,.T.);
#254=CARTESIAN_POINT('',(8.800000000000001,-8.5,14.000000000000002));
#255=VERTEX_POINT('',#254);
#256=CARTESIAN_POINT('',(8.800000000000001,-8.5,14.000000000000002));
#257=DIRECTION('',(-1.0,0.0,0.0));
#258=VECTOR('',#257,13.550000000000001);
#259=LINE('',#256,#258);
#260=EDGE_CURVE('',#255,#123,#259,.T.);
#261=ORIENTED_EDGE('',*,*,#260,.F.);
#262=CARTESIAN_POINT('',(8.800000000000001,8.5,14.000000000000002));
#263=VERTEX_POINT('',#262);
#264=CARTESIAN_POINT('',(8.800000000000001,8.5,14.000000000000002));
#265=DIRECTION('',(0.0,-1.0,0.0));
#266=VECTOR('',#265,17.0);
#267=LINE('',#264,#266);
#268=EDGE_CURVE('',#263,#255,#267,.T.);
#269=ORIENTED_EDGE('',*,*,#268,.F.);
#270=CARTESIAN_POINT('',(-8.800000000000001,8.5,14.000000000000002));
#271=VERTEX_POINT('',#270);
#272=CARTESIAN_POINT('',(-8.800000000000001,8.5,14.000000000000002));
#273=DIRECTION('',(1.0,0.0,0.0));
#274=VECTOR('',#273,17.600000000000001);
#275=LINE('',#272,#274);
#276=EDGE_CURVE('',#271,#263,#275,.T.);
#277=ORIENTED_EDGE('',*,*,#276,.F.);
#278=CARTESIAN_POINT('',(-8.800000000000001,-8.5,14.000000000000002));
#279=VERTEX_POINT('',#278);
#280=CARTESIAN_POINT('',(-8.800000000000001,-8.5,14.000000000000002));
#281=DIRECTION('',(0.0,1.0,0.0));
#282=VECTOR('',#281,17.0);
#283=LINE('',#280,#282);
#284=EDGE_CURVE('',#279,#271,#283,.T.);
#285=ORIENTED_EDGE('',*,*,#284,.F.);
#286=CARTESIAN_POINT('',(-6.25,-8.5,14.000000000000002));
#287=DIRECTION('',(-1.0,0.0,0.0));
#288=VECTOR('',#287,2.550000000000001);
#289=LINE('',#286,#288);
#290=EDGE_CURVE('',#171,#279,#289,.T.);
#291=ORIENTED_EDGE('',*,*,#290,.F.);
#292=EDGE_LOOP('',(#214,#222,#230,#238,#246,#252,#253,#261,#269,#277,#285,#291));
#293=FACE_OUTER_BOUND('',#292,.T.);
#294=ADVANCED_FACE('',(#293),#213,.T.);
#295=CARTESIAN_POINT('',(8.9,4.25,13.5));
#296=DIRECTION('',(0.98058067569092,0.0,0.196116135138184));
#297=DIRECTION('',(0.196116135138184,0.0,-0.98058067569092));
#298=AXIS2_PLACEMENT_3D('',#295,#296,#297);
#299=PLANE('',#298);
#300=CARTESIAN_POINT('',(9.0,-8.5,13.0));
#301=VERTEX_POINT('',#300);
#302=CARTESIAN_POINT('',(8.799999999999999,-8.5,14.000000000000004));
#303=DIRECTION('',(0.196116135138185,0.0,-0.98058067569092));
#304=VECTOR('',#303,1.019803902718559);
#305=LINE('',#302,#304);
#306=EDGE_CURVE('',#255,#301,#305,.T.);
#307=ORIENTED_EDGE('',*,*,#306,.T.);
#308=CARTESIAN_POINT('',(9.0,8.5,13.0));
#309=VERTEX_POINT('',#308);
#310=CARTESIAN_POINT('',(9.0,-8.500000000000002,13.0));
#311=DIRECTION('',(0.0,1.0,0.0));
#312=VECTOR('',#311,17.0);
#313=LINE('',#310,#312);
#314=EDGE_CURVE('',#301,#309,#313,.T.);
#315=ORIENTED_EDGE('',*,*,#314,.T.);
#316=CARTESIAN_POINT('',(8.999999999999998,8.5,13.0));
#317=DIRECTION('',(-0.196116135138183,0.0,0.98058067569092));
#318=VECTOR('',#317,1.019803902718559);
#319=LINE('',#316,#318);
#320=EDGE_CURVE('',#309,#263,#319,.T.);
#321=ORIENTED_EDGE('',*,*,#320,.T.);
#322=ORIENTED_EDGE('',*,*,#268,.T.);
#323=EDGE_LOOP('',(#307,#315,#321,#322));
#324=FACE_OUTER_BOUND('',#323,.T.);
#325=ADVANCED_FACE('',(#324),#299,.T.);
#326=CARTESIAN_POINT('',(-9.0,8.5,0.0));
#327=DIRECTION('',(0.0,1.0,0.0));
#328=DIRECTION('',(0.0,0.0,1.0));
#329=AXIS2_PLACEMENT_3D('',#326,#327,#328);
#330=PLANE('',#329);
#331=ORIENTED_EDGE('',*,*,#320,.F.);
#332=CARTESIAN_POINT('',(9.0,8.5,11.400000000000002));
#333=VERTEX_POINT('',#332);
#334=CARTESIAN_POINT('',(9.0,8.5,13.0));
#335=DIRECTION('',(0.0,0.0,-1.0));
#336=VECTOR('',#335,1.599999999999998);
#337=LINE('',#334,#336);
#338=EDGE_CURVE('',#309,#333,#337,.T.);
#339=ORIENTED_EDGE('',*,*,#338,.T.);
#340=CARTESIAN_POINT('',(9.800000000000003,8.5,11.400000000000002));
#341=VERTEX_POINT('',#340);
#342=CARTESIAN_POINT('',(9.0,8.5,11.400000000000002));
#343=DIRECTION('',(1.0,0.0,0.0));
#344=VECTOR('',#343,0.800000000000002);
#345=LINE('',#342,#344);
#346=EDGE_CURVE('',#333,#341,#345,.T.);
#347=ORIENTED_EDGE('',*,*,#346,.T.);
#348=CARTESIAN_POINT('',(9.800000000000003,8.5,8.4));
#349=VERTEX_POINT('',#348);
#350=CARTESIAN_POINT('',(9.800000000000001,8.5,11.4));
#351=DIRECTION('',(0.0,0.0,-1.0));
#352=VECTOR('',#351,3.0);
#353=LINE('',#350,#352);
#354=EDGE_CURVE('',#341,#349,#353,.T.);
#355=ORIENTED_EDGE('',*,*,#354,.T.);
#356=CARTESIAN_POINT('',(8.699999999999999,8.5,8.4));
#357=VERTEX_POINT('',#356);
#358=CARTESIAN_POINT('',(8.699999999999999,8.5,8.4));
#359=DIRECTION('',(1.0,0.0,0.0));
#360=VECTOR('',#359,1.100000000000003);
#361=LINE('',#358,#360);
#362=EDGE_CURVE('',#357,#349,#361,.T.);
#363=ORIENTED_EDGE('',*,*,#362,.F.);
#364=CARTESIAN_POINT('',(8.699999999999999,8.5,-1.2));
#365=VERTEX_POINT('',#364);
#366=CARTESIAN_POINT('',(8.699999999999999,8.5,-1.2));
#367=DIRECTION('',(0.0,0.0,1.0));
#368=VECTOR('',#367,9.6);
#369=LINE('',#366,#368);
#370=EDGE_CURVE('',#365,#357,#369,.T.);
#371=ORIENTED_EDGE('',*,*,#370,.F.);
#372=CARTESIAN_POINT('',(7.5,8.5,-1.2));
#373=VERTEX_POINT('',#372);
#374=CARTESIAN_POINT('',(8.699999999999999,8.5,-1.2));
#375=DIRECTION('',(-1.0,0.0,0.0));
#376=VECTOR('',#375,1.199999999999999);
#377=LINE('',#374,#376);
#378=EDGE_CURVE('',#365,#373,#377,.T.);
#379=ORIENTED_EDGE('',*,*,#378,.T.);
#380=CARTESIAN_POINT('',(7.5,8.5,0.0));
#381=VERTEX_POINT('',#380);
#382=CARTESIAN_POINT('',(7.5,8.5,0.0));
#383=DIRECTION('',(0.0,0.0,-1.0));
#384=VECTOR('',#383,1.2);
#385=LINE('',#382,#384);
#386=EDGE_CURVE('',#381,#373,#385,.T.);
#387=ORIENTED_EDGE('',*,*,#386,.F.);
#388=CARTESIAN_POINT('',(-7.5,8.5,0.0));
#389=VERTEX_POINT('',#388);
#390=CARTESIAN_POINT('',(-7.5,8.5,0.0));
#391=DIRECTION('',(1.0,0.0,0.0));
#392=VECTOR('',#391,15.0);
#393=LINE('',#390,#392);
#394=EDGE_CURVE('',#389,#381,#393,.T.);
#395=ORIENTED_EDGE('',*,*,#394,.F.);
#396=CARTESIAN_POINT('',(-7.5,8.5,-1.2));
#397=VERTEX_POINT('',#396);
#398=CARTESIAN_POINT('',(-7.5,8.5,0.0));
#399=DIRECTION('',(0.0,0.0,-1.0));
#400=VECTOR('',#399,1.2);
#401=LINE('',#398,#400);
#402=EDGE_CURVE('',#389,#397,#401,.T.);
#403=ORIENTED_EDGE('',*,*,#402,.T.);
#404=CARTESIAN_POINT('',(-8.699999999999999,8.5,-1.2));
#405=VERTEX_POINT('',#404);
#406=CARTESIAN_POINT('',(-7.5,8.5,-1.2));
#407=DIRECTION('',(-1.0,0.0,0.0));
#408=VECTOR('',#407,1.199999999999999);
#409=LINE('',#406,#408);
#410=EDGE_CURVE('',#397,#405,#409,.T.);
#411=ORIENTED_EDGE('',*,*,#410,.T.);
#412=CARTESIAN_POINT('',(-8.699999999999999,8.5,8.4));
#413=VERTEX_POINT('',#412);
#414=CARTESIAN_POINT('',(-8.699999999999999,8.5,8.4));
#415=DIRECTION('',(0.0,0.0,-1.0));
#416=VECTOR('',#415,9.6);
#417=LINE('',#414,#416);
#418=EDGE_CURVE('',#413,#405,#417,.T.);
#419=ORIENTED_EDGE('',*,*,#418,.F.);
#420=CARTESIAN_POINT('',(-9.800000000000003,8.5,8.4));
#421=VERTEX_POINT('',#420);
#422=CARTESIAN_POINT('',(-8.699999999999999,8.5,8.4));
#423=DIRECTION('',(-1.0,0.0,0.0));
#424=VECTOR('',#423,1.100000000000003);
#425=LINE('',#422,#424);
#426=EDGE_CURVE('',#413,#421,#425,.T.);
#427=ORIENTED_EDGE('',*,*,#426,.T.);
#428=CARTESIAN_POINT('',(-9.800000000000003,8.5,11.400000000000002));
#429=VERTEX_POINT('',#428);
#430=CARTESIAN_POINT('',(-9.800000000000001,8.5,11.4));
#431=DIRECTION('',(0.0,0.0,-1.0));
#432=VECTOR('',#431,3.0);
#433=LINE('',#430,#432);
#434=EDGE_CURVE('',#429,#421,#433,.T.);
#435=ORIENTED_EDGE('',*,*,#434,.F.);
#436=CARTESIAN_POINT('',(-9.0,8.5,11.400000000000002));
#437=VERTEX_POINT('',#436);
#438=CARTESIAN_POINT('',(-9.0,8.5,11.400000000000002));
#439=DIRECTION('',(-1.0,0.0,0.0));
#440=VECTOR('',#439,0.800000000000002);
#441=LINE('',#438,#440);
#442=EDGE_CURVE('',#437,#429,#441,.T.);
#443=ORIENTED_EDGE('',*,*,#442,.F.);
#444=CARTESIAN_POINT('',(-9.0,8.5,13.0));
#445=VERTEX_POINT('',#444);
#446=CARTESIAN_POINT('',(-9.0,8.5,11.400000000000002));
#447=DIRECTION('',(0.0,0.0,1.0));
#448=VECTOR('',#447,1.599999999999998);
#449=LINE('',#446,#448);
#450=EDGE_CURVE('',#437,#445,#449,.T.);
#451=ORIENTED_EDGE('',*,*,#450,.T.);
#452=CARTESIAN_POINT('',(-8.799999999999999,8.5,14.000000000000004));
#453=DIRECTION('',(-0.196116135138185,0.0,-0.98058067569092));
#454=VECTOR('',#453,1.019803902718559);
#455=LINE('',#452,#454);
#456=EDGE_CURVE('',#271,#445,#455,.T.);
#457=ORIENTED_EDGE('',*,*,#456,.F.);
#458=ORIENTED_EDGE('',*,*,#276,.T.);
#459=EDGE_LOOP('',(#331,#339,#347,#355,#363,#371,#379,#387,#395,#403,#411,#419,#427,#435,#443,#451,#457,#458));
#460=FACE_OUTER_BOUND('',#459,.T.);
#461=ADVANCED_FACE('',(#460),#330,.T.);
#462=CARTESIAN_POINT('',(-8.9,-4.25,13.5));
#463=DIRECTION('',(-0.98058067569092,0.0,0.196116135138184));
#464=DIRECTION('',(0.196116135138184,0.0,0.98058067569092));
#465=AXIS2_PLACEMENT_3D('',#462,#463,#464);
#466=PLANE('',#465);
#467=ORIENTED_EDGE('',*,*,#456,.T.);
#468=CARTESIAN_POINT('',(-9.0,-8.5,13.0));
#469=VERTEX_POINT('',#468);
#470=CARTESIAN_POINT('',(-9.0,8.500000000000002,13.0));
#471=DIRECTION('',(0.0,-1.0,0.0));
#472=VECTOR('',#471,17.0);
#473=LINE('',#470,#472);
#474=EDGE_CURVE('',#445,#469,#473,.T.);
#475=ORIENTED_EDGE('',*,*,#474,.T.);
#476=CARTESIAN_POINT('',(-8.999999999999998,-8.5,13.0));
#477=DIRECTION('',(0.196116135138183,0.0,0.98058067569092));
#478=VECTOR('',#477,1.019803902718559);
#479=LINE('',#476,#478);
#480=EDGE_CURVE('',#469,#279,#479,.T.);
#481=ORIENTED_EDGE('',*,*,#480,.T.);
#482=ORIENTED_EDGE('',*,*,#284,.T.);
#483=EDGE_LOOP('',(#467,#475,#481,#482));
#484=FACE_OUTER_BOUND('',#483,.T.);
#485=ADVANCED_FACE('',(#484),#466,.T.);
#486=CARTESIAN_POINT('',(9.0,-8.5,0.0));
#487=DIRECTION('',(0.0,-1.0,0.0));
#488=DIRECTION('',(0.0,0.0,-1.0));
#489=AXIS2_PLACEMENT_3D('',#486,#487,#488);
#490=PLANE('',#489);
#491=ORIENTED_EDGE('',*,*,#306,.F.);
#492=ORIENTED_EDGE('',*,*,#260,.T.);
#493=ORIENTED_EDGE('',*,*,#128,.T.);
#494=ORIENTED_EDGE('',*,*,#203,.T.);
#495=ORIENTED_EDGE('',*,*,#182,.F.);
#496=ORIENTED_EDGE('',*,*,#290,.T.);
#497=ORIENTED_EDGE('',*,*,#480,.F.);
#498=CARTESIAN_POINT('',(-9.0,-8.5,11.399999999999997));
#499=VERTEX_POINT('',#498);
#500=CARTESIAN_POINT('',(-9.0,-8.5,13.0));
#501=DIRECTION('',(0.0,0.0,-1.0));
#502=VECTOR('',#501,1.600000000000003);
#503=LINE('',#500,#502);
#504=EDGE_CURVE('',#469,#499,#503,.T.);
#505=ORIENTED_EDGE('',*,*,#504,.T.);
#506=CARTESIAN_POINT('',(-9.800000000000004,-8.5,11.399999999999997));
#507=VERTEX_POINT('',#506);
#508=CARTESIAN_POINT('',(-9.0,-8.5,11.399999999999997));
#509=DIRECTION('',(-1.0,0.0,0.0));
#510=VECTOR('',#509,0.800000000000004);
#511=LINE('',#508,#510);
#512=EDGE_CURVE('',#499,#507,#511,.T.);
#513=ORIENTED_EDGE('',*,*,#512,.T.);
#514=CARTESIAN_POINT('',(-9.800000000000004,-8.5,8.399999999999993));
#515=VERTEX_POINT('',#514);
#516=CARTESIAN_POINT('',(-9.800000000000001,-8.5,8.399999999999993));
#517=DIRECTION('',(0.0,0.0,1.0));
#518=VECTOR('',#517,3.000000000000004);
#519=LINE('',#516,#518);
#520=EDGE_CURVE('',#515,#507,#519,.T.);
#521=ORIENTED_EDGE('',*,*,#520,.F.);
#522=CARTESIAN_POINT('',(-8.699999999999999,-8.5,8.399999999999993));
#523=VERTEX_POINT('',#522);
#524=CARTESIAN_POINT('',(-8.699999999999999,-8.5,8.399999999999995));
#525=DIRECTION('',(-1.0,0.0,0.0));
#526=VECTOR('',#525,1.100000000000005);
#527=LINE('',#524,#526);
#528=EDGE_CURVE('',#523,#515,#527,.T.);
#529=ORIENTED_EDGE('',*,*,#528,.F.);
#530=CARTESIAN_POINT('',(-8.699999999999999,-8.5,-1.2));
#531=VERTEX_POINT('',#530);
#532=CARTESIAN_POINT('',(-8.699999999999999,-8.5,-1.2));
#533=DIRECTION('',(0.0,0.0,1.0));
#534=VECTOR('',#533,9.599999999999993);
#535=LINE('',#532,#534);
#536=EDGE_CURVE('',#531,#523,#535,.T.);
#537=ORIENTED_EDGE('',*,*,#536,.F.);
#538=CARTESIAN_POINT('',(-7.5,-8.5,-1.2));
#539=VERTEX_POINT('',#538);
#540=CARTESIAN_POINT('',(-8.699999999999999,-8.5,-1.2));
#541=DIRECTION('',(1.0,0.0,0.0));
#542=VECTOR('',#541,1.199999999999999);
#543=LINE('',#540,#542);
#544=EDGE_CURVE('',#531,#539,#543,.T.);
#545=ORIENTED_EDGE('',*,*,#544,.T.);
#546=CARTESIAN_POINT('',(-7.5,-8.5,0.0));
#547=VERTEX_POINT('',#546);
#548=CARTESIAN_POINT('',(-7.5,-8.5,0.0));
#549=DIRECTION('',(0.0,0.0,-1.0));
#550=VECTOR('',#549,1.2);
#551=LINE('',#548,#550);
#552=EDGE_CURVE('',#547,#539,#551,.T.);
#553=ORIENTED_EDGE('',*,*,#552,.F.);
#554=CARTESIAN_POINT('',(7.5,-8.500000000000004,0.0));
#555=VERTEX_POINT('',#554);
#556=CARTESIAN_POINT('',(7.5,-8.5,0.0));
#557=DIRECTION('',(-1.0,0.0,0.0));
#558=VECTOR('',#557,15.0);
#559=LINE('',#556,#558);
#560=EDGE_CURVE('',#555,#547,#559,.T.);
#561=ORIENTED_EDGE('',*,*,#560,.F.);
#562=CARTESIAN_POINT('',(7.5,-8.500000000000004,-1.2));
#563=VERTEX_POINT('',#562);
#564=CARTESIAN_POINT('',(7.5,-8.500000000000004,0.0));
#565=DIRECTION('',(0.0,0.0,-1.0));
#566=VECTOR('',#565,1.2);
#567=LINE('',#564,#566);
#568=EDGE_CURVE('',#555,#563,#567,.T.);
#569=ORIENTED_EDGE('',*,*,#568,.T.);
#570=CARTESIAN_POINT('',(8.699999999999999,-8.5,-1.2));
#571=VERTEX_POINT('',#570);
#572=CARTESIAN_POINT('',(7.5,-8.500000000000002,-1.2));
#573=DIRECTION('',(1.0,0.0,0.0));
#574=VECTOR('',#573,1.199999999999999);
#575=LINE('',#572,#574);
#576=EDGE_CURVE('',#563,#571,#575,.T.);
#577=ORIENTED_EDGE('',*,*,#576,.T.);
#578=CARTESIAN_POINT('',(8.699999999999999,-8.5,8.399999999999993));
#579=VERTEX_POINT('',#578);
#580=CARTESIAN_POINT('',(8.699999999999999,-8.5,8.399999999999993));
#581=DIRECTION('',(0.0,0.0,-1.0));
#582=VECTOR('',#581,9.599999999999993);
#583=LINE('',#580,#582);
#584=EDGE_CURVE('',#579,#571,#583,.T.);
#585=ORIENTED_EDGE('',*,*,#584,.F.);
#586=CARTESIAN_POINT('',(9.800000000000004,-8.5,8.399999999999993));
#587=VERTEX_POINT('',#586);
#588=CARTESIAN_POINT('',(9.800000000000004,-8.5,8.399999999999995));
#589=DIRECTION('',(-1.0,0.0,0.0));
#590=VECTOR('',#589,1.100000000000005);
#591=LINE('',#588,#590);
#592=EDGE_CURVE('',#587,#579,#591,.T.);
#593=ORIENTED_EDGE('',*,*,#592,.F.);
#594=CARTESIAN_POINT('',(9.800000000000004,-8.5,11.399999999999997));
#595=VERTEX_POINT('',#594);
#596=CARTESIAN_POINT('',(9.800000000000001,-8.5,8.399999999999993));
#597=DIRECTION('',(0.0,0.0,1.0));
#598=VECTOR('',#597,3.000000000000004);
#599=LINE('',#596,#598);
#600=EDGE_CURVE('',#587,#595,#599,.T.);
#601=ORIENTED_EDGE('',*,*,#600,.T.);
#602=CARTESIAN_POINT('',(9.0,-8.5,11.399999999999997));
#603=VERTEX_POINT('',#602);
#604=CARTESIAN_POINT('',(9.0,-8.5,11.399999999999997));
#605=DIRECTION('',(1.0,0.0,0.0));
#606=VECTOR('',#605,0.800000000000004);
#607=LINE('',#604,#606);
#608=EDGE_CURVE('',#603,#595,#607,.T.);
#609=ORIENTED_EDGE('',*,*,#608,.F.);
#610=CARTESIAN_POINT('',(9.0,-8.5,13.0));
#611=DIRECTION('',(0.0,0.0,-1.0));
#612=VECTOR('',#611,1.600000000000003);
#613=LINE('',#610,#612);
#614=EDGE_CURVE('',#301,#603,#613,.T.);
#615=ORIENTED_EDGE('',*,*,#614,.F.);
#616=EDGE_LOOP('',(#491,#492,#493,#494,#495,#496,#497,#505,#513,#521,#529,#537,#545,#553,#561,#569,#577,#585,#593,#601,#609,#615));
#617=FACE_OUTER_BOUND('',#616,.T.);
#618=ADVANCED_FACE('',(#617),#490,.T.);
#619=CARTESIAN_POINT('',(-9.0,-8.5,0.0));
#620=DIRECTION('',(-1.0,0.0,0.0));
#621=DIRECTION('',(0.0,0.0,1.0));
#622=AXIS2_PLACEMENT_3D('',#619,#620,#621);
#623=PLANE('',#622);
#624=ORIENTED_EDGE('',*,*,#474,.F.);
#625=ORIENTED_EDGE('',*,*,#450,.F.);
#626=CARTESIAN_POINT('',(-9.0,6.05,11.399999999999997));
#627=VERTEX_POINT('',#626);
#628=CARTESIAN_POINT('',(-9.0,8.5,11.400000000000004));
#629=DIRECTION('',(0.0,-1.0,0.0));
#630=VECTOR('',#629,2.450000000000001);
#631=LINE('',#628,#630);
#632=EDGE_CURVE('',#437,#627,#631,.T.);
#633=ORIENTED_EDGE('',*,*,#632,.T.);
#634=CARTESIAN_POINT('',(-9.0,6.05,8.399999999999995));
#635=VERTEX_POINT('',#634);
#636=CARTESIAN_POINT('',(-9.0,6.05,11.399999999999997));
#637=DIRECTION('',(0.0,0.0,-1.0));
#638=VECTOR('',#637,3.000000000000002);
#639=LINE('',#636,#638);
#640=EDGE_CURVE('',#627,#635,#639,.T.);
#641=ORIENTED_EDGE('',*,*,#640,.T.);
#642=CARTESIAN_POINT('',(-9.0,8.200000000000001,8.4));
#643=VERTEX_POINT('',#642);
#644=CARTESIAN_POINT('',(-9.0,6.05,8.399999999999993));
#645=DIRECTION('',(0.0,1.0,0.0));
#646=VECTOR('',#645,2.150000000000001);
#647=LINE('',#644,#646);
#648=EDGE_CURVE('',#635,#643,#647,.T.);
#649=ORIENTED_EDGE('',*,*,#648,.T.);
#650=CARTESIAN_POINT('',(-9.0,8.200000000000001,-1.2));
#651=VERTEX_POINT('',#650);
#652=CARTESIAN_POINT('',(-9.0,8.200000000000001,-1.2));
#653=DIRECTION('',(0.0,0.0,1.0));
#654=VECTOR('',#653,9.6);
#655=LINE('',#652,#654);
#656=EDGE_CURVE('',#651,#643,#655,.T.);
#657=ORIENTED_EDGE('',*,*,#656,.F.);
#658=CARTESIAN_POINT('',(-8.999999999999996,7.000000000000003,-1.2));
#659=VERTEX_POINT('',#658);
#660=CARTESIAN_POINT('',(-9.0,8.200000000000001,-1.2));
#661=DIRECTION('',(0.0,-1.0,0.0));
#662=VECTOR('',#661,1.199999999999998);
#663=LINE('',#660,#662);
#664=EDGE_CURVE('',#651,#659,#663,.T.);
#665=ORIENTED_EDGE('',*,*,#664,.T.);
#666=CARTESIAN_POINT('',(-8.999999999999996,7.000000000000003,0.0));
#667=VERTEX_POINT('',#666);
#668=CARTESIAN_POINT('',(-8.999999999999996,7.000000000000003,0.0));
#669=DIRECTION('',(0.0,0.0,-1.0));
#670=VECTOR('',#669,1.2);
#671=LINE('',#668,#670);
#672=EDGE_CURVE('',#667,#659,#671,.T.);
#673=ORIENTED_EDGE('',*,*,#672,.F.);
#674=CARTESIAN_POINT('',(-9.0,-6.999999999999998,0.0));
#675=VERTEX_POINT('',#674);
#676=CARTESIAN_POINT('',(-9.0,-6.999999999999997,0.0));
#677=DIRECTION('',(0.0,1.0,0.0));
#678=VECTOR('',#677,14.0);
#679=LINE('',#676,#678);
#680=EDGE_CURVE('',#675,#667,#679,.T.);
#681=ORIENTED_EDGE('',*,*,#680,.F.);
#682=CARTESIAN_POINT('',(-9.0,-6.999999999999998,-1.2));
#683=VERTEX_POINT('',#682);
#684=CARTESIAN_POINT('',(-9.0,-6.999999999999998,0.0));
#685=DIRECTION('',(0.0,0.0,-1.0));
#686=VECTOR('',#685,1.2);
#687=LINE('',#684,#686);
#688=EDGE_CURVE('',#675,#683,#687,.T.);
#689=ORIENTED_EDGE('',*,*,#688,.T.);
#690=CARTESIAN_POINT('',(-9.0,-8.200000000000001,-1.2));
#691=VERTEX_POINT('',#690);
#692=CARTESIAN_POINT('',(-9.0,-6.999999999999997,-1.2));
#693=DIRECTION('',(0.0,-1.0,0.0));
#694=VECTOR('',#693,1.200000000000002);
#695=LINE('',#692,#694);
#696=EDGE_CURVE('',#683,#691,#695,.T.);
#697=ORIENTED_EDGE('',*,*,#696,.T.);
#698=CARTESIAN_POINT('',(-9.0,-8.200000000000001,8.399999999999995));
#699=VERTEX_POINT('',#698);
#700=CARTESIAN_POINT('',(-9.0,-8.200000000000001,8.399999999999995));
#701=DIRECTION('',(0.0,0.0,-1.0));
#702=VECTOR('',#701,9.599999999999994);
#703=LINE('',#700,#702);
#704=EDGE_CURVE('',#699,#691,#703,.T.);
#705=ORIENTED_EDGE('',*,*,#704,.F.);
#706=CARTESIAN_POINT('',(-9.0,-6.05,8.399999999999995));
#707=VERTEX_POINT('',#706);
#708=CARTESIAN_POINT('',(-9.0,-8.199999999999999,8.399999999999995));
#709=DIRECTION('',(0.0,1.0,0.0));
#710=VECTOR('',#709,2.15);
#711=LINE('',#708,#710);
#712=EDGE_CURVE('',#699,#707,#711,.T.);
#713=ORIENTED_EDGE('',*,*,#712,.T.);
#714=CARTESIAN_POINT('',(-9.0,-6.05,11.399999999999997));
#715=VERTEX_POINT('',#714);
#716=CARTESIAN_POINT('',(-9.0,-6.05,8.399999999999995));
#717=DIRECTION('',(0.0,0.0,1.0));
#718=VECTOR('',#717,3.000000000000002);
#719=LINE('',#716,#718);
#720=EDGE_CURVE('',#707,#715,#719,.T.);
#721=ORIENTED_EDGE('',*,*,#720,.T.);
#722=CARTESIAN_POINT('',(-9.0,-6.049999999999999,11.399999999999997));
#723=DIRECTION('',(0.0,-1.0,0.0));
#724=VECTOR('',#723,2.450000000000001);
#725=LINE('',#722,#724);
#726=EDGE_CURVE('',#715,#499,#725,.T.);
#727=ORIENTED_EDGE('',*,*,#726,.T.);
#728=ORIENTED_EDGE('',*,*,#504,.F.);
#729=EDGE_LOOP('',(#624,#625,#633,#641,#649,#657,#665,#673,#681,#689,#697,#705,#713,#721,#727,#728));
#730=FACE_OUTER_BOUND('',#729,.T.);
#731=CARTESIAN_POINT('',(-9.0,2.574999999999998,8.399999999999999));
#732=VERTEX_POINT('',#731);
#733=CARTESIAN_POINT('',(-9.0,3.975,8.399999999999999));
#734=VERTEX_POINT('',#733);
#735=CARTESIAN_POINT('',(-9.0,2.574999999999998,8.399999999999999));
#736=DIRECTION('',(0.0,1.0,0.0));
#737=VECTOR('',#736,1.400000000000002);
#738=LINE('',#735,#737);
#739=EDGE_CURVE('',#732,#734,#738,.T.);
#740=ORIENTED_EDGE('',*,*,#739,.T.);
#741=CARTESIAN_POINT('',(-9.0,3.975,11.399999999999999));
#742=VERTEX_POINT('',#741);
#743=CARTESIAN_POINT('',(-9.0,3.975,8.399999999999999));
#744=DIRECTION('',(0.0,0.0,1.0));
#745=VECTOR('',#744,3.0);
#746=LINE('',#743,#745);
#747=EDGE_CURVE('',#734,#742,#746,.T.);
#748=ORIENTED_EDGE('',*,*,#747,.T.);
#749=CARTESIAN_POINT('',(-9.0,2.574999999999998,11.399999999999999));
#750=VERTEX_POINT('',#749);
#751=CARTESIAN_POINT('',(-9.0,3.975,11.399999999999999));
#752=DIRECTION('',(0.0,-1.0,0.0));
#753=VECTOR('',#752,1.400000000000001);
#754=LINE('',#751,#753);
#755=EDGE_CURVE('',#742,#750,#754,.T.);
#756=ORIENTED_EDGE('',*,*,#755,.T.);
#757=CARTESIAN_POINT('',(-9.0,2.574999999999998,11.399999999999999));
#758=DIRECTION('',(0.0,0.0,-1.0));
#759=VECTOR('',#758,3.0);
#760=LINE('',#757,#759);
#761=EDGE_CURVE('',#750,#732,#760,.T.);
#762=ORIENTED_EDGE('',*,*,#761,.T.);
#763=EDGE_LOOP('',(#740,#748,#756,#762));
#764=FACE_BOUND('',#763,.T.);
#765=CARTESIAN_POINT('',(-9.0,-3.975,8.399999999999999));
#766=VERTEX_POINT('',#765);
#767=CARTESIAN_POINT('',(-9.0,-2.574999999999999,8.399999999999999));
#768=VERTEX_POINT('',#767);
#769=CARTESIAN_POINT('',(-9.0,-3.975,8.399999999999999));
#770=DIRECTION('',(0.0,1.0,0.0));
#771=VECTOR('',#770,1.4);
#772=LINE('',#769,#771);
#773=EDGE_CURVE('',#766,#768,#772,.T.);
#774=ORIENTED_EDGE('',*,*,#773,.T.);
#775=CARTESIAN_POINT('',(-9.0,-2.574999999999999,11.399999999999999));
#776=VERTEX_POINT('',#775);
#777=CARTESIAN_POINT('',(-9.0,-2.574999999999999,8.399999999999999));
#778=DIRECTION('',(0.0,0.0,1.0));
#779=VECTOR('',#778,3.0);
#780=LINE('',#777,#779);
#781=EDGE_CURVE('',#768,#776,#780,.T.);
#782=ORIENTED_EDGE('',*,*,#781,.T.);
#783=CARTESIAN_POINT('',(-9.0,-3.975,11.399999999999999));
#784=VERTEX_POINT('',#783);
#785=CARTESIAN_POINT('',(-9.0,-2.575,11.399999999999999));
#786=DIRECTION('',(0.0,-1.0,0.0));
#787=VECTOR('',#786,1.4);
#788=LINE('',#785,#787);
#789=EDGE_CURVE('',#776,#784,#788,.T.);
#790=ORIENTED_EDGE('',*,*,#789,.T.);
#791=CARTESIAN_POINT('',(-9.0,-3.975,11.399999999999999));
#792=DIRECTION('',(0.0,0.0,-1.0));
#793=VECTOR('',#792,3.0);
#794=LINE('',#791,#793);
#795=EDGE_CURVE('',#784,#766,#794,.T.);
#796=ORIENTED_EDGE('',*,*,#795,.T.);
#797=EDGE_LOOP('',(#774,#782,#790,#796));
#798=FACE_BOUND('',#797,.T.);
#799=CARTESIAN_POINT('',(-9.0,-1.4,11.399999999999999));
#800=VERTEX_POINT('',#799);
#801=CARTESIAN_POINT('',(-9.0,-1.4,9.599999999999998));
#802=VERTEX_POINT('',#801);
#803=CARTESIAN_POINT('',(-9.0,-1.4,11.399999999999999));
#804=DIRECTION('',(0.0,0.0,-1.0));
#805=VECTOR('',#804,1.800000000000001);
#806=LINE('',#803,#805);
#807=EDGE_CURVE('',#800,#802,#806,.T.);
#808=ORIENTED_EDGE('',*,*,#807,.T.);
#809=CARTESIAN_POINT('',(-9.0,1.4,9.599999999999998));
#810=VERTEX_POINT('',#809);
#811=CARTESIAN_POINT('',(-9.0,-1.4,9.599999999999998));
#812=DIRECTION('',(0.0,1.0,0.0));
#813=VECTOR('',#812,2.8);
#814=LINE('',#811,#813);
#815=EDGE_CURVE('',#802,#810,#814,.T.);
#816=ORIENTED_EDGE('',*,*,#815,.T.);
#817=CARTESIAN_POINT('',(-9.0,1.4,11.399999999999999));
#818=VERTEX_POINT('',#817);
#819=CARTESIAN_POINT('',(-9.0,1.4,9.599999999999998));
#820=DIRECTION('',(0.0,0.0,1.0));
#821=VECTOR('',#820,1.800000000000001);
#822=LINE('',#819,#821);
#823=EDGE_CURVE('',#810,#818,#822,.T.);
#824=ORIENTED_EDGE('',*,*,#823,.T.);
#825=CARTESIAN_POINT('',(-9.0,1.4,11.399999999999991));
#826=DIRECTION('',(0.0,-1.0,0.0));
#827=VECTOR('',#826,2.8);
#828=LINE('',#825,#827);
#829=EDGE_CURVE('',#818,#800,#828,.T.);
#830=ORIENTED_EDGE('',*,*,#829,.T.);
#831=EDGE_LOOP('',(#808,#816,#824,#830));
#832=FACE_BOUND('',#831,.T.);
#833=ADVANCED_FACE('',(#730,#764,#798,#832),#623,.T.);
#834=CARTESIAN_POINT('',(-9.092789950538323,-1.4,10.445194101601103));
#835=DIRECTION('',(0.0,1.0,0.0));
#836=DIRECTION('',(0.0,0.0,1.0));
#837=AXIS2_PLACEMENT_3D('',#834,#835,#836);
#838=PLANE('',#837);
#839=ORIENTED_EDGE('',*,*,#807,.F.);
#840=CARTESIAN_POINT('',(-9.25,-1.4,10.399999999999995));
#841=VERTEX_POINT('',#840);
#842=CARTESIAN_POINT('',(-9.25,-1.4,10.399999999999995));
#843=DIRECTION('',(0.242535625036332,0.0,0.970142500145332));
#844=VECTOR('',#843,1.030776406404419);
#845=LINE('',#842,#844);
#846=EDGE_CURVE('',#841,#800,#845,.T.);
#847=ORIENTED_EDGE('',*,*,#846,.F.);
#848=CARTESIAN_POINT('',(-9.25,-1.4,9.599999999999998));
#849=VERTEX_POINT('',#848);
#850=CARTESIAN_POINT('',(-9.25,-1.4,9.599999999999996));
#851=DIRECTION('',(0.0,0.0,1.0));
#852=VECTOR('',#851,0.799999999999999);
#853=LINE('',#850,#852);
#854=EDGE_CURVE('',#849,#841,#853,.T.);
#855=ORIENTED_EDGE('',*,*,#854,.F.);
#856=CARTESIAN_POINT('',(-9.0,-1.4,9.599999999999998));
#857=DIRECTION('',(-1.0,0.0,0.0));
#858=VECTOR('',#857,0.25);
#859=LINE('',#856,#858);
#860=EDGE_CURVE('',#802,#849,#859,.T.);
#861=ORIENTED_EDGE('',*,*,#860,.F.);
#862=EDGE_LOOP('',(#839,#847,#855,#861));
#863=FACE_OUTER_BOUND('',#862,.T.);
#864=ADVANCED_FACE('',(#863),#838,.F.);
#865=CARTESIAN_POINT('',(-9.25,0.0,10.399999999999995));
#866=DIRECTION('',(-1.0,0.0,0.0));
#867=DIRECTION('',(0.0,0.0,1.0));
#868=AXIS2_PLACEMENT_3D('',#865,#866,#867);
#869=PLANE('',#868);
#870=CARTESIAN_POINT('',(-9.25,1.4,10.399999999999995));
#871=VERTEX_POINT('',#870);
#872=CARTESIAN_POINT('',(-9.25,1.4,9.599999999999998));
#873=VERTEX_POINT('',#872);
#874=CARTESIAN_POINT('',(-9.25,1.4,10.399999999999995));
#875=DIRECTION('',(0.0,0.0,-1.0));
#876=VECTOR('',#875,0.799999999999999);
#877=LINE('',#874,#876);
#878=EDGE_CURVE('',#871,#873,#877,.T.);
#879=ORIENTED_EDGE('',*,*,#878,.T.);
#880=CARTESIAN_POINT('',(-9.25,1.4,9.599999999999998));
#881=DIRECTION('',(0.0,-1.0,0.0));
#882=VECTOR('',#881,2.8);
#883=LINE('',#880,#882);
#884=EDGE_CURVE('',#873,#849,#883,.T.);
#885=ORIENTED_EDGE('',*,*,#884,.T.);
#886=ORIENTED_EDGE('',*,*,#854,.T.);
#887=CARTESIAN_POINT('',(-9.25,1.4,10.399999999999995));
#888=DIRECTION('',(0.0,-1.0,0.0));
#889=VECTOR('',#888,2.8);
#890=LINE('',#887,#889);
#891=EDGE_CURVE('',#871,#841,#890,.T.);
#892=ORIENTED_EDGE('',*,*,#891,.F.);
#893=EDGE_LOOP('',(#879,#885,#886,#892));
#894=FACE_OUTER_BOUND('',#893,.T.);
#895=ADVANCED_FACE('',(#894),#869,.T.);
#896=CARTESIAN_POINT('',(-9.25,0.0,9.599999999999998));
#897=DIRECTION('',(0.0,0.0,-1.0));
#898=DIRECTION('',(-1.0,0.0,0.0));
#899=AXIS2_PLACEMENT_3D('',#896,#897,#898);
#900=PLANE('',#899);
#901=CARTESIAN_POINT('',(-9.25,1.4,9.599999999999998));
#902=DIRECTION('',(1.0,0.0,0.0));
#903=VECTOR('',#902,0.25);
#904=LINE('',#901,#903);
#905=EDGE_CURVE('',#873,#810,#904,.T.);
#906=ORIENTED_EDGE('',*,*,#905,.T.);
#907=ORIENTED_EDGE('',*,*,#815,.F.);
#908=ORIENTED_EDGE('',*,*,#860,.T.);
#909=ORIENTED_EDGE('',*,*,#884,.F.);
#910=EDGE_LOOP('',(#906,#907,#908,#909));
#911=FACE_OUTER_BOUND('',#910,.T.);
#912=ADVANCED_FACE('',(#911),#900,.T.);
#913=CARTESIAN_POINT('',(-9.0,0.0,11.399999999999999));
#914=DIRECTION('',(-0.970142500145332,0.0,0.242535625036332));
#915=DIRECTION('',(0.242535625036332,0.0,0.970142500145332));
#916=AXIS2_PLACEMENT_3D('',#913,#914,#915);
#917=PLANE('',#916);
#918=CARTESIAN_POINT('',(-9.0,1.4,11.399999999999999));
#919=DIRECTION('',(-0.242535625036332,0.0,-0.970142500145332));
#920=VECTOR('',#919,1.030776406404419);
#921=LINE('',#918,#920);
#922=EDGE_CURVE('',#818,#871,#921,.T.);
#923=ORIENTED_EDGE('',*,*,#922,.T.);
#924=ORIENTED_EDGE('',*,*,#891,.T.);
#925=ORIENTED_EDGE('',*,*,#846,.T.);
#926=ORIENTED_EDGE('',*,*,#829,.F.);
#927=EDGE_LOOP('',(#923,#924,#925,#926));
#928=FACE_OUTER_BOUND('',#927,.T.);
#929=ADVANCED_FACE('',(#928),#917,.T.);
#930=CARTESIAN_POINT('',(-9.092789950538323,1.4,10.4451941016011));
#931=DIRECTION('',(0.0,1.0,0.0));
#932=DIRECTION('',(0.0,0.0,1.0));
#933=AXIS2_PLACEMENT_3D('',#930,#931,#932);
#934=PLANE('',#933);
#935=ORIENTED_EDGE('',*,*,#878,.F.);
#936=ORIENTED_EDGE('',*,*,#922,.F.);
#937=ORIENTED_EDGE('',*,*,#823,.F.);
#938=ORIENTED_EDGE('',*,*,#905,.F.);
#939=EDGE_LOOP('',(#935,#936,#937,#938));
#940=FACE_OUTER_BOUND('',#939,.T.);
#941=ADVANCED_FACE('',(#940),#934,.T.);
#942=CARTESIAN_POINT('',(9.092789950538325,-1.4,10.4451941016011));
#943=DIRECTION('',(0.0,1.0,0.0));
#944=DIRECTION('',(0.0,0.0,1.0));
#945=AXIS2_PLACEMENT_3D('',#942,#943,#944);
#946=PLANE('',#945);
#947=CARTESIAN_POINT('',(9.25,-1.4,10.399999999999995));
#948=VERTEX_POINT('',#947);
#949=CARTESIAN_POINT('',(9.25,-1.4,9.599999999999998));
#950=VERTEX_POINT('',#949);
#951=CARTESIAN_POINT('',(9.25,-1.4,10.399999999999995));
#952=DIRECTION('',(0.0,0.0,-1.0));
#953=VECTOR('',#952,0.799999999999999);
#954=LINE('',#951,#953);
#955=EDGE_CURVE('',#948,#950,#954,.T.);
#956=ORIENTED_EDGE('',*,*,#955,.F.);
#957=CARTESIAN_POINT('',(9.0,-1.4,11.399999999999997));
#958=VERTEX_POINT('',#957);
#959=CARTESIAN_POINT('',(9.0,-1.4,11.399999999999997));
#960=DIRECTION('',(0.242535625036333,0.0,-0.970142500145332));
#961=VECTOR('',#960,1.030776406404417);
#962=LINE('',#959,#961);
#963=EDGE_CURVE('',#958,#948,#962,.T.);
#964=ORIENTED_EDGE('',*,*,#963,.F.);
#965=CARTESIAN_POINT('',(9.0,-1.4,9.599999999999998));
#966=VERTEX_POINT('',#965);
#967=CARTESIAN_POINT('',(9.0,-1.4,9.599999999999998));
#968=DIRECTION('',(0.0,0.0,1.0));
#969=VECTOR('',#968,1.799999999999999);
#970=LINE('',#967,#969);
#971=EDGE_CURVE('',#966,#958,#970,.T.);
#972=ORIENTED_EDGE('',*,*,#971,.F.);
#973=CARTESIAN_POINT('',(9.25,-1.4,9.599999999999998));
#974=DIRECTION('',(-1.0,0.0,0.0));
#975=VECTOR('',#974,0.25);
#976=LINE('',#973,#975);
#977=EDGE_CURVE('',#950,#966,#976,.T.);
#978=ORIENTED_EDGE('',*,*,#977,.F.);
#979=EDGE_LOOP('',(#956,#964,#972,#978));
#980=FACE_OUTER_BOUND('',#979,.T.);
#981=ADVANCED_FACE('',(#980),#946,.F.);
#982=CARTESIAN_POINT('',(9.0,0.0,9.599999999999998));
#983=DIRECTION('',(0.0,0.0,-1.0));
#984=DIRECTION('',(-1.0,0.0,0.0));
#985=AXIS2_PLACEMENT_3D('',#982,#983,#984);
#986=PLANE('',#985);
#987=CARTESIAN_POINT('',(9.0,1.4,9.599999999999998));
#988=VERTEX_POINT('',#987);
#989=CARTESIAN_POINT('',(9.25,1.4,9.599999999999998));
#990=VERTEX_POINT('',#989);
#991=CARTESIAN_POINT('',(9.0,1.4,9.599999999999998));
#992=DIRECTION('',(1.0,0.0,0.0));
#993=VECTOR('',#992,0.25);
#994=LINE('',#991,#993);
#995=EDGE_CURVE('',#988,#990,#994,.T.);
#996=ORIENTED_EDGE('',*,*,#995,.T.);
#997=CARTESIAN_POINT('',(9.25,-1.4,9.599999999999998));
#998=DIRECTION('',(0.0,1.0,0.0));
#999=VECTOR('',#998,2.8);
#1000=LINE('',#997,#999);
#1001=EDGE_CURVE('',#950,#990,#1000,.T.);
#1002=ORIENTED_EDGE('',*,*,#1001,.F.);
#1003=ORIENTED_EDGE('',*,*,#977,.T.);
#1004=CARTESIAN_POINT('',(9.0,1.4,9.599999999999998));
#1005=DIRECTION('',(0.0,-1.0,0.0));
#1006=VECTOR('',#1005,2.8);
#1007=LINE('',#1004,#1006);
#1008=EDGE_CURVE('',#988,#966,#1007,.T.);
#1009=ORIENTED_EDGE('',*,*,#1008,.F.);
#1010=EDGE_LOOP('',(#996,#1002,#1003,#1009));
#1011=FACE_OUTER_BOUND('',#1010,.T.);
#1012=ADVANCED_FACE('',(#1011),#986,.T.);
#1013=CARTESIAN_POINT('',(9.25,0.0,9.599999999999998));
#1014=DIRECTION('',(1.0,0.0,0.0));
#1015=DIRECTION('',(0.0,0.0,-1.0));
#1016=AXIS2_PLACEMENT_3D('',#1013,#1014,#1015);
#1017=PLANE('',#1016);
#1018=CARTESIAN_POINT('',(9.25,1.4,10.399999999999995));
#1019=VERTEX_POINT('',#1018);
#1020=CARTESIAN_POINT('',(9.25,1.4,9.599999999999996));
#1021=DIRECTION('',(0.0,0.0,1.0));
#1022=VECTOR('',#1021,0.799999999999999);
#1023=LINE('',#1020,#1022);
#1024=EDGE_CURVE('',#990,#1019,#1023,.T.);
#1025=ORIENTED_EDGE('',*,*,#1024,.T.);
#1026=CARTESIAN_POINT('',(9.25,-1.4,10.399999999999995));
#1027=DIRECTION('',(0.0,1.0,0.0));
#1028=VECTOR('',#1027,2.8);
#1029=LINE('',#1026,#1028);
#1030=EDGE_CURVE('',#948,#1019,#1029,.T.);
#1031=ORIENTED_EDGE('',*,*,#1030,.F.);
#1032=ORIENTED_EDGE('',*,*,#955,.T.);
#1033=ORIENTED_EDGE('',*,*,#1001,.T.);
#1034=EDGE_LOOP('',(#1025,#1031,#1032,#1033));
#1035=FACE_OUTER_BOUND('',#1034,.T.);
#1036=ADVANCED_FACE('',(#1035),#1017,.T.);
#1037=CARTESIAN_POINT('',(9.25,0.0,10.399999999999995));
#1038=DIRECTION('',(0.970142500145332,0.0,0.242535625036333));
#1039=DIRECTION('',(0.242535625036333,0.0,-0.970142500145332));
#1040=AXIS2_PLACEMENT_3D('',#1037,#1038,#1039);
#1041=PLANE('',#1040);
#1042=CARTESIAN_POINT('',(9.0,1.4,11.399999999999997));
#1043=VERTEX_POINT('',#1042);
#1044=CARTESIAN_POINT('',(9.25,1.4,10.399999999999995));
#1045=DIRECTION('',(-0.242535625036333,0.0,0.970142500145332));
#1046=VECTOR('',#1045,1.030776406404417);
#1047=LINE('',#1044,#1046);
#1048=EDGE_CURVE('',#1019,#1043,#1047,.T.);
#1049=ORIENTED_EDGE('',*,*,#1048,.T.);
#1050=CARTESIAN_POINT('',(9.0,-1.4,11.399999999999997));
#1051=DIRECTION('',(0.0,1.0,0.0));
#1052=VECTOR('',#1051,2.8);
#1053=LINE('',#1050,#1052);
#1054=EDGE_CURVE('',#958,#1043,#1053,.T.);
#1055=ORIENTED_EDGE('',*,*,#1054,.F.);
#1056=ORIENTED_EDGE('',*,*,#963,.T.);
#1057=ORIENTED_EDGE('',*,*,#1030,.T.);
#1058=EDGE_LOOP('',(#1049,#1055,#1056,#1057));
#1059=FACE_OUTER_BOUND('',#1058,.T.);
#1060=ADVANCED_FACE('',(#1059),#1041,.T.);
#1061=CARTESIAN_POINT('',(9.092789950538322,1.4,10.4451941016011));
#1062=DIRECTION('',(0.0,1.0,0.0));
#1063=DIRECTION('',(0.0,0.0,1.0));
#1064=AXIS2_PLACEMENT_3D('',#1061,#1062,#1063);
#1065=PLANE('',#1064);
#1066=CARTESIAN_POINT('',(9.0,1.4,11.399999999999997));
#1067=DIRECTION('',(0.0,0.0,-1.0));
#1068=VECTOR('',#1067,1.799999999999999);
#1069=LINE('',#1066,#1068);
#1070=EDGE_CURVE('',#1043,#988,#1069,.T.);
#1071=ORIENTED_EDGE('',*,*,#1070,.F.);
#1072=ORIENTED_EDGE('',*,*,#1048,.F.);
#1073=ORIENTED_EDGE('',*,*,#1024,.F.);
#1074=ORIENTED_EDGE('',*,*,#995,.F.);
#1075=EDGE_LOOP('',(#1071,#1072,#1073,#1074));
#1076=FACE_OUTER_BOUND('',#1075,.T.);
#1077=ADVANCED_FACE('',(#1076),#1065,.T.);
#1078=CARTESIAN_POINT('',(-8.699999999999999,-8.200000000000001,0.0));
#1079=DIRECTION('',(0.0,0.0,-1.0));
#1080=DIRECTION('',(-0.707106781186547,-0.707106781186547,0.0));
#1081=AXIS2_PLACEMENT_3D('',#1078,#1079,#1080);
#1082=CYLINDRICAL_SURFACE('',#1081,0.3);
#1083=CARTESIAN_POINT('',(-8.699999999999999,-8.200000000000001,-1.2));
#1084=DIRECTION('',(0.0,0.0,1.0));
#1085=DIRECTION('',(-0.707106781186547,-0.707106781186547,0.0));
#1086=AXIS2_PLACEMENT_3D('',#1083,#1084,#1085);
#1087=CIRCLE('',#1086,0.3);
#1088=EDGE_CURVE('',#691,#531,#1087,.T.);
#1089=ORIENTED_EDGE('',*,*,#1088,.T.);
#1090=ORIENTED_EDGE('',*,*,#536,.T.);
#1091=CARTESIAN_POINT('',(-8.699999999999999,-8.200000000000001,8.399999999999995));
#1092=DIRECTION('',(0.0,0.0,1.0));
#1093=DIRECTION('',(-0.707106781186547,-0.707106781186547,0.0));
#1094=AXIS2_PLACEMENT_3D('',#1091,#1092,#1093);
#1095=CIRCLE('',#1094,0.3);
#1096=EDGE_CURVE('',#523,#699,#1095,.F.);
#1097=ORIENTED_EDGE('',*,*,#1096,.T.);
#1098=ORIENTED_EDGE('',*,*,#704,.T.);
#1099=EDGE_LOOP('',(#1089,#1090,#1097,#1098));
#1100=FACE_OUTER_BOUND('',#1099,.T.);
#1101=ADVANCED_FACE('',(#1100),#1082,.T.);
#1102=CARTESIAN_POINT('',(-8.25,-7.749999999999999,-1.2));
#1103=DIRECTION('',(0.0,0.0,1.0));
#1104=DIRECTION('',(1.0,0.0,0.0));
#1105=AXIS2_PLACEMENT_3D('',#1102,#1103,#1104);
#1106=PLANE('',#1105);
#1107=ORIENTED_EDGE('',*,*,#1088,.F.);
#1108=ORIENTED_EDGE('',*,*,#696,.F.);
#1109=CARTESIAN_POINT('',(-7.5,-6.999999999999998,-1.2));
#1110=VERTEX_POINT('',#1109);
#1111=CARTESIAN_POINT('',(-7.5,-6.999999999999998,-1.2));
#1112=DIRECTION('',(-1.0,0.0,0.0));
#1113=VECTOR('',#1112,1.5);
#1114=LINE('',#1111,#1113);
#1115=EDGE_CURVE('',#1110,#683,#1114,.T.);
#1116=ORIENTED_EDGE('',*,*,#1115,.F.);
#1117=CARTESIAN_POINT('',(-7.5,-8.5,-1.2));
#1118=DIRECTION('',(0.0,1.0,0.0));
#1119=VECTOR('',#1118,1.500000000000002);
#1120=LINE('',#1117,#1119);
#1121=EDGE_CURVE('',#539,#1110,#1120,.T.);
#1122=ORIENTED_EDGE('',*,*,#1121,.F.);
#1123=ORIENTED_EDGE('',*,*,#544,.F.);
#1124=EDGE_LOOP('',(#1107,#1108,#1116,#1122,#1123));
#1125=FACE_OUTER_BOUND('',#1124,.T.);
#1126=ADVANCED_FACE('',(#1125),#1106,.F.);
#1127=CARTESIAN_POINT('',(-8.699999999999999,8.200000000000001,0.0));
#1128=DIRECTION('',(0.0,0.0,1.0));
#1129=DIRECTION('',(-0.707106781186547,0.707106781186547,0.0));
#1130=AXIS2_PLACEMENT_3D('',#1127,#1128,#1129);
#1131=CYLINDRICAL_SURFACE('',#1130,0.3);
#1132=CARTESIAN_POINT('',(-8.699999999999999,8.200000000000001,-1.2));
#1133=DIRECTION('',(0.0,0.0,1.0));
#1134=DIRECTION('',(-0.707106781186547,0.707106781186547,0.0));
#1135=AXIS2_PLACEMENT_3D('',#1132,#1133,#1134);
#1136=CIRCLE('',#1135,0.3);
#1137=EDGE_CURVE('',#405,#651,#1136,.T.);
#1138=ORIENTED_EDGE('',*,*,#1137,.T.);
#1139=ORIENTED_EDGE('',*,*,#656,.T.);
#1140=CARTESIAN_POINT('',(-8.699999999999999,8.200000000000001,8.4));
#1141=DIRECTION('',(0.0,0.0,1.0));
#1142=DIRECTION('',(-0.707106781186547,0.707106781186547,0.0));
#1143=AXIS2_PLACEMENT_3D('',#1140,#1141,#1142);
#1144=CIRCLE('',#1143,0.3);
#1145=EDGE_CURVE('',#643,#413,#1144,.F.);
#1146=ORIENTED_EDGE('',*,*,#1145,.T.);
#1147=ORIENTED_EDGE('',*,*,#418,.T.);
#1148=EDGE_LOOP('',(#1138,#1139,#1146,#1147));
#1149=FACE_OUTER_BOUND('',#1148,.T.);
#1150=ADVANCED_FACE('',(#1149),#1131,.T.);
#1151=CARTESIAN_POINT('',(-8.25,7.75,-1.2));
#1152=DIRECTION('',(0.0,0.0,1.0));
#1153=DIRECTION('',(1.0,0.0,0.0));
#1154=AXIS2_PLACEMENT_3D('',#1151,#1152,#1153);
#1155=PLANE('',#1154);
#1156=ORIENTED_EDGE('',*,*,#1137,.F.);
#1157=ORIENTED_EDGE('',*,*,#410,.F.);
#1158=CARTESIAN_POINT('',(-7.5,7.000000000000001,-1.2));
#1159=VERTEX_POINT('',#1158);
#1160=CARTESIAN_POINT('',(-7.5,7.0,-1.2));
#1161=DIRECTION('',(0.0,1.0,0.0));
#1162=VECTOR('',#1161,1.5);
#1163=LINE('',#1160,#1162);
#1164=EDGE_CURVE('',#1159,#397,#1163,.T.);
#1165=ORIENTED_EDGE('',*,*,#1164,.F.);
#1166=CARTESIAN_POINT('',(-8.999999999999996,7.000000000000004,-1.2));
#1167=DIRECTION('',(1.0,0.0,0.0));
#1168=VECTOR('',#1167,1.499999999999996);
#1169=LINE('',#1166,#1168);
#1170=EDGE_CURVE('',#659,#1159,#1169,.T.);
#1171=ORIENTED_EDGE('',*,*,#1170,.F.);
#1172=ORIENTED_EDGE('',*,*,#664,.F.);
#1173=EDGE_LOOP('',(#1156,#1157,#1165,#1171,#1172));
#1174=FACE_OUTER_BOUND('',#1173,.T.);
#1175=ADVANCED_FACE('',(#1174),#1155,.F.);
#1176=CARTESIAN_POINT('',(8.699999999999999,-8.200000000000001,0.0));
#1177=DIRECTION('',(0.0,0.0,-1.0));
#1178=DIRECTION('',(0.707106781186547,-0.707106781186547,0.0));
#1179=AXIS2_PLACEMENT_3D('',#1176,#1177,#1178);
#1180=CYLINDRICAL_SURFACE('',#1179,0.3);
#1181=CARTESIAN_POINT('',(9.0,-8.200000000000001,-1.2));
#1182=VERTEX_POINT('',#1181);
#1183=CARTESIAN_POINT('',(8.699999999999999,-8.200000000000001,-1.2));
#1184=DIRECTION('',(0.0,0.0,1.0));
#1185=DIRECTION('',(0.707106781186547,-0.707106781186547,0.0));
#1186=AXIS2_PLACEMENT_3D('',#1183,#1184,#1185);
#1187=CIRCLE('',#1186,0.3);
#1188=EDGE_CURVE('',#571,#1182,#1187,.T.);
#1189=ORIENTED_EDGE('',*,*,#1188,.T.);
#1190=CARTESIAN_POINT('',(9.0,-8.200000000000001,8.399999999999993));
#1191=VERTEX_POINT('',#1190);
#1192=CARTESIAN_POINT('',(9.0,-8.200000000000001,-1.2));
#1193=DIRECTION('',(0.0,0.0,1.0));
#1194=VECTOR('',#1193,9.599999999999993);
#1195=LINE('',#1192,#1194);
#1196=EDGE_CURVE('',#1182,#1191,#1195,.T.);
#1197=ORIENTED_EDGE('',*,*,#1196,.T.);
#1198=CARTESIAN_POINT('',(8.699999999999999,-8.200000000000001,8.399999999999995));
#1199=DIRECTION('',(0.0,0.0,1.0));
#1200=DIRECTION('',(0.707106781186547,-0.707106781186547,0.0));
#1201=AXIS2_PLACEMENT_3D('',#1198,#1199,#1200);
#1202=CIRCLE('',#1201,0.3);
#1203=EDGE_CURVE('',#1191,#579,#1202,.F.);
#1204=ORIENTED_EDGE('',*,*,#1203,.T.);
#1205=ORIENTED_EDGE('',*,*,#584,.T.);
#1206=EDGE_LOOP('',(#1189,#1197,#1204,#1205));
#1207=FACE_OUTER_BOUND('',#1206,.T.);
#1208=ADVANCED_FACE('',(#1207),#1180,.T.);
#1209=CARTESIAN_POINT('',(9.0,8.5,0.0));
#1210=DIRECTION('',(1.0,0.0,0.0));
#1211=DIRECTION('',(0.0,0.0,-1.0));
#1212=AXIS2_PLACEMENT_3D('',#1209,#1210,#1211);
#1213=PLANE('',#1212);
#1214=ORIENTED_EDGE('',*,*,#314,.F.);
#1215=ORIENTED_EDGE('',*,*,#614,.T.);
#1216=CARTESIAN_POINT('',(9.0,-6.05,11.399999999999997));
#1217=VERTEX_POINT('',#1216);
#1218=CARTESIAN_POINT('',(9.0,-8.5,11.399999999999997));
#1219=DIRECTION('',(0.0,1.0,0.0));
#1220=VECTOR('',#1219,2.45);
#1221=LINE('',#1218,#1220);
#1222=EDGE_CURVE('',#603,#1217,#1221,.T.);
#1223=ORIENTED_EDGE('',*,*,#1222,.T.);
#1224=CARTESIAN_POINT('',(9.0,-6.05,8.399999999999995));
#1225=VERTEX_POINT('',#1224);
#1226=CARTESIAN_POINT('',(9.0,-6.05,11.399999999999997));
#1227=DIRECTION('',(0.0,0.0,-1.0));
#1228=VECTOR('',#1227,3.000000000000002);
#1229=LINE('',#1226,#1228);
#1230=EDGE_CURVE('',#1217,#1225,#1229,.T.);
#1231=ORIENTED_EDGE('',*,*,#1230,.T.);
#1232=CARTESIAN_POINT('',(9.0,-6.05,8.399999999999993));
#1233=DIRECTION('',(0.0,-1.0,0.0));
#1234=VECTOR('',#1233,2.150000000000001);
#1235=LINE('',#1232,#1234);
#1236=EDGE_CURVE('',#1225,#1191,#1235,.T.);
#1237=ORIENTED_EDGE('',*,*,#1236,.T.);
#1238=ORIENTED_EDGE('',*,*,#1196,.F.);
#1239=CARTESIAN_POINT('',(9.0,-7.000000000000001,-1.2));
#1240=VERTEX_POINT('',#1239);
#1241=CARTESIAN_POINT('',(9.0,-8.200000000000001,-1.2));
#1242=DIRECTION('',(0.0,1.0,0.0));
#1243=VECTOR('',#1242,1.2);
#1244=LINE('',#1241,#1243);
#1245=EDGE_CURVE('',#1182,#1240,#1244,.T.);
#1246=ORIENTED_EDGE('',*,*,#1245,.T.);
#1247=CARTESIAN_POINT('',(9.0,-7.000000000000001,0.0));
#1248=VERTEX_POINT('',#1247);
#1249=CARTESIAN_POINT('',(9.0,-7.000000000000001,0.0));
#1250=DIRECTION('',(0.0,0.0,-1.0));
#1251=VECTOR('',#1250,1.2);
#1252=LINE('',#1249,#1251);
#1253=EDGE_CURVE('',#1248,#1240,#1252,.T.);
#1254=ORIENTED_EDGE('',*,*,#1253,.F.);
#1255=CARTESIAN_POINT('',(9.000000000000005,7.000000000000001,0.0));
#1256=VERTEX_POINT('',#1255);
#1257=CARTESIAN_POINT('',(9.0,7.0,0.0));
#1258=DIRECTION('',(0.0,-1.0,0.0));
#1259=VECTOR('',#1258,14.000000000000004);
#1260=LINE('',#1257,#1259);
#1261=EDGE_CURVE('',#1256,#1248,#1260,.T.);
#1262=ORIENTED_EDGE('',*,*,#1261,.F.);
#1263=CARTESIAN_POINT('',(9.000000000000005,7.000000000000001,-1.2));
#1264=VERTEX_POINT('',#1263);
#1265=CARTESIAN_POINT('',(9.000000000000005,7.000000000000001,0.0));
#1266=DIRECTION('',(0.0,0.0,-1.0));
#1267=VECTOR('',#1266,1.2);
#1268=LINE('',#1265,#1267);
#1269=EDGE_CURVE('',#1256,#1264,#1268,.T.);
#1270=ORIENTED_EDGE('',*,*,#1269,.T.);
#1271=CARTESIAN_POINT('',(9.000000000000002,8.200000000000001,-1.2));
#1272=VERTEX_POINT('',#1271);
#1273=CARTESIAN_POINT('',(9.000000000000005,7.0,-1.2));
#1274=DIRECTION('',(0.0,1.0,0.0));
#1275=VECTOR('',#1274,1.199999999999999);
#1276=LINE('',#1273,#1275);
#1277=EDGE_CURVE('',#1264,#1272,#1276,.T.);
#1278=ORIENTED_EDGE('',*,*,#1277,.T.);
#1279=CARTESIAN_POINT('',(9.0,8.200000000000001,8.4));
#1280=VERTEX_POINT('',#1279);
#1281=CARTESIAN_POINT('',(9.0,8.200000000000001,8.4));
#1282=DIRECTION('',(0.0,0.0,-1.0));
#1283=VECTOR('',#1282,9.6);
#1284=LINE('',#1281,#1283);
#1285=EDGE_CURVE('',#1280,#1272,#1284,.T.);
#1286=ORIENTED_EDGE('',*,*,#1285,.F.);
#1287=CARTESIAN_POINT('',(9.0,6.05,8.399999999999995));
#1288=VERTEX_POINT('',#1287);
#1289=CARTESIAN_POINT('',(9.0,8.199999999999999,8.4));
#1290=DIRECTION('',(0.0,-1.0,0.0));
#1291=VECTOR('',#1290,2.15);
#1292=LINE('',#1289,#1291);
#1293=EDGE_CURVE('',#1280,#1288,#1292,.T.);
#1294=ORIENTED_EDGE('',*,*,#1293,.T.);
#1295=CARTESIAN_POINT('',(9.0,6.05,11.399999999999997));
#1296=VERTEX_POINT('',#1295);
#1297=CARTESIAN_POINT('',(9.0,6.05,8.399999999999995));
#1298=DIRECTION('',(0.0,0.0,1.0));
#1299=VECTOR('',#1298,3.000000000000002);
#1300=LINE('',#1297,#1299);
#1301=EDGE_CURVE('',#1288,#1296,#1300,.T.);
#1302=ORIENTED_EDGE('',*,*,#1301,.T.);
#1303=CARTESIAN_POINT('',(9.0,6.050000000000001,11.399999999999997));
#1304=DIRECTION('',(0.0,1.0,0.0));
#1305=VECTOR('',#1304,2.450000000000001);
#1306=LINE('',#1303,#1305);
#1307=EDGE_CURVE('',#1296,#333,#1306,.T.);
#1308=ORIENTED_EDGE('',*,*,#1307,.T.);
#1309=ORIENTED_EDGE('',*,*,#338,.F.);
#1310=EDGE_LOOP('',(#1214,#1215,#1223,#1231,#1237,#1238,#1246,#1254,#1262,#1270,#1278,#1286,#1294,#1302,#1308,#1309));
#1311=FACE_OUTER_BOUND('',#1310,.T.);
#1312=ORIENTED_EDGE('',*,*,#971,.T.);
#1313=ORIENTED_EDGE('',*,*,#1054,.T.);
#1314=ORIENTED_EDGE('',*,*,#1070,.T.);
#1315=ORIENTED_EDGE('',*,*,#1008,.T.);
#1316=EDGE_LOOP('',(#1312,#1313,#1314,#1315));
#1317=FACE_BOUND('',#1316,.T.);
#1318=CARTESIAN_POINT('',(9.0,3.975,8.399999999999999));
#1319=VERTEX_POINT('',#1318);
#1320=CARTESIAN_POINT('',(9.0,2.574999999999998,8.399999999999999));
#1321=VERTEX_POINT('',#1320);
#1322=CARTESIAN_POINT('',(9.0,3.975,8.399999999999999));
#1323=DIRECTION('',(0.0,-1.0,0.0));
#1324=VECTOR('',#1323,1.400000000000001);
#1325=LINE('',#1322,#1324);
#1326=EDGE_CURVE('',#1319,#1321,#1325,.T.);
#1327=ORIENTED_EDGE('',*,*,#1326,.T.);
#1328=CARTESIAN_POINT('',(9.0,2.574999999999998,11.399999999999999));
#1329=VERTEX_POINT('',#1328);
#1330=CARTESIAN_POINT('',(9.0,2.574999999999998,8.399999999999999));
#1331=DIRECTION('',(0.0,0.0,1.0));
#1332=VECTOR('',#1331,3.0);
#1333=LINE('',#1330,#1332);
#1334=EDGE_CURVE('',#1321,#1329,#1333,.T.);
#1335=ORIENTED_EDGE('',*,*,#1334,.T.);
#1336=CARTESIAN_POINT('',(9.0,3.975,11.399999999999999));
#1337=VERTEX_POINT('',#1336);
#1338=CARTESIAN_POINT('',(9.0,2.574999999999998,11.399999999999999));
#1339=DIRECTION('',(0.0,1.0,0.0));
#1340=VECTOR('',#1339,1.400000000000001);
#1341=LINE('',#1338,#1340);
#1342=EDGE_CURVE('',#1329,#1337,#1341,.T.);
#1343=ORIENTED_EDGE('',*,*,#1342,.T.);
#1344=CARTESIAN_POINT('',(9.0,3.975,11.399999999999999));
#1345=DIRECTION('',(0.0,0.0,-1.0));
#1346=VECTOR('',#1345,3.0);
#1347=LINE('',#1344,#1346);
#1348=EDGE_CURVE('',#1337,#1319,#1347,.T.);
#1349=ORIENTED_EDGE('',*,*,#1348,.T.);
#1350=EDGE_LOOP('',(#1327,#1335,#1343,#1349));
#1351=FACE_BOUND('',#1350,.T.);
#1352=CARTESIAN_POINT('',(9.0,-2.574999999999999,8.399999999999999));
#1353=VERTEX_POINT('',#1352);
#1354=CARTESIAN_POINT('',(9.0,-3.975,8.399999999999999));
#1355=VERTEX_POINT('',#1354);
#1356=CARTESIAN_POINT('',(9.0,-2.574999999999999,8.399999999999999));
#1357=DIRECTION('',(0.0,-1.0,0.0));
#1358=VECTOR('',#1357,1.400000000000001);
#1359=LINE('',#1356,#1358);
#1360=EDGE_CURVE('',#1353,#1355,#1359,.T.);
#1361=ORIENTED_EDGE('',*,*,#1360,.T.);
#1362=CARTESIAN_POINT('',(9.0,-3.975,11.399999999999999));
#1363=VERTEX_POINT('',#1362);
#1364=CARTESIAN_POINT('',(9.0,-3.975,8.399999999999999));
#1365=DIRECTION('',(0.0,0.0,1.0));
#1366=VECTOR('',#1365,3.0);
#1367=LINE('',#1364,#1366);
#1368=EDGE_CURVE('',#1355,#1363,#1367,.T.);
#1369=ORIENTED_EDGE('',*,*,#1368,.T.);
#1370=CARTESIAN_POINT('',(9.0,-2.574999999999999,11.399999999999999));
#1371=VERTEX_POINT('',#1370);
#1372=CARTESIAN_POINT('',(9.0,-3.975,11.399999999999999));
#1373=DIRECTION('',(0.0,1.0,0.0));
#1374=VECTOR('',#1373,1.4);
#1375=LINE('',#1372,#1374);
#1376=EDGE_CURVE('',#1363,#1371,#1375,.T.);
#1377=ORIENTED_EDGE('',*,*,#1376,.T.);
#1378=CARTESIAN_POINT('',(9.0,-2.574999999999999,11.399999999999999));
#1379=DIRECTION('',(0.0,0.0,-1.0));
#1380=VECTOR('',#1379,3.0);
#1381=LINE('',#1378,#1380);
#1382=EDGE_CURVE('',#1371,#1353,#1381,.T.);
#1383=ORIENTED_EDGE('',*,*,#1382,.T.);
#1384=EDGE_LOOP('',(#1361,#1369,#1377,#1383));
#1385=FACE_BOUND('',#1384,.T.);
#1386=ADVANCED_FACE('',(#1311,#1317,#1351,#1385),#1213,.T.);
#1387=CARTESIAN_POINT('',(8.25,-7.750000000000003,-1.2));
#1388=DIRECTION('',(0.0,0.0,1.0));
#1389=DIRECTION('',(1.0,0.0,0.0));
#1390=AXIS2_PLACEMENT_3D('',#1387,#1388,#1389);
#1391=PLANE('',#1390);
#1392=ORIENTED_EDGE('',*,*,#1188,.F.);
#1393=ORIENTED_EDGE('',*,*,#576,.F.);
#1394=CARTESIAN_POINT('',(7.5,-7.000000000000001,-1.2));
#1395=VERTEX_POINT('',#1394);
#1396=CARTESIAN_POINT('',(7.5,-7.000000000000001,-1.2));
#1397=DIRECTION('',(0.0,-1.0,0.0));
#1398=VECTOR('',#1397,1.500000000000003);
#1399=LINE('',#1396,#1398);
#1400=EDGE_CURVE('',#1395,#563,#1399,.T.);
#1401=ORIENTED_EDGE('',*,*,#1400,.F.);
#1402=CARTESIAN_POINT('',(9.0,-7.000000000000001,-1.2));
#1403=DIRECTION('',(-1.0,0.0,0.0));
#1404=VECTOR('',#1403,1.5);
#1405=LINE('',#1402,#1404);
#1406=EDGE_CURVE('',#1240,#1395,#1405,.T.);
#1407=ORIENTED_EDGE('',*,*,#1406,.F.);
#1408=ORIENTED_EDGE('',*,*,#1245,.F.);
#1409=EDGE_LOOP('',(#1392,#1393,#1401,#1407,#1408));
#1410=FACE_OUTER_BOUND('',#1409,.T.);
#1411=ADVANCED_FACE('',(#1410),#1391,.F.);
#1412=CARTESIAN_POINT('',(8.699999999999999,8.200000000000001,0.0));
#1413=DIRECTION('',(0.0,0.0,-1.0));
#1414=DIRECTION('',(0.707106781186547,0.707106781186547,0.0));
#1415=AXIS2_PLACEMENT_3D('',#1412,#1413,#1414);
#1416=CYLINDRICAL_SURFACE('',#1415,0.3);
#1417=CARTESIAN_POINT('',(8.699999999999999,8.200000000000001,-1.2));
#1418=DIRECTION('',(0.0,0.0,1.0));
#1419=DIRECTION('',(0.707106781186547,0.707106781186547,0.0));
#1420=AXIS2_PLACEMENT_3D('',#1417,#1418,#1419);
#1421=CIRCLE('',#1420,0.3);
#1422=EDGE_CURVE('',#1272,#365,#1421,.T.);
#1423=ORIENTED_EDGE('',*,*,#1422,.T.);
#1424=ORIENTED_EDGE('',*,*,#370,.T.);
#1425=CARTESIAN_POINT('',(8.699999999999999,8.200000000000001,8.4));
#1426=DIRECTION('',(0.0,0.0,1.0));
#1427=DIRECTION('',(0.707106781186547,0.707106781186547,0.0));
#1428=AXIS2_PLACEMENT_3D('',#1425,#1426,#1427);
#1429=CIRCLE('',#1428,0.3);
#1430=EDGE_CURVE('',#357,#1280,#1429,.F.);
#1431=ORIENTED_EDGE('',*,*,#1430,.T.);
#1432=ORIENTED_EDGE('',*,*,#1285,.T.);
#1433=EDGE_LOOP('',(#1423,#1424,#1431,#1432));
#1434=FACE_OUTER_BOUND('',#1433,.T.);
#1435=ADVANCED_FACE('',(#1434),#1416,.T.);
#1436=CARTESIAN_POINT('',(8.250000000000002,7.749999999999999,-1.2));
#1437=DIRECTION('',(0.0,0.0,1.0));
#1438=DIRECTION('',(1.0,0.0,0.0));
#1439=AXIS2_PLACEMENT_3D('',#1436,#1437,#1438);
#1440=PLANE('',#1439);
#1441=ORIENTED_EDGE('',*,*,#1422,.F.);
#1442=ORIENTED_EDGE('',*,*,#1277,.F.);
#1443=CARTESIAN_POINT('',(7.5,7.000000000000001,-1.2));
#1444=VERTEX_POINT('',#1443);
#1445=CARTESIAN_POINT('',(7.5,7.000000000000001,-1.2));
#1446=DIRECTION('',(1.0,0.0,0.0));
#1447=VECTOR('',#1446,1.500000000000005);
#1448=LINE('',#1445,#1447);
#1449=EDGE_CURVE('',#1444,#1264,#1448,.T.);
#1450=ORIENTED_EDGE('',*,*,#1449,.F.);
#1451=CARTESIAN_POINT('',(7.5,8.500000000000002,-1.2));
#1452=DIRECTION('',(0.0,-1.0,0.0));
#1453=VECTOR('',#1452,1.500000000000001);
#1454=LINE('',#1451,#1453);
#1455=EDGE_CURVE('',#373,#1444,#1454,.T.);
#1456=ORIENTED_EDGE('',*,*,#1455,.F.);
#1457=ORIENTED_EDGE('',*,*,#378,.F.);
#1458=EDGE_LOOP('',(#1441,#1442,#1450,#1456,#1457));
#1459=FACE_OUTER_BOUND('',#1458,.T.);
#1460=ADVANCED_FACE('',(#1459),#1440,.F.);
#1461=CARTESIAN_POINT('',(7.375,-2.8,0.0));
#1462=DIRECTION('',(1.0,0.0,0.0));
#1463=DIRECTION('',(0.0,0.0,-1.0));
#1464=AXIS2_PLACEMENT_3D('',#1461,#1462,#1463);
#1465=PLANE('',#1464);
#1466=CARTESIAN_POINT('',(7.375,-2.8,-1.0));
#1467=VERTEX_POINT('',#1466);
#1468=CARTESIAN_POINT('',(7.375,-1.9,-1.0));
#1469=VERTEX_POINT('',#1468);
#1470=CARTESIAN_POINT('',(7.375,-2.8,-1.0));
#1471=DIRECTION('',(0.0,1.0,0.0));
#1472=VECTOR('',#1471,0.9);
#1473=LINE('',#1470,#1472);
#1474=EDGE_CURVE('',#1467,#1469,#1473,.T.);
#1475=ORIENTED_EDGE('',*,*,#1474,.T.);
#1476=CARTESIAN_POINT('',(7.375,-1.9,0.0));
#1477=VERTEX_POINT('',#1476);
#1478=CARTESIAN_POINT('',(7.375,-1.9,0.0));
#1479=DIRECTION('',(0.0,0.0,-1.0));
#1480=VECTOR('',#1479,1.0);
#1481=LINE('',#1478,#1480);
#1482=EDGE_CURVE('',#1477,#1469,#1481,.T.);
#1483=ORIENTED_EDGE('',*,*,#1482,.F.);
#1484=CARTESIAN_POINT('',(7.375,-2.8,0.0));
#1485=VERTEX_POINT('',#1484);
#1486=CARTESIAN_POINT('',(7.375,-2.8,0.0));
#1487=DIRECTION('',(0.0,1.0,0.0));
#1488=VECTOR('',#1487,0.9);
#1489=LINE('',#1486,#1488);
#1490=EDGE_CURVE('',#1485,#1477,#1489,.T.);
#1491=ORIENTED_EDGE('',*,*,#1490,.F.);
#1492=CARTESIAN_POINT('',(7.375,-2.8,0.0));
#1493=DIRECTION('',(0.0,0.0,-1.0));
#1494=VECTOR('',#1493,1.0);
#1495=LINE('',#1492,#1494);
#1496=EDGE_CURVE('',#1485,#1467,#1495,.T.);
#1497=ORIENTED_EDGE('',*,*,#1496,.T.);
#1498=EDGE_LOOP('',(#1475,#1483,#1491,#1497));
#1499=FACE_OUTER_BOUND('',#1498,.T.);
#1500=ADVANCED_FACE('',(#1499),#1465,.T.);
#1501=CARTESIAN_POINT('',(7.375,-1.9,0.0));
#1502=DIRECTION('',(0.0,1.0,0.0));
#1503=DIRECTION('',(0.0,0.0,1.0));
#1504=AXIS2_PLACEMENT_3D('',#1501,#1502,#1503);
#1505=PLANE('',#1504);
#1506=CARTESIAN_POINT('',(-7.375,-1.9,-1.0));
#1507=VERTEX_POINT('',#1506);
#1508=CARTESIAN_POINT('',(7.375,-1.9,-1.0));
#1509=DIRECTION('',(-1.0,0.0,0.0));
#1510=VECTOR('',#1509,14.75);
#1511=LINE('',#1508,#1510);
#1512=EDGE_CURVE('',#1469,#1507,#1511,.T.);
#1513=ORIENTED_EDGE('',*,*,#1512,.T.);
#1514=CARTESIAN_POINT('',(-7.375,-1.9,0.0));
#1515=VERTEX_POINT('',#1514);
#1516=CARTESIAN_POINT('',(-7.375,-1.9,0.0));
#1517=DIRECTION('',(0.0,0.0,-1.0));
#1518=VECTOR('',#1517,1.0);
#1519=LINE('',#1516,#1518);
#1520=EDGE_CURVE('',#1515,#1507,#1519,.T.);
#1521=ORIENTED_EDGE('',*,*,#1520,.F.);
#1522=CARTESIAN_POINT('',(7.375,-1.9,0.0));
#1523=DIRECTION('',(-1.0,0.0,0.0));
#1524=VECTOR('',#1523,14.750000000000002);
#1525=LINE('',#1522,#1524);
#1526=EDGE_CURVE('',#1477,#1515,#1525,.T.);
#1527=ORIENTED_EDGE('',*,*,#1526,.F.);
#1528=ORIENTED_EDGE('',*,*,#1482,.T.);
#1529=EDGE_LOOP('',(#1513,#1521,#1527,#1528));
#1530=FACE_OUTER_BOUND('',#1529,.T.);
#1531=ADVANCED_FACE('',(#1530),#1505,.T.);
#1532=CARTESIAN_POINT('',(-7.375,-1.9,0.0));
#1533=DIRECTION('',(-1.0,0.0,0.0));
#1534=DIRECTION('',(0.0,0.0,1.0));
#1535=AXIS2_PLACEMENT_3D('',#1532,#1533,#1534);
#1536=PLANE('',#1535);
#1537=CARTESIAN_POINT('',(-7.375,-2.8,-1.0));
#1538=VERTEX_POINT('',#1537);
#1539=CARTESIAN_POINT('',(-7.375,-1.9,-1.0));
#1540=DIRECTION('',(0.0,-1.0,0.0));
#1541=VECTOR('',#1540,0.9);
#1542=LINE('',#1539,#1541);
#1543=EDGE_CURVE('',#1507,#1538,#1542,.T.);
#1544=ORIENTED_EDGE('',*,*,#1543,.T.);
#1545=CARTESIAN_POINT('',(-7.375,-2.8,0.0));
#1546=VERTEX_POINT('',#1545);
#1547=CARTESIAN_POINT('',(-7.375,-2.8,0.0));
#1548=DIRECTION('',(0.0,0.0,-1.0));
#1549=VECTOR('',#1548,1.0);
#1550=LINE('',#1547,#1549);
#1551=EDGE_CURVE('',#1546,#1538,#1550,.T.);
#1552=ORIENTED_EDGE('',*,*,#1551,.F.);
#1553=CARTESIAN_POINT('',(-7.375,-1.9,0.0));
#1554=DIRECTION('',(0.0,-1.0,0.0));
#1555=VECTOR('',#1554,0.9);
#1556=LINE('',#1553,#1555);
#1557=EDGE_CURVE('',#1515,#1546,#1556,.T.);
#1558=ORIENTED_EDGE('',*,*,#1557,.F.);
#1559=ORIENTED_EDGE('',*,*,#1520,.T.);
#1560=EDGE_LOOP('',(#1544,#1552,#1558,#1559));
#1561=FACE_OUTER_BOUND('',#1560,.T.);
#1562=ADVANCED_FACE('',(#1561),#1536,.T.);
#1563=CARTESIAN_POINT('',(-7.375,-2.8,0.0));
#1564=DIRECTION('',(0.0,-1.0,0.0));
#1565=DIRECTION('',(0.0,0.0,-1.0));
#1566=AXIS2_PLACEMENT_3D('',#1563,#1564,#1565);
#1567=PLANE('',#1566);
#1568=CARTESIAN_POINT('',(-7.375,-2.8,-1.0));
#1569=DIRECTION('',(1.0,0.0,0.0));
#1570=VECTOR('',#1569,14.75);
#1571=LINE('',#1568,#1570);
#1572=EDGE_CURVE('',#1538,#1467,#1571,.T.);
#1573=ORIENTED_EDGE('',*,*,#1572,.T.);
#1574=ORIENTED_EDGE('',*,*,#1496,.F.);
#1575=CARTESIAN_POINT('',(-7.375,-2.8,0.0));
#1576=DIRECTION('',(1.0,0.0,0.0));
#1577=VECTOR('',#1576,14.750000000000002);
#1578=LINE('',#1575,#1577);
#1579=EDGE_CURVE('',#1546,#1485,#1578,.T.);
#1580=ORIENTED_EDGE('',*,*,#1579,.F.);
#1581=ORIENTED_EDGE('',*,*,#1551,.T.);
#1582=EDGE_LOOP('',(#1573,#1574,#1580,#1581));
#1583=FACE_OUTER_BOUND('',#1582,.T.);
#1584=ADVANCED_FACE('',(#1583),#1567,.T.);
#1585=CARTESIAN_POINT('',(0.0,-2.350000000000001,-1.0));
#1586=DIRECTION('',(0.0,0.0,1.0));
#1587=DIRECTION('',(1.0,0.0,0.0));
#1588=AXIS2_PLACEMENT_3D('',#1585,#1586,#1587);
#1589=PLANE('',#1588);
#1590=ORIENTED_EDGE('',*,*,#1474,.F.);
#1591=ORIENTED_EDGE('',*,*,#1572,.F.);
#1592=ORIENTED_EDGE('',*,*,#1543,.F.);
#1593=ORIENTED_EDGE('',*,*,#1512,.F.);
#1594=EDGE_LOOP('',(#1590,#1591,#1592,#1593));
#1595=FACE_OUTER_BOUND('',#1594,.T.);
#1596=ADVANCED_FACE('',(#1595),#1589,.F.);
#1597=CARTESIAN_POINT('',(7.375,1.9,0.0));
#1598=DIRECTION('',(1.0,0.0,0.0));
#1599=DIRECTION('',(0.0,0.0,-1.0));
#1600=AXIS2_PLACEMENT_3D('',#1597,#1598,#1599);
#1601=PLANE('',#1600);
#1602=CARTESIAN_POINT('',(7.375,1.9,-1.0));
#1603=VERTEX_POINT('',#1602);
#1604=CARTESIAN_POINT('',(7.375,2.8,-1.0));
#1605=VERTEX_POINT('',#1604);
#1606=CARTESIAN_POINT('',(7.375,1.9,-1.0));
#1607=DIRECTION('',(0.0,1.0,0.0));
#1608=VECTOR('',#1607,0.9);
#1609=LINE('',#1606,#1608);
#1610=EDGE_CURVE('',#1603,#1605,#1609,.T.);
#1611=ORIENTED_EDGE('',*,*,#1610,.T.);
#1612=CARTESIAN_POINT('',(7.375,2.8,0.0));
#1613=VERTEX_POINT('',#1612);
#1614=CARTESIAN_POINT('',(7.375,2.8,0.0));
#1615=DIRECTION('',(0.0,0.0,-1.0));
#1616=VECTOR('',#1615,1.0);
#1617=LINE('',#1614,#1616);
#1618=EDGE_CURVE('',#1613,#1605,#1617,.T.);
#1619=ORIENTED_EDGE('',*,*,#1618,.F.);
#1620=CARTESIAN_POINT('',(7.375,1.9,0.0));
#1621=VERTEX_POINT('',#1620);
#1622=CARTESIAN_POINT('',(7.375,1.9,0.0));
#1623=DIRECTION('',(0.0,1.0,0.0));
#1624=VECTOR('',#1623,0.9);
#1625=LINE('',#1622,#1624);
#1626=EDGE_CURVE('',#1621,#1613,#1625,.T.);
#1627=ORIENTED_EDGE('',*,*,#1626,.F.);
#1628=CARTESIAN_POINT('',(7.375,1.9,0.0));
#1629=DIRECTION('',(0.0,0.0,-1.0));
#1630=VECTOR('',#1629,1.0);
#1631=LINE('',#1628,#1630);
#1632=EDGE_CURVE('',#1621,#1603,#1631,.T.);
#1633=ORIENTED_EDGE('',*,*,#1632,.T.);
#1634=EDGE_LOOP('',(#1611,#1619,#1627,#1633));
#1635=FACE_OUTER_BOUND('',#1634,.T.);
#1636=ADVANCED_FACE('',(#1635),#1601,.T.);
#1637=CARTESIAN_POINT('',(7.375,2.8,0.0));
#1638=DIRECTION('',(0.0,1.0,0.0));
#1639=DIRECTION('',(0.0,0.0,1.0));
#1640=AXIS2_PLACEMENT_3D('',#1637,#1638,#1639);
#1641=PLANE('',#1640);
#1642=CARTESIAN_POINT('',(-7.375,2.8,-1.0));
#1643=VERTEX_POINT('',#1642);
#1644=CARTESIAN_POINT('',(7.375,2.8,-1.0));
#1645=DIRECTION('',(-1.0,0.0,0.0));
#1646=VECTOR('',#1645,14.75);
#1647=LINE('',#1644,#1646);
#1648=EDGE_CURVE('',#1605,#1643,#1647,.T.);
#1649=ORIENTED_EDGE('',*,*,#1648,.T.);
#1650=CARTESIAN_POINT('',(-7.375,2.8,0.0));
#1651=VERTEX_POINT('',#1650);
#1652=CARTESIAN_POINT('',(-7.375,2.8,0.0));
#1653=DIRECTION('',(0.0,0.0,-1.0));
#1654=VECTOR('',#1653,1.0);
#1655=LINE('',#1652,#1654);
#1656=EDGE_CURVE('',#1651,#1643,#1655,.T.);
#1657=ORIENTED_EDGE('',*,*,#1656,.F.);
#1658=CARTESIAN_POINT('',(7.375,2.8,0.0));
#1659=DIRECTION('',(-1.0,0.0,0.0));
#1660=VECTOR('',#1659,14.750000000000002);
#1661=LINE('',#1658,#1660);
#1662=EDGE_CURVE('',#1613,#1651,#1661,.T.);
#1663=ORIENTED_EDGE('',*,*,#1662,.F.);
#1664=ORIENTED_EDGE('',*,*,#1618,.T.);
#1665=EDGE_LOOP('',(#1649,#1657,#1663,#1664));
#1666=FACE_OUTER_BOUND('',#1665,.T.);
#1667=ADVANCED_FACE('',(#1666),#1641,.T.);
#1668=CARTESIAN_POINT('',(-7.375,2.8,0.0));
#1669=DIRECTION('',(-1.0,0.0,0.0));
#1670=DIRECTION('',(0.0,0.0,1.0));
#1671=AXIS2_PLACEMENT_3D('',#1668,#1669,#1670);
#1672=PLANE('',#1671);
#1673=CARTESIAN_POINT('',(-7.375,1.9,-1.0));
#1674=VERTEX_POINT('',#1673);
#1675=CARTESIAN_POINT('',(-7.375,2.8,-1.0));
#1676=DIRECTION('',(0.0,-1.0,0.0));
#1677=VECTOR('',#1676,0.9);
#1678=LINE('',#1675,#1677);
#1679=EDGE_CURVE('',#1643,#1674,#1678,.T.);
#1680=ORIENTED_EDGE('',*,*,#1679,.T.);
#1681=CARTESIAN_POINT('',(-7.375,1.9,0.0));
#1682=VERTEX_POINT('',#1681);
#1683=CARTESIAN_POINT('',(-7.375,1.9,0.0));
#1684=DIRECTION('',(0.0,0.0,-1.0));
#1685=VECTOR('',#1684,1.0);
#1686=LINE('',#1683,#1685);
#1687=EDGE_CURVE('',#1682,#1674,#1686,.T.);
#1688=ORIENTED_EDGE('',*,*,#1687,.F.);
#1689=CARTESIAN_POINT('',(-7.375,2.8,0.0));
#1690=DIRECTION('',(0.0,-1.0,0.0));
#1691=VECTOR('',#1690,0.9);
#1692=LINE('',#1689,#1691);
#1693=EDGE_CURVE('',#1651,#1682,#1692,.T.);
#1694=ORIENTED_EDGE('',*,*,#1693,.F.);
#1695=ORIENTED_EDGE('',*,*,#1656,.T.);
#1696=EDGE_LOOP('',(#1680,#1688,#1694,#1695));
#1697=FACE_OUTER_BOUND('',#1696,.T.);
#1698=ADVANCED_FACE('',(#1697),#1672,.T.);
#1699=CARTESIAN_POINT('',(-7.375,1.9,0.0));
#1700=DIRECTION('',(0.0,-1.0,0.0));
#1701=DIRECTION('',(0.0,0.0,-1.0));
#1702=AXIS2_PLACEMENT_3D('',#1699,#1700,#1701);
#1703=PLANE('',#1702);
#1704=CARTESIAN_POINT('',(-7.375,1.9,-1.0));
#1705=DIRECTION('',(1.0,0.0,0.0));
#1706=VECTOR('',#1705,14.75);
#1707=LINE('',#1704,#1706);
#1708=EDGE_CURVE('',#1674,#1603,#1707,.T.);
#1709=ORIENTED_EDGE('',*,*,#1708,.T.);
#1710=ORIENTED_EDGE('',*,*,#1632,.F.);
#1711=CARTESIAN_POINT('',(-7.375,1.9,0.0));
#1712=DIRECTION('',(1.0,0.0,0.0));
#1713=VECTOR('',#1712,14.750000000000002);
#1714=LINE('',#1711,#1713);
#1715=EDGE_CURVE('',#1682,#1621,#1714,.T.);
#1716=ORIENTED_EDGE('',*,*,#1715,.F.);
#1717=ORIENTED_EDGE('',*,*,#1687,.T.);
#1718=EDGE_LOOP('',(#1709,#1710,#1716,#1717));
#1719=FACE_OUTER_BOUND('',#1718,.T.);
#1720=ADVANCED_FACE('',(#1719),#1703,.T.);
#1721=CARTESIAN_POINT('',(0.0,2.350000000000001,-1.0));
#1722=DIRECTION('',(0.0,0.0,1.0));
#1723=DIRECTION('',(1.0,0.0,0.0));
#1724=AXIS2_PLACEMENT_3D('',#1721,#1722,#1723);
#1725=PLANE('',#1724);
#1726=ORIENTED_EDGE('',*,*,#1610,.F.);
#1727=ORIENTED_EDGE('',*,*,#1708,.F.);
#1728=ORIENTED_EDGE('',*,*,#1679,.F.);
#1729=ORIENTED_EDGE('',*,*,#1648,.F.);
#1730=EDGE_LOOP('',(#1726,#1727,#1728,#1729));
#1731=FACE_OUTER_BOUND('',#1730,.T.);
#1732=ADVANCED_FACE('',(#1731),#1725,.F.);
#1733=CARTESIAN_POINT('',(-9.0,8.5,8.4));
#1734=DIRECTION('',(0.0,0.0,1.0));
#1735=DIRECTION('',(1.0,0.0,0.0));
#1736=AXIS2_PLACEMENT_3D('',#1733,#1734,#1735);
#1737=PLANE('',#1736);
#1738=CARTESIAN_POINT('',(-9.800000000000003,6.05,8.399999999999995));
#1739=VERTEX_POINT('',#1738);
#1740=CARTESIAN_POINT('',(-9.800000000000001,8.5,8.400000000000002));
#1741=DIRECTION('',(0.0,-1.0,0.0));
#1742=VECTOR('',#1741,2.45);
#1743=LINE('',#1740,#1742);
#1744=EDGE_CURVE('',#421,#1739,#1743,.T.);
#1745=ORIENTED_EDGE('',*,*,#1744,.F.);
#1746=ORIENTED_EDGE('',*,*,#426,.F.);
#1747=ORIENTED_EDGE('',*,*,#1145,.F.);
#1748=ORIENTED_EDGE('',*,*,#648,.F.);
#1749=CARTESIAN_POINT('',(-9.0,6.05,8.399999999999995));
#1750=DIRECTION('',(-1.0,0.0,0.0));
#1751=VECTOR('',#1750,0.800000000000002);
#1752=LINE('',#1749,#1751);
#1753=EDGE_CURVE('',#635,#1739,#1752,.T.);
#1754=ORIENTED_EDGE('',*,*,#1753,.T.);
#1755=EDGE_LOOP('',(#1745,#1746,#1747,#1748,#1754));
#1756=FACE_OUTER_BOUND('',#1755,.T.);
#1757=ADVANCED_FACE('',(#1756),#1737,.F.);
#1758=CARTESIAN_POINT('',(-9.0,6.05,8.399999999999995));
#1759=DIRECTION('',(0.0,1.0,0.0));
#1760=DIRECTION('',(0.0,0.0,-1.0));
#1761=AXIS2_PLACEMENT_3D('',#1758,#1759,#1760);
#1762=PLANE('',#1761);
#1763=CARTESIAN_POINT('',(-9.800000000000003,6.05,11.399999999999997));
#1764=VERTEX_POINT('',#1763);
#1765=CARTESIAN_POINT('',(-9.800000000000001,6.05,8.399999999999995));
#1766=DIRECTION('',(0.0,0.0,1.0));
#1767=VECTOR('',#1766,3.000000000000002);
#1768=LINE('',#1765,#1767);
#1769=EDGE_CURVE('',#1739,#1764,#1768,.T.);
#1770=ORIENTED_EDGE('',*,*,#1769,.F.);
#1771=ORIENTED_EDGE('',*,*,#1753,.F.);
#1772=ORIENTED_EDGE('',*,*,#640,.F.);
#1773=CARTESIAN_POINT('',(-9.0,6.05,11.399999999999997));
#1774=DIRECTION('',(-1.0,0.0,0.0));
#1775=VECTOR('',#1774,0.800000000000002);
#1776=LINE('',#1773,#1775);
#1777=EDGE_CURVE('',#627,#1764,#1776,.T.);
#1778=ORIENTED_EDGE('',*,*,#1777,.T.);
#1779=EDGE_LOOP('',(#1770,#1771,#1772,#1778));
#1780=FACE_OUTER_BOUND('',#1779,.T.);
#1781=ADVANCED_FACE('',(#1780),#1762,.F.);
#1782=CARTESIAN_POINT('',(-9.0,6.05,11.399999999999997));
#1783=DIRECTION('',(0.0,0.0,-1.0));
#1784=DIRECTION('',(-1.0,0.0,0.0));
#1785=AXIS2_PLACEMENT_3D('',#1782,#1783,#1784);
#1786=PLANE('',#1785);
#1787=CARTESIAN_POINT('',(-9.800000000000001,6.049999999999999,11.399999999999997));
#1788=DIRECTION('',(0.0,1.0,0.0));
#1789=VECTOR('',#1788,2.450000000000001);
#1790=LINE('',#1787,#1789);
#1791=EDGE_CURVE('',#1764,#429,#1790,.T.);
#1792=ORIENTED_EDGE('',*,*,#1791,.F.);
#1793=ORIENTED_EDGE('',*,*,#1777,.F.);
#1794=ORIENTED_EDGE('',*,*,#632,.F.);
#1795=ORIENTED_EDGE('',*,*,#442,.T.);
#1796=EDGE_LOOP('',(#1792,#1793,#1794,#1795));
#1797=FACE_OUTER_BOUND('',#1796,.T.);
#1798=ADVANCED_FACE('',(#1797),#1786,.F.);
#1799=CARTESIAN_POINT('',(-9.800000000000003,7.274999999999999,9.899999999999999));
#1800=DIRECTION('',(1.0,0.0,0.0));
#1801=DIRECTION('',(0.0,0.0,-1.0));
#1802=AXIS2_PLACEMENT_3D('',#1799,#1800,#1801);
#1803=PLANE('',#1802);
#1804=ORIENTED_EDGE('',*,*,#1744,.T.);
#1805=ORIENTED_EDGE('',*,*,#1769,.T.);
#1806=ORIENTED_EDGE('',*,*,#1791,.T.);
#1807=ORIENTED_EDGE('',*,*,#434,.T.);
#1808=EDGE_LOOP('',(#1804,#1805,#1806,#1807));
#1809=FACE_OUTER_BOUND('',#1808,.T.);
#1810=ADVANCED_FACE('',(#1809),#1803,.F.);
#1811=CARTESIAN_POINT('',(-9.0,-8.5,11.399999999999997));
#1812=DIRECTION('',(0.0,0.0,-1.0));
#1813=DIRECTION('',(-1.0,0.0,0.0));
#1814=AXIS2_PLACEMENT_3D('',#1811,#1812,#1813);
#1815=PLANE('',#1814);
#1816=CARTESIAN_POINT('',(-9.800000000000004,-6.05,11.399999999999997));
#1817=VERTEX_POINT('',#1816);
#1818=CARTESIAN_POINT('',(-9.800000000000001,-8.5,11.399999999999997));
#1819=DIRECTION('',(0.0,1.0,0.0));
#1820=VECTOR('',#1819,2.45);
#1821=LINE('',#1818,#1820);
#1822=EDGE_CURVE('',#507,#1817,#1821,.T.);
#1823=ORIENTED_EDGE('',*,*,#1822,.F.);
#1824=ORIENTED_EDGE('',*,*,#512,.F.);
#1825=ORIENTED_EDGE('',*,*,#726,.F.);
#1826=CARTESIAN_POINT('',(-9.0,-6.05,11.399999999999997));
#1827=DIRECTION('',(-1.0,0.0,0.0));
#1828=VECTOR('',#1827,0.800000000000004);
#1829=LINE('',#1826,#1828);
#1830=EDGE_CURVE('',#715,#1817,#1829,.T.);
#1831=ORIENTED_EDGE('',*,*,#1830,.T.);
#1832=EDGE_LOOP('',(#1823,#1824,#1825,#1831));
#1833=FACE_OUTER_BOUND('',#1832,.T.);
#1834=ADVANCED_FACE('',(#1833),#1815,.F.);
#1835=CARTESIAN_POINT('',(-9.0,-6.05,11.399999999999997));
#1836=DIRECTION('',(0.0,-1.0,0.0));
#1837=DIRECTION('',(0.0,0.0,1.0));
#1838=AXIS2_PLACEMENT_3D('',#1835,#1836,#1837);
#1839=PLANE('',#1838);
#1840=CARTESIAN_POINT('',(-9.800000000000004,-6.05,8.399999999999995));
#1841=VERTEX_POINT('',#1840);
#1842=CARTESIAN_POINT('',(-9.800000000000001,-6.05,11.399999999999999));
#1843=DIRECTION('',(0.0,0.0,-1.0));
#1844=VECTOR('',#1843,3.000000000000004);
#1845=LINE('',#1842,#1844);
#1846=EDGE_CURVE('',#1817,#1841,#1845,.T.);
#1847=ORIENTED_EDGE('',*,*,#1846,.F.);
#1848=ORIENTED_EDGE('',*,*,#1830,.F.);
#1849=ORIENTED_EDGE('',*,*,#720,.F.);
#1850=CARTESIAN_POINT('',(-9.0,-6.05,8.399999999999995));
#1851=DIRECTION('',(-1.0,0.0,0.0));
#1852=VECTOR('',#1851,0.800000000000004);
#1853=LINE('',#1850,#1852);
#1854=EDGE_CURVE('',#707,#1841,#1853,.T.);
#1855=ORIENTED_EDGE('',*,*,#1854,.T.);
#1856=EDGE_LOOP('',(#1847,#1848,#1849,#1855));
#1857=FACE_OUTER_BOUND('',#1856,.T.);
#1858=ADVANCED_FACE('',(#1857),#1839,.F.);
#1859=CARTESIAN_POINT('',(-9.0,-6.05,8.399999999999995));
#1860=DIRECTION('',(0.0,0.0,1.0));
#1861=DIRECTION('',(1.0,0.0,0.0));
#1862=AXIS2_PLACEMENT_3D('',#1859,#1860,#1861);
#1863=PLANE('',#1862);
#1864=CARTESIAN_POINT('',(-9.800000000000001,-6.049999999999999,8.399999999999995));
#1865=DIRECTION('',(0.0,-1.0,0.0));
#1866=VECTOR('',#1865,2.450000000000001);
#1867=LINE('',#1864,#1866);
#1868=EDGE_CURVE('',#1841,#515,#1867,.T.);
#1869=ORIENTED_EDGE('',*,*,#1868,.F.);
#1870=ORIENTED_EDGE('',*,*,#1854,.F.);
#1871=ORIENTED_EDGE('',*,*,#712,.F.);
#1872=ORIENTED_EDGE('',*,*,#1096,.F.);
#1873=ORIENTED_EDGE('',*,*,#528,.T.);
#1874=EDGE_LOOP('',(#1869,#1870,#1871,#1872,#1873));
#1875=FACE_OUTER_BOUND('',#1874,.T.);
#1876=ADVANCED_FACE('',(#1875),#1863,.F.);
#1877=CARTESIAN_POINT('',(-9.800000000000004,-7.275000000000002,9.899999999999999));
#1878=DIRECTION('',(1.0,0.0,0.0));
#1879=DIRECTION('',(0.0,0.0,-1.0));
#1880=AXIS2_PLACEMENT_3D('',#1877,#1878,#1879);
#1881=PLANE('',#1880);
#1882=ORIENTED_EDGE('',*,*,#1822,.T.);
#1883=ORIENTED_EDGE('',*,*,#1846,.T.);
#1884=ORIENTED_EDGE('',*,*,#1868,.T.);
#1885=ORIENTED_EDGE('',*,*,#520,.T.);
#1886=EDGE_LOOP('',(#1882,#1883,#1884,#1885));
#1887=FACE_OUTER_BOUND('',#1886,.T.);
#1888=ADVANCED_FACE('',(#1887),#1881,.F.);
#1889=CARTESIAN_POINT('',(-9.0,-2.574999999999999,8.399999999999999));
#1890=DIRECTION('',(0.0,0.0,1.0));
#1891=DIRECTION('',(1.0,0.0,0.0));
#1892=AXIS2_PLACEMENT_3D('',#1889,#1890,#1891);
#1893=PLANE('',#1892);
#1894=CARTESIAN_POINT('',(-9.800000000000003,-2.574999999999999,8.399999999999999));
#1895=VERTEX_POINT('',#1894);
#1896=CARTESIAN_POINT('',(-9.800000000000003,-3.975,8.399999999999999));
#1897=VERTEX_POINT('',#1896);
#1898=CARTESIAN_POINT('',(-9.800000000000001,-2.574999999999999,8.399999999999999));
#1899=DIRECTION('',(0.0,-1.0,0.0));
#1900=VECTOR('',#1899,1.4);
#1901=LINE('',#1898,#1900);
#1902=EDGE_CURVE('',#1895,#1897,#1901,.T.);
#1903=ORIENTED_EDGE('',*,*,#1902,.F.);
#1904=CARTESIAN_POINT('',(-9.0,-2.574999999999999,8.399999999999999));
#1905=DIRECTION('',(-1.0,0.0,0.0));
#1906=VECTOR('',#1905,0.800000000000002);
#1907=LINE('',#1904,#1906);
#1908=EDGE_CURVE('',#768,#1895,#1907,.T.);
#1909=ORIENTED_EDGE('',*,*,#1908,.F.);
#1910=ORIENTED_EDGE('',*,*,#773,.F.);
#1911=CARTESIAN_POINT('',(-9.0,-3.975,8.399999999999999));
#1912=DIRECTION('',(-1.0,0.0,0.0));
#1913=VECTOR('',#1912,0.800000000000002);
#1914=LINE('',#1911,#1913);
#1915=EDGE_CURVE('',#766,#1897,#1914,.T.);
#1916=ORIENTED_EDGE('',*,*,#1915,.T.);
#1917=EDGE_LOOP('',(#1903,#1909,#1910,#1916));
#1918=FACE_OUTER_BOUND('',#1917,.T.);
#1919=ADVANCED_FACE('',(#1918),#1893,.F.);
#1920=CARTESIAN_POINT('',(-9.0,-3.975,8.399999999999999));
#1921=DIRECTION('',(0.0,1.0,0.0));
#1922=DIRECTION('',(0.0,0.0,-1.0));
#1923=AXIS2_PLACEMENT_3D('',#1920,#1921,#1922);
#1924=PLANE('',#1923);
#1925=CARTESIAN_POINT('',(-9.800000000000003,-3.975,11.399999999999999));
#1926=VERTEX_POINT('',#1925);
#1927=CARTESIAN_POINT('',(-9.800000000000001,-3.975,8.399999999999999));
#1928=DIRECTION('',(0.0,0.0,1.0));
#1929=VECTOR('',#1928,3.0);
#1930=LINE('',#1927,#1929);
#1931=EDGE_CURVE('',#1897,#1926,#1930,.T.);
#1932=ORIENTED_EDGE('',*,*,#1931,.F.);
#1933=ORIENTED_EDGE('',*,*,#1915,.F.);
#1934=ORIENTED_EDGE('',*,*,#795,.F.);
#1935=CARTESIAN_POINT('',(-9.0,-3.975,11.399999999999999));
#1936=DIRECTION('',(-1.0,0.0,0.0));
#1937=VECTOR('',#1936,0.800000000000002);
#1938=LINE('',#1935,#1937);
#1939=EDGE_CURVE('',#784,#1926,#1938,.T.);
#1940=ORIENTED_EDGE('',*,*,#1939,.T.);
#1941=EDGE_LOOP('',(#1932,#1933,#1934,#1940));
#1942=FACE_OUTER_BOUND('',#1941,.T.);
#1943=ADVANCED_FACE('',(#1942),#1924,.F.);
#1944=CARTESIAN_POINT('',(-9.0,-3.975,11.399999999999999));
#1945=DIRECTION('',(0.0,0.0,-1.0));
#1946=DIRECTION('',(-1.0,0.0,0.0));
#1947=AXIS2_PLACEMENT_3D('',#1944,#1945,#1946);
#1948=PLANE('',#1947);
#1949=CARTESIAN_POINT('',(-9.800000000000003,-2.574999999999999,11.399999999999999));
#1950=VERTEX_POINT('',#1949);
#1951=CARTESIAN_POINT('',(-9.800000000000001,-3.975,11.399999999999999));
#1952=DIRECTION('',(0.0,1.0,0.0));
#1953=VECTOR('',#1952,1.4);
#1954=LINE('',#1951,#1953);
#1955=EDGE_CURVE('',#1926,#1950,#1954,.T.);
#1956=ORIENTED_EDGE('',*,*,#1955,.F.);
#1957=ORIENTED_EDGE('',*,*,#1939,.F.);
#1958=ORIENTED_EDGE('',*,*,#789,.F.);
#1959=CARTESIAN_POINT('',(-9.0,-2.574999999999999,11.399999999999999));
#1960=DIRECTION('',(-1.0,0.0,0.0));
#1961=VECTOR('',#1960,0.800000000000002);
#1962=LINE('',#1959,#1961);
#1963=EDGE_CURVE('',#776,#1950,#1962,.T.);
#1964=ORIENTED_EDGE('',*,*,#1963,.T.);
#1965=EDGE_LOOP('',(#1956,#1957,#1958,#1964));
#1966=FACE_OUTER_BOUND('',#1965,.T.);
#1967=ADVANCED_FACE('',(#1966),#1948,.F.);
#1968=CARTESIAN_POINT('',(-9.0,-2.574999999999999,11.399999999999999));
#1969=DIRECTION('',(0.0,-1.0,0.0));
#1970=DIRECTION('',(0.0,0.0,1.0));
#1971=AXIS2_PLACEMENT_3D('',#1968,#1969,#1970);
#1972=PLANE('',#1971);
#1973=CARTESIAN_POINT('',(-9.800000000000001,-2.574999999999999,11.399999999999999));
#1974=DIRECTION('',(0.0,0.0,-1.0));
#1975=VECTOR('',#1974,3.0);
#1976=LINE('',#1973,#1975);
#1977=EDGE_CURVE('',#1950,#1895,#1976,.T.);
#1978=ORIENTED_EDGE('',*,*,#1977,.F.);
#1979=ORIENTED_EDGE('',*,*,#1963,.F.);
#1980=ORIENTED_EDGE('',*,*,#781,.F.);
#1981=ORIENTED_EDGE('',*,*,#1908,.T.);
#1982=EDGE_LOOP('',(#1978,#1979,#1980,#1981));
#1983=FACE_OUTER_BOUND('',#1982,.T.);
#1984=ADVANCED_FACE('',(#1983),#1972,.F.);
#1985=CARTESIAN_POINT('',(-9.800000000000003,-3.275,9.899999999999999));
#1986=DIRECTION('',(1.0,0.0,0.0));
#1987=DIRECTION('',(0.0,0.0,-1.0));
#1988=AXIS2_PLACEMENT_3D('',#1985,#1986,#1987);
#1989=PLANE('',#1988);
#1990=ORIENTED_EDGE('',*,*,#1902,.T.);
#1991=ORIENTED_EDGE('',*,*,#1931,.T.);
#1992=ORIENTED_EDGE('',*,*,#1955,.T.);
#1993=ORIENTED_EDGE('',*,*,#1977,.T.);
#1994=EDGE_LOOP('',(#1990,#1991,#1992,#1993));
#1995=FACE_OUTER_BOUND('',#1994,.T.);
#1996=ADVANCED_FACE('',(#1995),#1989,.F.);
#1997=CARTESIAN_POINT('',(-9.0,3.975,8.399999999999999));
#1998=DIRECTION('',(0.0,0.0,1.0));
#1999=DIRECTION('',(1.0,0.0,0.0));
#2000=AXIS2_PLACEMENT_3D('',#1997,#1998,#1999);
#2001=PLANE('',#2000);
#2002=CARTESIAN_POINT('',(-9.800000000000003,3.975,8.399999999999999));
#2003=VERTEX_POINT('',#2002);
#2004=CARTESIAN_POINT('',(-9.800000000000003,2.574999999999998,8.399999999999999));
#2005=VERTEX_POINT('',#2004);
#2006=CARTESIAN_POINT('',(-9.800000000000001,3.975,8.399999999999999));
#2007=DIRECTION('',(0.0,-1.0,0.0));
#2008=VECTOR('',#2007,1.400000000000001);
#2009=LINE('',#2006,#2008);
#2010=EDGE_CURVE('',#2003,#2005,#2009,.T.);
#2011=ORIENTED_EDGE('',*,*,#2010,.F.);
#2012=CARTESIAN_POINT('',(-9.0,3.975,8.399999999999999));
#2013=DIRECTION('',(-1.0,0.0,0.0));
#2014=VECTOR('',#2013,0.800000000000002);
#2015=LINE('',#2012,#2014);
#2016=EDGE_CURVE('',#734,#2003,#2015,.T.);
#2017=ORIENTED_EDGE('',*,*,#2016,.F.);
#2018=ORIENTED_EDGE('',*,*,#739,.F.);
#2019=CARTESIAN_POINT('',(-9.0,2.574999999999998,8.399999999999999));
#2020=DIRECTION('',(-1.0,0.0,0.0));
#2021=VECTOR('',#2020,0.800000000000002);
#2022=LINE('',#2019,#2021);
#2023=EDGE_CURVE('',#732,#2005,#2022,.T.);
#2024=ORIENTED_EDGE('',*,*,#2023,.T.);
#2025=EDGE_LOOP('',(#2011,#2017,#2018,#2024));
#2026=FACE_OUTER_BOUND('',#2025,.T.);
#2027=ADVANCED_FACE('',(#2026),#2001,.F.);
#2028=CARTESIAN_POINT('',(-9.0,2.574999999999998,8.399999999999999));
#2029=DIRECTION('',(0.0,1.0,0.0));
#2030=DIRECTION('',(0.0,0.0,-1.0));
#2031=AXIS2_PLACEMENT_3D('',#2028,#2029,#2030);
#2032=PLANE('',#2031);
#2033=CARTESIAN_POINT('',(-9.800000000000003,2.574999999999998,11.399999999999999));
#2034=VERTEX_POINT('',#2033);
#2035=CARTESIAN_POINT('',(-9.800000000000001,2.574999999999998,8.399999999999999));
#2036=DIRECTION('',(0.0,0.0,1.0));
#2037=VECTOR('',#2036,3.0);
#2038=LINE('',#2035,#2037);
#2039=EDGE_CURVE('',#2005,#2034,#2038,.T.);
#2040=ORIENTED_EDGE('',*,*,#2039,.F.);
#2041=ORIENTED_EDGE('',*,*,#2023,.F.);
#2042=ORIENTED_EDGE('',*,*,#761,.F.);
#2043=CARTESIAN_POINT('',(-9.0,2.574999999999998,11.399999999999999));
#2044=DIRECTION('',(-1.0,0.0,0.0));
#2045=VECTOR('',#2044,0.800000000000002);
#2046=LINE('',#2043,#2045);
#2047=EDGE_CURVE('',#750,#2034,#2046,.T.);
#2048=ORIENTED_EDGE('',*,*,#2047,.T.);
#2049=EDGE_LOOP('',(#2040,#2041,#2042,#2048));
#2050=FACE_OUTER_BOUND('',#2049,.T.);
#2051=ADVANCED_FACE('',(#2050),#2032,.F.);
#2052=CARTESIAN_POINT('',(-9.0,2.574999999999998,11.399999999999999));
#2053=DIRECTION('',(0.0,0.0,-1.0));
#2054=DIRECTION('',(-1.0,0.0,0.0));
#2055=AXIS2_PLACEMENT_3D('',#2052,#2053,#2054);
#2056=PLANE('',#2055);
#2057=CARTESIAN_POINT('',(-9.800000000000003,3.975,11.399999999999999));
#2058=VERTEX_POINT('',#2057);
#2059=CARTESIAN_POINT('',(-9.800000000000001,2.574999999999998,11.399999999999999));
#2060=DIRECTION('',(0.0,1.0,0.0));
#2061=VECTOR('',#2060,1.400000000000001);
#2062=LINE('',#2059,#2061);
#2063=EDGE_CURVE('',#2034,#2058,#2062,.T.);
#2064=ORIENTED_EDGE('',*,*,#2063,.F.);
#2065=ORIENTED_EDGE('',*,*,#2047,.F.);
#2066=ORIENTED_EDGE('',*,*,#755,.F.);
#2067=CARTESIAN_POINT('',(-9.0,3.975,11.399999999999999));
#2068=DIRECTION('',(-1.0,0.0,0.0));
#2069=VECTOR('',#2068,0.800000000000002);
#2070=LINE('',#2067,#2069);
#2071=EDGE_CURVE('',#742,#2058,#2070,.T.);
#2072=ORIENTED_EDGE('',*,*,#2071,.T.);
#2073=EDGE_LOOP('',(#2064,#2065,#2066,#2072));
#2074=FACE_OUTER_BOUND('',#2073,.T.);
#2075=ADVANCED_FACE('',(#2074),#2056,.F.);
#2076=CARTESIAN_POINT('',(-9.0,3.975,11.399999999999999));
#2077=DIRECTION('',(0.0,-1.0,0.0));
#2078=DIRECTION('',(0.0,0.0,1.0));
#2079=AXIS2_PLACEMENT_3D('',#2076,#2077,#2078);
#2080=PLANE('',#2079);
#2081=CARTESIAN_POINT('',(-9.800000000000001,3.975,11.399999999999999));
#2082=DIRECTION('',(0.0,0.0,-1.0));
#2083=VECTOR('',#2082,3.0);
#2084=LINE('',#2081,#2083);
#2085=EDGE_CURVE('',#2058,#2003,#2084,.T.);
#2086=ORIENTED_EDGE('',*,*,#2085,.F.);
#2087=ORIENTED_EDGE('',*,*,#2071,.F.);
#2088=ORIENTED_EDGE('',*,*,#747,.F.);
#2089=ORIENTED_EDGE('',*,*,#2016,.T.);
#2090=EDGE_LOOP('',(#2086,#2087,#2088,#2089));
#2091=FACE_OUTER_BOUND('',#2090,.T.);
#2092=ADVANCED_FACE('',(#2091),#2080,.F.);
#2093=CARTESIAN_POINT('',(-9.800000000000003,3.274999999999999,9.899999999999999));
#2094=DIRECTION('',(1.0,0.0,0.0));
#2095=DIRECTION('',(0.0,0.0,-1.0));
#2096=AXIS2_PLACEMENT_3D('',#2093,#2094,#2095);
#2097=PLANE('',#2096);
#2098=ORIENTED_EDGE('',*,*,#2010,.T.);
#2099=ORIENTED_EDGE('',*,*,#2039,.T.);
#2100=ORIENTED_EDGE('',*,*,#2063,.T.);
#2101=ORIENTED_EDGE('',*,*,#2085,.T.);
#2102=EDGE_LOOP('',(#2098,#2099,#2100,#2101));
#2103=FACE_OUTER_BOUND('',#2102,.T.);
#2104=ADVANCED_FACE('',(#2103),#2097,.F.);
#2105=CARTESIAN_POINT('',(9.0,8.5,8.4));
#2106=DIRECTION('',(0.0,0.0,-1.0));
#2107=DIRECTION('',(-1.0,0.0,0.0));
#2108=AXIS2_PLACEMENT_3D('',#2105,#2106,#2107);
#2109=PLANE('',#2108);
#2110=CARTESIAN_POINT('',(9.800000000000003,6.05,8.399999999999995));
#2111=VERTEX_POINT('',#2110);
#2112=CARTESIAN_POINT('',(9.800000000000001,8.5,8.400000000000002));
#2113=DIRECTION('',(0.0,-1.0,0.0));
#2114=VECTOR('',#2113,2.45);
#2115=LINE('',#2112,#2114);
#2116=EDGE_CURVE('',#349,#2111,#2115,.T.);
#2117=ORIENTED_EDGE('',*,*,#2116,.T.);
#2118=CARTESIAN_POINT('',(9.0,6.05,8.399999999999995));
#2119=DIRECTION('',(1.0,0.0,0.0));
#2120=VECTOR('',#2119,0.800000000000002);
#2121=LINE('',#2118,#2120);
#2122=EDGE_CURVE('',#1288,#2111,#2121,.T.);
#2123=ORIENTED_EDGE('',*,*,#2122,.F.);
#2124=ORIENTED_EDGE('',*,*,#1293,.F.);
#2125=ORIENTED_EDGE('',*,*,#1430,.F.);
#2126=ORIENTED_EDGE('',*,*,#362,.T.);
#2127=EDGE_LOOP('',(#2117,#2123,#2124,#2125,#2126));
#2128=FACE_OUTER_BOUND('',#2127,.T.);
#2129=ADVANCED_FACE('',(#2128),#2109,.T.);
#2130=CARTESIAN_POINT('',(9.0,6.05,8.399999999999995));
#2131=DIRECTION('',(0.0,-1.0,0.0));
#2132=DIRECTION('',(0.0,0.0,-1.0));
#2133=AXIS2_PLACEMENT_3D('',#2130,#2131,#2132);
#2134=PLANE('',#2133);
#2135=CARTESIAN_POINT('',(9.800000000000003,6.05,11.399999999999997));
#2136=VERTEX_POINT('',#2135);
#2137=CARTESIAN_POINT('',(9.800000000000001,6.05,8.399999999999995));
#2138=DIRECTION('',(0.0,0.0,1.0));
#2139=VECTOR('',#2138,3.000000000000002);
#2140=LINE('',#2137,#2139);
#2141=EDGE_CURVE('',#2111,#2136,#2140,.T.);
#2142=ORIENTED_EDGE('',*,*,#2141,.T.);
#2143=CARTESIAN_POINT('',(9.0,6.05,11.399999999999997));
#2144=DIRECTION('',(1.0,0.0,0.0));
#2145=VECTOR('',#2144,0.800000000000002);
#2146=LINE('',#2143,#2145);
#2147=EDGE_CURVE('',#1296,#2136,#2146,.T.);
#2148=ORIENTED_EDGE('',*,*,#2147,.F.);
#2149=ORIENTED_EDGE('',*,*,#1301,.F.);
#2150=ORIENTED_EDGE('',*,*,#2122,.T.);
#2151=EDGE_LOOP('',(#2142,#2148,#2149,#2150));
#2152=FACE_OUTER_BOUND('',#2151,.T.);
#2153=ADVANCED_FACE('',(#2152),#2134,.T.);
#2154=CARTESIAN_POINT('',(9.0,6.05,11.399999999999997));
#2155=DIRECTION('',(0.0,0.0,1.0));
#2156=DIRECTION('',(1.0,0.0,0.0));
#2157=AXIS2_PLACEMENT_3D('',#2154,#2155,#2156);
#2158=PLANE('',#2157);
#2159=CARTESIAN_POINT('',(9.800000000000001,6.049999999999999,11.399999999999997));
#2160=DIRECTION('',(0.0,1.0,0.0));
#2161=VECTOR('',#2160,2.450000000000001);
#2162=LINE('',#2159,#2161);
#2163=EDGE_CURVE('',#2136,#341,#2162,.T.);
#2164=ORIENTED_EDGE('',*,*,#2163,.T.);
#2165=ORIENTED_EDGE('',*,*,#346,.F.);
#2166=ORIENTED_EDGE('',*,*,#1307,.F.);
#2167=ORIENTED_EDGE('',*,*,#2147,.T.);
#2168=EDGE_LOOP('',(#2164,#2165,#2166,#2167));
#2169=FACE_OUTER_BOUND('',#2168,.T.);
#2170=ADVANCED_FACE('',(#2169),#2158,.T.);
#2171=CARTESIAN_POINT('',(9.800000000000003,7.274999999999999,9.899999999999999));
#2172=DIRECTION('',(1.0,0.0,0.0));
#2173=DIRECTION('',(0.0,0.0,-1.0));
#2174=AXIS2_PLACEMENT_3D('',#2171,#2172,#2173);
#2175=PLANE('',#2174);
#2176=ORIENTED_EDGE('',*,*,#2116,.F.);
#2177=ORIENTED_EDGE('',*,*,#354,.F.);
#2178=ORIENTED_EDGE('',*,*,#2163,.F.);
#2179=ORIENTED_EDGE('',*,*,#2141,.F.);
#2180=EDGE_LOOP('',(#2176,#2177,#2178,#2179));
#2181=FACE_OUTER_BOUND('',#2180,.T.);
#2182=ADVANCED_FACE('',(#2181),#2175,.T.);
#2183=CARTESIAN_POINT('',(9.0,-8.5,11.399999999999997));
#2184=DIRECTION('',(0.0,0.0,1.0));
#2185=DIRECTION('',(1.0,0.0,0.0));
#2186=AXIS2_PLACEMENT_3D('',#2183,#2184,#2185);
#2187=PLANE('',#2186);
#2188=CARTESIAN_POINT('',(9.800000000000004,-6.05,11.399999999999997));
#2189=VERTEX_POINT('',#2188);
#2190=CARTESIAN_POINT('',(9.800000000000001,-8.5,11.399999999999997));
#2191=DIRECTION('',(0.0,1.0,0.0));
#2192=VECTOR('',#2191,2.45);
#2193=LINE('',#2190,#2192);
#2194=EDGE_CURVE('',#595,#2189,#2193,.T.);
#2195=ORIENTED_EDGE('',*,*,#2194,.T.);
#2196=CARTESIAN_POINT('',(9.0,-6.05,11.399999999999997));
#2197=DIRECTION('',(1.0,0.0,0.0));
#2198=VECTOR('',#2197,0.800000000000004);
#2199=LINE('',#2196,#2198);
#2200=EDGE_CURVE('',#1217,#2189,#2199,.T.);
#2201=ORIENTED_EDGE('',*,*,#2200,.F.);
#2202=ORIENTED_EDGE('',*,*,#1222,.F.);
#2203=ORIENTED_EDGE('',*,*,#608,.T.);
#2204=EDGE_LOOP('',(#2195,#2201,#2202,#2203));
#2205=FACE_OUTER_BOUND('',#2204,.T.);
#2206=ADVANCED_FACE('',(#2205),#2187,.T.);
#2207=CARTESIAN_POINT('',(9.0,-6.05,11.399999999999997));
#2208=DIRECTION('',(0.0,1.0,0.0));
#2209=DIRECTION('',(0.0,0.0,1.0));
#2210=AXIS2_PLACEMENT_3D('',#2207,#2208,#2209);
#2211=PLANE('',#2210);
#2212=CARTESIAN_POINT('',(9.800000000000004,-6.05,8.399999999999995));
#2213=VERTEX_POINT('',#2212);
#2214=CARTESIAN_POINT('',(9.800000000000001,-6.05,11.399999999999999));
#2215=DIRECTION('',(0.0,0.0,-1.0));
#2216=VECTOR('',#2215,3.000000000000004);
#2217=LINE('',#2214,#2216);
#2218=EDGE_CURVE('',#2189,#2213,#2217,.T.);
#2219=ORIENTED_EDGE('',*,*,#2218,.T.);
#2220=CARTESIAN_POINT('',(9.0,-6.05,8.399999999999995));
#2221=DIRECTION('',(1.0,0.0,0.0));
#2222=VECTOR('',#2221,0.800000000000004);
#2223=LINE('',#2220,#2222);
#2224=EDGE_CURVE('',#1225,#2213,#2223,.T.);
#2225=ORIENTED_EDGE('',*,*,#2224,.F.);
#2226=ORIENTED_EDGE('',*,*,#1230,.F.);
#2227=ORIENTED_EDGE('',*,*,#2200,.T.);
#2228=EDGE_LOOP('',(#2219,#2225,#2226,#2227));
#2229=FACE_OUTER_BOUND('',#2228,.T.);
#2230=ADVANCED_FACE('',(#2229),#2211,.T.);
#2231=CARTESIAN_POINT('',(9.0,-6.05,8.399999999999995));
#2232=DIRECTION('',(0.0,0.0,-1.0));
#2233=DIRECTION('',(-1.0,0.0,0.0));
#2234=AXIS2_PLACEMENT_3D('',#2231,#2232,#2233);
#2235=PLANE('',#2234);
#2236=CARTESIAN_POINT('',(9.800000000000001,-6.049999999999999,8.399999999999995));
#2237=DIRECTION('',(0.0,-1.0,0.0));
#2238=VECTOR('',#2237,2.450000000000001);
#2239=LINE('',#2236,#2238);
#2240=EDGE_CURVE('',#2213,#587,#2239,.T.);
#2241=ORIENTED_EDGE('',*,*,#2240,.T.);
#2242=ORIENTED_EDGE('',*,*,#592,.T.);
#2243=ORIENTED_EDGE('',*,*,#1203,.F.);
#2244=ORIENTED_EDGE('',*,*,#1236,.F.);
#2245=ORIENTED_EDGE('',*,*,#2224,.T.);
#2246=EDGE_LOOP('',(#2241,#2242,#2243,#2244,#2245));
#2247=FACE_OUTER_BOUND('',#2246,.T.);
#2248=ADVANCED_FACE('',(#2247),#2235,.T.);
#2249=CARTESIAN_POINT('',(9.800000000000004,-7.275000000000002,9.899999999999999));
#2250=DIRECTION('',(1.0,0.0,0.0));
#2251=DIRECTION('',(0.0,0.0,-1.0));
#2252=AXIS2_PLACEMENT_3D('',#2249,#2250,#2251);
#2253=PLANE('',#2252);
#2254=ORIENTED_EDGE('',*,*,#2194,.F.);
#2255=ORIENTED_EDGE('',*,*,#600,.F.);
#2256=ORIENTED_EDGE('',*,*,#2240,.F.);
#2257=ORIENTED_EDGE('',*,*,#2218,.F.);
#2258=EDGE_LOOP('',(#2254,#2255,#2256,#2257));
#2259=FACE_OUTER_BOUND('',#2258,.T.);
#2260=ADVANCED_FACE('',(#2259),#2253,.T.);
#2261=CARTESIAN_POINT('',(9.0,-2.574999999999999,8.399999999999999));
#2262=DIRECTION('',(0.0,0.0,-1.0));
#2263=DIRECTION('',(-1.0,0.0,0.0));
#2264=AXIS2_PLACEMENT_3D('',#2261,#2262,#2263);
#2265=PLANE('',#2264);
#2266=CARTESIAN_POINT('',(9.800000000000003,-2.574999999999999,8.399999999999999));
#2267=VERTEX_POINT('',#2266);
#2268=CARTESIAN_POINT('',(9.800000000000003,-3.975,8.399999999999999));
#2269=VERTEX_POINT('',#2268);
#2270=CARTESIAN_POINT('',(9.800000000000001,-2.574999999999999,8.399999999999999));
#2271=DIRECTION('',(0.0,-1.0,0.0));
#2272=VECTOR('',#2271,1.4);
#2273=LINE('',#2270,#2272);
#2274=EDGE_CURVE('',#2267,#2269,#2273,.T.);
#2275=ORIENTED_EDGE('',*,*,#2274,.T.);
#2276=CARTESIAN_POINT('',(9.0,-3.975,8.399999999999999));
#2277=DIRECTION('',(1.0,0.0,0.0));
#2278=VECTOR('',#2277,0.800000000000002);
#2279=LINE('',#2276,#2278);
#2280=EDGE_CURVE('',#1355,#2269,#2279,.T.);
#2281=ORIENTED_EDGE('',*,*,#2280,.F.);
#2282=ORIENTED_EDGE('',*,*,#1360,.F.);
#2283=CARTESIAN_POINT('',(9.0,-2.574999999999999,8.399999999999999));
#2284=DIRECTION('',(1.0,0.0,0.0));
#2285=VECTOR('',#2284,0.800000000000002);
#2286=LINE('',#2283,#2285);
#2287=EDGE_CURVE('',#1353,#2267,#2286,.T.);
#2288=ORIENTED_EDGE('',*,*,#2287,.T.);
#2289=EDGE_LOOP('',(#2275,#2281,#2282,#2288));
#2290=FACE_OUTER_BOUND('',#2289,.T.);
#2291=ADVANCED_FACE('',(#2290),#2265,.T.);
#2292=CARTESIAN_POINT('',(9.0,-3.975,8.399999999999999));
#2293=DIRECTION('',(0.0,-1.0,0.0));
#2294=DIRECTION('',(0.0,0.0,-1.0));
#2295=AXIS2_PLACEMENT_3D('',#2292,#2293,#2294);
#2296=PLANE('',#2295);
#2297=CARTESIAN_POINT('',(9.800000000000003,-3.975,11.399999999999999));
#2298=VERTEX_POINT('',#2297);
#2299=CARTESIAN_POINT('',(9.800000000000001,-3.975,8.399999999999999));
#2300=DIRECTION('',(0.0,0.0,1.0));
#2301=VECTOR('',#2300,3.0);
#2302=LINE('',#2299,#2301);
#2303=EDGE_CURVE('',#2269,#2298,#2302,.T.);
#2304=ORIENTED_EDGE('',*,*,#2303,.T.);
#2305=CARTESIAN_POINT('',(9.0,-3.975,11.399999999999999));
#2306=DIRECTION('',(1.0,0.0,0.0));
#2307=VECTOR('',#2306,0.800000000000002);
#2308=LINE('',#2305,#2307);
#2309=EDGE_CURVE('',#1363,#2298,#2308,.T.);
#2310=ORIENTED_EDGE('',*,*,#2309,.F.);
#2311=ORIENTED_EDGE('',*,*,#1368,.F.);
#2312=ORIENTED_EDGE('',*,*,#2280,.T.);
#2313=EDGE_LOOP('',(#2304,#2310,#2311,#2312));
#2314=FACE_OUTER_BOUND('',#2313,.T.);
#2315=ADVANCED_FACE('',(#2314),#2296,.T.);
#2316=CARTESIAN_POINT('',(9.0,-3.975,11.399999999999999));
#2317=DIRECTION('',(0.0,0.0,1.0));
#2318=DIRECTION('',(1.0,0.0,0.0));
#2319=AXIS2_PLACEMENT_3D('',#2316,#2317,#2318);
#2320=PLANE('',#2319);
#2321=CARTESIAN_POINT('',(9.800000000000003,-2.574999999999999,11.399999999999999));
#2322=VERTEX_POINT('',#2321);
#2323=CARTESIAN_POINT('',(9.800000000000001,-3.975,11.399999999999999));
#2324=DIRECTION('',(0.0,1.0,0.0));
#2325=VECTOR('',#2324,1.4);
#2326=LINE('',#2323,#2325);
#2327=EDGE_CURVE('',#2298,#2322,#2326,.T.);
#2328=ORIENTED_EDGE('',*,*,#2327,.T.);
#2329=CARTESIAN_POINT('',(9.0,-2.574999999999999,11.399999999999999));
#2330=DIRECTION('',(1.0,0.0,0.0));
#2331=VECTOR('',#2330,0.800000000000002);
#2332=LINE('',#2329,#2331);
#2333=EDGE_CURVE('',#1371,#2322,#2332,.T.);
#2334=ORIENTED_EDGE('',*,*,#2333,.F.);
#2335=ORIENTED_EDGE('',*,*,#1376,.F.);
#2336=ORIENTED_EDGE('',*,*,#2309,.T.);
#2337=EDGE_LOOP('',(#2328,#2334,#2335,#2336));
#2338=FACE_OUTER_BOUND('',#2337,.T.);
#2339=ADVANCED_FACE('',(#2338),#2320,.T.);
#2340=CARTESIAN_POINT('',(9.0,-2.574999999999999,11.399999999999999));
#2341=DIRECTION('',(0.0,1.0,0.0));
#2342=DIRECTION('',(0.0,0.0,1.0));
#2343=AXIS2_PLACEMENT_3D('',#2340,#2341,#2342);
#2344=PLANE('',#2343);
#2345=CARTESIAN_POINT('',(9.800000000000001,-2.574999999999999,11.399999999999999));
#2346=DIRECTION('',(0.0,0.0,-1.0));
#2347=VECTOR('',#2346,3.0);
#2348=LINE('',#2345,#2347);
#2349=EDGE_CURVE('',#2322,#2267,#2348,.T.);
#2350=ORIENTED_EDGE('',*,*,#2349,.T.);
#2351=ORIENTED_EDGE('',*,*,#2287,.F.);
#2352=ORIENTED_EDGE('',*,*,#1382,.F.);
#2353=ORIENTED_EDGE('',*,*,#2333,.T.);
#2354=EDGE_LOOP('',(#2350,#2351,#2352,#2353));
#2355=FACE_OUTER_BOUND('',#2354,.T.);
#2356=ADVANCED_FACE('',(#2355),#2344,.T.);
#2357=CARTESIAN_POINT('',(9.800000000000003,-3.275,9.899999999999999));
#2358=DIRECTION('',(1.0,0.0,0.0));
#2359=DIRECTION('',(0.0,0.0,-1.0));
#2360=AXIS2_PLACEMENT_3D('',#2357,#2358,#2359);
#2361=PLANE('',#2360);
#2362=ORIENTED_EDGE('',*,*,#2274,.F.);
#2363=ORIENTED_EDGE('',*,*,#2349,.F.);
#2364=ORIENTED_EDGE('',*,*,#2327,.F.);
#2365=ORIENTED_EDGE('',*,*,#2303,.F.);
#2366=EDGE_LOOP('',(#2362,#2363,#2364,#2365));
#2367=FACE_OUTER_BOUND('',#2366,.T.);
#2368=ADVANCED_FACE('',(#2367),#2361,.T.);
#2369=CARTESIAN_POINT('',(9.0,3.975,8.399999999999999));
#2370=DIRECTION('',(0.0,0.0,-1.0));
#2371=DIRECTION('',(-1.0,0.0,0.0));
#2372=AXIS2_PLACEMENT_3D('',#2369,#2370,#2371);
#2373=PLANE('',#2372);
#2374=CARTESIAN_POINT('',(9.800000000000003,3.975,8.399999999999999));
#2375=VERTEX_POINT('',#2374);
#2376=CARTESIAN_POINT('',(9.800000000000003,2.574999999999998,8.399999999999999));
#2377=VERTEX_POINT('',#2376);
#2378=CARTESIAN_POINT('',(9.800000000000001,3.975,8.399999999999999));
#2379=DIRECTION('',(0.0,-1.0,0.0));
#2380=VECTOR('',#2379,1.400000000000001);
#2381=LINE('',#2378,#2380);
#2382=EDGE_CURVE('',#2375,#2377,#2381,.T.);
#2383=ORIENTED_EDGE('',*,*,#2382,.T.);
#2384=CARTESIAN_POINT('',(9.0,2.574999999999998,8.399999999999999));
#2385=DIRECTION('',(1.0,0.0,0.0));
#2386=VECTOR('',#2385,0.800000000000002);
#2387=LINE('',#2384,#2386);
#2388=EDGE_CURVE('',#1321,#2377,#2387,.T.);
#2389=ORIENTED_EDGE('',*,*,#2388,.F.);
#2390=ORIENTED_EDGE('',*,*,#1326,.F.);
#2391=CARTESIAN_POINT('',(9.0,3.975,8.399999999999999));
#2392=DIRECTION('',(1.0,0.0,0.0));
#2393=VECTOR('',#2392,0.800000000000002);
#2394=LINE('',#2391,#2393);
#2395=EDGE_CURVE('',#1319,#2375,#2394,.T.);
#2396=ORIENTED_EDGE('',*,*,#2395,.T.);
#2397=EDGE_LOOP('',(#2383,#2389,#2390,#2396));
#2398=FACE_OUTER_BOUND('',#2397,.T.);
#2399=ADVANCED_FACE('',(#2398),#2373,.T.);
#2400=CARTESIAN_POINT('',(9.0,2.574999999999998,8.399999999999999));
#2401=DIRECTION('',(0.0,-1.0,0.0));
#2402=DIRECTION('',(0.0,0.0,-1.0));
#2403=AXIS2_PLACEMENT_3D('',#2400,#2401,#2402);
#2404=PLANE('',#2403);
#2405=CARTESIAN_POINT('',(9.800000000000003,2.574999999999998,11.399999999999999));
#2406=VERTEX_POINT('',#2405);
#2407=CARTESIAN_POINT('',(9.800000000000001,2.574999999999998,8.399999999999999));
#2408=DIRECTION('',(0.0,0.0,1.0));
#2409=VECTOR('',#2408,3.0);
#2410=LINE('',#2407,#2409);
#2411=EDGE_CURVE('',#2377,#2406,#2410,.T.);
#2412=ORIENTED_EDGE('',*,*,#2411,.T.);
#2413=CARTESIAN_POINT('',(9.0,2.574999999999998,11.399999999999999));
#2414=DIRECTION('',(1.0,0.0,0.0));
#2415=VECTOR('',#2414,0.800000000000002);
#2416=LINE('',#2413,#2415);
#2417=EDGE_CURVE('',#1329,#2406,#2416,.T.);
#2418=ORIENTED_EDGE('',*,*,#2417,.F.);
#2419=ORIENTED_EDGE('',*,*,#1334,.F.);
#2420=ORIENTED_EDGE('',*,*,#2388,.T.);
#2421=EDGE_LOOP('',(#2412,#2418,#2419,#2420));
#2422=FACE_OUTER_BOUND('',#2421,.T.);
#2423=ADVANCED_FACE('',(#2422),#2404,.T.);
#2424=CARTESIAN_POINT('',(9.0,2.574999999999998,11.399999999999999));
#2425=DIRECTION('',(0.0,0.0,1.0));
#2426=DIRECTION('',(1.0,0.0,0.0));
#2427=AXIS2_PLACEMENT_3D('',#2424,#2425,#2426);
#2428=PLANE('',#2427);
#2429=CARTESIAN_POINT('',(9.800000000000003,3.975,11.399999999999999));
#2430=VERTEX_POINT('',#2429);
#2431=CARTESIAN_POINT('',(9.800000000000001,2.574999999999998,11.399999999999999));
#2432=DIRECTION('',(0.0,1.0,0.0));
#2433=VECTOR('',#2432,1.400000000000001);
#2434=LINE('',#2431,#2433);
#2435=EDGE_CURVE('',#2406,#2430,#2434,.T.);
#2436=ORIENTED_EDGE('',*,*,#2435,.T.);
#2437=CARTESIAN_POINT('',(9.0,3.975,11.399999999999999));
#2438=DIRECTION('',(1.0,0.0,0.0));
#2439=VECTOR('',#2438,0.800000000000002);
#2440=LINE('',#2437,#2439);
#2441=EDGE_CURVE('',#1337,#2430,#2440,.T.);
#2442=ORIENTED_EDGE('',*,*,#2441,.F.);
#2443=ORIENTED_EDGE('',*,*,#1342,.F.);
#2444=ORIENTED_EDGE('',*,*,#2417,.T.);
#2445=EDGE_LOOP('',(#2436,#2442,#2443,#2444));
#2446=FACE_OUTER_BOUND('',#2445,.T.);
#2447=ADVANCED_FACE('',(#2446),#2428,.T.);
#2448=CARTESIAN_POINT('',(9.0,3.975,11.399999999999999));
#2449=DIRECTION('',(0.0,1.0,0.0));
#2450=DIRECTION('',(0.0,0.0,1.0));
#2451=AXIS2_PLACEMENT_3D('',#2448,#2449,#2450);
#2452=PLANE('',#2451);
#2453=CARTESIAN_POINT('',(9.800000000000001,3.975,11.399999999999999));
#2454=DIRECTION('',(0.0,0.0,-1.0));
#2455=VECTOR('',#2454,3.0);
#2456=LINE('',#2453,#2455);
#2457=EDGE_CURVE('',#2430,#2375,#2456,.T.);
#2458=ORIENTED_EDGE('',*,*,#2457,.T.);
#2459=ORIENTED_EDGE('',*,*,#2395,.F.);
#2460=ORIENTED_EDGE('',*,*,#1348,.F.);
#2461=ORIENTED_EDGE('',*,*,#2441,.T.);
#2462=EDGE_LOOP('',(#2458,#2459,#2460,#2461));
#2463=FACE_OUTER_BOUND('',#2462,.T.);
#2464=ADVANCED_FACE('',(#2463),#2452,.T.);
#2465=CARTESIAN_POINT('',(9.800000000000003,3.274999999999999,9.899999999999999));
#2466=DIRECTION('',(1.0,0.0,0.0));
#2467=DIRECTION('',(0.0,0.0,-1.0));
#2468=AXIS2_PLACEMENT_3D('',#2465,#2466,#2467);
#2469=PLANE('',#2468);
#2470=ORIENTED_EDGE('',*,*,#2382,.F.);
#2471=ORIENTED_EDGE('',*,*,#2457,.F.);
#2472=ORIENTED_EDGE('',*,*,#2435,.F.);
#2473=ORIENTED_EDGE('',*,*,#2411,.F.);
#2474=EDGE_LOOP('',(#2470,#2471,#2472,#2473));
#2475=FACE_OUTER_BOUND('',#2474,.T.);
#2476=ADVANCED_FACE('',(#2475),#2469,.T.);
#2477=CARTESIAN_POINT('',(-8.999999999999996,7.000000000000003,0.0));
#2478=DIRECTION('',(0.0,-1.0,0.0));
#2479=DIRECTION('',(0.0,0.0,-1.0));
#2480=AXIS2_PLACEMENT_3D('',#2477,#2478,#2479);
#2481=PLANE('',#2480);
#2482=ORIENTED_EDGE('',*,*,#1170,.T.);
#2483=CARTESIAN_POINT('',(-7.5,7.000000000000001,0.0));
#2484=VERTEX_POINT('',#2483);
#2485=CARTESIAN_POINT('',(-7.5,7.000000000000001,0.0));
#2486=DIRECTION('',(0.0,0.0,-1.0));
#2487=VECTOR('',#2486,1.2);
#2488=LINE('',#2485,#2487);
#2489=EDGE_CURVE('',#2484,#1159,#2488,.T.);
#2490=ORIENTED_EDGE('',*,*,#2489,.F.);
#2491=CARTESIAN_POINT('',(-8.999999999999996,7.000000000000004,0.0));
#2492=DIRECTION('',(1.0,0.0,0.0));
#2493=VECTOR('',#2492,1.499999999999996);
#2494=LINE('',#2491,#2493);
#2495=EDGE_CURVE('',#667,#2484,#2494,.T.);
#2496=ORIENTED_EDGE('',*,*,#2495,.F.);
#2497=ORIENTED_EDGE('',*,*,#672,.T.);
#2498=EDGE_LOOP('',(#2482,#2490,#2496,#2497));
#2499=FACE_OUTER_BOUND('',#2498,.T.);
#2500=ADVANCED_FACE('',(#2499),#2481,.T.);
#2501=CARTESIAN_POINT('',(-7.5,7.000000000000001,0.0));
#2502=DIRECTION('',(1.0,0.0,0.0));
#2503=DIRECTION('',(0.0,0.0,-1.0));
#2504=AXIS2_PLACEMENT_3D('',#2501,#2502,#2503);
#2505=PLANE('',#2504);
#2506=ORIENTED_EDGE('',*,*,#1164,.T.);
#2507=ORIENTED_EDGE('',*,*,#402,.F.);
#2508=CARTESIAN_POINT('',(-7.5,7.000000000000001,0.0));
#2509=DIRECTION('',(0.0,1.0,0.0));
#2510=VECTOR('',#2509,1.499999999999999);
#2511=LINE('',#2508,#2510);
#2512=EDGE_CURVE('',#2484,#389,#2511,.T.);
#2513=ORIENTED_EDGE('',*,*,#2512,.F.);
#2514=ORIENTED_EDGE('',*,*,#2489,.T.);
#2515=EDGE_LOOP('',(#2506,#2507,#2513,#2514));
#2516=FACE_OUTER_BOUND('',#2515,.T.);
#2517=ADVANCED_FACE('',(#2516),#2505,.T.);
#2518=CARTESIAN_POINT('',(-7.5,-8.5,0.0));
#2519=DIRECTION('',(1.0,0.0,0.0));
#2520=DIRECTION('',(0.0,0.0,-1.0));
#2521=AXIS2_PLACEMENT_3D('',#2518,#2519,#2520);
#2522=PLANE('',#2521);
#2523=ORIENTED_EDGE('',*,*,#1121,.T.);
#2524=CARTESIAN_POINT('',(-7.5,-6.999999999999998,0.0));
#2525=VERTEX_POINT('',#2524);
#2526=CARTESIAN_POINT('',(-7.5,-6.999999999999998,0.0));
#2527=DIRECTION('',(0.0,0.0,-1.0));
#2528=VECTOR('',#2527,1.2);
#2529=LINE('',#2526,#2528);
#2530=EDGE_CURVE('',#2525,#1110,#2529,.T.);
#2531=ORIENTED_EDGE('',*,*,#2530,.F.);
#2532=CARTESIAN_POINT('',(-7.5,-8.5,0.0));
#2533=DIRECTION('',(0.0,1.0,0.0));
#2534=VECTOR('',#2533,1.500000000000002);
#2535=LINE('',#2532,#2534);
#2536=EDGE_CURVE('',#547,#2525,#2535,.T.);
#2537=ORIENTED_EDGE('',*,*,#2536,.F.);
#2538=ORIENTED_EDGE('',*,*,#552,.T.);
#2539=EDGE_LOOP('',(#2523,#2531,#2537,#2538));
#2540=FACE_OUTER_BOUND('',#2539,.T.);
#2541=ADVANCED_FACE('',(#2540),#2522,.T.);
#2542=CARTESIAN_POINT('',(-7.5,-6.999999999999998,0.0));
#2543=DIRECTION('',(0.0,1.0,0.0));
#2544=DIRECTION('',(0.0,0.0,1.0));
#2545=AXIS2_PLACEMENT_3D('',#2542,#2543,#2544);
#2546=PLANE('',#2545);
#2547=ORIENTED_EDGE('',*,*,#1115,.T.);
#2548=ORIENTED_EDGE('',*,*,#688,.F.);
#2549=CARTESIAN_POINT('',(-7.5,-6.999999999999998,0.0));
#2550=DIRECTION('',(-1.0,0.0,0.0));
#2551=VECTOR('',#2550,1.5);
#2552=LINE('',#2549,#2551);
#2553=EDGE_CURVE('',#2525,#675,#2552,.T.);
#2554=ORIENTED_EDGE('',*,*,#2553,.F.);
#2555=ORIENTED_EDGE('',*,*,#2530,.T.);
#2556=EDGE_LOOP('',(#2547,#2548,#2554,#2555));
#2557=FACE_OUTER_BOUND('',#2556,.T.);
#2558=ADVANCED_FACE('',(#2557),#2546,.T.);
#2559=CARTESIAN_POINT('',(9.0,-7.000000000000001,0.0));
#2560=DIRECTION('',(0.0,1.0,0.0));
#2561=DIRECTION('',(0.0,0.0,1.0));
#2562=AXIS2_PLACEMENT_3D('',#2559,#2560,#2561);
#2563=PLANE('',#2562);
#2564=ORIENTED_EDGE('',*,*,#1406,.T.);
#2565=CARTESIAN_POINT('',(7.5,-7.000000000000001,0.0));
#2566=VERTEX_POINT('',#2565);
#2567=CARTESIAN_POINT('',(7.5,-7.000000000000001,0.0));
#2568=DIRECTION('',(0.0,0.0,-1.0));
#2569=VECTOR('',#2568,1.2);
#2570=LINE('',#2567,#2569);
#2571=EDGE_CURVE('',#2566,#1395,#2570,.T.);
#2572=ORIENTED_EDGE('',*,*,#2571,.F.);
#2573=CARTESIAN_POINT('',(9.0,-7.000000000000001,0.0));
#2574=DIRECTION('',(-1.0,0.0,0.0));
#2575=VECTOR('',#2574,1.5);
#2576=LINE('',#2573,#2575);
#2577=EDGE_CURVE('',#1248,#2566,#2576,.T.);
#2578=ORIENTED_EDGE('',*,*,#2577,.F.);
#2579=ORIENTED_EDGE('',*,*,#1253,.T.);
#2580=EDGE_LOOP('',(#2564,#2572,#2578,#2579));
#2581=FACE_OUTER_BOUND('',#2580,.T.);
#2582=ADVANCED_FACE('',(#2581),#2563,.T.);
#2583=CARTESIAN_POINT('',(7.5,-7.000000000000001,0.0));
#2584=DIRECTION('',(-1.0,0.0,0.0));
#2585=DIRECTION('',(0.0,0.0,1.0));
#2586=AXIS2_PLACEMENT_3D('',#2583,#2584,#2585);
#2587=PLANE('',#2586);
#2588=ORIENTED_EDGE('',*,*,#1400,.T.);
#2589=ORIENTED_EDGE('',*,*,#568,.F.);
#2590=CARTESIAN_POINT('',(7.5,-7.000000000000001,0.0));
#2591=DIRECTION('',(0.0,-1.0,0.0));
#2592=VECTOR('',#2591,1.500000000000001);
#2593=LINE('',#2590,#2592);
#2594=EDGE_CURVE('',#2566,#555,#2593,.T.);
#2595=ORIENTED_EDGE('',*,*,#2594,.F.);
#2596=ORIENTED_EDGE('',*,*,#2571,.T.);
#2597=EDGE_LOOP('',(#2588,#2589,#2595,#2596));
#2598=FACE_OUTER_BOUND('',#2597,.T.);
#2599=ADVANCED_FACE('',(#2598),#2587,.T.);
#2600=CARTESIAN_POINT('',(7.5,8.5,0.0));
#2601=DIRECTION('',(-1.0,0.0,0.0));
#2602=DIRECTION('',(0.0,0.0,1.0));
#2603=AXIS2_PLACEMENT_3D('',#2600,#2601,#2602);
#2604=PLANE('',#2603);
#2605=ORIENTED_EDGE('',*,*,#1455,.T.);
#2606=CARTESIAN_POINT('',(7.5,7.000000000000001,0.0));
#2607=VERTEX_POINT('',#2606);
#2608=CARTESIAN_POINT('',(7.5,7.000000000000001,0.0));
#2609=DIRECTION('',(0.0,0.0,-1.0));
#2610=VECTOR('',#2609,1.2);
#2611=LINE('',#2608,#2610);
#2612=EDGE_CURVE('',#2607,#1444,#2611,.T.);
#2613=ORIENTED_EDGE('',*,*,#2612,.F.);
#2614=CARTESIAN_POINT('',(7.5,8.5,0.0));
#2615=DIRECTION('',(0.0,-1.0,0.0));
#2616=VECTOR('',#2615,1.5);
#2617=LINE('',#2614,#2616);
#2618=EDGE_CURVE('',#381,#2607,#2617,.T.);
#2619=ORIENTED_EDGE('',*,*,#2618,.F.);
#2620=ORIENTED_EDGE('',*,*,#386,.T.);
#2621=EDGE_LOOP('',(#2605,#2613,#2619,#2620));
#2622=FACE_OUTER_BOUND('',#2621,.T.);
#2623=ADVANCED_FACE('',(#2622),#2604,.T.);
#2624=CARTESIAN_POINT('',(7.5,7.000000000000001,0.0));
#2625=DIRECTION('',(0.0,-1.0,0.0));
#2626=DIRECTION('',(0.0,0.0,-1.0));
#2627=AXIS2_PLACEMENT_3D('',#2624,#2625,#2626);
#2628=PLANE('',#2627);
#2629=ORIENTED_EDGE('',*,*,#1449,.T.);
#2630=ORIENTED_EDGE('',*,*,#1269,.F.);
#2631=CARTESIAN_POINT('',(7.5,7.000000000000001,0.0));
#2632=DIRECTION('',(1.0,0.0,0.0));
#2633=VECTOR('',#2632,1.500000000000005);
#2634=LINE('',#2631,#2633);
#2635=EDGE_CURVE('',#2607,#1256,#2634,.T.);
#2636=ORIENTED_EDGE('',*,*,#2635,.F.);
#2637=ORIENTED_EDGE('',*,*,#2612,.T.);
#2638=EDGE_LOOP('',(#2629,#2630,#2636,#2637));
#2639=FACE_OUTER_BOUND('',#2638,.T.);
#2640=ADVANCED_FACE('',(#2639),#2628,.T.);
#2641=CARTESIAN_POINT('',(7.800000000000001,8.5,0.0));
#2642=DIRECTION('',(1.0,0.0,0.0));
#2643=DIRECTION('',(0.0,0.0,-1.0));
#2644=AXIS2_PLACEMENT_3D('',#2641,#2642,#2643);
#2645=PLANE('',#2644);
#2646=ORIENTED_EDGE('',*,*,#245,.F.);
#2647=CARTESIAN_POINT('',(7.799999999999999,7.300000000000001,1.2));
#2648=VERTEX_POINT('',#2647);
#2649=CARTESIAN_POINT('',(7.800000000000001,7.300000000000001,1.2));
#2650=DIRECTION('',(0.0,0.0,1.0));
#2651=VECTOR('',#2650,12.800000000000002);
#2652=LINE('',#2649,#2651);
#2653=EDGE_CURVE('',#2648,#232,#2652,.T.);
#2654=ORIENTED_EDGE('',*,*,#2653,.F.);
#2655=CARTESIAN_POINT('',(7.799999999999999,-7.3,1.2));
#2656=VERTEX_POINT('',#2655);
#2657=CARTESIAN_POINT('',(7.800000000000001,7.300000000000001,1.2));
#2658=DIRECTION('',(0.0,-1.0,0.0));
#2659=VECTOR('',#2658,14.600000000000001);
#2660=LINE('',#2657,#2659);
#2661=EDGE_CURVE('',#2648,#2656,#2660,.T.);
#2662=ORIENTED_EDGE('',*,*,#2661,.T.);
#2663=CARTESIAN_POINT('',(7.800000000000001,-7.3,14.0));
#2664=DIRECTION('',(0.0,0.0,-1.0));
#2665=VECTOR('',#2664,12.800000000000001);
#2666=LINE('',#2663,#2665);
#2667=EDGE_CURVE('',#2656,#240,#2666,.F.);
#2668=ORIENTED_EDGE('',*,*,#2667,.T.);
#2669=EDGE_LOOP('',(#2646,#2654,#2662,#2668));
#2670=FACE_OUTER_BOUND('',#2669,.T.);
#2671=ADVANCED_FACE('',(#2670),#2645,.F.);
#2672=CARTESIAN_POINT('',(9.0,-7.300000000000001,0.0));
#2673=DIRECTION('',(0.0,-1.0,0.0));
#2674=DIRECTION('',(0.0,0.0,-1.0));
#2675=AXIS2_PLACEMENT_3D('',#2672,#2673,#2674);
#2676=PLANE('',#2675);
#2677=ORIENTED_EDGE('',*,*,#251,.F.);
#2678=ORIENTED_EDGE('',*,*,#2667,.F.);
#2679=CARTESIAN_POINT('',(-7.799999999999999,-7.300000000000001,1.2));
#2680=VERTEX_POINT('',#2679);
#2681=CARTESIAN_POINT('',(7.799999999999999,-7.300000000000001,1.2));
#2682=DIRECTION('',(-1.0,0.0,0.0));
#2683=VECTOR('',#2682,15.6);
#2684=LINE('',#2681,#2683);
#2685=EDGE_CURVE('',#2656,#2680,#2684,.T.);
#2686=ORIENTED_EDGE('',*,*,#2685,.T.);
#2687=CARTESIAN_POINT('',(-7.800000000000001,-7.3,14.0));
#2688=DIRECTION('',(0.0,0.0,-1.0));
#2689=VECTOR('',#2688,12.800000000000001);
#2690=LINE('',#2687,#2689);
#2691=EDGE_CURVE('',#2680,#216,#2690,.F.);
#2692=ORIENTED_EDGE('',*,*,#2691,.T.);
#2693=ORIENTED_EDGE('',*,*,#221,.F.);
#2694=ORIENTED_EDGE('',*,*,#168,.T.);
#2695=ORIENTED_EDGE('',*,*,#196,.T.);
#2696=ORIENTED_EDGE('',*,*,#142,.F.);
#2697=EDGE_LOOP('',(#2677,#2678,#2686,#2692,#2693,#2694,#2695,#2696));
#2698=FACE_OUTER_BOUND('',#2697,.T.);
#2699=ADVANCED_FACE('',(#2698),#2676,.F.);
#2700=CARTESIAN_POINT('',(-7.800000000000001,-8.5,0.0));
#2701=DIRECTION('',(-1.0,0.0,0.0));
#2702=DIRECTION('',(0.0,0.0,1.0));
#2703=AXIS2_PLACEMENT_3D('',#2700,#2701,#2702);
#2704=PLANE('',#2703);
#2705=ORIENTED_EDGE('',*,*,#229,.F.);
#2706=ORIENTED_EDGE('',*,*,#2691,.F.);
#2707=CARTESIAN_POINT('',(-7.799999999999999,7.3,1.2));
#2708=VERTEX_POINT('',#2707);
#2709=CARTESIAN_POINT('',(-7.800000000000001,-7.300000000000001,1.2));
#2710=DIRECTION('',(0.0,1.0,0.0));
#2711=VECTOR('',#2710,14.600000000000001);
#2712=LINE('',#2709,#2711);
#2713=EDGE_CURVE('',#2680,#2708,#2712,.T.);
#2714=ORIENTED_EDGE('',*,*,#2713,.T.);
#2715=CARTESIAN_POINT('',(-7.800000000000001,7.3,14.0));
#2716=DIRECTION('',(0.0,0.0,-1.0));
#2717=VECTOR('',#2716,12.800000000000001);
#2718=LINE('',#2715,#2717);
#2719=EDGE_CURVE('',#2708,#224,#2718,.F.);
#2720=ORIENTED_EDGE('',*,*,#2719,.T.);
#2721=EDGE_LOOP('',(#2705,#2706,#2714,#2720));
#2722=FACE_OUTER_BOUND('',#2721,.T.);
#2723=ADVANCED_FACE('',(#2722),#2704,.F.);
#2724=CARTESIAN_POINT('',(-9.0,7.300000000000001,0.0));
#2725=DIRECTION('',(0.0,1.0,0.0));
#2726=DIRECTION('',(0.0,0.0,1.0));
#2727=AXIS2_PLACEMENT_3D('',#2724,#2725,#2726);
#2728=PLANE('',#2727);
#2729=ORIENTED_EDGE('',*,*,#237,.F.);
#2730=ORIENTED_EDGE('',*,*,#2719,.F.);
#2731=CARTESIAN_POINT('',(-7.799999999999999,7.300000000000001,1.2));
#2732=DIRECTION('',(1.0,0.0,0.0));
#2733=VECTOR('',#2732,15.6);
#2734=LINE('',#2731,#2733);
#2735=EDGE_CURVE('',#2708,#2648,#2734,.T.);
#2736=ORIENTED_EDGE('',*,*,#2735,.T.);
#2737=ORIENTED_EDGE('',*,*,#2653,.T.);
#2738=EDGE_LOOP('',(#2729,#2730,#2736,#2737));
#2739=FACE_OUTER_BOUND('',#2738,.T.);
#2740=ADVANCED_FACE('',(#2739),#2728,.F.);
#2741=CARTESIAN_POINT('',(0.0,0.0,1.2));
#2742=DIRECTION('',(0.0,0.0,1.0));
#2743=DIRECTION('',(1.0,0.0,0.0));
#2744=AXIS2_PLACEMENT_3D('',#2741,#2742,#2743);
#2745=PLANE('',#2744);
#2746=ORIENTED_EDGE('',*,*,#2735,.F.);
#2747=ORIENTED_EDGE('',*,*,#2713,.F.);
#2748=ORIENTED_EDGE('',*,*,#2685,.F.);
#2749=ORIENTED_EDGE('',*,*,#2661,.F.);
#2750=EDGE_LOOP('',(#2746,#2747,#2748,#2749));
#2751=FACE_OUTER_BOUND('',#2750,.T.);
#2752=ADVANCED_FACE('',(#2751),#2745,.T.);
#2753=CARTESIAN_POINT('',(0.0,0.0,0.0));
#2754=DIRECTION('',(0.0,0.0,1.0));
#2755=DIRECTION('',(1.0,0.0,0.0));
#2756=AXIS2_PLACEMENT_3D('',#2753,#2754,#2755);
#2757=PLANE('',#2756);
#2758=ORIENTED_EDGE('',*,*,#2512,.T.);
#2759=ORIENTED_EDGE('',*,*,#394,.T.);
#2760=ORIENTED_EDGE('',*,*,#2618,.T.);
#2761=ORIENTED_EDGE('',*,*,#2635,.T.);
#2762=ORIENTED_EDGE('',*,*,#1261,.T.);
#2763=ORIENTED_EDGE('',*,*,#2577,.T.);
#2764=ORIENTED_EDGE('',*,*,#2594,.T.);
#2765=ORIENTED_EDGE('',*,*,#560,.T.);
#2766=ORIENTED_EDGE('',*,*,#2536,.T.);
#2767=ORIENTED_EDGE('',*,*,#2553,.T.);
#2768=ORIENTED_EDGE('',*,*,#680,.T.);
#2769=ORIENTED_EDGE('',*,*,#2495,.T.);
#2770=EDGE_LOOP('',(#2758,#2759,#2760,#2761,#2762,#2763,#2764,#2765,#2766,#2767,#2768,#2769));
#2771=FACE_OUTER_BOUND('',#2770,.T.);
#2772=ORIENTED_EDGE('',*,*,#1490,.T.);
#2773=ORIENTED_EDGE('',*,*,#1526,.T.);
#2774=ORIENTED_EDGE('',*,*,#1557,.T.);
#2775=ORIENTED_EDGE('',*,*,#1579,.T.);
#2776=EDGE_LOOP('',(#2772,#2773,#2774,#2775));
#2777=FACE_BOUND('',#2776,.T.);
#2778=ORIENTED_EDGE('',*,*,#1626,.T.);
#2779=ORIENTED_EDGE('',*,*,#1662,.T.);
#2780=ORIENTED_EDGE('',*,*,#1693,.T.);
#2781=ORIENTED_EDGE('',*,*,#1715,.T.);
#2782=EDGE_LOOP('',(#2778,#2779,#2780,#2781));
#2783=FACE_BOUND('',#2782,.T.);
#2784=ADVANCED_FACE('',(#2771,#2777,#2783),#2757,.F.);
#2785=CLOSED_SHELL('',(#146,#186,#208,#294,#325,#461,#485,#618,#833,#864,#895,#912,#929,#941,#981,#1012,#1036,#1060,#1077,#1101,#1126,#1150,#1175,#1208,#1386,#1411,#1435,#1460,#1500,#1531,#1562,#1584,#1596,#1636,#1667,#1698,#1720,#1732,#1757,#1781,#1798,#1810,#1834,#1858,#1876,#1888,#1919,#1943,#1967,#1984,#1996,#2027,#2051,#2075,#2092,#2104,#2129,#2153,#2170,#2182,#2206,#2230,#2248,#2260,#2291,#2315,#2339,#2356,#2368,#2399,#2423,#2447,#2464,#2476,#2500,#2517,#2541,#2558,#2582,#2599,#2623,#2640,#2671,#2699,#2723,#2740,#2752,#2784));
#2786=MANIFOLD_SOLID_BREP('Solid1',#2785);
#2787=COLOUR_RGB('Red (Chili)',0.831372976303101,0.0,0.0);
#2788=FILL_AREA_STYLE_COLOUR('Red (Chili)',#2787);
#2789=FILL_AREA_STYLE('Red (Chili)',(#2788));
#2790=SURFACE_STYLE_FILL_AREA(#2789);
#2791=SURFACE_SIDE_STYLE('Red (Chili)',(#2790));
#2792=SURFACE_STYLE_USAGE(.BOTH.,#2791);
#2793=PRESENTATION_STYLE_ASSIGNMENT((#2792));
#2794=STYLED_ITEM('',(#2793),#2786);
#2795=MECHANICAL_DESIGN_GEOMETRIC_PRESENTATION_REPRESENTATION('',(#2794,#8128,#12810,#12811,#12812,#13284,#13450,#13656),#36);
#2796=ADVANCED_BREP_SHAPE_REPRESENTATION('ABSR',(#2786),#75);
#2797=SHAPE_REPRESENTATION_RELATIONSHIP('SRR','None',#2796,#80);
#2798=AXIS2_PLACEMENT_3D('',#2799,#2800,#2801);
#2799=CARTESIAN_POINT('',(0.0,0.0,0.0));
#2800=DIRECTION('',(0.0,0.0,1.0));
#2801=DIRECTION('',(1.0,0.0,0.0));
#2802=NEXT_ASSEMBLY_USAGE_OCCURRENCE('FS5700 3P Housing:1','FS5700 3P Housing:1','FS5700 3P Housing:1',#12,#51,'FS5700 3P Housing:1');
#2803=PRODUCT_DEFINITION_SHAPE('FS5700 3P Housing:1','FS5700 3P Housing:1',#2802);
#2804=ITEM_DEFINED_TRANSFORMATION('FS5700 3P Housing:1','FS5700 3P Housing:1',#76,#2798);
#2808=(REPRESENTATION_RELATIONSHIP('FS5700 3P Housing:1','FS5700 3P Housing:1',#80,#41)REPRESENTATION_RELATIONSHIP_WITH_TRANSFORMATION(#2804)SHAPE_REPRESENTATION_RELATIONSHIP());
#2809=CONTEXT_DEPENDENT_SHAPE_REPRESENTATION(#2808,#2803);
#2810=APPLICATION_CONTEXT('automotive design');
#2811=APPLICATION_PROTOCOL_DEFINITION('International Standard','automotive_design',2001,#2810);
#2812=PRODUCT_CONTEXT('',#2810,'mechanical');
#2813=PRODUCT('FS5700 3P Top Plate','FS5700 3P Top Plate',$,(#2812));
#2814=PRODUCT_RELATED_PRODUCT_CATEGORY('part',$,(#2813));
#2815=PRODUCT_DEFINITION_FORMATION('',$,#2813);
#2816=PRODUCT_DEFINITION_CONTEXT('part definition',#2810,'design');
#2817=PRODUCT_DEFINITION('',$,#2815,#2816);
#2823=(NAMED_UNIT(*)PLANE_ANGLE_UNIT()SI_UNIT($,.RADIAN.));
#2824=DIMENSIONAL_EXPONENTS(0.0,0.0,0.0,0.0,0.0,0.0,0.0);
#2825=PLANE_ANGLE_MEASURE_WITH_UNIT(PLANE_ANGLE_MEASURE(0.0174532925),#2823);
#2829=(CONVERSION_BASED_UNIT('DEGREE',#2825)NAMED_UNIT(#2824)PLANE_ANGLE_UNIT());
#2833=(NAMED_UNIT(*)SI_UNIT($,.STERADIAN.)SOLID_ANGLE_UNIT());
#2837=(LENGTH_UNIT()NAMED_UNIT(*)SI_UNIT(.MILLI.,.METRE.));
#2839=UNCERTAINTY_MEASURE_WITH_UNIT(LENGTH_MEASURE(0.01),#2837,'DISTANCE_ACCURACY_VALUE','');
#2841=(GEOMETRIC_REPRESENTATION_CONTEXT(3)GLOBAL_UNCERTAINTY_ASSIGNED_CONTEXT((#2839))GLOBAL_UNIT_ASSIGNED_CONTEXT((#2829,#2833,#2837))REPRESENTATION_CONTEXT('None','None'));
#2842=AXIS2_PLACEMENT_3D('',#2843,#2844,#2845);
#2843=CARTESIAN_POINT('',(0.0,0.0,0.0));
#2844=DIRECTION('',(0.0,0.0,1.0));
#2845=DIRECTION('',(1.0,0.0,0.0));
#2846=SHAPE_REPRESENTATION('',(#2842),#2841);
#2847=PRODUCT_DEFINITION_SHAPE('','',#2817);
#2848=SHAPE_DEFINITION_REPRESENTATION(#2847,#2846);
#2854=(NAMED_UNIT(*)PLANE_ANGLE_UNIT()SI_UNIT($,.RADIAN.));
#2855=DIMENSIONAL_EXPONENTS(0.0,0.0,0.0,0.0,0.0,0.0,0.0);
#2856=PLANE_ANGLE_MEASURE_WITH_UNIT(PLANE_ANGLE_MEASURE(0.0174532925),#2854);
#2860=(CONVERSION_BASED_UNIT('DEGREE',#2856)NAMED_UNIT(#2855)PLANE_ANGLE_UNIT());
#2864=(NAMED_UNIT(*)SI_UNIT($,.STERADIAN.)SOLID_ANGLE_UNIT());
#2868=(LENGTH_UNIT()NAMED_UNIT(*)SI_UNIT(.MILLI.,.METRE.));
#2870=UNCERTAINTY_MEASURE_WITH_UNIT(LENGTH_MEASURE(0.000001),#2868,'DISTANCE_ACCURACY_VALUE','');
#2872=(GEOMETRIC_REPRESENTATION_CONTEXT(3)GLOBAL_UNCERTAINTY_ASSIGNED_CONTEXT((#2870))GLOBAL_UNIT_ASSIGNED_CONTEXT((#2860,#2864,#2868))REPRESENTATION_CONTEXT('','3D'));
#2873=CARTESIAN_POINT('',(4.7,0.0,-7.300000000000001));
#2874=DIRECTION('',(-1.0,0.0,0.0));
#2875=DIRECTION('',(0.0,0.0,1.0));
#2876=AXIS2_PLACEMENT_3D('',#2873,#2874,#2875);
#2877=PLANE('',#2876);
#2878=CARTESIAN_POINT('',(4.7,0.5,-7.300000000000001));
#2879=VERTEX_POINT('',#2878);
#2880=CARTESIAN_POINT('',(4.700000000000001,0.5,-8.5));
#2881=VERTEX_POINT('',#2880);
#2882=CARTESIAN_POINT('',(4.7,0.5,-7.300000000000001));
#2883=DIRECTION('',(0.0,0.0,-1.0));
#2884=VECTOR('',#2883,1.200000000000001);
#2885=LINE('',#2882,#2884);
#2886=EDGE_CURVE('',#2879,#2881,#2885,.T.);
#2887=ORIENTED_EDGE('',*,*,#2886,.F.);
#2888=CARTESIAN_POINT('',(4.7,0.0,-7.300000000000001));
#2889=VERTEX_POINT('',#2888);
#2890=CARTESIAN_POINT('',(4.7,0.0,-7.300000000000001));
#2891=DIRECTION('',(0.0,1.0,0.0));
#2892=VECTOR('',#2891,0.5);
#2893=LINE('',#2890,#2892);
#2894=EDGE_CURVE('',#2889,#2879,#2893,.T.);
#2895=ORIENTED_EDGE('',*,*,#2894,.F.);
#2896=CARTESIAN_POINT('',(4.700000000000001,0.0,-8.5));
#2897=VERTEX_POINT('',#2896);
#2898=CARTESIAN_POINT('',(4.700000000000001,0.0,-8.500000000000002));
#2899=DIRECTION('',(0.0,0.0,1.0));
#2900=VECTOR('',#2899,1.200000000000001);
#2901=LINE('',#2898,#2900);
#2902=EDGE_CURVE('',#2897,#2889,#2901,.T.);
#2903=ORIENTED_EDGE('',*,*,#2902,.F.);
#2904=CARTESIAN_POINT('',(4.700000000000001,0.5,-8.5));
#2905=DIRECTION('',(0.0,-1.0,0.0));
#2906=VECTOR('',#2905,0.5);
#2907=LINE('',#2904,#2906);
#2908=EDGE_CURVE('',#2881,#2897,#2907,.T.);
#2909=ORIENTED_EDGE('',*,*,#2908,.F.);
#2910=EDGE_LOOP('',(#2887,#2895,#2903,#2909));
#2911=FACE_OUTER_BOUND('',#2910,.T.);
#2912=ADVANCED_FACE('',(#2911),#2877,.F.);
#2913=CARTESIAN_POINT('',(6.300000000000001,0.0,-8.5));
#2914=DIRECTION('',(1.0,0.0,0.0));
#2915=DIRECTION('',(0.0,0.0,-1.0));
#2916=AXIS2_PLACEMENT_3D('',#2913,#2914,#2915);
#2917=PLANE('',#2916);
#2918=CARTESIAN_POINT('',(6.300000000000001,0.5,-8.5));
#2919=VERTEX_POINT('',#2918);
#2920=CARTESIAN_POINT('',(6.300000000000001,0.5,-7.300000000000001));
#2921=VERTEX_POINT('',#2920);
#2922=CARTESIAN_POINT('',(6.300000000000001,0.5,-8.5));
#2923=DIRECTION('',(0.0,0.0,1.0));
#2924=VECTOR('',#2923,1.199999999999999);
#2925=LINE('',#2922,#2924);
#2926=EDGE_CURVE('',#2919,#2921,#2925,.T.);
#2927=ORIENTED_EDGE('',*,*,#2926,.F.);
#2928=CARTESIAN_POINT('',(6.300000000000001,0.0,-8.5));
#2929=VERTEX_POINT('',#2928);
#2930=CARTESIAN_POINT('',(6.300000000000001,0.0,-8.5));
#2931=DIRECTION('',(0.0,1.0,0.0));
#2932=VECTOR('',#2931,0.5);
#2933=LINE('',#2930,#2932);
#2934=EDGE_CURVE('',#2929,#2919,#2933,.T.);
#2935=ORIENTED_EDGE('',*,*,#2934,.F.);
#2936=CARTESIAN_POINT('',(6.300000000000001,0.0,-7.300000000000001));
#2937=VERTEX_POINT('',#2936);
#2938=CARTESIAN_POINT('',(6.300000000000001,0.0,-7.300000000000001));
#2939=DIRECTION('',(0.0,0.0,-1.0));
#2940=VECTOR('',#2939,1.199999999999999);
#2941=LINE('',#2938,#2940);
#2942=EDGE_CURVE('',#2937,#2929,#2941,.T.);
#2943=ORIENTED_EDGE('',*,*,#2942,.F.);
#2944=CARTESIAN_POINT('',(6.300000000000001,0.0,-7.300000000000001));
#2945=DIRECTION('',(0.0,1.0,0.0));
#2946=VECTOR('',#2945,0.5);
#2947=LINE('',#2944,#2946);
#2948=EDGE_CURVE('',#2937,#2921,#2947,.T.);
#2949=ORIENTED_EDGE('',*,*,#2948,.T.);
#2950=EDGE_LOOP('',(#2927,#2935,#2943,#2949));
#2951=FACE_OUTER_BOUND('',#2950,.T.);
#2952=ADVANCED_FACE('',(#2951),#2917,.F.);
#2953=CARTESIAN_POINT('',(6.300000000000001,0.0,-7.300000000000001));
#2954=DIRECTION('',(0.0,0.0,1.0));
#2955=DIRECTION('',(1.0,0.0,0.0));
#2956=AXIS2_PLACEMENT_3D('',#2953,#2954,#2955);
#2957=PLANE('',#2956);
#2958=CARTESIAN_POINT('',(6.300000000000001,0.5,-7.300000000000001));
#2959=DIRECTION('',(-1.0,0.0,0.0));
#2960=VECTOR('',#2959,1.600000000000001);
#2961=LINE('',#2958,#2960);
#2962=EDGE_CURVE('',#2921,#2879,#2961,.T.);
#2963=ORIENTED_EDGE('',*,*,#2962,.F.);
#2964=ORIENTED_EDGE('',*,*,#2948,.F.);
#2965=CARTESIAN_POINT('',(4.7,0.0,-7.300000000000001));
#2966=DIRECTION('',(1.0,0.0,0.0));
#2967=VECTOR('',#2966,1.600000000000001);
#2968=LINE('',#2965,#2967);
#2969=EDGE_CURVE('',#2889,#2937,#2968,.T.);
#2970=ORIENTED_EDGE('',*,*,#2969,.F.);
#2971=ORIENTED_EDGE('',*,*,#2894,.T.);
#2972=EDGE_LOOP('',(#2963,#2964,#2970,#2971));
#2973=FACE_OUTER_BOUND('',#2972,.T.);
#2974=ADVANCED_FACE('',(#2973),#2957,.F.);
#2975=CARTESIAN_POINT('',(8.673617E-017,-1.421641791044776,-8.5));
#2976=DIRECTION('',(0.0,0.0,1.0));
#2977=DIRECTION('',(1.0,0.0,0.0));
#2978=AXIS2_PLACEMENT_3D('',#2975,#2976,#2977);
#2979=PLANE('',#2978);
#2980=ORIENTED_EDGE('',*,*,#2934,.T.);
#2981=CARTESIAN_POINT('',(9.000000000000002,0.5,-8.5));
#2982=VERTEX_POINT('',#2981);
#2983=CARTESIAN_POINT('',(9.000000000000004,0.5,-8.5));
#2984=DIRECTION('',(-1.0,0.0,0.0));
#2985=VECTOR('',#2984,2.700000000000002);
#2986=LINE('',#2983,#2985);
#2987=EDGE_CURVE('',#2982,#2919,#2986,.T.);
#2988=ORIENTED_EDGE('',*,*,#2987,.F.);
#2989=CARTESIAN_POINT('',(9.500000000000004,0.0,-8.5));
#2990=VERTEX_POINT('',#2989);
#2991=CARTESIAN_POINT('',(9.000000000000002,-1.387779E-016,-8.5));
#2992=DIRECTION('',(0.0,0.0,1.0));
#2993=DIRECTION('',(0.707106781186548,0.707106781186547,0.0));
#2994=AXIS2_PLACEMENT_3D('',#2991,#2992,#2993);
#2995=CIRCLE('',#2994,0.5);
#2996=EDGE_CURVE('',#2990,#2982,#2995,.T.);
#2997=ORIENTED_EDGE('',*,*,#2996,.F.);
#2998=CARTESIAN_POINT('',(9.500000000000002,-2.0,-8.5));
#2999=VERTEX_POINT('',#2998);
#3000=CARTESIAN_POINT('',(9.500000000000002,-2.000000000000001,-8.5));
#3001=DIRECTION('',(0.0,1.0,0.0));
#3002=VECTOR('',#3001,2.000000000000001);
#3003=LINE('',#3000,#3002);
#3004=EDGE_CURVE('',#2999,#2990,#3003,.T.);
#3005=ORIENTED_EDGE('',*,*,#3004,.F.);
#3006=CARTESIAN_POINT('',(9.0,-2.0,-8.5));
#3007=VERTEX_POINT('',#3006);
#3008=CARTESIAN_POINT('',(9.0,-2.0,-8.5));
#3009=DIRECTION('',(1.0,0.0,0.0));
#3010=VECTOR('',#3009,0.500000000000002);
#3011=LINE('',#3008,#3010);
#3012=EDGE_CURVE('',#3007,#2999,#3011,.T.);
#3013=ORIENTED_EDGE('',*,*,#3012,.F.);
#3014=CARTESIAN_POINT('',(9.0,-0.3,-8.5));
#3015=VERTEX_POINT('',#3014);
#3016=CARTESIAN_POINT('',(9.0,-0.3,-8.5));
#3017=DIRECTION('',(0.0,-1.0,0.0));
#3018=VECTOR('',#3017,1.7);
#3019=LINE('',#3016,#3018);
#3020=EDGE_CURVE('',#3015,#3007,#3019,.T.);
#3021=ORIENTED_EDGE('',*,*,#3020,.F.);
#3022=CARTESIAN_POINT('',(8.699999999999999,0.0,-8.5));
#3023=VERTEX_POINT('',#3022);
#3024=CARTESIAN_POINT('',(8.699999999999999,-0.3,-8.5));
#3025=DIRECTION('',(0.0,0.0,-1.0));
#3026=DIRECTION('',(0.707106781186548,0.707106781186547,0.0));
#3027=AXIS2_PLACEMENT_3D('',#3024,#3025,#3026);
#3028=CIRCLE('',#3027,0.3);
#3029=EDGE_CURVE('',#3023,#3015,#3028,.T.);
#3030=ORIENTED_EDGE('',*,*,#3029,.F.);
#3031=CARTESIAN_POINT('',(6.300000000000003,0.0,-8.5));
#3032=DIRECTION('',(1.0,0.0,0.0));
#3033=VECTOR('',#3032,2.399999999999997);
#3034=LINE('',#3031,#3033);
#3035=EDGE_CURVE('',#2929,#3023,#3034,.T.);
#3036=ORIENTED_EDGE('',*,*,#3035,.F.);
#3037=EDGE_LOOP('',(#2980,#2988,#2997,#3005,#3013,#3021,#3030,#3036));
#3038=FACE_OUTER_BOUND('',#3037,.T.);
#3039=ADVANCED_FACE('',(#3038),#2979,.F.);
#3040=CARTESIAN_POINT('',(8.673617E-017,-1.421641791044776,-8.5));
#3041=DIRECTION('',(0.0,0.0,1.0));
#3042=DIRECTION('',(1.0,0.0,0.0));
#3043=AXIS2_PLACEMENT_3D('',#3040,#3041,#3042);
#3044=PLANE('',#3043);
#3045=ORIENTED_EDGE('',*,*,#2908,.T.);
#3046=CARTESIAN_POINT('',(-8.699999999999999,0.0,-8.5));
#3047=VERTEX_POINT('',#3046);
#3048=CARTESIAN_POINT('',(-8.699999999999999,0.0,-8.5));
#3049=DIRECTION('',(1.0,0.0,0.0));
#3050=VECTOR('',#3049,13.4);
#3051=LINE('',#3048,#3050);
#3052=EDGE_CURVE('',#3047,#2897,#3051,.T.);
#3053=ORIENTED_EDGE('',*,*,#3052,.F.);
#3054=CARTESIAN_POINT('',(-9.0,-0.3,-8.5));
#3055=VERTEX_POINT('',#3054);
#3056=CARTESIAN_POINT('',(-8.699999999999999,-0.3,-8.5));
#3057=DIRECTION('',(0.0,0.0,-1.0));
#3058=DIRECTION('',(-0.707106781186548,0.707106781186547,0.0));
#3059=AXIS2_PLACEMENT_3D('',#3056,#3057,#3058);
#3060=CIRCLE('',#3059,0.3);
#3061=EDGE_CURVE('',#3055,#3047,#3060,.T.);
#3062=ORIENTED_EDGE('',*,*,#3061,.F.);
#3063=CARTESIAN_POINT('',(-9.0,-2.000000000000001,-8.5));
#3064=VERTEX_POINT('',#3063);
#3065=CARTESIAN_POINT('',(-9.000000000000002,-2.000000000000001,-8.5));
#3066=DIRECTION('',(0.0,1.0,0.0));
#3067=VECTOR('',#3066,1.7);
#3068=LINE('',#3065,#3067);
#3069=EDGE_CURVE('',#3064,#3055,#3068,.T.);
#3070=ORIENTED_EDGE('',*,*,#3069,.F.);
#3071=CARTESIAN_POINT('',(-9.500000000000002,-2.0,-8.5));
#3072=VERTEX_POINT('',#3071);
#3073=CARTESIAN_POINT('',(-9.500000000000002,-2.0,-8.5));
#3074=DIRECTION('',(1.0,0.0,0.0));
#3075=VECTOR('',#3074,0.500000000000002);
#3076=LINE('',#3073,#3075);
#3077=EDGE_CURVE('',#3072,#3064,#3076,.T.);
#3078=ORIENTED_EDGE('',*,*,#3077,.F.);
#3079=CARTESIAN_POINT('',(-9.500000000000004,-1.387779E-016,-8.5));
#3080=VERTEX_POINT('',#3079);
#3081=CARTESIAN_POINT('',(-9.500000000000004,-1.110223E-016,-8.5));
#3082=DIRECTION('',(0.0,-1.0,0.0));
#3083=VECTOR('',#3082,2.0);
#3084=LINE('',#3081,#3083);
#3085=EDGE_CURVE('',#3080,#3072,#3084,.T.);
#3086=ORIENTED_EDGE('',*,*,#3085,.F.);
#3087=CARTESIAN_POINT('',(-9.000000000000002,0.5,-8.5));
#3088=VERTEX_POINT('',#3087);
#3089=CARTESIAN_POINT('',(-9.000000000000002,0.0,-8.5));
#3090=DIRECTION('',(0.0,0.0,1.0));
#3091=DIRECTION('',(-0.707106781186548,0.707106781186547,0.0));
#3092=AXIS2_PLACEMENT_3D('',#3089,#3090,#3091);
#3093=CIRCLE('',#3092,0.5);
#3094=EDGE_CURVE('',#3088,#3080,#3093,.T.);
#3095=ORIENTED_EDGE('',*,*,#3094,.F.);
#3096=CARTESIAN_POINT('',(4.700000000000001,0.5,-8.5));
#3097=DIRECTION('',(-1.0,0.0,0.0));
#3098=VECTOR('',#3097,13.700000000000005);
#3099=LINE('',#3096,#3098);
#3100=EDGE_CURVE('',#2881,#3088,#3099,.T.);
#3101=ORIENTED_EDGE('',*,*,#3100,.F.);
#3102=EDGE_LOOP('',(#3045,#3053,#3062,#3070,#3078,#3086,#3095,#3101));
#3103=FACE_OUTER_BOUND('',#3102,.T.);
#3104=ADVANCED_FACE('',(#3103),#3044,.F.);
#3105=CARTESIAN_POINT('',(9.0,0.0,0.0));
#3106=DIRECTION('',(0.0,-1.0,0.0));
#3107=DIRECTION('',(0.0,0.0,-1.0));
#3108=AXIS2_PLACEMENT_3D('',#3105,#3106,#3107);
#3109=PLANE('',#3108);
#3110=ORIENTED_EDGE('',*,*,#2902,.T.);
#3111=ORIENTED_EDGE('',*,*,#2969,.T.);
#3112=ORIENTED_EDGE('',*,*,#2942,.T.);
#3113=ORIENTED_EDGE('',*,*,#3035,.T.);
#3114=CARTESIAN_POINT('',(8.699999999999999,0.0,8.5));
#3115=VERTEX_POINT('',#3114);
#3116=CARTESIAN_POINT('',(8.699999999999999,0.0,8.5));
#3117=DIRECTION('',(0.0,0.0,-1.0));
#3118=VECTOR('',#3117,17.0);
#3119=LINE('',#3116,#3118);
#3120=EDGE_CURVE('',#3115,#3023,#3119,.T.);
#3121=ORIENTED_EDGE('',*,*,#3120,.F.);
#3122=CARTESIAN_POINT('',(-8.699999999999999,0.0,8.5));
#3123=VERTEX_POINT('',#3122);
#3124=CARTESIAN_POINT('',(8.699999999999999,0.0,8.5));
#3125=DIRECTION('',(-1.0,0.0,0.0));
#3126=VECTOR('',#3125,17.399999999999999);
#3127=LINE('',#3124,#3126);
#3128=EDGE_CURVE('',#3115,#3123,#3127,.T.);
#3129=ORIENTED_EDGE('',*,*,#3128,.T.);
#3130=CARTESIAN_POINT('',(-8.699999999999999,0.0,-8.5));
#3131=DIRECTION('',(0.0,0.0,1.0));
#3132=VECTOR('',#3131,17.0);
#3133=LINE('',#3130,#3132);
#3134=EDGE_CURVE('',#3047,#3123,#3133,.T.);
#3135=ORIENTED_EDGE('',*,*,#3134,.F.);
#3136=ORIENTED_EDGE('',*,*,#3052,.T.);
#3137=EDGE_LOOP('',(#3110,#3111,#3112,#3113,#3121,#3129,#3135,#3136));
#3138=FACE_OUTER_BOUND('',#3137,.T.);
#3139=CARTESIAN_POINT('',(-1.872286E-015,0.0,7.644187454245972));
#3140=VERTEX_POINT('',#3139);
#3141=CARTESIAN_POINT('',(0.0,0.0,0.0));
#3142=DIRECTION('',(0.0,-1.0,0.0));
#3143=DIRECTION('',(0.0,0.0,-1.0));
#3144=AXIS2_PLACEMENT_3D('',#3141,#3142,#3143);
#3145=CIRCLE('',#3144,7.644187454245972);
#3146=EDGE_CURVE('',#3140,#3140,#3145,.T.);
#3147=ORIENTED_EDGE('',*,*,#3146,.F.);
#3148=EDGE_LOOP('',(#3147));
#3149=FACE_BOUND('',#3148,.T.);
#3150=ADVANCED_FACE('',(#3138,#3149),#3109,.T.);
#3151=CARTESIAN_POINT('',(9.000000000000002,-1.387779E-016,0.0));
#3152=DIRECTION('',(0.0,0.0,1.0));
#3153=DIRECTION('',(0.707106781186548,0.707106781186547,0.0));
#3154=AXIS2_PLACEMENT_3D('',#3151,#3152,#3153);
#3155=CYLINDRICAL_SURFACE('',#3154,0.5);
#3156=CARTESIAN_POINT('',(9.000000000000002,0.5,8.5));
#3157=VERTEX_POINT('',#3156);
#3158=CARTESIAN_POINT('',(9.500000000000004,0.0,8.5));
#3159=VERTEX_POINT('',#3158);
#3160=CARTESIAN_POINT('',(9.000000000000002,-1.387779E-016,8.5));
#3161=DIRECTION('',(0.0,0.0,-1.0));
#3162=DIRECTION('',(0.707106781186548,0.707106781186547,0.0));
#3163=AXIS2_PLACEMENT_3D('',#3160,#3161,#3162);
#3164=CIRCLE('',#3163,0.5);
#3165=EDGE_CURVE('',#3157,#3159,#3164,.T.);
#3166=ORIENTED_EDGE('',*,*,#3165,.T.);
#3167=CARTESIAN_POINT('',(9.500000000000004,-2.868076E-016,8.5));
#3168=DIRECTION('',(0.0,0.0,-1.0));
#3169=VECTOR('',#3168,17.0);
#3170=LINE('',#3167,#3169);
#3171=EDGE_CURVE('',#3159,#2990,#3170,.T.);
#3172=ORIENTED_EDGE('',*,*,#3171,.T.);
#3173=ORIENTED_EDGE('',*,*,#2996,.T.);
#3174=CARTESIAN_POINT('',(9.000000000000002,0.5,-8.5));
#3175=DIRECTION('',(0.0,0.0,1.0));
#3176=VECTOR('',#3175,17.0);
#3177=LINE('',#3174,#3176);
#3178=EDGE_CURVE('',#2982,#3157,#3177,.T.);
#3179=ORIENTED_EDGE('',*,*,#3178,.T.);
#3180=EDGE_LOOP('',(#3166,#3172,#3173,#3179));
#3181=FACE_OUTER_BOUND('',#3180,.T.);
#3182=ADVANCED_FACE('',(#3181),#3155,.T.);
#3183=CARTESIAN_POINT('',(-5.423070E-017,-1.421641791044776,8.5));
#3184=DIRECTION('',(0.0,0.0,1.0));
#3185=DIRECTION('',(1.0,0.0,0.0));
#3186=AXIS2_PLACEMENT_3D('',#3183,#3184,#3185);
#3187=PLANE('',#3186);
#3188=ORIENTED_EDGE('',*,*,#3165,.F.);
#3189=CARTESIAN_POINT('',(-9.000000000000002,0.5,8.5));
#3190=VERTEX_POINT('',#3189);
#3191=CARTESIAN_POINT('',(-9.000000000000004,0.5,8.5));
#3192=DIRECTION('',(1.0,0.0,0.0));
#3193=VECTOR('',#3192,18.000000000000007);
#3194=LINE('',#3191,#3193);
#3195=EDGE_CURVE('',#3190,#3157,#3194,.T.);
#3196=ORIENTED_EDGE('',*,*,#3195,.F.);
#3197=CARTESIAN_POINT('',(-9.500000000000004,-1.387779E-016,8.5));
#3198=VERTEX_POINT('',#3197);
#3199=CARTESIAN_POINT('',(-9.000000000000002,0.0,8.5));
#3200=DIRECTION('',(0.0,0.0,-1.0));
#3201=DIRECTION('',(-0.707106781186548,0.707106781186547,0.0));
#3202=AXIS2_PLACEMENT_3D('',#3199,#3200,#3201);
#3203=CIRCLE('',#3202,0.5);
#3204=EDGE_CURVE('',#3198,#3190,#3203,.T.);
#3205=ORIENTED_EDGE('',*,*,#3204,.F.);
#3206=CARTESIAN_POINT('',(-9.500000000000002,-2.0,8.5));
#3207=VERTEX_POINT('',#3206);
#3208=CARTESIAN_POINT('',(-9.500000000000004,-2.0,8.5));
#3209=DIRECTION('',(0.0,1.0,0.0));
#3210=VECTOR('',#3209,2.0);
#3211=LINE('',#3208,#3210);
#3212=EDGE_CURVE('',#3207,#3198,#3211,.T.);
#3213=ORIENTED_EDGE('',*,*,#3212,.F.);
#3214=CARTESIAN_POINT('',(-9.0,-2.000000000000001,8.5));
#3215=VERTEX_POINT('',#3214);
#3216=CARTESIAN_POINT('',(-9.0,-2.0,8.5));
#3217=DIRECTION('',(-1.0,0.0,0.0));
#3218=VECTOR('',#3217,0.500000000000002);
#3219=LINE('',#3216,#3218);
#3220=EDGE_CURVE('',#3215,#3207,#3219,.T.);
#3221=ORIENTED_EDGE('',*,*,#3220,.F.);
#3222=CARTESIAN_POINT('',(-9.0,-0.3,8.5));
#3223=VERTEX_POINT('',#3222);
#3224=CARTESIAN_POINT('',(-9.0,-0.300000000000001,8.5));
#3225=DIRECTION('',(0.0,-1.0,0.0));
#3226=VECTOR('',#3225,1.7);
#3227=LINE('',#3224,#3226);
#3228=EDGE_CURVE('',#3223,#3215,#3227,.T.);
#3229=ORIENTED_EDGE('',*,*,#3228,.F.);
#3230=CARTESIAN_POINT('',(-8.699999999999999,-0.3,8.5));
#3231=DIRECTION('',(0.0,0.0,1.0));
#3232=DIRECTION('',(-0.707106781186548,0.707106781186547,0.0));
#3233=AXIS2_PLACEMENT_3D('',#3230,#3231,#3232);
#3234=CIRCLE('',#3233,0.3);
#3235=EDGE_CURVE('',#3123,#3223,#3234,.T.);
#3236=ORIENTED_EDGE('',*,*,#3235,.F.);
#3237=ORIENTED_EDGE('',*,*,#3128,.F.);
#3238=CARTESIAN_POINT('',(9.0,-0.3,8.5));
#3239=VERTEX_POINT('',#3238);
#3240=CARTESIAN_POINT('',(8.699999999999999,-0.3,8.5));
#3241=DIRECTION('',(0.0,0.0,1.0));
#3242=DIRECTION('',(0.707106781186548,0.707106781186547,0.0));
#3243=AXIS2_PLACEMENT_3D('',#3240,#3241,#3242);
#3244=CIRCLE('',#3243,0.3);
#3245=EDGE_CURVE('',#3239,#3115,#3244,.T.);
#3246=ORIENTED_EDGE('',*,*,#3245,.F.);
#3247=CARTESIAN_POINT('',(9.0,-2.0,8.5));
#3248=VERTEX_POINT('',#3247);
#3249=CARTESIAN_POINT('',(9.0,-2.0,8.5));
#3250=DIRECTION('',(0.0,1.0,0.0));
#3251=VECTOR('',#3250,1.7);
#3252=LINE('',#3249,#3251);
#3253=EDGE_CURVE('',#3248,#3239,#3252,.T.);
#3254=ORIENTED_EDGE('',*,*,#3253,.F.);
#3255=CARTESIAN_POINT('',(9.500000000000002,-2.0,8.5));
#3256=VERTEX_POINT('',#3255);
#3257=CARTESIAN_POINT('',(9.500000000000002,-2.0,8.5));
#3258=DIRECTION('',(-1.0,0.0,0.0));
#3259=VECTOR('',#3258,0.500000000000002);
#3260=LINE('',#3257,#3259);
#3261=EDGE_CURVE('',#3256,#3248,#3260,.T.);
#3262=ORIENTED_EDGE('',*,*,#3261,.F.);
#3263=CARTESIAN_POINT('',(9.500000000000002,0.0,8.5));
#3264=DIRECTION('',(0.0,-1.0,0.0));
#3265=VECTOR('',#3264,2.000000000000001);
#3266=LINE('',#3263,#3265);
#3267=EDGE_CURVE('',#3159,#3256,#3266,.T.);
#3268=ORIENTED_EDGE('',*,*,#3267,.F.);
#3269=EDGE_LOOP('',(#3188,#3196,#3205,#3213,#3221,#3229,#3236,#3237,#3246,#3254,#3262,#3268));
#3270=FACE_OUTER_BOUND('',#3269,.T.);
#3271=ADVANCED_FACE('',(#3270),#3187,.T.);
#3272=CARTESIAN_POINT('',(-9.500000000000004,0.5,0.0));
#3273=DIRECTION('',(0.0,1.0,0.0));
#3274=DIRECTION('',(0.0,0.0,1.0));
#3275=AXIS2_PLACEMENT_3D('',#3272,#3273,#3274);
#3276=PLANE('',#3275);
#3277=ORIENTED_EDGE('',*,*,#2886,.T.);
#3278=ORIENTED_EDGE('',*,*,#3100,.T.);
#3279=CARTESIAN_POINT('',(-9.000000000000002,0.5,8.5));
#3280=DIRECTION('',(0.0,0.0,-1.0));
#3281=VECTOR('',#3280,17.0);
#3282=LINE('',#3279,#3281);
#3283=EDGE_CURVE('',#3190,#3088,#3282,.T.);
#3284=ORIENTED_EDGE('',*,*,#3283,.F.);
#3285=ORIENTED_EDGE('',*,*,#3195,.T.);
#3286=ORIENTED_EDGE('',*,*,#3178,.F.);
#3287=ORIENTED_EDGE('',*,*,#2987,.T.);
#3288=ORIENTED_EDGE('',*,*,#2926,.T.);
#3289=ORIENTED_EDGE('',*,*,#2962,.T.);
#3290=EDGE_LOOP('',(#3277,#3278,#3284,#3285,#3286,#3287,#3288,#3289));
#3291=FACE_OUTER_BOUND('',#3290,.T.);
#3292=CARTESIAN_POINT('',(-4.827864E-016,0.5,7.884499877989255));
#3293=VERTEX_POINT('',#3292);
#3294=CARTESIAN_POINT('',(0.0,0.5,0.0));
#3295=DIRECTION('',(0.0,1.0,0.0));
#3296=DIRECTION('',(0.0,0.0,-1.0));
#3297=AXIS2_PLACEMENT_3D('',#3294,#3295,#3296);
#3298=CIRCLE('',#3297,7.884499877989255);
#3299=EDGE_CURVE('',#3293,#3293,#3298,.T.);
#3300=ORIENTED_EDGE('',*,*,#3299,.F.);
#3301=EDGE_LOOP('',(#3300));
#3302=FACE_BOUND('',#3301,.T.);
#3303=ADVANCED_FACE('',(#3291,#3302),#3276,.T.);
#3304=CARTESIAN_POINT('',(-9.000000000000002,0.0,0.0));
#3305=DIRECTION('',(0.0,0.0,1.0));
#3306=DIRECTION('',(-0.707106781186548,0.707106781186547,0.0));
#3307=AXIS2_PLACEMENT_3D('',#3304,#3305,#3306);
#3308=CYLINDRICAL_SURFACE('',#3307,0.5);
#3309=ORIENTED_EDGE('',*,*,#3204,.T.);
#3310=ORIENTED_EDGE('',*,*,#3283,.T.);
#3311=ORIENTED_EDGE('',*,*,#3094,.T.);
#3312=CARTESIAN_POINT('',(-9.500000000000004,-1.480297E-016,-8.5));
#3313=DIRECTION('',(0.0,0.0,1.0));
#3314=VECTOR('',#3313,17.0);
#3315=LINE('',#3312,#3314);
#3316=EDGE_CURVE('',#3080,#3198,#3315,.T.);
#3317=ORIENTED_EDGE('',*,*,#3316,.T.);
#3318=EDGE_LOOP('',(#3309,#3310,#3311,#3317));
#3319=FACE_OUTER_BOUND('',#3318,.T.);
#3320=ADVANCED_FACE('',(#3319),#3308,.T.);
#3321=CARTESIAN_POINT('',(0.0,-5.392893218813453,6.5));
#3322=DIRECTION('',(1.0,0.0,0.0));
#3323=DIRECTION('',(0.0,-0.382683432365089,-0.923879532511287));
#3324=AXIS2_PLACEMENT_3D('',#3321,#3322,#3323);
#3325=CYLINDRICAL_SURFACE('',#3324,0.5);
#3326=CARTESIAN_POINT('',(9.000000000000002,-5.392893218813453,6.000000000000001));
#3327=VERTEX_POINT('',#3326);
#3328=CARTESIAN_POINT('',(9.000000000000002,-5.746446609406727,6.146446609406727));
#3329=VERTEX_POINT('',#3328);
#3330=CARTESIAN_POINT('',(9.000000000000002,-5.392893218813453,6.5));
#3331=DIRECTION('',(-1.0,0.0,0.0));
#3332=DIRECTION('',(0.0,-0.382683432365089,-0.923879532511287));
#3333=AXIS2_PLACEMENT_3D('',#3330,#3331,#3332);
#3334=CIRCLE('',#3333,0.5);
#3335=EDGE_CURVE('',#3327,#3329,#3334,.T.);
#3336=ORIENTED_EDGE('',*,*,#3335,.T.);
#3337=CARTESIAN_POINT('',(9.5,-5.746446609406727,6.146446609406727));
#3338=VERTEX_POINT('',#3337);
#3339=CARTESIAN_POINT('',(9.000000000000002,-5.746446609406727,6.146446609406727));
#3340=DIRECTION('',(1.0,0.0,0.0));
#3341=VECTOR('',#3340,0.499999999999998);
#3342=LINE('',#3339,#3341);
#3343=EDGE_CURVE('',#3329,#3338,#3342,.T.);
#3344=ORIENTED_EDGE('',*,*,#3343,.T.);
#3345=CARTESIAN_POINT('',(9.5,-5.392893218813453,6.0));
#3346=VERTEX_POINT('',#3345);
#3347=CARTESIAN_POINT('',(9.500000000000004,-5.392893218813453,6.5));
#3348=DIRECTION('',(1.0,0.0,0.0));
#3349=DIRECTION('',(0.0,-0.382683432365089,-0.923879532511287));
#3350=AXIS2_PLACEMENT_3D('',#3347,#3348,#3349);
#3351=CIRCLE('',#3350,0.5);
#3352=EDGE_CURVE('',#3338,#3346,#3351,.T.);
#3353=ORIENTED_EDGE('',*,*,#3352,.T.);
#3354=CARTESIAN_POINT('',(9.5,-5.392893218813453,6.000000000000001));
#3355=DIRECTION('',(-1.0,0.0,0.0));
#3356=VECTOR('',#3355,0.499999999999998);
#3357=LINE('',#3354,#3356);
#3358=EDGE_CURVE('',#3346,#3327,#3357,.T.);
#3359=ORIENTED_EDGE('',*,*,#3358,.T.);
#3360=EDGE_LOOP('',(#3336,#3344,#3353,#3359));
#3361=FACE_OUTER_BOUND('',#3360,.T.);
#3362=ADVANCED_FACE('',(#3361),#3325,.F.);
#3363=CARTESIAN_POINT('',(0.0,-5.600000000000001,6.000000000000001));
#3364=DIRECTION('',(0.0,-0.707106781186549,-0.707106781186546));
#3365=DIRECTION('',(-1.0,0.0,0.0));
#3366=AXIS2_PLACEMENT_3D('',#3363,#3364,#3365);
#3367=PLANE('',#3366);
#3368=ORIENTED_EDGE('',*,*,#3343,.F.);
#3369=CARTESIAN_POINT('',(9.000000000000002,-5.992893218813452,6.392893218813454));
#3370=VERTEX_POINT('',#3369);
#3371=CARTESIAN_POINT('',(9.000000000000002,-5.992893218813452,6.392893218813454));
#3372=DIRECTION('',(0.0,0.707106781186548,-0.707106781186548));
#3373=VECTOR('',#3372,0.348528137423856);
#3374=LINE('',#3371,#3373);
#3375=EDGE_CURVE('',#3370,#3329,#3374,.T.);
#3376=ORIENTED_EDGE('',*,*,#3375,.F.);
#3377=CARTESIAN_POINT('',(9.5,-5.992893218813452,6.392893218813454));
#3378=VERTEX_POINT('',#3377);
#3379=CARTESIAN_POINT('',(9.5,-5.992893218813452,6.392893218813454));
#3380=DIRECTION('',(-1.0,0.0,0.0));
#3381=VECTOR('',#3380,0.499999999999998);
#3382=LINE('',#3379,#3381);
#3383=EDGE_CURVE('',#3378,#3370,#3382,.T.);
#3384=ORIENTED_EDGE('',*,*,#3383,.F.);
#3385=CARTESIAN_POINT('',(9.5,-5.746446609406727,6.146446609406727));
#3386=DIRECTION('',(0.0,-0.707106781186546,0.707106781186549));
#3387=VECTOR('',#3386,0.348528137423857);
#3388=LINE('',#3385,#3387);
#3389=EDGE_CURVE('',#3338,#3378,#3388,.T.);
#3390=ORIENTED_EDGE('',*,*,#3389,.F.);
#3391=EDGE_LOOP('',(#3368,#3376,#3384,#3390));
#3392=FACE_OUTER_BOUND('',#3391,.T.);
#3393=ADVANCED_FACE('',(#3392),#3367,.F.);
#3394=CARTESIAN_POINT('',(0.0,-5.392893218813453,3.5));
#3395=DIRECTION('',(1.0,0.0,0.0));
#3396=DIRECTION('',(0.0,-0.382683432365089,0.923879532511287));
#3397=AXIS2_PLACEMENT_3D('',#3394,#3395,#3396);
#3398=CYLINDRICAL_SURFACE('',#3397,0.5);
#3399=CARTESIAN_POINT('',(9.000000000000002,-5.746446609406726,3.853553390593275));
#3400=VERTEX_POINT('',#3399);
#3401=CARTESIAN_POINT('',(9.000000000000002,-5.392893218813453,4.0));
#3402=VERTEX_POINT('',#3401);
#3403=CARTESIAN_POINT('',(9.000000000000002,-5.392893218813453,3.5));
#3404=DIRECTION('',(-1.0,0.0,0.0));
#3405=DIRECTION('',(0.0,-0.382683432365089,0.923879532511287));
#3406=AXIS2_PLACEMENT_3D('',#3403,#3404,#3405);
#3407=CIRCLE('',#3406,0.5);
#3408=EDGE_CURVE('',#3400,#3402,#3407,.T.);
#3409=ORIENTED_EDGE('',*,*,#3408,.T.);
#3410=CARTESIAN_POINT('',(9.5,-5.392893218813453,4.0));
#3411=VERTEX_POINT('',#3410);
#3412=CARTESIAN_POINT('',(9.000000000000002,-5.392893218813453,4.0));
#3413=DIRECTION('',(1.0,0.0,0.0));
#3414=VECTOR('',#3413,0.499999999999998);
#3415=LINE('',#3412,#3414);
#3416=EDGE_CURVE('',#3402,#3411,#3415,.T.);
#3417=ORIENTED_EDGE('',*,*,#3416,.T.);
#3418=CARTESIAN_POINT('',(9.500000000000002,-5.746446609406726,3.853553390593275));
#3419=VERTEX_POINT('',#3418);
#3420=CARTESIAN_POINT('',(9.500000000000004,-5.392893218813453,3.5));
#3421=DIRECTION('',(1.0,0.0,0.0));
#3422=DIRECTION('',(0.0,-0.382683432365089,0.923879532511287));
#3423=AXIS2_PLACEMENT_3D('',#3420,#3421,#3422);
#3424=CIRCLE('',#3423,0.5);
#3425=EDGE_CURVE('',#3411,#3419,#3424,.T.);
#3426=ORIENTED_EDGE('',*,*,#3425,.T.);
#3427=CARTESIAN_POINT('',(9.500000000000002,-5.746446609406726,3.853553390593275));
#3428=DIRECTION('',(-1.0,0.0,0.0));
#3429=VECTOR('',#3428,0.5);
#3430=LINE('',#3427,#3429);
#3431=EDGE_CURVE('',#3419,#3400,#3430,.T.);
#3432=ORIENTED_EDGE('',*,*,#3431,.T.);
#3433=EDGE_LOOP('',(#3409,#3417,#3426,#3432));
#3434=FACE_OUTER_BOUND('',#3433,.T.);
#3435=ADVANCED_FACE('',(#3434),#3398,.F.);
#3436=CARTESIAN_POINT('',(0.0,-5.600000000000001,4.0));
#3437=DIRECTION('',(0.0,0.0,1.0));
#3438=DIRECTION('',(1.0,0.0,0.0));
#3439=AXIS2_PLACEMENT_3D('',#3436,#3437,#3438);
#3440=PLANE('',#3439);
#3441=ORIENTED_EDGE('',*,*,#3416,.F.);
#3442=CARTESIAN_POINT('',(9.0,-1.800000000000001,4.000000000000001));
#3443=VERTEX_POINT('',#3442);
#3444=CARTESIAN_POINT('',(9.000000000000002,-1.8,4.000000000000001));
#3445=DIRECTION('',(0.0,-1.0,0.0));
#3446=VECTOR('',#3445,3.592893218813453);
#3447=LINE('',#3444,#3446);
#3448=EDGE_CURVE('',#3443,#3402,#3447,.T.);
#3449=ORIENTED_EDGE('',*,*,#3448,.F.);
#3450=CARTESIAN_POINT('',(9.500000000000002,-1.800000000000001,4.0));
#3451=VERTEX_POINT('',#3450);
#3452=CARTESIAN_POINT('',(9.500000000000002,-1.800000000000001,4.000000000000001));
#3453=DIRECTION('',(-1.0,0.0,0.0));
#3454=VECTOR('',#3453,0.500000000000002);
#3455=LINE('',#3452,#3454);
#3456=EDGE_CURVE('',#3451,#3443,#3455,.T.);
#3457=ORIENTED_EDGE('',*,*,#3456,.F.);
#3458=CARTESIAN_POINT('',(9.500000000000002,-5.392893218813453,4.0));
#3459=DIRECTION('',(0.0,1.0,0.0));
#3460=VECTOR('',#3459,3.592893218813452);
#3461=LINE('',#3458,#3460);
#3462=EDGE_CURVE('',#3411,#3451,#3461,.T.);
#3463=ORIENTED_EDGE('',*,*,#3462,.F.);
#3464=EDGE_LOOP('',(#3441,#3449,#3457,#3463));
#3465=FACE_OUTER_BOUND('',#3464,.T.);
#3466=ADVANCED_FACE('',(#3465),#3440,.F.);
#3467=CARTESIAN_POINT('',(0.0,-5.392893218813454,-6.500000000000002));
#3468=DIRECTION('',(1.0,0.0,0.0));
#3469=DIRECTION('',(0.0,-0.382683432365091,0.923879532511286));
#3470=AXIS2_PLACEMENT_3D('',#3467,#3468,#3469);
#3471=CYLINDRICAL_SURFACE('',#3470,0.5);
#3472=CARTESIAN_POINT('',(9.000000000000002,-5.746446609406728,-6.146446609406729));
#3473=VERTEX_POINT('',#3472);
#3474=CARTESIAN_POINT('',(9.000000000000002,-5.392893218813454,-6.000000000000001));
#3475=VERTEX_POINT('',#3474);
#3476=CARTESIAN_POINT('',(9.000000000000002,-5.392893218813454,-6.500000000000002));
#3477=DIRECTION('',(-1.0,0.0,0.0));
#3478=DIRECTION('',(0.0,-0.382683432365091,0.923879532511286));
#3479=AXIS2_PLACEMENT_3D('',#3476,#3477,#3478);
#3480=CIRCLE('',#3479,0.5);
#3481=EDGE_CURVE('',#3473,#3475,#3480,.T.);
#3482=ORIENTED_EDGE('',*,*,#3481,.T.);
#3483=CARTESIAN_POINT('',(9.5,-5.392893218813454,-6.000000000000001));
#3484=VERTEX_POINT('',#3483);
#3485=CARTESIAN_POINT('',(9.000000000000002,-5.392893218813454,-6.000000000000001));
#3486=DIRECTION('',(1.0,0.0,0.0));
#3487=VECTOR('',#3486,0.499999999999998);
#3488=LINE('',#3485,#3487);
#3489=EDGE_CURVE('',#3475,#3484,#3488,.T.);
#3490=ORIENTED_EDGE('',*,*,#3489,.T.);
#3491=CARTESIAN_POINT('',(9.5,-5.746446609406728,-6.146446609406729));
#3492=VERTEX_POINT('',#3491);
#3493=CARTESIAN_POINT('',(9.500000000000004,-5.392893218813454,-6.500000000000002));
#3494=DIRECTION('',(1.0,0.0,0.0));
#3495=DIRECTION('',(0.0,-0.382683432365091,0.923879532511286));
#3496=AXIS2_PLACEMENT_3D('',#3493,#3494,#3495);
#3497=CIRCLE('',#3496,0.5);
#3498=EDGE_CURVE('',#3484,#3492,#3497,.T.);
#3499=ORIENTED_EDGE('',*,*,#3498,.T.);
#3500=CARTESIAN_POINT('',(9.5,-5.746446609406728,-6.146446609406729));
#3501=DIRECTION('',(-1.0,0.0,0.0));
#3502=VECTOR('',#3501,0.499999999999998);
#3503=LINE('',#3500,#3502);
#3504=EDGE_CURVE('',#3492,#3473,#3503,.T.);
#3505=ORIENTED_EDGE('',*,*,#3504,.T.);
#3506=EDGE_LOOP('',(#3482,#3490,#3499,#3505));
#3507=FACE_OUTER_BOUND('',#3506,.T.);
#3508=ADVANCED_FACE('',(#3507),#3471,.F.);
#3509=CARTESIAN_POINT('',(0.0,-5.600000000000001,-6.000000000000001));
#3510=DIRECTION('',(0.0,0.0,1.0));
#3511=DIRECTION('',(1.0,0.0,0.0));
#3512=AXIS2_PLACEMENT_3D('',#3509,#3510,#3511);
#3513=PLANE('',#3512);
#3514=ORIENTED_EDGE('',*,*,#3489,.F.);
#3515=CARTESIAN_POINT('',(9.0,-2.6,-6.0));
#3516=VERTEX_POINT('',#3515);
#3517=CARTESIAN_POINT('',(9.000000000000002,-2.6,-6.0));
#3518=DIRECTION('',(0.0,-1.0,0.0));
#3519=VECTOR('',#3518,2.792893218813454);
#3520=LINE('',#3517,#3519);
#3521=EDGE_CURVE('',#3516,#3475,#3520,.T.);
#3522=ORIENTED_EDGE('',*,*,#3521,.F.);
#3523=CARTESIAN_POINT('',(9.500000000000002,-2.6,-6.0));
#3524=VERTEX_POINT('',#3523);
#3525=CARTESIAN_POINT('',(9.500000000000002,-2.6,-6.0));
#3526=DIRECTION('',(-1.0,0.0,0.0));
#3527=VECTOR('',#3526,0.500000000000002);
#3528=LINE('',#3525,#3527);
#3529=EDGE_CURVE('',#3524,#3516,#3528,.T.);
#3530=ORIENTED_EDGE('',*,*,#3529,.F.);
#3531=CARTESIAN_POINT('',(9.500000000000002,-5.392893218813454,-6.000000000000001));
#3532=DIRECTION('',(0.0,1.0,0.0));
#3533=VECTOR('',#3532,2.792893218813454);
#3534=LINE('',#3531,#3533);
#3535=EDGE_CURVE('',#3484,#3524,#3534,.T.);
#3536=ORIENTED_EDGE('',*,*,#3535,.F.);
#3537=EDGE_LOOP('',(#3514,#3522,#3530,#3536));
#3538=FACE_OUTER_BOUND('',#3537,.T.);
#3539=ADVANCED_FACE('',(#3538),#3513,.F.);
#3540=CARTESIAN_POINT('',(0.0,-5.392893218813454,-3.500000000000001));
#3541=DIRECTION('',(1.0,0.0,0.0));
#3542=DIRECTION('',(0.0,-0.382683432365089,-0.923879532511287));
#3543=AXIS2_PLACEMENT_3D('',#3540,#3541,#3542);
#3544=CYLINDRICAL_SURFACE('',#3543,0.5);
#3545=CARTESIAN_POINT('',(9.000000000000002,-5.392893218813454,-4.0));
#3546=VERTEX_POINT('',#3545);
#3547=CARTESIAN_POINT('',(9.000000000000002,-5.746446609406727,-3.853553390593275));
#3548=VERTEX_POINT('',#3547);
#3549=CARTESIAN_POINT('',(9.000000000000002,-5.392893218813454,-3.500000000000001));
#3550=DIRECTION('',(-1.0,0.0,0.0));
#3551=DIRECTION('',(0.0,-0.382683432365089,-0.923879532511287));
#3552=AXIS2_PLACEMENT_3D('',#3549,#3550,#3551);
#3553=CIRCLE('',#3552,0.5);
#3554=EDGE_CURVE('',#3546,#3548,#3553,.T.);
#3555=ORIENTED_EDGE('',*,*,#3554,.T.);
#3556=CARTESIAN_POINT('',(9.500000000000002,-5.746446609406727,-3.853553390593274));
#3557=VERTEX_POINT('',#3556);
#3558=CARTESIAN_POINT('',(9.000000000000002,-5.746446609406727,-3.853553390593274));
#3559=DIRECTION('',(1.0,0.0,0.0));
#3560=VECTOR('',#3559,0.5);
#3561=LINE('',#3558,#3560);
#3562=EDGE_CURVE('',#3548,#3557,#3561,.T.);
#3563=ORIENTED_EDGE('',*,*,#3562,.T.);
#3564=CARTESIAN_POINT('',(9.5,-5.392893218813454,-4.0));
#3565=VERTEX_POINT('',#3564);
#3566=CARTESIAN_POINT('',(9.500000000000004,-5.392893218813454,-3.500000000000001));
#3567=DIRECTION('',(1.0,0.0,0.0));
#3568=DIRECTION('',(0.0,-0.382683432365089,-0.923879532511287));
#3569=AXIS2_PLACEMENT_3D('',#3566,#3567,#3568);
#3570=CIRCLE('',#3569,0.5);
#3571=EDGE_CURVE('',#3557,#3565,#3570,.T.);
#3572=ORIENTED_EDGE('',*,*,#3571,.T.);
#3573=CARTESIAN_POINT('',(9.5,-5.392893218813454,-4.0));
#3574=DIRECTION('',(-1.0,0.0,0.0));
#3575=VECTOR('',#3574,0.499999999999998);
#3576=LINE('',#3573,#3575);
#3577=EDGE_CURVE('',#3565,#3546,#3576,.T.);
#3578=ORIENTED_EDGE('',*,*,#3577,.T.);
#3579=EDGE_LOOP('',(#3555,#3563,#3572,#3578));
#3580=FACE_OUTER_BOUND('',#3579,.T.);
#3581=ADVANCED_FACE('',(#3580),#3544,.F.);
#3582=CARTESIAN_POINT('',(0.0,-5.600000000000001,-4.0));
#3583=DIRECTION('',(0.0,-0.707106781186547,-0.707106781186548));
#3584=DIRECTION('',(-1.0,0.0,0.0));
#3585=AXIS2_PLACEMENT_3D('',#3582,#3583,#3584);
#3586=PLANE('',#3585);
#3587=ORIENTED_EDGE('',*,*,#3562,.F.);
#3588=CARTESIAN_POINT('',(9.000000000000002,-5.992893218813453,-3.607106781186549));
#3589=VERTEX_POINT('',#3588);
#3590=CARTESIAN_POINT('',(9.000000000000002,-5.992893218813454,-3.607106781186549));
#3591=DIRECTION('',(0.0,0.707106781186549,-0.707106781186546));
#3592=VECTOR('',#3591,0.348528137423857);
#3593=LINE('',#3590,#3592);
#3594=EDGE_CURVE('',#3589,#3548,#3593,.T.);
#3595=ORIENTED_EDGE('',*,*,#3594,.F.);
#3596=CARTESIAN_POINT('',(9.500000000000002,-5.992893218813453,-3.607106781186549));
#3597=VERTEX_POINT('',#3596);
#3598=CARTESIAN_POINT('',(9.500000000000002,-5.992893218813453,-3.607106781186549));
#3599=DIRECTION('',(-1.0,0.0,0.0));
#3600=VECTOR('',#3599,0.5);
#3601=LINE('',#3598,#3600);
#3602=EDGE_CURVE('',#3597,#3589,#3601,.T.);
#3603=ORIENTED_EDGE('',*,*,#3602,.F.);
#3604=CARTESIAN_POINT('',(9.500000000000002,-5.746446609406728,-3.853553390593274));
#3605=DIRECTION('',(0.0,-0.707106781186548,0.707106781186548));
#3606=VECTOR('',#3605,0.348528137423856);
#3607=LINE('',#3604,#3606);
#3608=EDGE_CURVE('',#3557,#3597,#3607,.T.);
#3609=ORIENTED_EDGE('',*,*,#3608,.F.);
#3610=EDGE_LOOP('',(#3587,#3595,#3603,#3609));
#3611=FACE_OUTER_BOUND('',#3610,.T.);
#3612=ADVANCED_FACE('',(#3611),#3586,.F.);
#3613=CARTESIAN_POINT('',(0.0,-5.392893218813453,6.5));
#3614=DIRECTION('',(1.0,0.0,0.0));
#3615=DIRECTION('',(0.0,-0.382683432365089,-0.923879532511287));
#3616=AXIS2_PLACEMENT_3D('',#3613,#3614,#3615);
#3617=CYLINDRICAL_SURFACE('',#3616,0.5);
#3618=CARTESIAN_POINT('',(-9.500000000000002,-5.392893218813453,6.000000000000001));
#3619=VERTEX_POINT('',#3618);
#3620=CARTESIAN_POINT('',(-9.500000000000002,-5.746446609406727,6.146446609406727));
#3621=VERTEX_POINT('',#3620);
#3622=CARTESIAN_POINT('',(-9.5,-5.392893218813453,6.5));
#3623=DIRECTION('',(-1.0,0.0,0.0));
#3624=DIRECTION('',(0.0,-0.382683432365089,-0.923879532511287));
#3625=AXIS2_PLACEMENT_3D('',#3622,#3623,#3624);
#3626=CIRCLE('',#3625,0.5);
#3627=EDGE_CURVE('',#3619,#3621,#3626,.T.);
#3628=ORIENTED_EDGE('',*,*,#3627,.T.);
#3629=CARTESIAN_POINT('',(-9.000000000000002,-5.746446609406726,6.146446609406727));
#3630=VERTEX_POINT('',#3629);
#3631=CARTESIAN_POINT('',(-9.500000000000002,-5.746446609406727,6.146446609406727));
#3632=DIRECTION('',(1.0,0.0,0.0));
#3633=VECTOR('',#3632,0.5);
#3634=LINE('',#3631,#3633);
#3635=EDGE_CURVE('',#3621,#3630,#3634,.T.);
#3636=ORIENTED_EDGE('',*,*,#3635,.T.);
#3637=CARTESIAN_POINT('',(-9.000000000000002,-5.392893218813453,6.0));
#3638=VERTEX_POINT('',#3637);
#3639=CARTESIAN_POINT('',(-9.0,-5.392893218813453,6.5));
#3640=DIRECTION('',(1.0,0.0,0.0));
#3641=DIRECTION('',(0.0,-0.382683432365089,-0.923879532511287));
#3642=AXIS2_PLACEMENT_3D('',#3639,#3640,#3641);
#3643=CIRCLE('',#3642,0.5);
#3644=EDGE_CURVE('',#3630,#3638,#3643,.T.);
#3645=ORIENTED_EDGE('',*,*,#3644,.T.);
#3646=CARTESIAN_POINT('',(-9.000000000000002,-5.392893218813453,6.000000000000001));
#3647=DIRECTION('',(-1.0,0.0,0.0));
#3648=VECTOR('',#3647,0.5);
#3649=LINE('',#3646,#3648);
#3650=EDGE_CURVE('',#3638,#3619,#3649,.T.);
#3651=ORIENTED_EDGE('',*,*,#3650,.T.);
#3652=EDGE_LOOP('',(#3628,#3636,#3645,#3651));
#3653=FACE_OUTER_BOUND('',#3652,.T.);
#3654=ADVANCED_FACE('',(#3653),#3617,.F.);
#3655=CARTESIAN_POINT('',(0.0,-5.600000000000001,6.000000000000001));
#3656=DIRECTION('',(0.0,-0.707106781186549,-0.707106781186546));
#3657=DIRECTION('',(-1.0,0.0,0.0));
#3658=AXIS2_PLACEMENT_3D('',#3655,#3656,#3657);
#3659=PLANE('',#3658);
#3660=ORIENTED_EDGE('',*,*,#3635,.F.);
#3661=CARTESIAN_POINT('',(-9.500000000000002,-5.992893218813452,6.392893218813454));
#3662=VERTEX_POINT('',#3661);
#3663=CARTESIAN_POINT('',(-9.500000000000002,-5.992893218813451,6.392893218813454));
#3664=DIRECTION('',(0.0,0.707106781186545,-0.70710678118655));
#3665=VECTOR('',#3664,0.348528137423856);
#3666=LINE('',#3663,#3665);
#3667=EDGE_CURVE('',#3662,#3621,#3666,.T.);
#3668=ORIENTED_EDGE('',*,*,#3667,.F.);
#3669=CARTESIAN_POINT('',(-9.000000000000002,-5.992893218813452,6.392893218813454));
#3670=VERTEX_POINT('',#3669);
#3671=CARTESIAN_POINT('',(-9.000000000000002,-5.992893218813452,6.392893218813454));
#3672=DIRECTION('',(-1.0,0.0,0.0));
#3673=VECTOR('',#3672,0.5);
#3674=LINE('',#3671,#3673);
#3675=EDGE_CURVE('',#3670,#3662,#3674,.T.);
#3676=ORIENTED_EDGE('',*,*,#3675,.F.);
#3677=CARTESIAN_POINT('',(-9.000000000000002,-5.746446609406727,6.146446609406727));
#3678=DIRECTION('',(0.0,-0.707106781186545,0.70710678118655));
#3679=VECTOR('',#3678,0.348528137423856);
#3680=LINE('',#3677,#3679);
#3681=EDGE_CURVE('',#3630,#3670,#3680,.T.);
#3682=ORIENTED_EDGE('',*,*,#3681,.F.);
#3683=EDGE_LOOP('',(#3660,#3668,#3676,#3682));
#3684=FACE_OUTER_BOUND('',#3683,.T.);
#3685=ADVANCED_FACE('',(#3684),#3659,.F.);
#3686=CARTESIAN_POINT('',(0.0,-5.392893218813453,3.5));
#3687=DIRECTION('',(1.0,0.0,0.0));
#3688=DIRECTION('',(0.0,-0.382683432365089,0.923879532511287));
#3689=AXIS2_PLACEMENT_3D('',#3686,#3687,#3688);
#3690=CYLINDRICAL_SURFACE('',#3689,0.5);
#3691=CARTESIAN_POINT('',(-9.5,-5.746446609406726,3.853553390593276));
#3692=VERTEX_POINT('',#3691);
#3693=CARTESIAN_POINT('',(-9.5,-5.392893218813453,4.0));
#3694=VERTEX_POINT('',#3693);
#3695=CARTESIAN_POINT('',(-9.5,-5.392893218813453,3.5));
#3696=DIRECTION('',(-1.0,0.0,0.0));
#3697=DIRECTION('',(0.0,-0.382683432365089,0.923879532511287));
#3698=AXIS2_PLACEMENT_3D('',#3695,#3696,#3697);
#3699=CIRCLE('',#3698,0.5);
#3700=EDGE_CURVE('',#3692,#3694,#3699,.T.);
#3701=ORIENTED_EDGE('',*,*,#3700,.T.);
#3702=CARTESIAN_POINT('',(-9.000000000000002,-5.392893218813453,4.0));
#3703=VERTEX_POINT('',#3702);
#3704=CARTESIAN_POINT('',(-9.5,-5.392893218813453,4.0));
#3705=DIRECTION('',(1.0,0.0,0.0));
#3706=VECTOR('',#3705,0.499999999999998);
#3707=LINE('',#3704,#3706);
#3708=EDGE_CURVE('',#3694,#3703,#3707,.T.);
#3709=ORIENTED_EDGE('',*,*,#3708,.T.);
#3710=CARTESIAN_POINT('',(-9.000000000000002,-5.746446609406727,3.853553390593276));
#3711=VERTEX_POINT('',#3710);
#3712=CARTESIAN_POINT('',(-9.0,-5.392893218813453,3.5));
#3713=DIRECTION('',(1.0,0.0,0.0));
#3714=DIRECTION('',(0.0,-0.382683432365089,0.923879532511287));
#3715=AXIS2_PLACEMENT_3D('',#3712,#3713,#3714);
#3716=CIRCLE('',#3715,0.5);
#3717=EDGE_CURVE('',#3703,#3711,#3716,.T.);
#3718=ORIENTED_EDGE('',*,*,#3717,.T.);
#3719=CARTESIAN_POINT('',(-9.000000000000002,-5.746446609406726,3.853553390593275));
#3720=DIRECTION('',(-1.0,0.0,0.0));
#3721=VECTOR('',#3720,0.499999999999998);
#3722=LINE('',#3719,#3721);
#3723=EDGE_CURVE('',#3711,#3692,#3722,.T.);
#3724=ORIENTED_EDGE('',*,*,#3723,.T.);
#3725=EDGE_LOOP('',(#3701,#3709,#3718,#3724));
#3726=FACE_OUTER_BOUND('',#3725,.T.);
#3727=ADVANCED_FACE('',(#3726),#3690,.F.);
#3728=CARTESIAN_POINT('',(0.0,-5.600000000000001,4.0));
#3729=DIRECTION('',(0.0,0.0,1.0));
#3730=DIRECTION('',(1.0,0.0,0.0));
#3731=AXIS2_PLACEMENT_3D('',#3728,#3729,#3730);
#3732=PLANE('',#3731);
#3733=ORIENTED_EDGE('',*,*,#3708,.F.);
#3734=CARTESIAN_POINT('',(-9.500000000000002,-1.800000000000001,4.000000000000001));
#3735=VERTEX_POINT('',#3734);
#3736=CARTESIAN_POINT('',(-9.500000000000002,-1.8,4.000000000000001));
#3737=DIRECTION('',(0.0,-1.0,0.0));
#3738=VECTOR('',#3737,3.592893218813452);
#3739=LINE('',#3736,#3738);
#3740=EDGE_CURVE('',#3735,#3694,#3739,.T.);
#3741=ORIENTED_EDGE('',*,*,#3740,.F.);
#3742=CARTESIAN_POINT('',(-9.000000000000002,-1.800000000000001,4.0));
#3743=VERTEX_POINT('',#3742);
#3744=CARTESIAN_POINT('',(-9.000000000000002,-1.800000000000001,4.000000000000001));
#3745=DIRECTION('',(-1.0,0.0,0.0));
#3746=VECTOR('',#3745,0.5);
#3747=LINE('',#3744,#3746);
#3748=EDGE_CURVE('',#3743,#3735,#3747,.T.);
#3749=ORIENTED_EDGE('',*,*,#3748,.F.);
#3750=CARTESIAN_POINT('',(-9.000000000000002,-5.392893218813453,4.0));
#3751=DIRECTION('',(0.0,1.0,0.0));
#3752=VECTOR('',#3751,3.592893218813452);
#3753=LINE('',#3750,#3752);
#3754=EDGE_CURVE('',#3703,#3743,#3753,.T.);
#3755=ORIENTED_EDGE('',*,*,#3754,.F.);
#3756=EDGE_LOOP('',(#3733,#3741,#3749,#3755));
#3757=FACE_OUTER_BOUND('',#3756,.T.);
#3758=ADVANCED_FACE('',(#3757),#3732,.F.);
#3759=CARTESIAN_POINT('',(0.0,-5.392893218813454,-3.500000000000001));
#3760=DIRECTION('',(1.0,0.0,0.0));
#3761=DIRECTION('',(0.0,-0.382683432365089,-0.923879532511287));
#3762=AXIS2_PLACEMENT_3D('',#3759,#3760,#3761);
#3763=CYLINDRICAL_SURFACE('',#3762,0.5);
#3764=CARTESIAN_POINT('',(-9.500000000000002,-5.392893218813454,-4.0));
#3765=VERTEX_POINT('',#3764);
#3766=CARTESIAN_POINT('',(-9.5,-5.746446609406727,-3.853553390593274));
#3767=VERTEX_POINT('',#3766);
#3768=CARTESIAN_POINT('',(-9.5,-5.392893218813454,-3.500000000000001));
#3769=DIRECTION('',(-1.0,0.0,0.0));
#3770=DIRECTION('',(0.0,-0.382683432365089,-0.923879532511287));
#3771=AXIS2_PLACEMENT_3D('',#3768,#3769,#3770);
#3772=CIRCLE('',#3771,0.5);
#3773=EDGE_CURVE('',#3765,#3767,#3772,.T.);
#3774=ORIENTED_EDGE('',*,*,#3773,.T.);
#3775=CARTESIAN_POINT('',(-9.000000000000002,-5.746446609406727,-3.853553390593274));
#3776=VERTEX_POINT('',#3775);
#3777=CARTESIAN_POINT('',(-9.5,-5.746446609406727,-3.853553390593274));
#3778=DIRECTION('',(1.0,0.0,0.0));
#3779=VECTOR('',#3778,0.499999999999998);
#3780=LINE('',#3777,#3779);
#3781=EDGE_CURVE('',#3767,#3776,#3780,.T.);
#3782=ORIENTED_EDGE('',*,*,#3781,.T.);
#3783=CARTESIAN_POINT('',(-9.000000000000002,-5.392893218813454,-4.0));
#3784=VERTEX_POINT('',#3783);
#3785=CARTESIAN_POINT('',(-9.0,-5.392893218813454,-3.500000000000001));
#3786=DIRECTION('',(1.0,0.0,0.0));
#3787=DIRECTION('',(0.0,-0.382683432365089,-0.923879532511287));
#3788=AXIS2_PLACEMENT_3D('',#3785,#3786,#3787);
#3789=CIRCLE('',#3788,0.5);
#3790=EDGE_CURVE('',#3776,#3784,#3789,.T.);
#3791=ORIENTED_EDGE('',*,*,#3790,.T.);
#3792=CARTESIAN_POINT('',(-9.000000000000002,-5.392893218813454,-4.0));
#3793=DIRECTION('',(-1.0,0.0,0.0));
#3794=VECTOR('',#3793,0.5);
#3795=LINE('',#3792,#3794);
#3796=EDGE_CURVE('',#3784,#3765,#3795,.T.);
#3797=ORIENTED_EDGE('',*,*,#3796,.T.);
#3798=EDGE_LOOP('',(#3774,#3782,#3791,#3797));
#3799=FACE_OUTER_BOUND('',#3798,.T.);
#3800=ADVANCED_FACE('',(#3799),#3763,.F.);
#3801=CARTESIAN_POINT('',(0.0,-5.600000000000001,-4.0));
#3802=DIRECTION('',(0.0,-0.707106781186547,-0.707106781186548));
#3803=DIRECTION('',(-1.0,0.0,0.0));
#3804=AXIS2_PLACEMENT_3D('',#3801,#3802,#3803);
#3805=PLANE('',#3804);
#3806=ORIENTED_EDGE('',*,*,#3781,.F.);
#3807=CARTESIAN_POINT('',(-9.5,-5.992893218813453,-3.607106781186549));
#3808=VERTEX_POINT('',#3807);
#3809=CARTESIAN_POINT('',(-9.5,-5.992893218813453,-3.607106781186548));
#3810=DIRECTION('',(0.0,0.707106781186548,-0.707106781186548));
#3811=VECTOR('',#3810,0.348528137423856);
#3812=LINE('',#3809,#3811);
#3813=EDGE_CURVE('',#3808,#3767,#3812,.T.);
#3814=ORIENTED_EDGE('',*,*,#3813,.F.);
#3815=CARTESIAN_POINT('',(-9.000000000000002,-5.992893218813453,-3.607106781186549));
#3816=VERTEX_POINT('',#3815);
#3817=CARTESIAN_POINT('',(-9.000000000000002,-5.992893218813453,-3.607106781186549));
#3818=DIRECTION('',(-1.0,0.0,0.0));
#3819=VECTOR('',#3818,0.499999999999998);
#3820=LINE('',#3817,#3819);
#3821=EDGE_CURVE('',#3816,#3808,#3820,.T.);
#3822=ORIENTED_EDGE('',*,*,#3821,.F.);
#3823=CARTESIAN_POINT('',(-9.000000000000002,-5.746446609406727,-3.853553390593274));
#3824=DIRECTION('',(0.0,-0.707106781186549,0.707106781186546));
#3825=VECTOR('',#3824,0.348528137423857);
#3826=LINE('',#3823,#3825);
#3827=EDGE_CURVE('',#3776,#3816,#3826,.T.);
#3828=ORIENTED_EDGE('',*,*,#3827,.F.);
#3829=EDGE_LOOP('',(#3806,#3814,#3822,#3828));
#3830=FACE_OUTER_BOUND('',#3829,.T.);
#3831=ADVANCED_FACE('',(#3830),#3805,.F.);
#3832=CARTESIAN_POINT('',(0.0,-5.392893218813454,-6.500000000000002));
#3833=DIRECTION('',(1.0,0.0,0.0));
#3834=DIRECTION('',(0.0,-0.382683432365091,0.923879532511286));
#3835=AXIS2_PLACEMENT_3D('',#3832,#3833,#3834);
#3836=CYLINDRICAL_SURFACE('',#3835,0.5);
#3837=CARTESIAN_POINT('',(-9.500000000000002,-5.746446609406727,-6.14644660940673));
#3838=VERTEX_POINT('',#3837);
#3839=CARTESIAN_POINT('',(-9.5,-5.392893218813454,-6.000000000000001));
#3840=VERTEX_POINT('',#3839);
#3841=CARTESIAN_POINT('',(-9.5,-5.392893218813454,-6.500000000000002));
#3842=DIRECTION('',(-1.0,0.0,0.0));
#3843=DIRECTION('',(0.0,-0.382683432365091,0.923879532511286));
#3844=AXIS2_PLACEMENT_3D('',#3841,#3842,#3843);
#3845=CIRCLE('',#3844,0.5);
#3846=EDGE_CURVE('',#3838,#3840,#3845,.T.);
#3847=ORIENTED_EDGE('',*,*,#3846,.T.);
#3848=CARTESIAN_POINT('',(-9.000000000000002,-5.392893218813454,-6.000000000000001));
#3849=VERTEX_POINT('',#3848);
#3850=CARTESIAN_POINT('',(-9.5,-5.392893218813454,-6.000000000000001));
#3851=DIRECTION('',(1.0,0.0,0.0));
#3852=VECTOR('',#3851,0.499999999999998);
#3853=LINE('',#3850,#3852);
#3854=EDGE_CURVE('',#3840,#3849,#3853,.T.);
#3855=ORIENTED_EDGE('',*,*,#3854,.T.);
#3856=CARTESIAN_POINT('',(-9.000000000000002,-5.746446609406728,-6.146446609406729));
#3857=VERTEX_POINT('',#3856);
#3858=CARTESIAN_POINT('',(-9.0,-5.392893218813454,-6.500000000000002));
#3859=DIRECTION('',(1.0,0.0,0.0));
#3860=DIRECTION('',(0.0,-0.382683432365091,0.923879532511286));
#3861=AXIS2_PLACEMENT_3D('',#3858,#3859,#3860);
#3862=CIRCLE('',#3861,0.5);
#3863=EDGE_CURVE('',#3849,#3857,#3862,.T.);
#3864=ORIENTED_EDGE('',*,*,#3863,.T.);
#3865=CARTESIAN_POINT('',(-9.000000000000002,-5.746446609406728,-6.146446609406729));
#3866=DIRECTION('',(-1.0,0.0,0.0));
#3867=VECTOR('',#3866,0.5);
#3868=LINE('',#3865,#3867);
#3869=EDGE_CURVE('',#3857,#3838,#3868,.T.);
#3870=ORIENTED_EDGE('',*,*,#3869,.T.);
#3871=EDGE_LOOP('',(#3847,#3855,#3864,#3870));
#3872=FACE_OUTER_BOUND('',#3871,.T.);
#3873=ADVANCED_FACE('',(#3872),#3836,.F.);
#3874=CARTESIAN_POINT('',(0.0,-5.600000000000001,-6.000000000000001));
#3875=DIRECTION('',(0.0,0.0,1.0));
#3876=DIRECTION('',(1.0,0.0,0.0));
#3877=AXIS2_PLACEMENT_3D('',#3874,#3875,#3876);
#3878=PLANE('',#3877);
#3879=ORIENTED_EDGE('',*,*,#3854,.F.);
#3880=CARTESIAN_POINT('',(-9.500000000000002,-2.6,-6.0));
#3881=VERTEX_POINT('',#3880);
#3882=CARTESIAN_POINT('',(-9.500000000000002,-2.599999999999999,-6.0));
#3883=DIRECTION('',(0.0,-1.0,0.0));
#3884=VECTOR('',#3883,2.792893218813454);
#3885=LINE('',#3882,#3884);
#3886=EDGE_CURVE('',#3881,#3840,#3885,.T.);
#3887=ORIENTED_EDGE('',*,*,#3886,.F.);
#3888=CARTESIAN_POINT('',(-9.000000000000002,-2.6,-6.0));
#3889=VERTEX_POINT('',#3888);
#3890=CARTESIAN_POINT('',(-9.000000000000002,-2.6,-6.0));
#3891=DIRECTION('',(-1.0,0.0,0.0));
#3892=VECTOR('',#3891,0.5);
#3893=LINE('',#3890,#3892);
#3894=EDGE_CURVE('',#3889,#3881,#3893,.T.);
#3895=ORIENTED_EDGE('',*,*,#3894,.F.);
#3896=CARTESIAN_POINT('',(-9.000000000000002,-5.392893218813454,-6.000000000000001));
#3897=DIRECTION('',(0.0,1.0,0.0));
#3898=VECTOR('',#3897,2.792893218813454);
#3899=LINE('',#3896,#3898);
#3900=EDGE_CURVE('',#3849,#3889,#3899,.T.);
#3901=ORIENTED_EDGE('',*,*,#3900,.F.);
#3902=EDGE_LOOP('',(#3879,#3887,#3895,#3901));
#3903=FACE_OUTER_BOUND('',#3902,.T.);
#3904=ADVANCED_FACE('',(#3903),#3878,.F.);
#3905=CARTESIAN_POINT('',(-8.699999999999999,-0.3,0.0));
#3906=DIRECTION('',(0.0,0.0,1.0));
#3907=DIRECTION('',(-0.707106781186548,0.707106781186547,0.0));
#3908=AXIS2_PLACEMENT_3D('',#3905,#3906,#3907);
#3909=CYLINDRICAL_SURFACE('',#3908,0.3);
#3910=ORIENTED_EDGE('',*,*,#3061,.T.);
#3911=ORIENTED_EDGE('',*,*,#3134,.T.);
#3912=ORIENTED_EDGE('',*,*,#3235,.T.);
#3913=CARTESIAN_POINT('',(-9.0,-0.3,8.5));
#3914=DIRECTION('',(0.0,0.0,-1.0));
#3915=VECTOR('',#3914,17.0);
#3916=LINE('',#3913,#3915);
#3917=EDGE_CURVE('',#3223,#3055,#3916,.T.);
#3918=ORIENTED_EDGE('',*,*,#3917,.T.);
#3919=EDGE_LOOP('',(#3910,#3911,#3912,#3918));
#3920=FACE_OUTER_BOUND('',#3919,.T.);
#3921=ADVANCED_FACE('',(#3920),#3909,.F.);
#3922=CARTESIAN_POINT('',(8.699999999999999,-0.3,0.0));
#3923=DIRECTION('',(0.0,0.0,-1.0));
#3924=DIRECTION('',(0.707106781186548,0.707106781186547,0.0));
#3925=AXIS2_PLACEMENT_3D('',#3922,#3923,#3924);
#3926=CYLINDRICAL_SURFACE('',#3925,0.3);
#3927=ORIENTED_EDGE('',*,*,#3245,.T.);
#3928=ORIENTED_EDGE('',*,*,#3120,.T.);
#3929=ORIENTED_EDGE('',*,*,#3029,.T.);
#3930=CARTESIAN_POINT('',(9.0,-0.3,-8.5));
#3931=DIRECTION('',(0.0,0.0,1.0));
#3932=VECTOR('',#3931,17.0);
#3933=LINE('',#3930,#3932);
#3934=EDGE_CURVE('',#3015,#3239,#3933,.T.);
#3935=ORIENTED_EDGE('',*,*,#3934,.T.);
#3936=EDGE_LOOP('',(#3927,#3928,#3929,#3935));
#3937=FACE_OUTER_BOUND('',#3936,.T.);
#3938=ADVANCED_FACE('',(#3937),#3926,.F.);
#3939=CARTESIAN_POINT('',(0.0,-1.800000000000001,-3.700000000000001));
#3940=DIRECTION('',(1.0,0.0,0.0));
#3941=DIRECTION('',(0.0,0.707106781186547,-0.707106781186547));
#3942=AXIS2_PLACEMENT_3D('',#3939,#3940,#3941);
#3943=CYLINDRICAL_SURFACE('',#3942,0.3);
#3944=CARTESIAN_POINT('',(9.0,-1.5,-3.700000000000001));
#3945=VERTEX_POINT('',#3944);
#3946=CARTESIAN_POINT('',(9.000000000000002,-1.800000000000001,-4.000000000000001));
#3947=VERTEX_POINT('',#3946);
#3948=CARTESIAN_POINT('',(9.000000000000002,-1.800000000000001,-3.700000000000001));
#3949=DIRECTION('',(-1.0,0.0,0.0));
#3950=DIRECTION('',(0.0,0.707106781186547,-0.707106781186547));
#3951=AXIS2_PLACEMENT_3D('',#3948,#3949,#3950);
#3952=CIRCLE('',#3951,0.3);
#3953=EDGE_CURVE('',#3945,#3947,#3952,.T.);
#3954=ORIENTED_EDGE('',*,*,#3953,.T.);
#3955=CARTESIAN_POINT('',(9.500000000000002,-1.800000000000001,-4.000000000000001));
#3956=VERTEX_POINT('',#3955);
#3957=CARTESIAN_POINT('',(9.000000000000002,-1.800000000000001,-4.000000000000001));
#3958=DIRECTION('',(1.0,0.0,0.0));
#3959=VECTOR('',#3958,0.5);
#3960=LINE('',#3957,#3959);
#3961=EDGE_CURVE('',#3947,#3956,#3960,.T.);
#3962=ORIENTED_EDGE('',*,*,#3961,.T.);
#3963=CARTESIAN_POINT('',(9.500000000000002,-1.5,-3.700000000000001));
#3964=VERTEX_POINT('',#3963);
#3965=CARTESIAN_POINT('',(9.500000000000004,-1.800000000000001,-3.700000000000001));
#3966=DIRECTION('',(1.0,0.0,0.0));
#3967=DIRECTION('',(0.0,0.707106781186547,-0.707106781186547));
#3968=AXIS2_PLACEMENT_3D('',#3965,#3966,#3967);
#3969=CIRCLE('',#3968,0.3);
#3970=EDGE_CURVE('',#3956,#3964,#3969,.T.);
#3971=ORIENTED_EDGE('',*,*,#3970,.T.);
#3972=CARTESIAN_POINT('',(9.500000000000002,-1.5,-3.700000000000001));
#3973=DIRECTION('',(-1.0,0.0,0.0));
#3974=VECTOR('',#3973,0.500000000000002);
#3975=LINE('',#3972,#3974);
#3976=EDGE_CURVE('',#3964,#3945,#3975,.T.);
#3977=ORIENTED_EDGE('',*,*,#3976,.T.);
#3978=EDGE_LOOP('',(#3954,#3962,#3971,#3977));
#3979=FACE_OUTER_BOUND('',#3978,.T.);
#3980=ADVANCED_FACE('',(#3979),#3943,.F.);
#3981=CARTESIAN_POINT('',(0.0,-1.5,-4.000000000000001));
#3982=DIRECTION('',(0.0,0.0,-1.0));
#3983=DIRECTION('',(-1.0,0.0,0.0));
#3984=AXIS2_PLACEMENT_3D('',#3981,#3982,#3983);
#3985=PLANE('',#3984);
#3986=ORIENTED_EDGE('',*,*,#3577,.F.);
#3987=CARTESIAN_POINT('',(9.500000000000002,-1.800000000000001,-4.000000000000001));
#3988=DIRECTION('',(0.0,-1.0,0.0));
#3989=VECTOR('',#3988,3.592893218813453);
#3990=LINE('',#3987,#3989);
#3991=EDGE_CURVE('',#3956,#3565,#3990,.T.);
#3992=ORIENTED_EDGE('',*,*,#3991,.F.);
#3993=ORIENTED_EDGE('',*,*,#3961,.F.);
#3994=CARTESIAN_POINT('',(9.000000000000002,-5.392893218813454,-4.0));
#3995=DIRECTION('',(0.0,1.0,0.0));
#3996=VECTOR('',#3995,3.592893218813453);
#3997=LINE('',#3994,#3996);
#3998=EDGE_CURVE('',#3546,#3947,#3997,.T.);
#3999=ORIENTED_EDGE('',*,*,#3998,.F.);
#4000=EDGE_LOOP('',(#3986,#3992,#3993,#3999));
#4001=FACE_OUTER_BOUND('',#4000,.T.);
#4002=ADVANCED_FACE('',(#4001),#3985,.F.);
#4003=CARTESIAN_POINT('',(-2.711535E-017,-2.0,8.200000000000001));
#4004=DIRECTION('',(1.0,0.0,0.0));
#4005=DIRECTION('',(0.0,-0.707106781186547,0.707106781186547));
#4006=AXIS2_PLACEMENT_3D('',#4003,#4004,#4005);
#4007=CYLINDRICAL_SURFACE('',#4006,0.3);
#4008=CARTESIAN_POINT('',(9.500000000000002,-2.3,8.200000000000001));
#4009=VERTEX_POINT('',#4008);
#4010=CARTESIAN_POINT('',(9.500000000000004,-2.0,8.200000000000001));
#4011=DIRECTION('',(-1.0,0.0,0.0));
#4012=DIRECTION('',(0.0,-0.707106781186547,0.707106781186547));
#4013=AXIS2_PLACEMENT_3D('',#4010,#4011,#4012);
#4014=CIRCLE('',#4013,0.3);
#4015=EDGE_CURVE('',#4009,#3256,#4014,.T.);
#4016=ORIENTED_EDGE('',*,*,#4015,.T.);
#4017=ORIENTED_EDGE('',*,*,#3261,.T.);
#4018=CARTESIAN_POINT('',(9.000000000000002,-2.3,8.200000000000001));
#4019=VERTEX_POINT('',#4018);
#4020=CARTESIAN_POINT('',(9.000000000000002,-2.0,8.200000000000001));
#4021=DIRECTION('',(1.0,0.0,0.0));
#4022=DIRECTION('',(0.0,-0.707106781186547,0.707106781186547));
#4023=AXIS2_PLACEMENT_3D('',#4020,#4021,#4022);
#4024=CIRCLE('',#4023,0.3);
#4025=EDGE_CURVE('',#3248,#4019,#4024,.T.);
#4026=ORIENTED_EDGE('',*,*,#4025,.T.);
#4027=CARTESIAN_POINT('',(9.000000000000002,-2.3,8.200000000000001));
#4028=DIRECTION('',(1.0,0.0,0.0));
#4029=VECTOR('',#4028,0.5);
#4030=LINE('',#4027,#4029);
#4031=EDGE_CURVE('',#4019,#4009,#4030,.T.);
#4032=ORIENTED_EDGE('',*,*,#4031,.T.);
#4033=EDGE_LOOP('',(#4016,#4017,#4026,#4032));
#4034=FACE_OUTER_BOUND('',#4033,.T.);
#4035=ADVANCED_FACE('',(#4034),#4007,.T.);
#4036=CARTESIAN_POINT('',(9.500000000000004,0.5,0.0));
#4037=DIRECTION('',(1.0,0.0,0.0));
#4038=DIRECTION('',(0.0,0.0,-1.0));
#4039=AXIS2_PLACEMENT_3D('',#4036,#4037,#4038);
#4040=PLANE('',#4039);
#4041=ORIENTED_EDGE('',*,*,#3171,.F.);
#4042=ORIENTED_EDGE('',*,*,#3267,.T.);
#4043=ORIENTED_EDGE('',*,*,#4015,.F.);
#4044=CARTESIAN_POINT('',(9.500000000000002,-2.3,6.3));
#4045=VERTEX_POINT('',#4044);
#4046=CARTESIAN_POINT('',(9.500000000000002,-2.3,8.199999999999999));
#4047=DIRECTION('',(0.0,0.0,-1.0));
#4048=VECTOR('',#4047,1.9);
#4049=LINE('',#4046,#4048);
#4050=EDGE_CURVE('',#4009,#4045,#4049,.T.);
#4051=ORIENTED_EDGE('',*,*,#4050,.T.);
#4052=CARTESIAN_POINT('',(9.500000000000002,-2.6,6.0));
#4053=VERTEX_POINT('',#4052);
#4054=CARTESIAN_POINT('',(9.500000000000004,-2.6,6.3));
#4055=DIRECTION('',(1.0,0.0,0.0));
#4056=DIRECTION('',(0.0,0.707106781186547,-0.707106781186547));
#4057=AXIS2_PLACEMENT_3D('',#4054,#4055,#4056);
#4058=CIRCLE('',#4057,0.3);
#4059=EDGE_CURVE('',#4053,#4045,#4058,.T.);
#4060=ORIENTED_EDGE('',*,*,#4059,.F.);
#4061=CARTESIAN_POINT('',(9.500000000000002,-2.6,5.999999999999999));
#4062=DIRECTION('',(0.0,-1.0,0.0));
#4063=VECTOR('',#4062,2.792893218813453);
#4064=LINE('',#4061,#4063);
#4065=EDGE_CURVE('',#4053,#3346,#4064,.T.);
#4066=ORIENTED_EDGE('',*,*,#4065,.T.);
#4067=ORIENTED_EDGE('',*,*,#3352,.F.);
#4068=ORIENTED_EDGE('',*,*,#3389,.T.);
#4069=CARTESIAN_POINT('',(9.5,-6.41715728752538,6.392893218813454));
#4070=VERTEX_POINT('',#4069);
#4071=CARTESIAN_POINT('',(9.500000000000004,-6.205025253169417,6.18076118445749));
#4072=DIRECTION('',(-1.0,0.0,0.0));
#4073=DIRECTION('',(0.0,0.0,1.0));
#4074=AXIS2_PLACEMENT_3D('',#4071,#4072,#4073);
#4075=CIRCLE('',#4074,0.3);
#4076=EDGE_CURVE('',#4070,#3378,#4075,.T.);
#4077=ORIENTED_EDGE('',*,*,#4076,.F.);
#4078=CARTESIAN_POINT('',(9.5,-6.487867965644036,6.3221825406948));
#4079=VERTEX_POINT('',#4078);
#4080=CARTESIAN_POINT('',(9.5,-6.41715728752538,6.392893218813454));
#4081=DIRECTION('',(0.0,-0.707106781186548,-0.707106781186548));
#4082=VECTOR('',#4081,0.1);
#4083=LINE('',#4080,#4082);
#4084=EDGE_CURVE('',#4070,#4079,#4083,.T.);
#4085=ORIENTED_EDGE('',*,*,#4084,.T.);
#4086=CARTESIAN_POINT('',(9.5,-6.487867965644036,5.897918471982871));
#4087=VERTEX_POINT('',#4086);
#4088=CARTESIAN_POINT('',(9.500000000000004,-6.275735931288073,6.110050506338835));
#4089=DIRECTION('',(-1.0,0.0,0.0));
#4090=DIRECTION('',(0.0,-1.0,0.0));
#4091=AXIS2_PLACEMENT_3D('',#4088,#4089,#4090);
#4092=CIRCLE('',#4091,0.3);
#4093=EDGE_CURVE('',#4087,#4079,#4092,.T.);
#4094=ORIENTED_EDGE('',*,*,#4093,.F.);
#4095=CARTESIAN_POINT('',(9.5,-6.077817459305202,5.487867965644036));
#4096=VERTEX_POINT('',#4095);
#4097=CARTESIAN_POINT('',(9.5,-6.487867965644037,5.897918471982871));
#4098=DIRECTION('',(3.063218E-015,0.707106781186547,-0.707106781186548));
#4099=VECTOR('',#4098,0.579898987322336);
#4100=LINE('',#4097,#4099);
#4101=EDGE_CURVE('',#4087,#4096,#4100,.T.);
#4102=ORIENTED_EDGE('',*,*,#4101,.T.);
#4103=CARTESIAN_POINT('',(9.5,-5.865685424949239,5.4));
#4104=VERTEX_POINT('',#4103);
#4105=CARTESIAN_POINT('',(9.500000000000004,-5.865685424949239,5.700000000000001));
#4106=DIRECTION('',(-1.0,0.0,0.0));
#4107=DIRECTION('',(0.0,-0.382683432365087,-0.923879532511288));
#4108=AXIS2_PLACEMENT_3D('',#4105,#4106,#4107);
#4109=CIRCLE('',#4108,0.3);
#4110=EDGE_CURVE('',#4104,#4096,#4109,.T.);
#4111=ORIENTED_EDGE('',*,*,#4110,.F.);
#4112=CARTESIAN_POINT('',(9.5,-5.300000000000001,5.4));
#4113=VERTEX_POINT('',#4112);
#4114=CARTESIAN_POINT('',(9.5,-5.865685424949239,5.4));
#4115=DIRECTION('',(0.0,1.0,0.0));
#4116=VECTOR('',#4115,0.565685424949238);
#4117=LINE('',#4114,#4116);
#4118=EDGE_CURVE('',#4104,#4113,#4117,.T.);
#4119=ORIENTED_EDGE('',*,*,#4118,.T.);
#4120=CARTESIAN_POINT('',(9.500000000000002,-5.0,5.1));
#4121=VERTEX_POINT('',#4120);
#4122=CARTESIAN_POINT('',(9.500000000000004,-5.300000000000001,5.1));
#4123=DIRECTION('',(1.0,0.0,0.0));
#4124=DIRECTION('',(0.0,0.707106781186547,0.707106781186547));
#4125=AXIS2_PLACEMENT_3D('',#4122,#4123,#4124);
#4126=CIRCLE('',#4125,0.3);
#4127=EDGE_CURVE('',#4121,#4113,#4126,.T.);
#4128=ORIENTED_EDGE('',*,*,#4127,.F.);
#4129=CARTESIAN_POINT('',(9.500000000000002,-5.0,4.9));
#4130=VERTEX_POINT('',#4129);
#4131=CARTESIAN_POINT('',(9.500000000000002,-5.0,5.1));
#4132=DIRECTION('',(0.0,0.0,-1.0));
#4133=VECTOR('',#4132,0.199999999999999);
#4134=LINE('',#4131,#4133);
#4135=EDGE_CURVE('',#4121,#4130,#4134,.T.);
#4136=ORIENTED_EDGE('',*,*,#4135,.T.);
#4137=CARTESIAN_POINT('',(9.5,-5.300000000000001,4.6));
#4138=VERTEX_POINT('',#4137);
#4139=CARTESIAN_POINT('',(9.500000000000004,-5.300000000000001,4.9));
#4140=DIRECTION('',(1.0,0.0,0.0));
#4141=DIRECTION('',(0.0,0.707106781186547,-0.707106781186547));
#4142=AXIS2_PLACEMENT_3D('',#4139,#4140,#4141);
#4143=CIRCLE('',#4142,0.3);
#4144=EDGE_CURVE('',#4138,#4130,#4143,.T.);
#4145=ORIENTED_EDGE('',*,*,#4144,.F.);
#4146=CARTESIAN_POINT('',(9.5,-5.865685424949239,4.600000000000001));
#4147=VERTEX_POINT('',#4146);
#4148=CARTESIAN_POINT('',(9.5,-5.300000000000001,4.6));
#4149=DIRECTION('',(0.0,-1.0,0.0));
#4150=VECTOR('',#4149,0.565685424949238);
#4151=LINE('',#4148,#4150);
#4152=EDGE_CURVE('',#4138,#4147,#4151,.T.);
#4153=ORIENTED_EDGE('',*,*,#4152,.T.);
#4154=CARTESIAN_POINT('',(9.500000000000002,-6.077817459305203,4.512132034355965));
#4155=VERTEX_POINT('',#4154);
#4156=CARTESIAN_POINT('',(9.500000000000004,-5.865685424949239,4.299999999999999));
#4157=DIRECTION('',(-1.0,0.0,0.0));
#4158=DIRECTION('',(0.0,-0.382683432365087,0.923879532511288));
#4159=AXIS2_PLACEMENT_3D('',#4156,#4157,#4158);
#4160=CIRCLE('',#4159,0.3);
#4161=EDGE_CURVE('',#4155,#4147,#4160,.T.);
#4162=ORIENTED_EDGE('',*,*,#4161,.F.);
#4163=CARTESIAN_POINT('',(9.500000000000002,-6.487867965644037,4.102081528017132));
#4164=VERTEX_POINT('',#4163);
#4165=CARTESIAN_POINT('',(9.500000000000002,-6.077817459305204,4.512132034355965));
#4166=DIRECTION('',(0.0,-0.707106781186548,-0.707106781186547));
#4167=VECTOR('',#4166,0.579898987322333);
#4168=LINE('',#4165,#4167);
#4169=EDGE_CURVE('',#4155,#4164,#4168,.T.);
#4170=ORIENTED_EDGE('',*,*,#4169,.T.);
#4171=CARTESIAN_POINT('',(9.5,-6.487867965644036,3.677817459305204));
#4172=VERTEX_POINT('',#4171);
#4173=CARTESIAN_POINT('',(9.500000000000004,-6.275735931288073,3.889949493661167));
#4174=DIRECTION('',(-1.0,0.0,0.0));
#4175=DIRECTION('',(0.0,-1.0,0.0));
#4176=AXIS2_PLACEMENT_3D('',#4173,#4174,#4175);
#4177=CIRCLE('',#4176,0.3);
#4178=EDGE_CURVE('',#4172,#4164,#4177,.T.);
#4179=ORIENTED_EDGE('',*,*,#4178,.F.);
#4180=CARTESIAN_POINT('',(9.5,-6.417157287525384,3.607106781186549));
#4181=VERTEX_POINT('',#4180);
#4182=CARTESIAN_POINT('',(9.500000000000002,-6.487867965644037,3.677817459305204));
#4183=DIRECTION('',(0.0,0.707106781186547,-0.707106781186547));
#4184=VECTOR('',#4183,0.099999999999999);
#4185=LINE('',#4182,#4184);
#4186=EDGE_CURVE('',#4172,#4181,#4185,.T.);
#4187=ORIENTED_EDGE('',*,*,#4186,.T.);
#4188=CARTESIAN_POINT('',(9.500000000000002,-5.992893218813454,3.607106781186547));
#4189=VERTEX_POINT('',#4188);
#4190=CARTESIAN_POINT('',(9.500000000000004,-6.205025253169419,3.819238815542513));
#4191=DIRECTION('',(-1.0,0.0,0.0));
#4192=DIRECTION('',(0.0,0.0,-1.0));
#4193=AXIS2_PLACEMENT_3D('',#4190,#4191,#4192);
#4194=CIRCLE('',#4193,0.3);
#4195=EDGE_CURVE('',#4189,#4181,#4194,.T.);
#4196=ORIENTED_EDGE('',*,*,#4195,.F.);
#4197=CARTESIAN_POINT('',(9.500000000000002,-5.992893218813454,3.607106781186548));
#4198=DIRECTION('',(0.0,0.707106781186548,0.707106781186547));
#4199=VECTOR('',#4198,0.34852813742386);
#4200=LINE('',#4197,#4199);
#4201=EDGE_CURVE('',#4189,#3419,#4200,.T.);
#4202=ORIENTED_EDGE('',*,*,#4201,.T.);
#4203=ORIENTED_EDGE('',*,*,#3425,.F.);
#4204=ORIENTED_EDGE('',*,*,#3462,.T.);
#4205=CARTESIAN_POINT('',(9.500000000000002,-1.5,3.7));
#4206=VERTEX_POINT('',#4205);
#4207=CARTESIAN_POINT('',(9.500000000000004,-1.800000000000001,3.7));
#4208=DIRECTION('',(1.0,0.0,0.0));
#4209=DIRECTION('',(0.0,0.707106781186547,0.707106781186547));
#4210=AXIS2_PLACEMENT_3D('',#4207,#4208,#4209);
#4211=CIRCLE('',#4210,0.3);
#4212=EDGE_CURVE('',#4206,#3451,#4211,.T.);
#4213=ORIENTED_EDGE('',*,*,#4212,.F.);
#4214=CARTESIAN_POINT('',(9.500000000000002,-1.5,2.8));
#4215=VERTEX_POINT('',#4214);
#4216=CARTESIAN_POINT('',(9.500000000000002,-1.5,3.7));
#4217=DIRECTION('',(0.0,0.0,-1.0));
#4218=VECTOR('',#4217,0.899999999999999);
#4219=LINE('',#4216,#4218);
#4220=EDGE_CURVE('',#4206,#4215,#4219,.T.);
#4221=ORIENTED_EDGE('',*,*,#4220,.T.);
#4222=CARTESIAN_POINT('',(9.500000000000002,-1.8,2.5));
#4223=VERTEX_POINT('',#4222);
#4224=CARTESIAN_POINT('',(9.500000000000004,-1.8,2.8));
#4225=DIRECTION('',(1.0,0.0,0.0));
#4226=DIRECTION('',(0.0,0.707106781186547,-0.707106781186547));
#4227=AXIS2_PLACEMENT_3D('',#4224,#4225,#4226);
#4228=CIRCLE('',#4227,0.3);
#4229=EDGE_CURVE('',#4223,#4215,#4228,.T.);
#4230=ORIENTED_EDGE('',*,*,#4229,.F.);
#4231=CARTESIAN_POINT('',(9.5,-5.300000000000001,2.5));
#4232=VERTEX_POINT('',#4231);
#4233=CARTESIAN_POINT('',(9.500000000000002,-1.8,2.5));
#4234=DIRECTION('',(0.0,-1.0,0.0));
#4235=VECTOR('',#4234,3.5);
#4236=LINE('',#4233,#4235);
#4237=EDGE_CURVE('',#4223,#4232,#4236,.T.);
#4238=ORIENTED_EDGE('',*,*,#4237,.T.);
#4239=CARTESIAN_POINT('',(9.500000000000002,-5.600000000000001,2.199999999999999));
#4240=VERTEX_POINT('',#4239);
#4241=CARTESIAN_POINT('',(9.500000000000004,-5.300000000000001,2.199999999999999));
#4242=DIRECTION('',(-1.0,0.0,0.0));
#4243=DIRECTION('',(0.0,-0.707106781186548,0.707106781186547));
#4244=AXIS2_PLACEMENT_3D('',#4241,#4242,#4243);
#4245=CIRCLE('',#4244,0.3);
#4246=EDGE_CURVE('',#4240,#4232,#4245,.T.);
#4247=ORIENTED_EDGE('',*,*,#4246,.F.);
#4248=CARTESIAN_POINT('',(9.500000000000002,-5.600000000000001,-2.199999999999999));
#4249=VERTEX_POINT('',#4248);
#4250=CARTESIAN_POINT('',(9.500000000000002,-5.600000000000001,2.199999999999999));
#4251=DIRECTION('',(0.0,0.0,-1.0));
#4252=VECTOR('',#4251,4.399999999999998);
#4253=LINE('',#4250,#4252);
#4254=EDGE_CURVE('',#4240,#4249,#4253,.T.);
#4255=ORIENTED_EDGE('',*,*,#4254,.T.);
#4256=CARTESIAN_POINT('',(9.5,-5.300000000000001,-2.499999999999999));
#4257=VERTEX_POINT('',#4256);
#4258=CARTESIAN_POINT('',(9.500000000000004,-5.300000000000001,-2.199999999999999));
#4259=DIRECTION('',(-1.0,0.0,0.0));
#4260=DIRECTION('',(0.0,-0.707106781186547,-0.707106781186547));
#4261=AXIS2_PLACEMENT_3D('',#4258,#4259,#4260);
#4262=CIRCLE('',#4261,0.3);
#4263=EDGE_CURVE('',#4257,#4249,#4262,.T.);
#4264=ORIENTED_EDGE('',*,*,#4263,.F.);
#4265=CARTESIAN_POINT('',(9.500000000000002,-1.8,-2.5));
#4266=VERTEX_POINT('',#4265);
#4267=CARTESIAN_POINT('',(9.500000000000002,-5.300000000000001,-2.499999999999999));
#4268=DIRECTION('',(0.0,1.0,0.0));
#4269=VECTOR('',#4268,3.5);
#4270=LINE('',#4267,#4269);
#4271=EDGE_CURVE('',#4257,#4266,#4270,.T.);
#4272=ORIENTED_EDGE('',*,*,#4271,.T.);
#4273=CARTESIAN_POINT('',(9.500000000000002,-1.5,-2.8));
#4274=VERTEX_POINT('',#4273);
#4275=CARTESIAN_POINT('',(9.500000000000004,-1.8,-2.8));
#4276=DIRECTION('',(1.0,0.0,0.0));
#4277=DIRECTION('',(0.0,0.707106781186547,0.707106781186547));
#4278=AXIS2_PLACEMENT_3D('',#4275,#4276,#4277);
#4279=CIRCLE('',#4278,0.3);
#4280=EDGE_CURVE('',#4274,#4266,#4279,.T.);
#4281=ORIENTED_EDGE('',*,*,#4280,.F.);
#4282=CARTESIAN_POINT('',(9.500000000000002,-1.5,-2.8));
#4283=DIRECTION('',(0.0,0.0,-1.0));
#4284=VECTOR('',#4283,0.900000000000001);
#4285=LINE('',#4282,#4284);
#4286=EDGE_CURVE('',#4274,#3964,#4285,.T.);
#4287=ORIENTED_EDGE('',*,*,#4286,.T.);
#4288=ORIENTED_EDGE('',*,*,#3970,.F.);
#4289=ORIENTED_EDGE('',*,*,#3991,.T.);
#4290=ORIENTED_EDGE('',*,*,#3571,.F.);
#4291=ORIENTED_EDGE('',*,*,#3608,.T.);
#4292=CARTESIAN_POINT('',(9.5,-6.417157287525384,-3.60710678118655));
#4293=VERTEX_POINT('',#4292);
#4294=CARTESIAN_POINT('',(9.500000000000004,-6.205025253169417,-3.819238815542513));
#4295=DIRECTION('',(-1.0,0.0,0.0));
#4296=DIRECTION('',(0.0,0.0,1.0));
#4297=AXIS2_PLACEMENT_3D('',#4294,#4295,#4296);
#4298=CIRCLE('',#4297,0.3);
#4299=EDGE_CURVE('',#4293,#3597,#4298,.T.);
#4300=ORIENTED_EDGE('',*,*,#4299,.F.);
#4301=CARTESIAN_POINT('',(9.5,-6.487867965644036,-3.677817459305204));
#4302=VERTEX_POINT('',#4301);
#4303=CARTESIAN_POINT('',(9.500000000000002,-6.417157287525384,-3.60710678118655));
#4304=DIRECTION('',(0.0,-0.707106781186545,-0.70710678118655));
#4305=VECTOR('',#4304,0.099999999999999);
#4306=LINE('',#4303,#4305);
#4307=EDGE_CURVE('',#4293,#4302,#4306,.T.);
#4308=ORIENTED_EDGE('',*,*,#4307,.T.);
#4309=CARTESIAN_POINT('',(9.500000000000002,-6.487867965644036,-4.102081528017133));
#4310=VERTEX_POINT('',#4309);
#4311=CARTESIAN_POINT('',(9.500000000000004,-6.275735931288072,-3.889949493661168));
#4312=DIRECTION('',(-1.0,0.0,0.0));
#4313=DIRECTION('',(0.0,-1.0,0.0));
#4314=AXIS2_PLACEMENT_3D('',#4311,#4312,#4313);
#4315=CIRCLE('',#4314,0.3);
#4316=EDGE_CURVE('',#4310,#4302,#4315,.T.);
#4317=ORIENTED_EDGE('',*,*,#4316,.F.);
#4318=CARTESIAN_POINT('',(9.500000000000002,-6.077817459305202,-4.512132034355966));
#4319=VERTEX_POINT('',#4318);
#4320=CARTESIAN_POINT('',(9.500000000000002,-6.487867965644036,-4.102081528017132));
#4321=DIRECTION('',(0.0,0.707106781186548,-0.707106781186548));
#4322=VECTOR('',#4321,0.579898987322334);
#4323=LINE('',#4320,#4322);
#4324=EDGE_CURVE('',#4310,#4319,#4323,.T.);
#4325=ORIENTED_EDGE('',*,*,#4324,.T.);
#4326=CARTESIAN_POINT('',(9.5,-5.865685424949238,-4.600000000000001));
#4327=VERTEX_POINT('',#4326);
#4328=CARTESIAN_POINT('',(9.500000000000004,-5.865685424949238,-4.300000000000001));
#4329=DIRECTION('',(-1.0,0.0,0.0));
#4330=DIRECTION('',(0.0,-0.382683432365091,-0.923879532511286));
#4331=AXIS2_PLACEMENT_3D('',#4328,#4329,#4330);
#4332=CIRCLE('',#4331,0.3);
#4333=EDGE_CURVE('',#4327,#4319,#4332,.T.);
#4334=ORIENTED_EDGE('',*,*,#4333,.F.);
#4335=CARTESIAN_POINT('',(9.5,-5.300000000000001,-4.600000000000001));
#4336=VERTEX_POINT('',#4335);
#4337=CARTESIAN_POINT('',(9.5,-5.865685424949238,-4.600000000000001));
#4338=DIRECTION('',(0.0,1.0,0.0));
#4339=VECTOR('',#4338,0.565685424949237);
#4340=LINE('',#4337,#4339);
#4341=EDGE_CURVE('',#4327,#4336,#4340,.T.);
#4342=ORIENTED_EDGE('',*,*,#4341,.T.);
#4343=CARTESIAN_POINT('',(9.500000000000002,-5.0,-4.9));
#4344=VERTEX_POINT('',#4343);
#4345=CARTESIAN_POINT('',(9.500000000000004,-5.300000000000001,-4.9));
#4346=DIRECTION('',(1.0,0.0,0.0));
#4347=DIRECTION('',(0.0,0.707106781186547,0.707106781186547));
#4348=AXIS2_PLACEMENT_3D('',#4345,#4346,#4347);
#4349=CIRCLE('',#4348,0.3);
#4350=EDGE_CURVE('',#4344,#4336,#4349,.T.);
#4351=ORIENTED_EDGE('',*,*,#4350,.F.);
#4352=CARTESIAN_POINT('',(9.500000000000002,-5.0,-5.1));
#4353=VERTEX_POINT('',#4352);
#4354=CARTESIAN_POINT('',(9.500000000000002,-5.0,-4.9));
#4355=DIRECTION('',(0.0,0.0,-1.0));
#4356=VECTOR('',#4355,0.199999999999999);
#4357=LINE('',#4354,#4356);
#4358=EDGE_CURVE('',#4344,#4353,#4357,.T.);
#4359=ORIENTED_EDGE('',*,*,#4358,.T.);
#4360=CARTESIAN_POINT('',(9.5,-5.300000000000001,-5.4));
#4361=VERTEX_POINT('',#4360);
#4362=CARTESIAN_POINT('',(9.500000000000004,-5.300000000000001,-5.1));
#4363=DIRECTION('',(1.0,0.0,0.0));
#4364=DIRECTION('',(0.0,0.707106781186547,-0.707106781186547));
#4365=AXIS2_PLACEMENT_3D('',#4362,#4363,#4364);
#4366=CIRCLE('',#4365,0.3);
#4367=EDGE_CURVE('',#4361,#4353,#4366,.T.);
#4368=ORIENTED_EDGE('',*,*,#4367,.F.);
#4369=CARTESIAN_POINT('',(9.5,-5.865685424949239,-5.4));
#4370=VERTEX_POINT('',#4369);
#4371=CARTESIAN_POINT('',(9.5,-5.300000000000001,-5.4));
#4372=DIRECTION('',(0.0,-1.0,0.0));
#4373=VECTOR('',#4372,0.565685424949238);
#4374=LINE('',#4371,#4373);
#4375=EDGE_CURVE('',#4361,#4370,#4374,.T.);
#4376=ORIENTED_EDGE('',*,*,#4375,.T.);
#4377=CARTESIAN_POINT('',(9.5,-6.077817459305202,-5.487867965644036));
#4378=VERTEX_POINT('',#4377);
#4379=CARTESIAN_POINT('',(9.500000000000004,-5.865685424949239,-5.700000000000001));
#4380=DIRECTION('',(-1.0,0.0,0.0));
#4381=DIRECTION('',(0.0,-0.382683432365087,0.923879532511288));
#4382=AXIS2_PLACEMENT_3D('',#4379,#4380,#4381);
#4383=CIRCLE('',#4382,0.3);
#4384=EDGE_CURVE('',#4378,#4370,#4383,.T.);
#4385=ORIENTED_EDGE('',*,*,#4384,.F.);
#4386=CARTESIAN_POINT('',(9.5,-6.487867965644036,-5.897918471982871));
#4387=VERTEX_POINT('',#4386);
#4388=CARTESIAN_POINT('',(9.5,-6.077817459305203,-5.487867965644037));
#4389=DIRECTION('',(0.0,-0.707106781186547,-0.707106781186548));
#4390=VECTOR('',#4389,0.579898987322334);
#4391=LINE('',#4388,#4390);
#4392=EDGE_CURVE('',#4378,#4387,#4391,.T.);
#4393=ORIENTED_EDGE('',*,*,#4392,.T.);
#4394=CARTESIAN_POINT('',(9.5,-6.487867965644036,-6.3221825406948));
#4395=VERTEX_POINT('',#4394);
#4396=CARTESIAN_POINT('',(9.500000000000004,-6.275735931288073,-6.110050506338834));
#4397=DIRECTION('',(-1.0,0.0,0.0));
#4398=DIRECTION('',(0.0,-1.0,0.0));
#4399=AXIS2_PLACEMENT_3D('',#4396,#4397,#4398);
#4400=CIRCLE('',#4399,0.3);
#4401=EDGE_CURVE('',#4395,#4387,#4400,.T.);
#4402=ORIENTED_EDGE('',*,*,#4401,.F.);
#4403=CARTESIAN_POINT('',(9.5,-6.417157287525381,-6.392893218813454));
#4404=VERTEX_POINT('',#4403);
#4405=CARTESIAN_POINT('',(9.5,-6.487867965644036,-6.3221825406948));
#4406=DIRECTION('',(0.0,0.707106781186547,-0.707106781186547));
#4407=VECTOR('',#4406,0.100000000000001);
#4408=LINE('',#4405,#4407);
#4409=EDGE_CURVE('',#4395,#4404,#4408,.T.);
#4410=ORIENTED_EDGE('',*,*,#4409,.T.);
#4411=CARTESIAN_POINT('',(9.5,-5.992893218813451,-6.392893218813454));
#4412=VERTEX_POINT('',#4411);
#4413=CARTESIAN_POINT('',(9.500000000000004,-6.205025253169417,-6.18076118445749));
#4414=DIRECTION('',(-1.0,0.0,0.0));
#4415=DIRECTION('',(0.0,0.0,-1.0));
#4416=AXIS2_PLACEMENT_3D('',#4413,#4414,#4415);
#4417=CIRCLE('',#4416,0.3);
#4418=EDGE_CURVE('',#4412,#4404,#4417,.T.);
#4419=ORIENTED_EDGE('',*,*,#4418,.F.);
#4420=CARTESIAN_POINT('',(9.5,-5.992893218813451,-6.392893218813454));
#4421=DIRECTION('',(5.096739E-015,0.707106781186546,0.707106781186549));
#4422=VECTOR('',#4421,0.348528137423854);
#4423=LINE('',#4420,#4422);
#4424=EDGE_CURVE('',#4412,#3492,#4423,.T.);
#4425=ORIENTED_EDGE('',*,*,#4424,.T.);
#4426=ORIENTED_EDGE('',*,*,#3498,.F.);
#4427=ORIENTED_EDGE('',*,*,#3535,.T.);
#4428=CARTESIAN_POINT('',(9.500000000000002,-2.299999999999999,-6.3));
#4429=VERTEX_POINT('',#4428);
#4430=CARTESIAN_POINT('',(9.500000000000004,-2.6,-6.3));
#4431=DIRECTION('',(1.0,0.0,0.0));
#4432=DIRECTION('',(0.0,0.707106781186547,0.707106781186547));
#4433=AXIS2_PLACEMENT_3D('',#4430,#4431,#4432);
#4434=CIRCLE('',#4433,0.3);
#4435=EDGE_CURVE('',#4429,#3524,#4434,.T.);
#4436=ORIENTED_EDGE('',*,*,#4435,.F.);
#4437=CARTESIAN_POINT('',(9.500000000000002,-2.3,-8.200000000000001));
#4438=VERTEX_POINT('',#4437);
#4439=CARTESIAN_POINT('',(9.500000000000002,-2.3,-6.3));
#4440=DIRECTION('',(0.0,0.0,-1.0));
#4441=VECTOR('',#4440,1.9);
#4442=LINE('',#4439,#4441);
#4443=EDGE_CURVE('',#4429,#4438,#4442,.T.);
#4444=ORIENTED_EDGE('',*,*,#4443,.T.);
#4445=CARTESIAN_POINT('',(9.500000000000004,-2.0,-8.200000000000001));
#4446=DIRECTION('',(-1.0,0.0,0.0));
#4447=DIRECTION('',(0.0,-0.707106781186547,-0.707106781186547));
#4448=AXIS2_PLACEMENT_3D('',#4445,#4446,#4447);
#4449=CIRCLE('',#4448,0.3);
#4450=EDGE_CURVE('',#2999,#4438,#4449,.T.);
#4451=ORIENTED_EDGE('',*,*,#4450,.F.);
#4452=ORIENTED_EDGE('',*,*,#3004,.T.);
#4453=EDGE_LOOP('',(#4041,#4042,#4043,#4051,#4060,#4066,#4067,#4068,#4077,#4085,#4094,#4102,#4111,#4119,#4128,#4136,#4145,#4153,#4162,#4170,#4179,#4187,#4196,#4202,#4203,#4204,#4213,#4221,#4230,#4238,#4247,#4255,#4264,#4272,#4281,#4287,#4288,#4289,#4290,#4291,#4300,#4308,#4317,#4325,#4334,#4342,#4351,#4359,#4368,#4376,#4385,#4393,#4402,#4410,#4419,#4425,#4426,#4427,#4436,#4444,#4451,#4452));
#4454=FACE_OUTER_BOUND('',#4453,.T.);
#4455=CARTESIAN_POINT('',(9.500000000000002,-2.3,1.3));
#4456=VERTEX_POINT('',#4455);
#4457=CARTESIAN_POINT('',(9.500000000000002,-2.3,-1.3));
#4458=VERTEX_POINT('',#4457);
#4459=CARTESIAN_POINT('',(9.500000000000002,-2.3,1.3));
#4460=DIRECTION('',(0.0,0.0,-1.0));
#4461=VECTOR('',#4460,2.6);
#4462=LINE('',#4459,#4461);
#4463=EDGE_CURVE('',#4456,#4458,#4462,.T.);
#4464=ORIENTED_EDGE('',*,*,#4463,.T.);
#4465=CARTESIAN_POINT('',(9.500000000000002,-2.6,-1.6));
#4466=VERTEX_POINT('',#4465);
#4467=CARTESIAN_POINT('',(9.500000000000004,-2.6,-1.3));
#4468=DIRECTION('',(1.0,0.0,0.0));
#4469=DIRECTION('',(0.0,0.707106781186547,-0.707106781186547));
#4470=AXIS2_PLACEMENT_3D('',#4467,#4468,#4469);
#4471=CIRCLE('',#4470,0.3);
#4472=EDGE_CURVE('',#4466,#4458,#4471,.T.);
#4473=ORIENTED_EDGE('',*,*,#4472,.F.);
#4474=CARTESIAN_POINT('',(9.5,-3.999999999999999,-1.6));
#4475=VERTEX_POINT('',#4474);
#4476=CARTESIAN_POINT('',(9.500000000000002,-2.6,-1.6));
#4477=DIRECTION('',(0.0,-1.0,0.0));
#4478=VECTOR('',#4477,1.399999999999999);
#4479=LINE('',#4476,#4478);
#4480=EDGE_CURVE('',#4466,#4475,#4479,.T.);
#4481=ORIENTED_EDGE('',*,*,#4480,.T.);
#4482=CARTESIAN_POINT('',(9.500000000000002,-4.299999999999999,-1.3));
#4483=VERTEX_POINT('',#4482);
#4484=CARTESIAN_POINT('',(9.500000000000004,-3.999999999999999,-1.3));
#4485=DIRECTION('',(1.0,0.0,0.0));
#4486=DIRECTION('',(0.0,-0.707106781186548,-0.707106781186547));
#4487=AXIS2_PLACEMENT_3D('',#4484,#4485,#4486);
#4488=CIRCLE('',#4487,0.3);
#4489=EDGE_CURVE('',#4483,#4475,#4488,.T.);
#4490=ORIENTED_EDGE('',*,*,#4489,.F.);
#4491=CARTESIAN_POINT('',(9.500000000000002,-4.299999999999999,1.3));
#4492=VERTEX_POINT('',#4491);
#4493=CARTESIAN_POINT('',(9.500000000000002,-4.299999999999999,-1.3));
#4494=DIRECTION('',(0.0,0.0,1.0));
#4495=VECTOR('',#4494,2.6);
#4496=LINE('',#4493,#4495);
#4497=EDGE_CURVE('',#4483,#4492,#4496,.T.);
#4498=ORIENTED_EDGE('',*,*,#4497,.T.);
#4499=CARTESIAN_POINT('',(9.5,-3.999999999999999,1.6));
#4500=VERTEX_POINT('',#4499);
#4501=CARTESIAN_POINT('',(9.500000000000004,-3.999999999999999,1.3));
#4502=DIRECTION('',(1.0,0.0,0.0));
#4503=DIRECTION('',(0.0,-0.707106781186547,0.707106781186547));
#4504=AXIS2_PLACEMENT_3D('',#4501,#4502,#4503);
#4505=CIRCLE('',#4504,0.3);
#4506=EDGE_CURVE('',#4500,#4492,#4505,.T.);
#4507=ORIENTED_EDGE('',*,*,#4506,.F.);
#4508=CARTESIAN_POINT('',(9.500000000000002,-2.6,1.6));
#4509=VERTEX_POINT('',#4508);
#4510=CARTESIAN_POINT('',(9.500000000000002,-3.999999999999999,1.6));
#4511=DIRECTION('',(0.0,1.0,0.0));
#4512=VECTOR('',#4511,1.399999999999999);
#4513=LINE('',#4510,#4512);
#4514=EDGE_CURVE('',#4500,#4509,#4513,.T.);
#4515=ORIENTED_EDGE('',*,*,#4514,.T.);
#4516=CARTESIAN_POINT('',(9.500000000000004,-2.6,1.3));
#4517=DIRECTION('',(1.0,0.0,0.0));
#4518=DIRECTION('',(0.0,0.707106781186548,0.707106781186547));
#4519=AXIS2_PLACEMENT_3D('',#4516,#4517,#4518);
#4520=CIRCLE('',#4519,0.3);
#4521=EDGE_CURVE('',#4456,#4509,#4520,.T.);
#4522=ORIENTED_EDGE('',*,*,#4521,.F.);
#4523=EDGE_LOOP('',(#4464,#4473,#4481,#4490,#4498,#4507,#4515,#4522));
#4524=FACE_BOUND('',#4523,.T.);
#4525=ADVANCED_FACE('',(#4454,#4524),#4040,.T.);
#4526=CARTESIAN_POINT('',(0.0,-2.6,6.3));
#4527=DIRECTION('',(1.0,0.0,0.0));
#4528=DIRECTION('',(0.0,0.707106781186547,-0.707106781186547));
#4529=AXIS2_PLACEMENT_3D('',#4526,#4527,#4528);
#4530=CYLINDRICAL_SURFACE('',#4529,0.3);
#4531=CARTESIAN_POINT('',(9.000000000000002,-2.299999999999999,6.3));
#4532=VERTEX_POINT('',#4531);
#4533=CARTESIAN_POINT('',(9.000000000000002,-2.6,6.0));
#4534=VERTEX_POINT('',#4533);
#4535=CARTESIAN_POINT('',(9.000000000000002,-2.6,6.3));
#4536=DIRECTION('',(-1.0,0.0,0.0));
#4537=DIRECTION('',(0.0,0.707106781186547,-0.707106781186547));
#4538=AXIS2_PLACEMENT_3D('',#4535,#4536,#4537);
#4539=CIRCLE('',#4538,0.3);
#4540=EDGE_CURVE('',#4532,#4534,#4539,.T.);
#4541=ORIENTED_EDGE('',*,*,#4540,.T.);
#4542=CARTESIAN_POINT('',(9.000000000000002,-2.6,6.0));
#4543=DIRECTION('',(1.0,0.0,0.0));
#4544=VECTOR('',#4543,0.5);
#4545=LINE('',#4542,#4544);
#4546=EDGE_CURVE('',#4534,#4053,#4545,.T.);
#4547=ORIENTED_EDGE('',*,*,#4546,.T.);
#4548=ORIENTED_EDGE('',*,*,#4059,.T.);
#4549=CARTESIAN_POINT('',(9.500000000000002,-2.299999999999999,6.3));
#4550=DIRECTION('',(-1.0,0.0,0.0));
#4551=VECTOR('',#4550,0.5);
#4552=LINE('',#4549,#4551);
#4553=EDGE_CURVE('',#4045,#4532,#4552,.T.);
#4554=ORIENTED_EDGE('',*,*,#4553,.T.);
#4555=EDGE_LOOP('',(#4541,#4547,#4548,#4554));
#4556=FACE_OUTER_BOUND('',#4555,.T.);
#4557=ADVANCED_FACE('',(#4556),#4530,.F.);
#4558=CARTESIAN_POINT('',(0.0,-2.299999999999999,6.0));
#4559=DIRECTION('',(0.0,0.0,-1.0));
#4560=DIRECTION('',(-1.0,0.0,0.0));
#4561=AXIS2_PLACEMENT_3D('',#4558,#4559,#4560);
#4562=PLANE('',#4561);
#4563=ORIENTED_EDGE('',*,*,#3358,.F.);
#4564=ORIENTED_EDGE('',*,*,#4065,.F.);
#4565=ORIENTED_EDGE('',*,*,#4546,.F.);
#4566=CARTESIAN_POINT('',(9.000000000000002,-5.392893218813453,6.000000000000001));
#4567=DIRECTION('',(0.0,1.0,0.0));
#4568=VECTOR('',#4567,2.792893218813453);
#4569=LINE('',#4566,#4568);
#4570=EDGE_CURVE('',#3327,#4534,#4569,.T.);
#4571=ORIENTED_EDGE('',*,*,#4570,.F.);
#4572=EDGE_LOOP('',(#4563,#4564,#4565,#4571));
#4573=FACE_OUTER_BOUND('',#4572,.T.);
#4574=ADVANCED_FACE('',(#4573),#4562,.F.);
#4575=CARTESIAN_POINT('',(0.0,-1.800000000000001,3.7));
#4576=DIRECTION('',(1.0,0.0,0.0));
#4577=DIRECTION('',(0.0,0.707106781186547,0.707106781186547));
#4578=AXIS2_PLACEMENT_3D('',#4575,#4576,#4577);
#4579=CYLINDRICAL_SURFACE('',#4578,0.3);
#4580=CARTESIAN_POINT('',(9.0,-1.5,3.7));
#4581=VERTEX_POINT('',#4580);
#4582=CARTESIAN_POINT('',(9.000000000000002,-1.800000000000001,3.7));
#4583=DIRECTION('',(-1.0,0.0,0.0));
#4584=DIRECTION('',(0.0,0.707106781186547,0.707106781186547));
#4585=AXIS2_PLACEMENT_3D('',#4582,#4583,#4584);
#4586=CIRCLE('',#4585,0.3);
#4587=EDGE_CURVE('',#3443,#4581,#4586,.T.);
#4588=ORIENTED_EDGE('',*,*,#4587,.T.);
#4589=CARTESIAN_POINT('',(9.0,-1.5,3.7));
#4590=DIRECTION('',(1.0,0.0,0.0));
#4591=VECTOR('',#4590,0.500000000000002);
#4592=LINE('',#4589,#4591);
#4593=EDGE_CURVE('',#4581,#4206,#4592,.T.);
#4594=ORIENTED_EDGE('',*,*,#4593,.T.);
#4595=ORIENTED_EDGE('',*,*,#4212,.T.);
#4596=ORIENTED_EDGE('',*,*,#3456,.T.);
#4597=EDGE_LOOP('',(#4588,#4594,#4595,#4596));
#4598=FACE_OUTER_BOUND('',#4597,.T.);
#4599=ADVANCED_FACE('',(#4598),#4579,.F.);
#4600=CARTESIAN_POINT('',(0.0,-1.5,4.000000000000001));
#4601=DIRECTION('',(0.0,1.0,0.0));
#4602=DIRECTION('',(0.0,0.0,1.0));
#4603=AXIS2_PLACEMENT_3D('',#4600,#4601,#4602);
#4604=PLANE('',#4603);
#4605=ORIENTED_EDGE('',*,*,#4593,.F.);
#4606=CARTESIAN_POINT('',(9.0,-1.5,2.8));
#4607=VERTEX_POINT('',#4606);
#4608=CARTESIAN_POINT('',(9.0,-1.5,2.8));
#4609=DIRECTION('',(0.0,0.0,1.0));
#4610=VECTOR('',#4609,0.9);
#4611=LINE('',#4608,#4610);
#4612=EDGE_CURVE('',#4607,#4581,#4611,.T.);
#4613=ORIENTED_EDGE('',*,*,#4612,.F.);
#4614=CARTESIAN_POINT('',(9.500000000000002,-1.5,2.8));
#4615=DIRECTION('',(-1.0,0.0,0.0));
#4616=VECTOR('',#4615,0.500000000000002);
#4617=LINE('',#4614,#4616);
#4618=EDGE_CURVE('',#4215,#4607,#4617,.T.);
#4619=ORIENTED_EDGE('',*,*,#4618,.F.);
#4620=ORIENTED_EDGE('',*,*,#4220,.F.);
#4621=EDGE_LOOP('',(#4605,#4613,#4619,#4620));
#4622=FACE_OUTER_BOUND('',#4621,.T.);
#4623=ADVANCED_FACE('',(#4622),#4604,.F.);
#4624=CARTESIAN_POINT('',(0.0,-3.999999999999999,-1.3));
#4625=DIRECTION('',(-1.0,0.0,0.0));
#4626=DIRECTION('',(0.0,-0.707106781186548,-0.707106781186547));
#4627=AXIS2_PLACEMENT_3D('',#4624,#4625,#4626);
#4628=CYLINDRICAL_SURFACE('',#4627,0.3);
#4629=ORIENTED_EDGE('',*,*,#4489,.T.);
#4630=CARTESIAN_POINT('',(9.000000000000002,-3.999999999999999,-1.6));
#4631=VERTEX_POINT('',#4630);
#4632=CARTESIAN_POINT('',(9.5,-3.999999999999999,-1.6));
#4633=DIRECTION('',(-1.0,0.0,0.0));
#4634=VECTOR('',#4633,0.499999999999998);
#4635=LINE('',#4632,#4634);
#4636=EDGE_CURVE('',#4475,#4631,#4635,.T.);
#4637=ORIENTED_EDGE('',*,*,#4636,.T.);
#4638=CARTESIAN_POINT('',(9.000000000000002,-4.299999999999999,-1.3));
#4639=VERTEX_POINT('',#4638);
#4640=CARTESIAN_POINT('',(9.000000000000002,-3.999999999999999,-1.3));
#4641=DIRECTION('',(-1.0,0.0,0.0));
#4642=DIRECTION('',(0.0,-0.707106781186548,-0.707106781186547));
#4643=AXIS2_PLACEMENT_3D('',#4640,#4641,#4642);
#4644=CIRCLE('',#4643,0.3);
#4645=EDGE_CURVE('',#4631,#4639,#4644,.T.);
#4646=ORIENTED_EDGE('',*,*,#4645,.T.);
#4647=CARTESIAN_POINT('',(9.000000000000002,-4.299999999999999,-1.3));
#4648=DIRECTION('',(1.0,0.0,0.0));
#4649=VECTOR('',#4648,0.5);
#4650=LINE('',#4647,#4649);
#4651=EDGE_CURVE('',#4639,#4483,#4650,.T.);
#4652=ORIENTED_EDGE('',*,*,#4651,.T.);
#4653=EDGE_LOOP('',(#4629,#4637,#4646,#4652));
#4654=FACE_OUTER_BOUND('',#4653,.T.);
#4655=ADVANCED_FACE('',(#4654),#4628,.F.);
#4656=CARTESIAN_POINT('',(0.0,-2.3,-1.6));
#4657=DIRECTION('',(0.0,0.0,-1.0));
#4658=DIRECTION('',(-1.0,0.0,0.0));
#4659=AXIS2_PLACEMENT_3D('',#4656,#4657,#4658);
#4660=PLANE('',#4659);
#4661=ORIENTED_EDGE('',*,*,#4636,.F.);
#4662=ORIENTED_EDGE('',*,*,#4480,.F.);
#4663=CARTESIAN_POINT('',(9.000000000000002,-2.6,-1.6));
#4664=VERTEX_POINT('',#4663);
#4665=CARTESIAN_POINT('',(9.000000000000002,-2.6,-1.6));
#4666=DIRECTION('',(1.0,0.0,0.0));
#4667=VECTOR('',#4666,0.5);
#4668=LINE('',#4665,#4667);
#4669=EDGE_CURVE('',#4664,#4466,#4668,.T.);
#4670=ORIENTED_EDGE('',*,*,#4669,.F.);
#4671=CARTESIAN_POINT('',(9.000000000000002,-3.999999999999999,-1.6));
#4672=DIRECTION('',(0.0,1.0,0.0));
#4673=VECTOR('',#4672,1.4);
#4674=LINE('',#4671,#4673);
#4675=EDGE_CURVE('',#4631,#4664,#4674,.T.);
#4676=ORIENTED_EDGE('',*,*,#4675,.F.);
#4677=EDGE_LOOP('',(#4661,#4662,#4670,#4676));
#4678=FACE_OUTER_BOUND('',#4677,.T.);
#4679=ADVANCED_FACE('',(#4678),#4660,.F.);
#4680=CARTESIAN_POINT('',(0.0,-2.6,-1.3));
#4681=DIRECTION('',(-1.0,0.0,0.0));
#4682=DIRECTION('',(0.0,0.707106781186547,-0.707106781186547));
#4683=AXIS2_PLACEMENT_3D('',#4680,#4681,#4682);
#4684=CYLINDRICAL_SURFACE('',#4683,0.3);
#4685=ORIENTED_EDGE('',*,*,#4472,.T.);
#4686=CARTESIAN_POINT('',(9.000000000000002,-2.3,-1.3));
#4687=VERTEX_POINT('',#4686);
#4688=CARTESIAN_POINT('',(9.500000000000002,-2.3,-1.3));
#4689=DIRECTION('',(-1.0,0.0,0.0));
#4690=VECTOR('',#4689,0.5);
#4691=LINE('',#4688,#4690);
#4692=EDGE_CURVE('',#4458,#4687,#4691,.T.);
#4693=ORIENTED_EDGE('',*,*,#4692,.T.);
#4694=CARTESIAN_POINT('',(9.000000000000002,-2.6,-1.3));
#4695=DIRECTION('',(-1.0,0.0,0.0));
#4696=DIRECTION('',(0.0,0.707106781186547,-0.707106781186547));
#4697=AXIS2_PLACEMENT_3D('',#4694,#4695,#4696);
#4698=CIRCLE('',#4697,0.3);
#4699=EDGE_CURVE('',#4687,#4664,#4698,.T.);
#4700=ORIENTED_EDGE('',*,*,#4699,.T.);
#4701=ORIENTED_EDGE('',*,*,#4669,.T.);
#4702=EDGE_LOOP('',(#4685,#4693,#4700,#4701));
#4703=FACE_OUTER_BOUND('',#4702,.T.);
#4704=ADVANCED_FACE('',(#4703),#4684,.F.);
#4705=CARTESIAN_POINT('',(0.0,-2.3,1.6));
#4706=DIRECTION('',(0.0,1.0,0.0));
#4707=DIRECTION('',(0.0,0.0,1.0));
#4708=AXIS2_PLACEMENT_3D('',#4705,#4706,#4707);
#4709=PLANE('',#4708);
#4710=ORIENTED_EDGE('',*,*,#4692,.F.);
#4711=ORIENTED_EDGE('',*,*,#4463,.F.);
#4712=CARTESIAN_POINT('',(9.000000000000002,-2.3,1.3));
#4713=VERTEX_POINT('',#4712);
#4714=CARTESIAN_POINT('',(9.000000000000002,-2.3,1.3));
#4715=DIRECTION('',(1.0,0.0,0.0));
#4716=VECTOR('',#4715,0.5);
#4717=LINE('',#4714,#4716);
#4718=EDGE_CURVE('',#4713,#4456,#4717,.T.);
#4719=ORIENTED_EDGE('',*,*,#4718,.F.);
#4720=CARTESIAN_POINT('',(9.000000000000002,-2.3,-1.3));
#4721=DIRECTION('',(0.0,0.0,1.0));
#4722=VECTOR('',#4721,2.6);
#4723=LINE('',#4720,#4722);
#4724=EDGE_CURVE('',#4687,#4713,#4723,.T.);
#4725=ORIENTED_EDGE('',*,*,#4724,.F.);
#4726=EDGE_LOOP('',(#4710,#4711,#4719,#4725));
#4727=FACE_OUTER_BOUND('',#4726,.T.);
#4728=ADVANCED_FACE('',(#4727),#4709,.F.);
#4729=CARTESIAN_POINT('',(0.0,-2.6,1.3));
#4730=DIRECTION('',(-1.0,0.0,0.0));
#4731=DIRECTION('',(0.0,0.707106781186548,0.707106781186547));
#4732=AXIS2_PLACEMENT_3D('',#4729,#4730,#4731);
#4733=CYLINDRICAL_SURFACE('',#4732,0.3);
#4734=ORIENTED_EDGE('',*,*,#4521,.T.);
#4735=CARTESIAN_POINT('',(9.000000000000002,-2.6,1.6));
#4736=VERTEX_POINT('',#4735);
#4737=CARTESIAN_POINT('',(9.500000000000002,-2.6,1.6));
#4738=DIRECTION('',(-1.0,0.0,0.0));
#4739=VECTOR('',#4738,0.5);
#4740=LINE('',#4737,#4739);
#4741=EDGE_CURVE('',#4509,#4736,#4740,.T.);
#4742=ORIENTED_EDGE('',*,*,#4741,.T.);
#4743=CARTESIAN_POINT('',(9.000000000000002,-2.6,1.3));
#4744=DIRECTION('',(-1.0,0.0,0.0));
#4745=DIRECTION('',(0.0,0.707106781186548,0.707106781186547));
#4746=AXIS2_PLACEMENT_3D('',#4743,#4744,#4745);
#4747=CIRCLE('',#4746,0.3);
#4748=EDGE_CURVE('',#4736,#4713,#4747,.T.);
#4749=ORIENTED_EDGE('',*,*,#4748,.T.);
#4750=ORIENTED_EDGE('',*,*,#4718,.T.);
#4751=EDGE_LOOP('',(#4734,#4742,#4749,#4750));
#4752=FACE_OUTER_BOUND('',#4751,.T.);
#4753=ADVANCED_FACE('',(#4752),#4733,.F.);
#4754=CARTESIAN_POINT('',(0.0,-4.299999999999999,1.6));
#4755=DIRECTION('',(0.0,0.0,1.0));
#4756=DIRECTION('',(1.0,0.0,0.0));
#4757=AXIS2_PLACEMENT_3D('',#4754,#4755,#4756);
#4758=PLANE('',#4757);
#4759=ORIENTED_EDGE('',*,*,#4741,.F.);
#4760=ORIENTED_EDGE('',*,*,#4514,.F.);
#4761=CARTESIAN_POINT('',(9.000000000000002,-3.999999999999999,1.6));
#4762=VERTEX_POINT('',#4761);
#4763=CARTESIAN_POINT('',(9.000000000000002,-3.999999999999999,1.6));
#4764=DIRECTION('',(1.0,0.0,0.0));
#4765=VECTOR('',#4764,0.499999999999998);
#4766=LINE('',#4763,#4765);
#4767=EDGE_CURVE('',#4762,#4500,#4766,.T.);
#4768=ORIENTED_EDGE('',*,*,#4767,.F.);
#4769=CARTESIAN_POINT('',(9.000000000000002,-2.600000000000001,1.6));
#4770=DIRECTION('',(0.0,-1.0,0.0));
#4771=VECTOR('',#4770,1.399999999999999);
#4772=LINE('',#4769,#4771);
#4773=EDGE_CURVE('',#4736,#4762,#4772,.T.);
#4774=ORIENTED_EDGE('',*,*,#4773,.F.);
#4775=EDGE_LOOP('',(#4759,#4760,#4768,#4774));
#4776=FACE_OUTER_BOUND('',#4775,.T.);
#4777=ADVANCED_FACE('',(#4776),#4758,.F.);
#4778=CARTESIAN_POINT('',(0.0,-3.999999999999999,1.3));
#4779=DIRECTION('',(1.0,0.0,0.0));
#4780=DIRECTION('',(0.0,-0.707106781186547,0.707106781186547));
#4781=AXIS2_PLACEMENT_3D('',#4778,#4779,#4780);
#4782=CYLINDRICAL_SURFACE('',#4781,0.3);
#4783=CARTESIAN_POINT('',(9.000000000000002,-4.299999999999999,1.3));
#4784=VERTEX_POINT('',#4783);
#4785=CARTESIAN_POINT('',(9.000000000000002,-3.999999999999999,1.3));
#4786=DIRECTION('',(-1.0,0.0,0.0));
#4787=DIRECTION('',(0.0,-0.707106781186547,0.707106781186547));
#4788=AXIS2_PLACEMENT_3D('',#4785,#4786,#4787);
#4789=CIRCLE('',#4788,0.3);
#4790=EDGE_CURVE('',#4784,#4762,#4789,.T.);
#4791=ORIENTED_EDGE('',*,*,#4790,.T.);
#4792=ORIENTED_EDGE('',*,*,#4767,.T.);
#4793=ORIENTED_EDGE('',*,*,#4506,.T.);
#4794=CARTESIAN_POINT('',(9.500000000000002,-4.299999999999999,1.3));
#4795=DIRECTION('',(-1.0,0.0,0.0));
#4796=VECTOR('',#4795,0.5);
#4797=LINE('',#4794,#4796);
#4798=EDGE_CURVE('',#4492,#4784,#4797,.T.);
#4799=ORIENTED_EDGE('',*,*,#4798,.T.);
#4800=EDGE_LOOP('',(#4791,#4792,#4793,#4799));
#4801=FACE_OUTER_BOUND('',#4800,.T.);
#4802=ADVANCED_FACE('',(#4801),#4782,.F.);
#4803=CARTESIAN_POINT('',(0.0,-1.8,2.8));
#4804=DIRECTION('',(1.0,0.0,0.0));
#4805=DIRECTION('',(0.0,0.707106781186547,-0.707106781186547));
#4806=AXIS2_PLACEMENT_3D('',#4803,#4804,#4805);
#4807=CYLINDRICAL_SURFACE('',#4806,0.3);
#4808=CARTESIAN_POINT('',(9.000000000000002,-1.8,2.5));
#4809=VERTEX_POINT('',#4808);
#4810=CARTESIAN_POINT('',(9.000000000000002,-1.8,2.8));
#4811=DIRECTION('',(-1.0,0.0,0.0));
#4812=DIRECTION('',(0.0,0.707106781186547,-0.707106781186547));
#4813=AXIS2_PLACEMENT_3D('',#4810,#4811,#4812);
#4814=CIRCLE('',#4813,0.3);
#4815=EDGE_CURVE('',#4607,#4809,#4814,.T.);
#4816=ORIENTED_EDGE('',*,*,#4815,.T.);
#4817=CARTESIAN_POINT('',(9.000000000000002,-1.8,2.5));
#4818=DIRECTION('',(1.0,0.0,0.0));
#4819=VECTOR('',#4818,0.5);
#4820=LINE('',#4817,#4819);
#4821=EDGE_CURVE('',#4809,#4223,#4820,.T.);
#4822=ORIENTED_EDGE('',*,*,#4821,.T.);
#4823=ORIENTED_EDGE('',*,*,#4229,.T.);
#4824=ORIENTED_EDGE('',*,*,#4618,.T.);
#4825=EDGE_LOOP('',(#4816,#4822,#4823,#4824));
#4826=FACE_OUTER_BOUND('',#4825,.T.);
#4827=ADVANCED_FACE('',(#4826),#4807,.F.);
#4828=CARTESIAN_POINT('',(0.0,-1.5,2.5));
#4829=DIRECTION('',(0.0,0.0,-1.0));
#4830=DIRECTION('',(-1.0,0.0,0.0));
#4831=AXIS2_PLACEMENT_3D('',#4828,#4829,#4830);
#4832=PLANE('',#4831);
#4833=ORIENTED_EDGE('',*,*,#4821,.F.);
#4834=CARTESIAN_POINT('',(9.000000000000002,-5.300000000000001,2.5));
#4835=VERTEX_POINT('',#4834);
#4836=CARTESIAN_POINT('',(9.000000000000002,-5.3,2.5));
#4837=DIRECTION('',(0.0,1.0,0.0));
#4838=VECTOR('',#4837,3.5);
#4839=LINE('',#4836,#4838);
#4840=EDGE_CURVE('',#4835,#4809,#4839,.T.);
#4841=ORIENTED_EDGE('',*,*,#4840,.F.);
#4842=CARTESIAN_POINT('',(9.5,-5.300000000000001,2.5));
#4843=DIRECTION('',(-1.0,0.0,0.0));
#4844=VECTOR('',#4843,0.499999999999998);
#4845=LINE('',#4842,#4844);
#4846=EDGE_CURVE('',#4232,#4835,#4845,.T.);
#4847=ORIENTED_EDGE('',*,*,#4846,.F.);
#4848=ORIENTED_EDGE('',*,*,#4237,.F.);
#4849=EDGE_LOOP('',(#4833,#4841,#4847,#4848));
#4850=FACE_OUTER_BOUND('',#4849,.T.);
#4851=ADVANCED_FACE('',(#4850),#4832,.F.);
#4852=CARTESIAN_POINT('',(0.0,-5.300000000000001,4.9));
#4853=DIRECTION('',(1.0,0.0,0.0));
#4854=DIRECTION('',(0.0,0.707106781186547,-0.707106781186547));
#4855=AXIS2_PLACEMENT_3D('',#4852,#4853,#4854);
#4856=CYLINDRICAL_SURFACE('',#4855,0.3);
#4857=CARTESIAN_POINT('',(9.000000000000002,-5.0,4.9));
#4858=VERTEX_POINT('',#4857);
#4859=CARTESIAN_POINT('',(9.000000000000002,-5.300000000000001,4.6));
#4860=VERTEX_POINT('',#4859);
#4861=CARTESIAN_POINT('',(9.000000000000002,-5.300000000000001,4.9));
#4862=DIRECTION('',(-1.0,0.0,0.0));
#4863=DIRECTION('',(0.0,0.707106781186547,-0.707106781186547));
#4864=AXIS2_PLACEMENT_3D('',#4861,#4862,#4863);
#4865=CIRCLE('',#4864,0.3);
#4866=EDGE_CURVE('',#4858,#4860,#4865,.T.);
#4867=ORIENTED_EDGE('',*,*,#4866,.T.);
#4868=CARTESIAN_POINT('',(9.000000000000002,-5.300000000000001,4.6));
#4869=DIRECTION('',(1.0,0.0,0.0));
#4870=VECTOR('',#4869,0.499999999999998);
#4871=LINE('',#4868,#4870);
#4872=EDGE_CURVE('',#4860,#4138,#4871,.T.);
#4873=ORIENTED_EDGE('',*,*,#4872,.T.);
#4874=ORIENTED_EDGE('',*,*,#4144,.T.);
#4875=CARTESIAN_POINT('',(9.500000000000002,-5.0,4.9));
#4876=DIRECTION('',(-1.0,0.0,0.0));
#4877=VECTOR('',#4876,0.5);
#4878=LINE('',#4875,#4877);
#4879=EDGE_CURVE('',#4130,#4858,#4878,.T.);
#4880=ORIENTED_EDGE('',*,*,#4879,.T.);
#4881=EDGE_LOOP('',(#4867,#4873,#4874,#4880));
#4882=FACE_OUTER_BOUND('',#4881,.T.);
#4883=ADVANCED_FACE('',(#4882),#4856,.F.);
#4884=CARTESIAN_POINT('',(0.0,-5.0,4.6));
#4885=DIRECTION('',(0.0,0.0,-1.0));
#4886=DIRECTION('',(-1.0,0.0,0.0));
#4887=AXIS2_PLACEMENT_3D('',#4884,#4885,#4886);
#4888=PLANE('',#4887);
#4889=ORIENTED_EDGE('',*,*,#4872,.F.);
#4890=CARTESIAN_POINT('',(9.000000000000002,-5.865685424949239,4.600000000000001));
#4891=VERTEX_POINT('',#4890);
#4892=CARTESIAN_POINT('',(9.000000000000002,-5.865685424949238,4.600000000000001));
#4893=DIRECTION('',(0.0,1.0,0.0));
#4894=VECTOR('',#4893,0.565685424949238);
#4895=LINE('',#4892,#4894);
#4896=EDGE_CURVE('',#4891,#4860,#4895,.T.);
#4897=ORIENTED_EDGE('',*,*,#4896,.F.);
#4898=CARTESIAN_POINT('',(9.5,-5.865685424949239,4.600000000000001));
#4899=DIRECTION('',(-1.0,0.0,0.0));
#4900=VECTOR('',#4899,0.499999999999998);
#4901=LINE('',#4898,#4900);
#4902=EDGE_CURVE('',#4147,#4891,#4901,.T.);
#4903=ORIENTED_EDGE('',*,*,#4902,.F.);
#4904=ORIENTED_EDGE('',*,*,#4152,.F.);
#4905=EDGE_LOOP('',(#4889,#4897,#4903,#4904));
#4906=FACE_OUTER_BOUND('',#4905,.T.);
#4907=ADVANCED_FACE('',(#4906),#4888,.F.);
#4908=CARTESIAN_POINT('',(0.0,-5.300000000000001,5.1));
#4909=DIRECTION('',(1.0,0.0,0.0));
#4910=DIRECTION('',(0.0,0.707106781186547,0.707106781186547));
#4911=AXIS2_PLACEMENT_3D('',#4908,#4909,#4910);
#4912=CYLINDRICAL_SURFACE('',#4911,0.3);
#4913=CARTESIAN_POINT('',(9.000000000000002,-5.300000000000001,5.4));
#4914=VERTEX_POINT('',#4913);
#4915=CARTESIAN_POINT('',(9.000000000000002,-5.0,5.1));
#4916=VERTEX_POINT('',#4915);
#4917=CARTESIAN_POINT('',(9.000000000000002,-5.300000000000001,5.1));
#4918=DIRECTION('',(-1.0,0.0,0.0));
#4919=DIRECTION('',(0.0,0.707106781186547,0.707106781186547));
#4920=AXIS2_PLACEMENT_3D('',#4917,#4918,#4919);
#4921=CIRCLE('',#4920,0.3);
#4922=EDGE_CURVE('',#4914,#4916,#4921,.T.);
#4923=ORIENTED_EDGE('',*,*,#4922,.T.);
#4924=CARTESIAN_POINT('',(9.000000000000002,-5.0,5.1));
#4925=DIRECTION('',(1.0,0.0,0.0));
#4926=VECTOR('',#4925,0.5);
#4927=LINE('',#4924,#4926);
#4928=EDGE_CURVE('',#4916,#4121,#4927,.T.);
#4929=ORIENTED_EDGE('',*,*,#4928,.T.);
#4930=ORIENTED_EDGE('',*,*,#4127,.T.);
#4931=CARTESIAN_POINT('',(9.5,-5.300000000000001,5.4));
#4932=DIRECTION('',(-1.0,0.0,0.0));
#4933=VECTOR('',#4932,0.499999999999998);
#4934=LINE('',#4931,#4933);
#4935=EDGE_CURVE('',#4113,#4914,#4934,.T.);
#4936=ORIENTED_EDGE('',*,*,#4935,.T.);
#4937=EDGE_LOOP('',(#4923,#4929,#4930,#4936));
#4938=FACE_OUTER_BOUND('',#4937,.T.);
#4939=ADVANCED_FACE('',(#4938),#4912,.F.);
#4940=CARTESIAN_POINT('',(0.0,-5.0,5.4));
#4941=DIRECTION('',(0.0,1.0,0.0));
#4942=DIRECTION('',(0.0,0.0,1.0));
#4943=AXIS2_PLACEMENT_3D('',#4940,#4941,#4942);
#4944=PLANE('',#4943);
#4945=ORIENTED_EDGE('',*,*,#4879,.F.);
#4946=ORIENTED_EDGE('',*,*,#4135,.F.);
#4947=ORIENTED_EDGE('',*,*,#4928,.F.);
#4948=CARTESIAN_POINT('',(9.000000000000002,-5.0,4.9));
#4949=DIRECTION('',(0.0,0.0,1.0));
#4950=VECTOR('',#4949,0.199999999999999);
#4951=LINE('',#4948,#4950);
#4952=EDGE_CURVE('',#4858,#4916,#4951,.T.);
#4953=ORIENTED_EDGE('',*,*,#4952,.F.);
#4954=EDGE_LOOP('',(#4945,#4946,#4947,#4953));
#4955=FACE_OUTER_BOUND('',#4954,.T.);
#4956=ADVANCED_FACE('',(#4955),#4944,.F.);
#4957=CARTESIAN_POINT('',(0.0,-6.205025253169417,6.18076118445749));
#4958=DIRECTION('',(1.0,0.0,0.0));
#4959=DIRECTION('',(0.0,0.0,1.0));
#4960=AXIS2_PLACEMENT_3D('',#4957,#4958,#4959);
#4961=CYLINDRICAL_SURFACE('',#4960,0.3);
#4962=ORIENTED_EDGE('',*,*,#4076,.T.);
#4963=ORIENTED_EDGE('',*,*,#3383,.T.);
#4964=CARTESIAN_POINT('',(9.000000000000002,-6.417157287525383,6.392893218813455));
#4965=VERTEX_POINT('',#4964);
#4966=CARTESIAN_POINT('',(9.000000000000002,-6.205025253169417,6.18076118445749));
#4967=DIRECTION('',(1.0,0.0,0.0));
#4968=DIRECTION('',(0.0,0.0,1.0));
#4969=AXIS2_PLACEMENT_3D('',#4966,#4967,#4968);
#4970=CIRCLE('',#4969,0.3);
#4971=EDGE_CURVE('',#3370,#4965,#4970,.T.);
#4972=ORIENTED_EDGE('',*,*,#4971,.T.);
#4973=CARTESIAN_POINT('',(9.000000000000002,-6.417157287525381,6.392893218813454));
#4974=DIRECTION('',(1.0,0.0,0.0));
#4975=VECTOR('',#4974,0.499999999999998);
#4976=LINE('',#4973,#4975);
#4977=EDGE_CURVE('',#4965,#4070,#4976,.T.);
#4978=ORIENTED_EDGE('',*,*,#4977,.T.);
#4979=EDGE_LOOP('',(#4962,#4963,#4972,#4978));
#4980=FACE_OUTER_BOUND('',#4979,.T.);
#4981=ADVANCED_FACE('',(#4980),#4961,.T.);
#4982=CARTESIAN_POINT('',(0.0,-6.275735931288073,6.110050506338835));
#4983=DIRECTION('',(1.0,0.0,0.0));
#4984=DIRECTION('',(0.0,-1.0,0.0));
#4985=AXIS2_PLACEMENT_3D('',#4982,#4983,#4984);
#4986=CYLINDRICAL_SURFACE('',#4985,0.3);
#4987=ORIENTED_EDGE('',*,*,#4093,.T.);
#4988=CARTESIAN_POINT('',(9.000000000000002,-6.487867965644036,6.322182540694801));
#4989=VERTEX_POINT('',#4988);
#4990=CARTESIAN_POINT('',(9.5,-6.487867965644036,6.322182540694801));
#4991=DIRECTION('',(-1.0,0.0,0.0));
#4992=VECTOR('',#4991,0.499999999999998);
#4993=LINE('',#4990,#4992);
#4994=EDGE_CURVE('',#4079,#4989,#4993,.T.);
#4995=ORIENTED_EDGE('',*,*,#4994,.T.);
#4996=CARTESIAN_POINT('',(9.0,-6.487867965644037,5.897918471982871));
#4997=VERTEX_POINT('',#4996);
#4998=CARTESIAN_POINT('',(9.000000000000002,-6.275735931288073,6.110050506338835));
#4999=DIRECTION('',(1.0,0.0,0.0));
#5000=DIRECTION('',(0.0,-1.0,0.0));
#5001=AXIS2_PLACEMENT_3D('',#4998,#4999,#5000);
#5002=CIRCLE('',#5001,0.3);
#5003=EDGE_CURVE('',#4989,#4997,#5002,.T.);
#5004=ORIENTED_EDGE('',*,*,#5003,.T.);
#5005=CARTESIAN_POINT('',(9.0,-6.487867965644036,5.897918471982873));
#5006=DIRECTION('',(1.0,0.0,0.0));
#5007=VECTOR('',#5006,0.5);
#5008=LINE('',#5005,#5007);
#5009=EDGE_CURVE('',#4997,#4087,#5008,.T.);
#5010=ORIENTED_EDGE('',*,*,#5009,.T.);
#5011=EDGE_LOOP('',(#4987,#4995,#5004,#5010));
#5012=FACE_OUTER_BOUND('',#5011,.T.);
#5013=ADVANCED_FACE('',(#5012),#4986,.T.);
#5014=CARTESIAN_POINT('',(0.0,-6.7,6.110050506338837));
#5015=DIRECTION('',(0.0,0.707106781186549,0.707106781186546));
#5016=DIRECTION('',(1.0,0.0,0.0));
#5017=AXIS2_PLACEMENT_3D('',#5014,#5015,#5016);
#5018=PLANE('',#5017);
#5019=ORIENTED_EDGE('',*,*,#5009,.F.);
#5020=CARTESIAN_POINT('',(9.0,-6.077817459305202,5.487867965644036));
#5021=VERTEX_POINT('',#5020);
#5022=CARTESIAN_POINT('',(9.0,-6.077817459305202,5.487867965644036));
#5023=DIRECTION('',(0.0,-0.707106781186547,0.707106781186548));
#5024=VECTOR('',#5023,0.579898987322336);
#5025=LINE('',#5022,#5024);
#5026=EDGE_CURVE('',#5021,#4997,#5025,.T.);
#5027=ORIENTED_EDGE('',*,*,#5026,.F.);
#5028=CARTESIAN_POINT('',(9.5,-6.077817459305202,5.487867965644036));
#5029=DIRECTION('',(-1.0,0.0,0.0));
#5030=VECTOR('',#5029,0.5);
#5031=LINE('',#5028,#5030);
#5032=EDGE_CURVE('',#4096,#5021,#5031,.T.);
#5033=ORIENTED_EDGE('',*,*,#5032,.F.);
#5034=ORIENTED_EDGE('',*,*,#4101,.F.);
#5035=EDGE_LOOP('',(#5019,#5027,#5033,#5034));
#5036=FACE_OUTER_BOUND('',#5035,.T.);
#5037=ADVANCED_FACE('',(#5036),#5018,.F.);
#5038=CARTESIAN_POINT('',(0.0,-5.865685424949239,5.700000000000001));
#5039=DIRECTION('',(1.0,0.0,0.0));
#5040=DIRECTION('',(0.0,-0.382683432365087,-0.923879532511288));
#5041=AXIS2_PLACEMENT_3D('',#5038,#5039,#5040);
#5042=CYLINDRICAL_SURFACE('',#5041,0.3);
#5043=ORIENTED_EDGE('',*,*,#4110,.T.);
#5044=ORIENTED_EDGE('',*,*,#5032,.T.);
#5045=CARTESIAN_POINT('',(9.000000000000002,-5.865685424949239,5.4));
#5046=VERTEX_POINT('',#5045);
#5047=CARTESIAN_POINT('',(9.000000000000002,-5.865685424949239,5.700000000000001));
#5048=DIRECTION('',(1.0,0.0,0.0));
#5049=DIRECTION('',(0.0,-0.382683432365087,-0.923879532511288));
#5050=AXIS2_PLACEMENT_3D('',#5047,#5048,#5049);
#5051=CIRCLE('',#5050,0.3);
#5052=EDGE_CURVE('',#5021,#5046,#5051,.T.);
#5053=ORIENTED_EDGE('',*,*,#5052,.T.);
#5054=CARTESIAN_POINT('',(9.000000000000002,-5.865685424949239,5.4));
#5055=DIRECTION('',(1.0,0.0,0.0));
#5056=VECTOR('',#5055,0.499999999999998);
#5057=LINE('',#5054,#5056);
#5058=EDGE_CURVE('',#5046,#4104,#5057,.T.);
#5059=ORIENTED_EDGE('',*,*,#5058,.T.);
#5060=EDGE_LOOP('',(#5043,#5044,#5053,#5059));
#5061=FACE_OUTER_BOUND('',#5060,.T.);
#5062=ADVANCED_FACE('',(#5061),#5042,.T.);
#5063=CARTESIAN_POINT('',(0.0,-5.865685424949239,4.299999999999999));
#5064=DIRECTION('',(1.0,0.0,0.0));
#5065=DIRECTION('',(0.0,-0.382683432365087,0.923879532511288));
#5066=AXIS2_PLACEMENT_3D('',#5063,#5064,#5065);
#5067=CYLINDRICAL_SURFACE('',#5066,0.3);
#5068=ORIENTED_EDGE('',*,*,#4161,.T.);
#5069=ORIENTED_EDGE('',*,*,#4902,.T.);
#5070=CARTESIAN_POINT('',(9.000000000000002,-6.077817459305203,4.512132034355965));
#5071=VERTEX_POINT('',#5070);
#5072=CARTESIAN_POINT('',(9.000000000000002,-5.865685424949239,4.299999999999999));
#5073=DIRECTION('',(1.0,0.0,0.0));
#5074=DIRECTION('',(0.0,-0.382683432365087,0.923879532511288));
#5075=AXIS2_PLACEMENT_3D('',#5072,#5073,#5074);
#5076=CIRCLE('',#5075,0.3);
#5077=EDGE_CURVE('',#4891,#5071,#5076,.T.);
#5078=ORIENTED_EDGE('',*,*,#5077,.T.);
#5079=CARTESIAN_POINT('',(9.000000000000002,-6.077817459305202,4.512132034355964));
#5080=DIRECTION('',(1.0,0.0,0.0));
#5081=VECTOR('',#5080,0.5);
#5082=LINE('',#5079,#5081);
#5083=EDGE_CURVE('',#5071,#4155,#5082,.T.);
#5084=ORIENTED_EDGE('',*,*,#5083,.T.);
#5085=EDGE_LOOP('',(#5068,#5069,#5078,#5084));
#5086=FACE_OUTER_BOUND('',#5085,.T.);
#5087=ADVANCED_FACE('',(#5086),#5067,.T.);
#5088=CARTESIAN_POINT('',(0.0,-6.275735931288073,3.889949493661167));
#5089=DIRECTION('',(1.0,0.0,0.0));
#5090=DIRECTION('',(0.0,-1.0,0.0));
#5091=AXIS2_PLACEMENT_3D('',#5088,#5089,#5090);
#5092=CYLINDRICAL_SURFACE('',#5091,0.3);
#5093=ORIENTED_EDGE('',*,*,#4178,.T.);
#5094=CARTESIAN_POINT('',(9.000000000000002,-6.487867965644037,4.102081528017132));
#5095=VERTEX_POINT('',#5094);
#5096=CARTESIAN_POINT('',(9.500000000000002,-6.487867965644036,4.102081528017131));
#5097=DIRECTION('',(-1.0,0.0,0.0));
#5098=VECTOR('',#5097,0.5);
#5099=LINE('',#5096,#5098);
#5100=EDGE_CURVE('',#4164,#5095,#5099,.T.);
#5101=ORIENTED_EDGE('',*,*,#5100,.T.);
#5102=CARTESIAN_POINT('',(9.000000000000002,-6.487867965644036,3.677817459305203));
#5103=VERTEX_POINT('',#5102);
#5104=CARTESIAN_POINT('',(9.000000000000002,-6.275735931288073,3.889949493661167));
#5105=DIRECTION('',(1.0,0.0,0.0));
#5106=DIRECTION('',(0.0,-1.0,0.0));
#5107=AXIS2_PLACEMENT_3D('',#5104,#5105,#5106);
#5108=CIRCLE('',#5107,0.3);
#5109=EDGE_CURVE('',#5095,#5103,#5108,.T.);
#5110=ORIENTED_EDGE('',*,*,#5109,.T.);
#5111=CARTESIAN_POINT('',(9.000000000000002,-6.487867965644036,3.677817459305203));
#5112=DIRECTION('',(1.0,0.0,0.0));
#5113=VECTOR('',#5112,0.499999999999998);
#5114=LINE('',#5111,#5113);
#5115=EDGE_CURVE('',#5103,#4172,#5114,.T.);
#5116=ORIENTED_EDGE('',*,*,#5115,.T.);
#5117=EDGE_LOOP('',(#5093,#5101,#5110,#5116));
#5118=FACE_OUTER_BOUND('',#5117,.T.);
#5119=ADVANCED_FACE('',(#5118),#5092,.T.);
#5120=CARTESIAN_POINT('',(0.0,-6.7,3.889949493661168));
#5121=DIRECTION('',(0.0,0.707106781186549,0.707106781186546));
#5122=DIRECTION('',(1.0,0.0,0.0));
#5123=AXIS2_PLACEMENT_3D('',#5120,#5121,#5122);
#5124=PLANE('',#5123);
#5125=ORIENTED_EDGE('',*,*,#5115,.F.);
#5126=CARTESIAN_POINT('',(9.000000000000002,-6.417157287525384,3.607106781186549));
#5127=VERTEX_POINT('',#5126);
#5128=CARTESIAN_POINT('',(9.000000000000002,-6.417157287525383,3.607106781186549));
#5129=DIRECTION('',(0.0,-0.70710678118655,0.707106781186545));
#5130=VECTOR('',#5129,0.099999999999998);
#5131=LINE('',#5128,#5130);
#5132=EDGE_CURVE('',#5127,#5103,#5131,.T.);
#5133=ORIENTED_EDGE('',*,*,#5132,.F.);
#5134=CARTESIAN_POINT('',(9.5,-6.417157287525383,3.607106781186549));
#5135=DIRECTION('',(-1.0,0.0,0.0));
#5136=VECTOR('',#5135,0.499999999999998);
#5137=LINE('',#5134,#5136);
#5138=EDGE_CURVE('',#4181,#5127,#5137,.T.);
#5139=ORIENTED_EDGE('',*,*,#5138,.F.);
#5140=ORIENTED_EDGE('',*,*,#4186,.F.);
#5141=EDGE_LOOP('',(#5125,#5133,#5139,#5140));
#5142=FACE_OUTER_BOUND('',#5141,.T.);
#5143=ADVANCED_FACE('',(#5142),#5124,.F.);
#5144=CARTESIAN_POINT('',(0.0,-6.205025253169419,3.819238815542513));
#5145=DIRECTION('',(1.0,0.0,0.0));
#5146=DIRECTION('',(0.0,0.0,-1.0));
#5147=AXIS2_PLACEMENT_3D('',#5144,#5145,#5146);
#5148=CYLINDRICAL_SURFACE('',#5147,0.3);
#5149=ORIENTED_EDGE('',*,*,#4195,.T.);
#5150=ORIENTED_EDGE('',*,*,#5138,.T.);
#5151=CARTESIAN_POINT('',(9.000000000000002,-5.992893218813453,3.607106781186547));
#5152=VERTEX_POINT('',#5151);
#5153=CARTESIAN_POINT('',(9.000000000000002,-6.205025253169419,3.819238815542513));
#5154=DIRECTION('',(1.0,0.0,0.0));
#5155=DIRECTION('',(0.0,0.0,-1.0));
#5156=AXIS2_PLACEMENT_3D('',#5153,#5154,#5155);
#5157=CIRCLE('',#5156,0.3);
#5158=EDGE_CURVE('',#5127,#5152,#5157,.T.);
#5159=ORIENTED_EDGE('',*,*,#5158,.T.);
#5160=CARTESIAN_POINT('',(9.000000000000002,-5.992893218813454,3.607106781186547));
#5161=DIRECTION('',(1.0,0.0,0.0));
#5162=VECTOR('',#5161,0.5);
#5163=LINE('',#5160,#5162);
#5164=EDGE_CURVE('',#5152,#4189,#5163,.T.);
#5165=ORIENTED_EDGE('',*,*,#5164,.T.);
#5166=EDGE_LOOP('',(#5149,#5150,#5159,#5165));
#5167=FACE_OUTER_BOUND('',#5166,.T.);
#5168=ADVANCED_FACE('',(#5167),#5148,.T.);
#5169=CARTESIAN_POINT('',(0.0,-5.300000000000001,2.199999999999999));
#5170=DIRECTION('',(1.0,0.0,0.0));
#5171=DIRECTION('',(0.0,-0.707106781186548,0.707106781186547));
#5172=AXIS2_PLACEMENT_3D('',#5169,#5170,#5171);
#5173=CYLINDRICAL_SURFACE('',#5172,0.3);
#5174=ORIENTED_EDGE('',*,*,#4246,.T.);
#5175=ORIENTED_EDGE('',*,*,#4846,.T.);
#5176=CARTESIAN_POINT('',(9.000000000000002,-5.600000000000001,2.199999999999999));
#5177=VERTEX_POINT('',#5176);
#5178=CARTESIAN_POINT('',(9.000000000000002,-5.300000000000001,2.199999999999999));
#5179=DIRECTION('',(1.0,0.0,0.0));
#5180=DIRECTION('',(0.0,-0.707106781186548,0.707106781186547));
#5181=AXIS2_PLACEMENT_3D('',#5178,#5179,#5180);
#5182=CIRCLE('',#5181,0.3);
#5183=EDGE_CURVE('',#4835,#5177,#5182,.T.);
#5184=ORIENTED_EDGE('',*,*,#5183,.T.);
#5185=CARTESIAN_POINT('',(9.000000000000002,-5.600000000000001,2.199999999999999));
#5186=DIRECTION('',(1.0,0.0,0.0));
#5187=VECTOR('',#5186,0.5);
#5188=LINE('',#5185,#5187);
#5189=EDGE_CURVE('',#5177,#4240,#5188,.T.);
#5190=ORIENTED_EDGE('',*,*,#5189,.T.);
#5191=EDGE_LOOP('',(#5174,#5175,#5184,#5190));
#5192=FACE_OUTER_BOUND('',#5191,.T.);
#5193=ADVANCED_FACE('',(#5192),#5173,.T.);
#5194=CARTESIAN_POINT('',(0.0,-5.600000000000001,2.5));
#5195=DIRECTION('',(0.0,1.0,0.0));
#5196=DIRECTION('',(0.0,0.0,1.0));
#5197=AXIS2_PLACEMENT_3D('',#5194,#5195,#5196);
#5198=PLANE('',#5197);
#5199=ORIENTED_EDGE('',*,*,#5189,.F.);
#5200=CARTESIAN_POINT('',(9.000000000000002,-5.600000000000001,-2.199999999999999));
#5201=VERTEX_POINT('',#5200);
#5202=CARTESIAN_POINT('',(9.000000000000002,-5.600000000000001,-2.199999999999998));
#5203=DIRECTION('',(0.0,0.0,1.0));
#5204=VECTOR('',#5203,4.399999999999998);
#5205=LINE('',#5202,#5204);
#5206=EDGE_CURVE('',#5201,#5177,#5205,.T.);
#5207=ORIENTED_EDGE('',*,*,#5206,.F.);
#5208=CARTESIAN_POINT('',(9.500000000000002,-5.600000000000001,-2.199999999999999));
#5209=DIRECTION('',(-1.0,0.0,0.0));
#5210=VECTOR('',#5209,0.5);
#5211=LINE('',#5208,#5210);
#5212=EDGE_CURVE('',#4249,#5201,#5211,.T.);
#5213=ORIENTED_EDGE('',*,*,#5212,.F.);
#5214=ORIENTED_EDGE('',*,*,#4254,.F.);
#5215=EDGE_LOOP('',(#5199,#5207,#5213,#5214));
#5216=FACE_OUTER_BOUND('',#5215,.T.);
#5217=ADVANCED_FACE('',(#5216),#5198,.F.);
#5218=CARTESIAN_POINT('',(0.0,-5.300000000000001,-2.199999999999999));
#5219=DIRECTION('',(1.0,0.0,0.0));
#5220=DIRECTION('',(0.0,-0.707106781186547,-0.707106781186547));
#5221=AXIS2_PLACEMENT_3D('',#5218,#5219,#5220);
#5222=CYLINDRICAL_SURFACE('',#5221,0.3);
#5223=ORIENTED_EDGE('',*,*,#4263,.T.);
#5224=ORIENTED_EDGE('',*,*,#5212,.T.);
#5225=CARTESIAN_POINT('',(9.000000000000002,-5.300000000000001,-2.5));
#5226=VERTEX_POINT('',#5225);
#5227=CARTESIAN_POINT('',(9.000000000000002,-5.300000000000001,-2.199999999999999));
#5228=DIRECTION('',(1.0,0.0,0.0));
#5229=DIRECTION('',(0.0,-0.707106781186547,-0.707106781186547));
#5230=AXIS2_PLACEMENT_3D('',#5227,#5228,#5229);
#5231=CIRCLE('',#5230,0.3);
#5232=EDGE_CURVE('',#5201,#5226,#5231,.T.);
#5233=ORIENTED_EDGE('',*,*,#5232,.T.);
#5234=CARTESIAN_POINT('',(9.000000000000002,-5.300000000000001,-2.5));
#5235=DIRECTION('',(1.0,0.0,0.0));
#5236=VECTOR('',#5235,0.499999999999998);
#5237=LINE('',#5234,#5236);
#5238=EDGE_CURVE('',#5226,#4257,#5237,.T.);
#5239=ORIENTED_EDGE('',*,*,#5238,.T.);
#5240=EDGE_LOOP('',(#5223,#5224,#5233,#5239));
#5241=FACE_OUTER_BOUND('',#5240,.T.);
#5242=ADVANCED_FACE('',(#5241),#5222,.T.);
#5243=CARTESIAN_POINT('',(0.0,-1.8,-2.8));
#5244=DIRECTION('',(1.0,0.0,0.0));
#5245=DIRECTION('',(0.0,0.707106781186547,0.707106781186547));
#5246=AXIS2_PLACEMENT_3D('',#5243,#5244,#5245);
#5247=CYLINDRICAL_SURFACE('',#5246,0.3);
#5248=CARTESIAN_POINT('',(9.0,-1.8,-2.5));
#5249=VERTEX_POINT('',#5248);
#5250=CARTESIAN_POINT('',(9.0,-1.5,-2.8));
#5251=VERTEX_POINT('',#5250);
#5252=CARTESIAN_POINT('',(9.000000000000002,-1.8,-2.8));
#5253=DIRECTION('',(-1.0,0.0,0.0));
#5254=DIRECTION('',(0.0,0.707106781186547,0.707106781186547));
#5255=AXIS2_PLACEMENT_3D('',#5252,#5253,#5254);
#5256=CIRCLE('',#5255,0.3);
#5257=EDGE_CURVE('',#5249,#5251,#5256,.T.);
#5258=ORIENTED_EDGE('',*,*,#5257,.T.);
#5259=CARTESIAN_POINT('',(9.0,-1.5,-2.8));
#5260=DIRECTION('',(1.0,0.0,0.0));
#5261=VECTOR('',#5260,0.500000000000002);
#5262=LINE('',#5259,#5261);
#5263=EDGE_CURVE('',#5251,#4274,#5262,.T.);
#5264=ORIENTED_EDGE('',*,*,#5263,.T.);
#5265=ORIENTED_EDGE('',*,*,#4280,.T.);
#5266=CARTESIAN_POINT('',(9.500000000000002,-1.8,-2.5));
#5267=DIRECTION('',(-1.0,0.0,0.0));
#5268=VECTOR('',#5267,0.500000000000002);
#5269=LINE('',#5266,#5268);
#5270=EDGE_CURVE('',#4266,#5249,#5269,.T.);
#5271=ORIENTED_EDGE('',*,*,#5270,.T.);
#5272=EDGE_LOOP('',(#5258,#5264,#5265,#5271));
#5273=FACE_OUTER_BOUND('',#5272,.T.);
#5274=ADVANCED_FACE('',(#5273),#5247,.F.);
#5275=CARTESIAN_POINT('',(0.0,-1.5,-2.5));
#5276=DIRECTION('',(0.0,1.0,0.0));
#5277=DIRECTION('',(0.0,0.0,1.0));
#5278=AXIS2_PLACEMENT_3D('',#5275,#5276,#5277);
#5279=PLANE('',#5278);
#5280=ORIENTED_EDGE('',*,*,#3976,.F.);
#5281=ORIENTED_EDGE('',*,*,#4286,.F.);
#5282=ORIENTED_EDGE('',*,*,#5263,.F.);
#5283=CARTESIAN_POINT('',(9.0,-1.5,-3.700000000000001));
#5284=DIRECTION('',(0.0,0.0,1.0));
#5285=VECTOR('',#5284,0.900000000000001);
#5286=LINE('',#5283,#5285);
#5287=EDGE_CURVE('',#3945,#5251,#5286,.T.);
#5288=ORIENTED_EDGE('',*,*,#5287,.F.);
#5289=EDGE_LOOP('',(#5280,#5281,#5282,#5288));
#5290=FACE_OUTER_BOUND('',#5289,.T.);
#5291=ADVANCED_FACE('',(#5290),#5279,.F.);
#5292=CARTESIAN_POINT('',(0.0,-5.300000000000001,-4.9));
#5293=DIRECTION('',(1.0,0.0,0.0));
#5294=DIRECTION('',(0.0,0.707106781186547,0.707106781186547));
#5295=AXIS2_PLACEMENT_3D('',#5292,#5293,#5294);
#5296=CYLINDRICAL_SURFACE('',#5295,0.3);
#5297=CARTESIAN_POINT('',(9.000000000000002,-5.300000000000001,-4.600000000000001));
#5298=VERTEX_POINT('',#5297);
#5299=CARTESIAN_POINT('',(9.000000000000002,-5.0,-4.9));
#5300=VERTEX_POINT('',#5299);
#5301=CARTESIAN_POINT('',(9.000000000000002,-5.300000000000001,-4.9));
#5302=DIRECTION('',(-1.0,0.0,0.0));
#5303=DIRECTION('',(0.0,0.707106781186547,0.707106781186547));
#5304=AXIS2_PLACEMENT_3D('',#5301,#5302,#5303);
#5305=CIRCLE('',#5304,0.3);
#5306=EDGE_CURVE('',#5298,#5300,#5305,.T.);
#5307=ORIENTED_EDGE('',*,*,#5306,.T.);
#5308=CARTESIAN_POINT('',(9.000000000000002,-5.0,-4.9));
#5309=DIRECTION('',(1.0,0.0,0.0));
#5310=VECTOR('',#5309,0.5);
#5311=LINE('',#5308,#5310);
#5312=EDGE_CURVE('',#5300,#4344,#5311,.T.);
#5313=ORIENTED_EDGE('',*,*,#5312,.T.);
#5314=ORIENTED_EDGE('',*,*,#4350,.T.);
#5315=CARTESIAN_POINT('',(9.5,-5.300000000000001,-4.6));
#5316=DIRECTION('',(-1.0,0.0,0.0));
#5317=VECTOR('',#5316,0.499999999999998);
#5318=LINE('',#5315,#5317);
#5319=EDGE_CURVE('',#4336,#5298,#5318,.T.);
#5320=ORIENTED_EDGE('',*,*,#5319,.T.);
#5321=EDGE_LOOP('',(#5307,#5313,#5314,#5320));
#5322=FACE_OUTER_BOUND('',#5321,.T.);
#5323=ADVANCED_FACE('',(#5322),#5296,.F.);
#5324=CARTESIAN_POINT('',(0.0,-5.0,-4.6));
#5325=DIRECTION('',(0.0,1.0,0.0));
#5326=DIRECTION('',(0.0,0.0,1.0));
#5327=AXIS2_PLACEMENT_3D('',#5324,#5325,#5326);
#5328=PLANE('',#5327);
#5329=ORIENTED_EDGE('',*,*,#5312,.F.);
#5330=CARTESIAN_POINT('',(9.000000000000002,-5.0,-5.1));
#5331=VERTEX_POINT('',#5330);
#5332=CARTESIAN_POINT('',(9.000000000000002,-5.0,-5.1));
#5333=DIRECTION('',(0.0,0.0,1.0));
#5334=VECTOR('',#5333,0.199999999999999);
#5335=LINE('',#5332,#5334);
#5336=EDGE_CURVE('',#5331,#5300,#5335,.T.);
#5337=ORIENTED_EDGE('',*,*,#5336,.F.);
#5338=CARTESIAN_POINT('',(9.500000000000002,-5.0,-5.1));
#5339=DIRECTION('',(-1.0,0.0,0.0));
#5340=VECTOR('',#5339,0.5);
#5341=LINE('',#5338,#5340);
#5342=EDGE_CURVE('',#4353,#5331,#5341,.T.);
#5343=ORIENTED_EDGE('',*,*,#5342,.F.);
#5344=ORIENTED_EDGE('',*,*,#4358,.F.);
#5345=EDGE_LOOP('',(#5329,#5337,#5343,#5344));
#5346=FACE_OUTER_BOUND('',#5345,.T.);
#5347=ADVANCED_FACE('',(#5346),#5328,.F.);
#5348=CARTESIAN_POINT('',(0.0,-2.6,-6.3));
#5349=DIRECTION('',(1.0,0.0,0.0));
#5350=DIRECTION('',(0.0,0.707106781186547,0.707106781186547));
#5351=AXIS2_PLACEMENT_3D('',#5348,#5349,#5350);
#5352=CYLINDRICAL_SURFACE('',#5351,0.3);
#5353=CARTESIAN_POINT('',(9.000000000000002,-2.3,-6.3));
#5354=VERTEX_POINT('',#5353);
#5355=CARTESIAN_POINT('',(9.000000000000002,-2.6,-6.3));
#5356=DIRECTION('',(-1.0,0.0,0.0));
#5357=DIRECTION('',(0.0,0.707106781186547,0.707106781186547));
#5358=AXIS2_PLACEMENT_3D('',#5355,#5356,#5357);
#5359=CIRCLE('',#5358,0.3);
#5360=EDGE_CURVE('',#3516,#5354,#5359,.T.);
#5361=ORIENTED_EDGE('',*,*,#5360,.T.);
#5362=CARTESIAN_POINT('',(9.000000000000002,-2.299999999999999,-6.3));
#5363=DIRECTION('',(1.0,0.0,0.0));
#5364=VECTOR('',#5363,0.5);
#5365=LINE('',#5362,#5364);
#5366=EDGE_CURVE('',#5354,#4429,#5365,.T.);
#5367=ORIENTED_EDGE('',*,*,#5366,.T.);
#5368=ORIENTED_EDGE('',*,*,#4435,.T.);
#5369=ORIENTED_EDGE('',*,*,#3529,.T.);
#5370=EDGE_LOOP('',(#5361,#5367,#5368,#5369));
#5371=FACE_OUTER_BOUND('',#5370,.T.);
#5372=ADVANCED_FACE('',(#5371),#5352,.F.);
#5373=CARTESIAN_POINT('',(0.0,-2.299999999999999,-6.0));
#5374=DIRECTION('',(0.0,1.0,0.0));
#5375=DIRECTION('',(0.0,0.0,1.0));
#5376=AXIS2_PLACEMENT_3D('',#5373,#5374,#5375);
#5377=PLANE('',#5376);
#5378=ORIENTED_EDGE('',*,*,#5366,.F.);
#5379=CARTESIAN_POINT('',(9.000000000000002,-2.3,-8.200000000000001));
#5380=VERTEX_POINT('',#5379);
#5381=CARTESIAN_POINT('',(9.000000000000002,-2.300000000000001,-8.200000000000001));
#5382=DIRECTION('',(0.0,0.0,1.0));
#5383=VECTOR('',#5382,1.9);
#5384=LINE('',#5381,#5383);
#5385=EDGE_CURVE('',#5380,#5354,#5384,.T.);
#5386=ORIENTED_EDGE('',*,*,#5385,.F.);
#5387=CARTESIAN_POINT('',(9.500000000000002,-2.3,-8.200000000000001));
#5388=DIRECTION('',(-1.0,0.0,0.0));
#5389=VECTOR('',#5388,0.5);
#5390=LINE('',#5387,#5389);
#5391=EDGE_CURVE('',#4438,#5380,#5390,.T.);
#5392=ORIENTED_EDGE('',*,*,#5391,.F.);
#5393=ORIENTED_EDGE('',*,*,#4443,.F.);
#5394=EDGE_LOOP('',(#5378,#5386,#5392,#5393));
#5395=FACE_OUTER_BOUND('',#5394,.T.);
#5396=ADVANCED_FACE('',(#5395),#5377,.F.);
#5397=CARTESIAN_POINT('',(4.336809E-017,-2.0,-8.200000000000001));
#5398=DIRECTION('',(-1.0,0.0,0.0));
#5399=DIRECTION('',(0.0,-0.707106781186547,-0.707106781186547));
#5400=AXIS2_PLACEMENT_3D('',#5397,#5398,#5399);
#5401=CYLINDRICAL_SURFACE('',#5400,0.3);
#5402=ORIENTED_EDGE('',*,*,#4450,.T.);
#5403=ORIENTED_EDGE('',*,*,#5391,.T.);
#5404=CARTESIAN_POINT('',(9.000000000000002,-2.0,-8.200000000000001));
#5405=DIRECTION('',(1.0,0.0,0.0));
#5406=DIRECTION('',(0.0,-0.707106781186547,-0.707106781186547));
#5407=AXIS2_PLACEMENT_3D('',#5404,#5405,#5406);
#5408=CIRCLE('',#5407,0.3);
#5409=EDGE_CURVE('',#5380,#3007,#5408,.T.);
#5410=ORIENTED_EDGE('',*,*,#5409,.T.);
#5411=ORIENTED_EDGE('',*,*,#3012,.T.);
#5412=EDGE_LOOP('',(#5402,#5403,#5410,#5411));
#5413=FACE_OUTER_BOUND('',#5412,.T.);
#5414=ADVANCED_FACE('',(#5413),#5401,.T.);
#5415=CARTESIAN_POINT('',(0.0,-6.205025253169417,-3.819238815542513));
#5416=DIRECTION('',(1.0,0.0,0.0));
#5417=DIRECTION('',(0.0,0.0,1.0));
#5418=AXIS2_PLACEMENT_3D('',#5415,#5416,#5417);
#5419=CYLINDRICAL_SURFACE('',#5418,0.3);
#5420=ORIENTED_EDGE('',*,*,#4299,.T.);
#5421=ORIENTED_EDGE('',*,*,#3602,.T.);
#5422=CARTESIAN_POINT('',(9.000000000000002,-6.417157287525383,-3.607106781186549));
#5423=VERTEX_POINT('',#5422);
#5424=CARTESIAN_POINT('',(9.000000000000002,-6.205025253169417,-3.819238815542513));
#5425=DIRECTION('',(1.0,0.0,0.0));
#5426=DIRECTION('',(0.0,0.0,1.0));
#5427=AXIS2_PLACEMENT_3D('',#5424,#5425,#5426);
#5428=CIRCLE('',#5427,0.3);
#5429=EDGE_CURVE('',#3589,#5423,#5428,.T.);
#5430=ORIENTED_EDGE('',*,*,#5429,.T.);
#5431=CARTESIAN_POINT('',(9.000000000000002,-6.417157287525383,-3.607106781186549));
#5432=DIRECTION('',(1.0,0.0,0.0));
#5433=VECTOR('',#5432,0.499999999999998);
#5434=LINE('',#5431,#5433);
#5435=EDGE_CURVE('',#5423,#4293,#5434,.T.);
#5436=ORIENTED_EDGE('',*,*,#5435,.T.);
#5437=EDGE_LOOP('',(#5420,#5421,#5430,#5436));
#5438=FACE_OUTER_BOUND('',#5437,.T.);
#5439=ADVANCED_FACE('',(#5438),#5419,.T.);
#5440=CARTESIAN_POINT('',(0.0,-5.865685424949238,-4.300000000000001));
#5441=DIRECTION('',(1.0,0.0,0.0));
#5442=DIRECTION('',(0.0,-0.382683432365091,-0.923879532511286));
#5443=AXIS2_PLACEMENT_3D('',#5440,#5441,#5442);
#5444=CYLINDRICAL_SURFACE('',#5443,0.3);
#5445=ORIENTED_EDGE('',*,*,#4333,.T.);
#5446=CARTESIAN_POINT('',(9.000000000000002,-6.077817459305202,-4.512132034355965));
#5447=VERTEX_POINT('',#5446);
#5448=CARTESIAN_POINT('',(9.500000000000002,-6.077817459305202,-4.512132034355965));
#5449=DIRECTION('',(-1.0,0.0,0.0));
#5450=VECTOR('',#5449,0.5);
#5451=LINE('',#5448,#5450);
#5452=EDGE_CURVE('',#4319,#5447,#5451,.T.);
#5453=ORIENTED_EDGE('',*,*,#5452,.T.);
#5454=CARTESIAN_POINT('',(9.000000000000002,-5.865685424949238,-4.600000000000001));
#5455=VERTEX_POINT('',#5454);
#5456=CARTESIAN_POINT('',(9.000000000000002,-5.865685424949238,-4.300000000000001));
#5457=DIRECTION('',(1.0,0.0,0.0));
#5458=DIRECTION('',(0.0,-0.382683432365091,-0.923879532511286));
#5459=AXIS2_PLACEMENT_3D('',#5456,#5457,#5458);
#5460=CIRCLE('',#5459,0.3);
#5461=EDGE_CURVE('',#5447,#5455,#5460,.T.);
#5462=ORIENTED_EDGE('',*,*,#5461,.T.);
#5463=CARTESIAN_POINT('',(9.000000000000002,-5.865685424949238,-4.600000000000001));
#5464=DIRECTION('',(1.0,0.0,0.0));
#5465=VECTOR('',#5464,0.499999999999998);
#5466=LINE('',#5463,#5465);
#5467=EDGE_CURVE('',#5455,#4327,#5466,.T.);
#5468=ORIENTED_EDGE('',*,*,#5467,.T.);
#5469=EDGE_LOOP('',(#5445,#5453,#5462,#5468));
#5470=FACE_OUTER_BOUND('',#5469,.T.);
#5471=ADVANCED_FACE('',(#5470),#5444,.T.);
#5472=CARTESIAN_POINT('',(0.0,-6.7,-3.889949493661168));
#5473=DIRECTION('',(0.0,0.707106781186547,0.707106781186548));
#5474=DIRECTION('',(1.0,0.0,0.0));
#5475=AXIS2_PLACEMENT_3D('',#5472,#5473,#5474);
#5476=PLANE('',#5475);
#5477=ORIENTED_EDGE('',*,*,#5452,.F.);
#5478=ORIENTED_EDGE('',*,*,#4324,.F.);
#5479=CARTESIAN_POINT('',(9.000000000000002,-6.487867965644036,-4.102081528017133));
#5480=VERTEX_POINT('',#5479);
#5481=CARTESIAN_POINT('',(9.000000000000002,-6.487867965644036,-4.102081528017132));
#5482=DIRECTION('',(1.0,0.0,0.0));
#5483=VECTOR('',#5482,0.5);
#5484=LINE('',#5481,#5483);
#5485=EDGE_CURVE('',#5480,#4310,#5484,.T.);
#5486=ORIENTED_EDGE('',*,*,#5485,.F.);
#5487=CARTESIAN_POINT('',(9.000000000000002,-6.077817459305202,-4.512132034355966));
#5488=DIRECTION('',(0.0,-0.707106781186549,0.707106781186546));
#5489=VECTOR('',#5488,0.579898987322333);
#5490=LINE('',#5487,#5489);
#5491=EDGE_CURVE('',#5447,#5480,#5490,.T.);
#5492=ORIENTED_EDGE('',*,*,#5491,.F.);
#5493=EDGE_LOOP('',(#5477,#5478,#5486,#5492));
#5494=FACE_OUTER_BOUND('',#5493,.T.);
#5495=ADVANCED_FACE('',(#5494),#5476,.F.);
#5496=CARTESIAN_POINT('',(0.0,-6.275735931288072,-3.889949493661168));
#5497=DIRECTION('',(1.0,0.0,0.0));
#5498=DIRECTION('',(0.0,-1.0,0.0));
#5499=AXIS2_PLACEMENT_3D('',#5496,#5497,#5498);
#5500=CYLINDRICAL_SURFACE('',#5499,0.3);
#5501=ORIENTED_EDGE('',*,*,#4316,.T.);
#5502=CARTESIAN_POINT('',(9.000000000000002,-6.487867965644036,-3.677817459305203));
#5503=VERTEX_POINT('',#5502);
#5504=CARTESIAN_POINT('',(9.5,-6.487867965644036,-3.677817459305203));
#5505=DIRECTION('',(-1.0,0.0,0.0));
#5506=VECTOR('',#5505,0.499999999999998);
#5507=LINE('',#5504,#5506);
#5508=EDGE_CURVE('',#4302,#5503,#5507,.T.);
#5509=ORIENTED_EDGE('',*,*,#5508,.T.);
#5510=CARTESIAN_POINT('',(9.000000000000002,-6.275735931288072,-3.889949493661168));
#5511=DIRECTION('',(1.0,0.0,0.0));
#5512=DIRECTION('',(0.0,-1.0,0.0));
#5513=AXIS2_PLACEMENT_3D('',#5510,#5511,#5512);
#5514=CIRCLE('',#5513,0.3);
#5515=EDGE_CURVE('',#5503,#5480,#5514,.T.);
#5516=ORIENTED_EDGE('',*,*,#5515,.T.);
#5517=ORIENTED_EDGE('',*,*,#5485,.T.);
#5518=EDGE_LOOP('',(#5501,#5509,#5516,#5517));
#5519=FACE_OUTER_BOUND('',#5518,.T.);
#5520=ADVANCED_FACE('',(#5519),#5500,.T.);
#5521=CARTESIAN_POINT('',(0.0,-6.205025253169419,-3.394974746830584));
#5522=DIRECTION('',(0.0,0.707106781186549,-0.707106781186546));
#5523=DIRECTION('',(-1.0,0.0,0.0));
#5524=AXIS2_PLACEMENT_3D('',#5521,#5522,#5523);
#5525=PLANE('',#5524);
#5526=ORIENTED_EDGE('',*,*,#5435,.F.);
#5527=CARTESIAN_POINT('',(9.000000000000002,-6.487867965644036,-3.677817459305203));
#5528=DIRECTION('',(0.0,0.707106781186545,0.70710678118655));
#5529=VECTOR('',#5528,0.099999999999999);
#5530=LINE('',#5527,#5529);
#5531=EDGE_CURVE('',#5503,#5423,#5530,.T.);
#5532=ORIENTED_EDGE('',*,*,#5531,.F.);
#5533=ORIENTED_EDGE('',*,*,#5508,.F.);
#5534=ORIENTED_EDGE('',*,*,#4307,.F.);
#5535=EDGE_LOOP('',(#5526,#5532,#5533,#5534));
#5536=FACE_OUTER_BOUND('',#5535,.T.);
#5537=ADVANCED_FACE('',(#5536),#5525,.F.);
#5538=CARTESIAN_POINT('',(0.0,-5.300000000000001,-5.1));
#5539=DIRECTION('',(1.0,0.0,0.0));
#5540=DIRECTION('',(0.0,0.707106781186547,-0.707106781186547));
#5541=AXIS2_PLACEMENT_3D('',#5538,#5539,#5540);
#5542=CYLINDRICAL_SURFACE('',#5541,0.3);
#5543=CARTESIAN_POINT('',(9.000000000000002,-5.300000000000001,-5.4));
#5544=VERTEX_POINT('',#5543);
#5545=CARTESIAN_POINT('',(9.000000000000002,-5.300000000000001,-5.1));
#5546=DIRECTION('',(-1.0,0.0,0.0));
#5547=DIRECTION('',(0.0,0.707106781186547,-0.707106781186547));
#5548=AXIS2_PLACEMENT_3D('',#5545,#5546,#5547);
#5549=CIRCLE('',#5548,0.3);
#5550=EDGE_CURVE('',#5331,#5544,#5549,.T.);
#5551=ORIENTED_EDGE('',*,*,#5550,.T.);
#5552=CARTESIAN_POINT('',(9.000000000000002,-5.300000000000001,-5.4));
#5553=DIRECTION('',(1.0,0.0,0.0));
#5554=VECTOR('',#5553,0.499999999999998);
#5555=LINE('',#5552,#5554);
#5556=EDGE_CURVE('',#5544,#4361,#5555,.T.);
#5557=ORIENTED_EDGE('',*,*,#5556,.T.);
#5558=ORIENTED_EDGE('',*,*,#4367,.T.);
#5559=ORIENTED_EDGE('',*,*,#5342,.T.);
#5560=EDGE_LOOP('',(#5551,#5557,#5558,#5559));
#5561=FACE_OUTER_BOUND('',#5560,.T.);
#5562=ADVANCED_FACE('',(#5561),#5542,.F.);
#5563=CARTESIAN_POINT('',(0.0,-5.0,-5.4));
#5564=DIRECTION('',(0.0,0.0,-1.0));
#5565=DIRECTION('',(-1.0,0.0,0.0));
#5566=AXIS2_PLACEMENT_3D('',#5563,#5564,#5565);
#5567=PLANE('',#5566);
#5568=ORIENTED_EDGE('',*,*,#5556,.F.);
#5569=CARTESIAN_POINT('',(9.000000000000002,-5.865685424949239,-5.4));
#5570=VERTEX_POINT('',#5569);
#5571=CARTESIAN_POINT('',(9.000000000000002,-5.865685424949239,-5.4));
#5572=DIRECTION('',(0.0,1.0,0.0));
#5573=VECTOR('',#5572,0.565685424949238);
#5574=LINE('',#5571,#5573);
#5575=EDGE_CURVE('',#5570,#5544,#5574,.T.);
#5576=ORIENTED_EDGE('',*,*,#5575,.F.);
#5577=CARTESIAN_POINT('',(9.5,-5.865685424949239,-5.4));
#5578=DIRECTION('',(-1.0,0.0,0.0));
#5579=VECTOR('',#5578,0.499999999999998);
#5580=LINE('',#5577,#5579);
#5581=EDGE_CURVE('',#4370,#5570,#5580,.T.);
#5582=ORIENTED_EDGE('',*,*,#5581,.F.);
#5583=ORIENTED_EDGE('',*,*,#4375,.F.);
#5584=EDGE_LOOP('',(#5568,#5576,#5582,#5583));
#5585=FACE_OUTER_BOUND('',#5584,.T.);
#5586=ADVANCED_FACE('',(#5585),#5567,.F.);
#5587=CARTESIAN_POINT('',(0.0,-5.865685424949239,-5.700000000000001));
#5588=DIRECTION('',(1.0,0.0,0.0));
#5589=DIRECTION('',(0.0,-0.382683432365087,0.923879532511288));
#5590=AXIS2_PLACEMENT_3D('',#5587,#5588,#5589);
#5591=CYLINDRICAL_SURFACE('',#5590,0.3);
#5592=ORIENTED_EDGE('',*,*,#4384,.T.);
#5593=ORIENTED_EDGE('',*,*,#5581,.T.);
#5594=CARTESIAN_POINT('',(9.0,-6.077817459305202,-5.487867965644036));
#5595=VERTEX_POINT('',#5594);
#5596=CARTESIAN_POINT('',(9.000000000000002,-5.865685424949239,-5.700000000000001));
#5597=DIRECTION('',(1.0,0.0,0.0));
#5598=DIRECTION('',(0.0,-0.382683432365087,0.923879532511288));
#5599=AXIS2_PLACEMENT_3D('',#5596,#5597,#5598);
#5600=CIRCLE('',#5599,0.3);
#5601=EDGE_CURVE('',#5570,#5595,#5600,.T.);
#5602=ORIENTED_EDGE('',*,*,#5601,.T.);
#5603=CARTESIAN_POINT('',(9.0,-6.077817459305202,-5.487867965644036));
#5604=DIRECTION('',(1.0,0.0,0.0));
#5605=VECTOR('',#5604,0.5);
#5606=LINE('',#5603,#5605);
#5607=EDGE_CURVE('',#5595,#4378,#5606,.T.);
#5608=ORIENTED_EDGE('',*,*,#5607,.T.);
#5609=EDGE_LOOP('',(#5592,#5593,#5602,#5608));
#5610=FACE_OUTER_BOUND('',#5609,.T.);
#5611=ADVANCED_FACE('',(#5610),#5591,.T.);
#5612=CARTESIAN_POINT('',(0.0,-5.989949493661166,-5.4));
#5613=DIRECTION('',(0.0,0.707106781186549,-0.707106781186546));
#5614=DIRECTION('',(-1.0,0.0,0.0));
#5615=AXIS2_PLACEMENT_3D('',#5612,#5613,#5614);
#5616=PLANE('',#5615);
#5617=ORIENTED_EDGE('',*,*,#5607,.F.);
#5618=CARTESIAN_POINT('',(9.0,-6.487867965644036,-5.897918471982871));
#5619=VERTEX_POINT('',#5618);
#5620=CARTESIAN_POINT('',(9.0,-6.487867965644036,-5.897918471982872));
#5621=DIRECTION('',(0.0,0.707106781186547,0.707106781186548));
#5622=VECTOR('',#5621,0.579898987322334);
#5623=LINE('',#5620,#5622);
#5624=EDGE_CURVE('',#5619,#5595,#5623,.T.);
#5625=ORIENTED_EDGE('',*,*,#5624,.F.);
#5626=CARTESIAN_POINT('',(9.5,-6.487867965644036,-5.897918471982871));
#5627=DIRECTION('',(-1.0,0.0,0.0));
#5628=VECTOR('',#5627,0.5);
#5629=LINE('',#5626,#5628);
#5630=EDGE_CURVE('',#4387,#5619,#5629,.T.);
#5631=ORIENTED_EDGE('',*,*,#5630,.F.);
#5632=ORIENTED_EDGE('',*,*,#4392,.F.);
#5633=EDGE_LOOP('',(#5617,#5625,#5631,#5632));
#5634=FACE_OUTER_BOUND('',#5633,.T.);
#5635=ADVANCED_FACE('',(#5634),#5616,.F.);
#5636=CARTESIAN_POINT('',(0.0,-6.275735931288073,-6.110050506338834));
#5637=DIRECTION('',(1.0,0.0,0.0));
#5638=DIRECTION('',(0.0,-1.0,0.0));
#5639=AXIS2_PLACEMENT_3D('',#5636,#5637,#5638);
#5640=CYLINDRICAL_SURFACE('',#5639,0.3);
#5641=ORIENTED_EDGE('',*,*,#4401,.T.);
#5642=ORIENTED_EDGE('',*,*,#5630,.T.);
#5643=CARTESIAN_POINT('',(9.000000000000002,-6.487867965644036,-6.322182540694801));
#5644=VERTEX_POINT('',#5643);
#5645=CARTESIAN_POINT('',(9.000000000000002,-6.275735931288073,-6.110050506338834));
#5646=DIRECTION('',(1.0,0.0,0.0));
#5647=DIRECTION('',(0.0,-1.0,0.0));
#5648=AXIS2_PLACEMENT_3D('',#5645,#5646,#5647);
#5649=CIRCLE('',#5648,0.3);
#5650=EDGE_CURVE('',#5619,#5644,#5649,.T.);
#5651=ORIENTED_EDGE('',*,*,#5650,.T.);
#5652=CARTESIAN_POINT('',(9.000000000000002,-6.487867965644036,-6.3221825406948));
#5653=DIRECTION('',(1.0,0.0,0.0));
#5654=VECTOR('',#5653,0.499999999999998);
#5655=LINE('',#5652,#5654);
#5656=EDGE_CURVE('',#5644,#4395,#5655,.T.);
#5657=ORIENTED_EDGE('',*,*,#5656,.T.);
#5658=EDGE_LOOP('',(#5641,#5642,#5651,#5657));
#5659=FACE_OUTER_BOUND('',#5658,.T.);
#5660=ADVANCED_FACE('',(#5659),#5640,.T.);
#5661=CARTESIAN_POINT('',(0.0,-6.205025253169417,-6.18076118445749));
#5662=DIRECTION('',(1.0,0.0,0.0));
#5663=DIRECTION('',(0.0,0.0,-1.0));
#5664=AXIS2_PLACEMENT_3D('',#5661,#5662,#5663);
#5665=CYLINDRICAL_SURFACE('',#5664,0.3);
#5666=ORIENTED_EDGE('',*,*,#4418,.T.);
#5667=CARTESIAN_POINT('',(9.000000000000002,-6.417157287525381,-6.392893218813454));
#5668=VERTEX_POINT('',#5667);
#5669=CARTESIAN_POINT('',(9.5,-6.417157287525381,-6.392893218813454));
#5670=DIRECTION('',(-1.0,0.0,0.0));
#5671=VECTOR('',#5670,0.499999999999998);
#5672=LINE('',#5669,#5671);
#5673=EDGE_CURVE('',#4404,#5668,#5672,.T.);
#5674=ORIENTED_EDGE('',*,*,#5673,.T.);
#5675=CARTESIAN_POINT('',(9.000000000000002,-5.992893218813452,-6.392893218813454));
#5676=VERTEX_POINT('',#5675);
#5677=CARTESIAN_POINT('',(9.000000000000002,-6.205025253169417,-6.18076118445749));
#5678=DIRECTION('',(1.0,0.0,0.0));
#5679=DIRECTION('',(0.0,0.0,-1.0));
#5680=AXIS2_PLACEMENT_3D('',#5677,#5678,#5679);
#5681=CIRCLE('',#5680,0.3);
#5682=EDGE_CURVE('',#5668,#5676,#5681,.T.);
#5683=ORIENTED_EDGE('',*,*,#5682,.T.);
#5684=CARTESIAN_POINT('',(9.000000000000002,-5.992893218813452,-6.392893218813454));
#5685=DIRECTION('',(1.0,0.0,0.0));
#5686=VECTOR('',#5685,0.499999999999998);
#5687=LINE('',#5684,#5686);
#5688=EDGE_CURVE('',#5676,#4412,#5687,.T.);
#5689=ORIENTED_EDGE('',*,*,#5688,.T.);
#5690=EDGE_LOOP('',(#5666,#5674,#5683,#5689));
#5691=FACE_OUTER_BOUND('',#5690,.T.);
#5692=ADVANCED_FACE('',(#5691),#5665,.T.);
#5693=CARTESIAN_POINT('',(0.0,-6.205025253169416,-6.605025253169419));
#5694=DIRECTION('',(0.0,-0.707106781186549,0.707106781186546));
#5695=DIRECTION('',(1.0,0.0,0.0));
#5696=AXIS2_PLACEMENT_3D('',#5693,#5694,#5695);
#5697=PLANE('',#5696);
#5698=ORIENTED_EDGE('',*,*,#3504,.F.);
#5699=ORIENTED_EDGE('',*,*,#4424,.F.);
#5700=ORIENTED_EDGE('',*,*,#5688,.F.);
#5701=CARTESIAN_POINT('',(9.000000000000002,-5.746446609406728,-6.146446609406728));
#5702=DIRECTION('',(0.0,-0.707106781186545,-0.70710678118655));
#5703=VECTOR('',#5702,0.348528137423855);
#5704=LINE('',#5701,#5703);
#5705=EDGE_CURVE('',#3473,#5676,#5704,.T.);
#5706=ORIENTED_EDGE('',*,*,#5705,.F.);
#5707=EDGE_LOOP('',(#5698,#5699,#5700,#5706));
#5708=FACE_OUTER_BOUND('',#5707,.T.);
#5709=ADVANCED_FACE('',(#5708),#5697,.F.);
#5710=CARTESIAN_POINT('',(0.0,-6.205025253169417,-6.18076118445749));
#5711=DIRECTION('',(1.0,0.0,0.0));
#5712=DIRECTION('',(0.0,0.0,-1.0));
#5713=AXIS2_PLACEMENT_3D('',#5710,#5711,#5712);
#5714=CYLINDRICAL_SURFACE('',#5713,0.3);
#5715=CARTESIAN_POINT('',(-9.000000000000002,-5.992893218813452,-6.392893218813454));
#5716=VERTEX_POINT('',#5715);
#5717=CARTESIAN_POINT('',(-9.000000000000002,-6.41715728752538,-6.392893218813454));
#5718=VERTEX_POINT('',#5717);
#5719=CARTESIAN_POINT('',(-9.0,-6.205025253169417,-6.18076118445749));
#5720=DIRECTION('',(-1.0,0.0,0.0));
#5721=DIRECTION('',(0.0,0.0,-1.0));
#5722=AXIS2_PLACEMENT_3D('',#5719,#5720,#5721);
#5723=CIRCLE('',#5722,0.3);
#5724=EDGE_CURVE('',#5716,#5718,#5723,.T.);
#5725=ORIENTED_EDGE('',*,*,#5724,.T.);
#5726=CARTESIAN_POINT('',(-9.5,-6.417157287525381,-6.392893218813454));
#5727=VERTEX_POINT('',#5726);
#5728=CARTESIAN_POINT('',(-9.000000000000002,-6.417157287525381,-6.392893218813454));
#5729=DIRECTION('',(-1.0,0.0,0.0));
#5730=VECTOR('',#5729,0.499999999999998);
#5731=LINE('',#5728,#5730);
#5732=EDGE_CURVE('',#5718,#5727,#5731,.T.);
#5733=ORIENTED_EDGE('',*,*,#5732,.T.);
#5734=CARTESIAN_POINT('',(-9.500000000000002,-5.992893218813451,-6.392893218813454));
#5735=VERTEX_POINT('',#5734);
#5736=CARTESIAN_POINT('',(-9.5,-6.205025253169417,-6.18076118445749));
#5737=DIRECTION('',(1.0,0.0,0.0));
#5738=DIRECTION('',(0.0,0.0,-1.0));
#5739=AXIS2_PLACEMENT_3D('',#5736,#5737,#5738);
#5740=CIRCLE('',#5739,0.3);
#5741=EDGE_CURVE('',#5727,#5735,#5740,.T.);
#5742=ORIENTED_EDGE('',*,*,#5741,.T.);
#5743=CARTESIAN_POINT('',(-9.500000000000002,-5.992893218813452,-6.392893218813454));
#5744=DIRECTION('',(1.0,0.0,0.0));
#5745=VECTOR('',#5744,0.5);
#5746=LINE('',#5743,#5745);
#5747=EDGE_CURVE('',#5735,#5716,#5746,.T.);
#5748=ORIENTED_EDGE('',*,*,#5747,.T.);
#5749=EDGE_LOOP('',(#5725,#5733,#5742,#5748));
#5750=FACE_OUTER_BOUND('',#5749,.T.);
#5751=ADVANCED_FACE('',(#5750),#5714,.T.);
#5752=CARTESIAN_POINT('',(-9.5,-7.0,0.0));
#5753=DIRECTION('',(-1.0,0.0,0.0));
#5754=DIRECTION('',(0.0,0.0,1.0));
#5755=AXIS2_PLACEMENT_3D('',#5752,#5753,#5754);
#5756=PLANE('',#5755);
#5757=ORIENTED_EDGE('',*,*,#3316,.F.);
#5758=ORIENTED_EDGE('',*,*,#3085,.T.);
#5759=CARTESIAN_POINT('',(-9.500000000000002,-2.3,-8.200000000000001));
#5760=VERTEX_POINT('',#5759);
#5761=CARTESIAN_POINT('',(-9.5,-2.0,-8.200000000000001));
#5762=DIRECTION('',(1.0,0.0,0.0));
#5763=DIRECTION('',(0.0,-0.707106781186547,-0.707106781186547));
#5764=AXIS2_PLACEMENT_3D('',#5761,#5762,#5763);
#5765=CIRCLE('',#5764,0.3);
#5766=EDGE_CURVE('',#5760,#3072,#5765,.T.);
#5767=ORIENTED_EDGE('',*,*,#5766,.F.);
#5768=CARTESIAN_POINT('',(-9.500000000000002,-2.3,-6.3));
#5769=VERTEX_POINT('',#5768);
#5770=CARTESIAN_POINT('',(-9.500000000000002,-2.300000000000001,-8.200000000000001));
#5771=DIRECTION('',(0.0,0.0,1.0));
#5772=VECTOR('',#5771,1.9);
#5773=LINE('',#5770,#5772);
#5774=EDGE_CURVE('',#5760,#5769,#5773,.T.);
#5775=ORIENTED_EDGE('',*,*,#5774,.T.);
#5776=CARTESIAN_POINT('',(-9.5,-2.6,-6.3));
#5777=DIRECTION('',(-1.0,0.0,0.0));
#5778=DIRECTION('',(0.0,0.707106781186547,0.707106781186547));
#5779=AXIS2_PLACEMENT_3D('',#5776,#5777,#5778);
#5780=CIRCLE('',#5779,0.3);
#5781=EDGE_CURVE('',#3881,#5769,#5780,.T.);
#5782=ORIENTED_EDGE('',*,*,#5781,.F.);
#5783=ORIENTED_EDGE('',*,*,#3886,.T.);
#5784=ORIENTED_EDGE('',*,*,#3846,.F.);
#5785=CARTESIAN_POINT('',(-9.500000000000002,-5.746446609406727,-6.146446609406729));
#5786=DIRECTION('',(0.0,-0.707106781186546,-0.707106781186549));
#5787=VECTOR('',#5786,0.348528137423854);
#5788=LINE('',#5785,#5787);
#5789=EDGE_CURVE('',#3838,#5735,#5788,.T.);
#5790=ORIENTED_EDGE('',*,*,#5789,.T.);
#5791=ORIENTED_EDGE('',*,*,#5741,.F.);
#5792=CARTESIAN_POINT('',(-9.5,-6.487867965644037,-6.322182540694801));
#5793=VERTEX_POINT('',#5792);
#5794=CARTESIAN_POINT('',(-9.5,-6.417157287525382,-6.392893218813455));
#5795=DIRECTION('',(0.0,-0.707106781186547,0.707106781186547));
#5796=VECTOR('',#5795,0.100000000000001);
#5797=LINE('',#5794,#5796);
#5798=EDGE_CURVE('',#5727,#5793,#5797,.T.);
#5799=ORIENTED_EDGE('',*,*,#5798,.T.);
#5800=CARTESIAN_POINT('',(-9.5,-6.487867965644036,-5.897918471982871));
#5801=VERTEX_POINT('',#5800);
#5802=CARTESIAN_POINT('',(-9.5,-6.275735931288073,-6.110050506338834));
#5803=DIRECTION('',(1.0,0.0,0.0));
#5804=DIRECTION('',(0.0,-1.0,0.0));
#5805=AXIS2_PLACEMENT_3D('',#5802,#5803,#5804);
#5806=CIRCLE('',#5805,0.3);
#5807=EDGE_CURVE('',#5801,#5793,#5806,.T.);
#5808=ORIENTED_EDGE('',*,*,#5807,.F.);
#5809=CARTESIAN_POINT('',(-9.5,-6.077817459305202,-5.487867965644036));
#5810=VERTEX_POINT('',#5809);
#5811=CARTESIAN_POINT('',(-9.5,-6.487867965644036,-5.897918471982872));
#5812=DIRECTION('',(0.0,0.707106781186546,0.707106781186549));
#5813=VECTOR('',#5812,0.579898987322334);
#5814=LINE('',#5811,#5813);
#5815=EDGE_CURVE('',#5801,#5810,#5814,.T.);
#5816=ORIENTED_EDGE('',*,*,#5815,.T.);
#5817=CARTESIAN_POINT('',(-9.500000000000002,-5.865685424949239,-5.4));
#5818=VERTEX_POINT('',#5817);
#5819=CARTESIAN_POINT('',(-9.5,-5.865685424949239,-5.700000000000001));
#5820=DIRECTION('',(1.0,0.0,0.0));
#5821=DIRECTION('',(0.0,-0.382683432365087,0.923879532511288));
#5822=AXIS2_PLACEMENT_3D('',#5819,#5820,#5821);
#5823=CIRCLE('',#5822,0.3);
#5824=EDGE_CURVE('',#5818,#5810,#5823,.T.);
#5825=ORIENTED_EDGE('',*,*,#5824,.F.);
#5826=CARTESIAN_POINT('',(-9.500000000000002,-5.300000000000001,-5.4));
#5827=VERTEX_POINT('',#5826);
#5828=CARTESIAN_POINT('',(-9.500000000000002,-5.865685424949239,-5.4));
#5829=DIRECTION('',(0.0,1.0,0.0));
#5830=VECTOR('',#5829,0.565685424949238);
#5831=LINE('',#5828,#5830);
#5832=EDGE_CURVE('',#5818,#5827,#5831,.T.);
#5833=ORIENTED_EDGE('',*,*,#5832,.T.);
#5834=CARTESIAN_POINT('',(-9.500000000000002,-5.0,-5.1));
#5835=VERTEX_POINT('',#5834);
#5836=CARTESIAN_POINT('',(-9.5,-5.300000000000001,-5.1));
#5837=DIRECTION('',(-1.0,0.0,0.0));
#5838=DIRECTION('',(0.0,0.707106781186547,-0.707106781186547));
#5839=AXIS2_PLACEMENT_3D('',#5836,#5837,#5838);
#5840=CIRCLE('',#5839,0.3);
#5841=EDGE_CURVE('',#5835,#5827,#5840,.T.);
#5842=ORIENTED_EDGE('',*,*,#5841,.F.);
#5843=CARTESIAN_POINT('',(-9.500000000000002,-5.0,-4.9));
#5844=VERTEX_POINT('',#5843);
#5845=CARTESIAN_POINT('',(-9.500000000000002,-5.0,-5.1));
#5846=DIRECTION('',(0.0,0.0,1.0));
#5847=VECTOR('',#5846,0.199999999999999);
#5848=LINE('',#5845,#5847);
#5849=EDGE_CURVE('',#5835,#5844,#5848,.T.);
#5850=ORIENTED_EDGE('',*,*,#5849,.T.);
#5851=CARTESIAN_POINT('',(-9.5,-5.300000000000001,-4.600000000000001));
#5852=VERTEX_POINT('',#5851);
#5853=CARTESIAN_POINT('',(-9.5,-5.300000000000001,-4.9));
#5854=DIRECTION('',(-1.0,0.0,0.0));
#5855=DIRECTION('',(0.0,0.707106781186547,0.707106781186547));
#5856=AXIS2_PLACEMENT_3D('',#5853,#5854,#5855);
#5857=CIRCLE('',#5856,0.3);
#5858=EDGE_CURVE('',#5852,#5844,#5857,.T.);
#5859=ORIENTED_EDGE('',*,*,#5858,.F.);
#5860=CARTESIAN_POINT('',(-9.5,-5.865685424949238,-4.600000000000001));
#5861=VERTEX_POINT('',#5860);
#5862=CARTESIAN_POINT('',(-9.5,-5.300000000000001,-4.6));
#5863=DIRECTION('',(0.0,-1.0,0.0));
#5864=VECTOR('',#5863,0.565685424949237);
#5865=LINE('',#5862,#5864);
#5866=EDGE_CURVE('',#5852,#5861,#5865,.T.);
#5867=ORIENTED_EDGE('',*,*,#5866,.T.);
#5868=CARTESIAN_POINT('',(-9.5,-6.077817459305202,-4.512132034355965));
#5869=VERTEX_POINT('',#5868);
#5870=CARTESIAN_POINT('',(-9.5,-5.865685424949238,-4.300000000000001));
#5871=DIRECTION('',(1.0,0.0,0.0));
#5872=DIRECTION('',(0.0,-0.382683432365091,-0.923879532511286));
#5873=AXIS2_PLACEMENT_3D('',#5870,#5871,#5872);
#5874=CIRCLE('',#5873,0.3);
#5875=EDGE_CURVE('',#5869,#5861,#5874,.T.);
#5876=ORIENTED_EDGE('',*,*,#5875,.F.);
#5877=CARTESIAN_POINT('',(-9.5,-6.487867965644036,-4.102081528017133));
#5878=VERTEX_POINT('',#5877);
#5879=CARTESIAN_POINT('',(-9.5,-6.077817459305202,-4.512132034355966));
#5880=DIRECTION('',(0.0,-0.707106781186547,0.707106781186547));
#5881=VECTOR('',#5880,0.579898987322333);
#5882=LINE('',#5879,#5881);
#5883=EDGE_CURVE('',#5869,#5878,#5882,.T.);
#5884=ORIENTED_EDGE('',*,*,#5883,.T.);
#5885=CARTESIAN_POINT('',(-9.500000000000002,-6.487867965644036,-3.677817459305203));
#5886=VERTEX_POINT('',#5885);
#5887=CARTESIAN_POINT('',(-9.5,-6.275735931288072,-3.889949493661168));
#5888=DIRECTION('',(1.0,0.0,0.0));
#5889=DIRECTION('',(0.0,-1.0,0.0));
#5890=AXIS2_PLACEMENT_3D('',#5887,#5888,#5889);
#5891=CIRCLE('',#5890,0.3);
#5892=EDGE_CURVE('',#5886,#5878,#5891,.T.);
#5893=ORIENTED_EDGE('',*,*,#5892,.F.);
#5894=CARTESIAN_POINT('',(-9.500000000000002,-6.417157287525383,-3.607106781186549));
#5895=VERTEX_POINT('',#5894);
#5896=CARTESIAN_POINT('',(-9.500000000000002,-6.487867965644036,-3.677817459305203));
#5897=DIRECTION('',(0.0,0.70710678118655,0.707106781186545));
#5898=VECTOR('',#5897,0.099999999999999);
#5899=LINE('',#5896,#5898);
#5900=EDGE_CURVE('',#5886,#5895,#5899,.T.);
#5901=ORIENTED_EDGE('',*,*,#5900,.T.);
#5902=CARTESIAN_POINT('',(-9.5,-6.205025253169417,-3.819238815542513));
#5903=DIRECTION('',(1.0,0.0,0.0));
#5904=DIRECTION('',(0.0,0.0,1.0));
#5905=AXIS2_PLACEMENT_3D('',#5902,#5903,#5904);
#5906=CIRCLE('',#5905,0.3);
#5907=EDGE_CURVE('',#3808,#5895,#5906,.T.);
#5908=ORIENTED_EDGE('',*,*,#5907,.F.);
#5909=ORIENTED_EDGE('',*,*,#3813,.T.);
#5910=ORIENTED_EDGE('',*,*,#3773,.F.);
#5911=CARTESIAN_POINT('',(-9.500000000000004,-1.800000000000001,-4.000000000000001));
#5912=VERTEX_POINT('',#5911);
#5913=CARTESIAN_POINT('',(-9.500000000000002,-5.392893218813454,-4.0));
#5914=DIRECTION('',(0.0,1.0,0.0));
#5915=VECTOR('',#5914,3.592893218813453);
#5916=LINE('',#5913,#5915);
#5917=EDGE_CURVE('',#3765,#5912,#5916,.T.);
#5918=ORIENTED_EDGE('',*,*,#5917,.T.);
#5919=CARTESIAN_POINT('',(-9.500000000000002,-1.5,-3.700000000000001));
#5920=VERTEX_POINT('',#5919);
#5921=CARTESIAN_POINT('',(-9.5,-1.800000000000001,-3.700000000000001));
#5922=DIRECTION('',(-1.0,0.0,0.0));
#5923=DIRECTION('',(0.0,0.707106781186547,-0.707106781186547));
#5924=AXIS2_PLACEMENT_3D('',#5921,#5922,#5923);
#5925=CIRCLE('',#5924,0.3);
#5926=EDGE_CURVE('',#5920,#5912,#5925,.T.);
#5927=ORIENTED_EDGE('',*,*,#5926,.F.);
#5928=CARTESIAN_POINT('',(-9.500000000000002,-1.5,-2.8));
#5929=VERTEX_POINT('',#5928);
#5930=CARTESIAN_POINT('',(-9.500000000000002,-1.5,-3.700000000000001));
#5931=DIRECTION('',(0.0,0.0,1.0));
#5932=VECTOR('',#5931,0.900000000000001);
#5933=LINE('',#5930,#5932);
#5934=EDGE_CURVE('',#5920,#5929,#5933,.T.);
#5935=ORIENTED_EDGE('',*,*,#5934,.T.);
#5936=CARTESIAN_POINT('',(-9.500000000000002,-1.8,-2.5));
#5937=VERTEX_POINT('',#5936);
#5938=CARTESIAN_POINT('',(-9.5,-1.8,-2.8));
#5939=DIRECTION('',(-1.0,0.0,0.0));
#5940=DIRECTION('',(0.0,0.707106781186547,0.707106781186547));
#5941=AXIS2_PLACEMENT_3D('',#5938,#5939,#5940);
#5942=CIRCLE('',#5941,0.3);
#5943=EDGE_CURVE('',#5937,#5929,#5942,.T.);
#5944=ORIENTED_EDGE('',*,*,#5943,.F.);
#5945=CARTESIAN_POINT('',(-9.5,-5.300000000000001,-2.5));
#5946=VERTEX_POINT('',#5945);
#5947=CARTESIAN_POINT('',(-9.500000000000002,-1.8,-2.500000000000001));
#5948=DIRECTION('',(0.0,-1.0,0.0));
#5949=VECTOR('',#5948,3.5);
#5950=LINE('',#5947,#5949);
#5951=EDGE_CURVE('',#5937,#5946,#5950,.T.);
#5952=ORIENTED_EDGE('',*,*,#5951,.T.);
#5953=CARTESIAN_POINT('',(-9.500000000000002,-5.600000000000001,-2.199999999999999));
#5954=VERTEX_POINT('',#5953);
#5955=CARTESIAN_POINT('',(-9.5,-5.300000000000001,-2.199999999999999));
#5956=DIRECTION('',(1.0,0.0,0.0));
#5957=DIRECTION('',(0.0,-0.707106781186547,-0.707106781186547));
#5958=AXIS2_PLACEMENT_3D('',#5955,#5956,#5957);
#5959=CIRCLE('',#5958,0.3);
#5960=EDGE_CURVE('',#5954,#5946,#5959,.T.);
#5961=ORIENTED_EDGE('',*,*,#5960,.F.);
#5962=CARTESIAN_POINT('',(-9.500000000000002,-5.600000000000001,2.199999999999999));
#5963=VERTEX_POINT('',#5962);
#5964=CARTESIAN_POINT('',(-9.500000000000002,-5.600000000000001,-2.199999999999998));
#5965=DIRECTION('',(0.0,0.0,1.0));
#5966=VECTOR('',#5965,4.399999999999998);
#5967=LINE('',#5964,#5966);
#5968=EDGE_CURVE('',#5954,#5963,#5967,.T.);
#5969=ORIENTED_EDGE('',*,*,#5968,.T.);
#5970=CARTESIAN_POINT('',(-9.500000000000002,-5.300000000000001,2.5));
#5971=VERTEX_POINT('',#5970);
#5972=CARTESIAN_POINT('',(-9.5,-5.300000000000001,2.199999999999999));
#5973=DIRECTION('',(1.0,0.0,0.0));
#5974=DIRECTION('',(0.0,-0.707106781186548,0.707106781186547));
#5975=AXIS2_PLACEMENT_3D('',#5972,#5973,#5974);
#5976=CIRCLE('',#5975,0.3);
#5977=EDGE_CURVE('',#5971,#5963,#5976,.T.);
#5978=ORIENTED_EDGE('',*,*,#5977,.F.);
#5979=CARTESIAN_POINT('',(-9.500000000000004,-1.8,2.5));
#5980=VERTEX_POINT('',#5979);
#5981=CARTESIAN_POINT('',(-9.500000000000002,-5.3,2.5));
#5982=DIRECTION('',(0.0,1.0,0.0));
#5983=VECTOR('',#5982,3.5);
#5984=LINE('',#5981,#5983);
#5985=EDGE_CURVE('',#5971,#5980,#5984,.T.);
#5986=ORIENTED_EDGE('',*,*,#5985,.T.);
#5987=CARTESIAN_POINT('',(-9.500000000000002,-1.5,2.8));
#5988=VERTEX_POINT('',#5987);
#5989=CARTESIAN_POINT('',(-9.5,-1.8,2.8));
#5990=DIRECTION('',(-1.0,0.0,0.0));
#5991=DIRECTION('',(0.0,0.707106781186547,-0.707106781186547));
#5992=AXIS2_PLACEMENT_3D('',#5989,#5990,#5991);
#5993=CIRCLE('',#5992,0.3);
#5994=EDGE_CURVE('',#5988,#5980,#5993,.T.);
#5995=ORIENTED_EDGE('',*,*,#5994,.F.);
#5996=CARTESIAN_POINT('',(-9.500000000000002,-1.5,3.7));
#5997=VERTEX_POINT('',#5996);
#5998=CARTESIAN_POINT('',(-9.500000000000002,-1.5,2.8));
#5999=DIRECTION('',(0.0,0.0,1.0));
#6000=VECTOR('',#5999,0.9);
#6001=LINE('',#5998,#6000);
#6002=EDGE_CURVE('',#5988,#5997,#6001,.T.);
#6003=ORIENTED_EDGE('',*,*,#6002,.T.);
#6004=CARTESIAN_POINT('',(-9.5,-1.800000000000001,3.7));
#6005=DIRECTION('',(-1.0,0.0,0.0));
#6006=DIRECTION('',(0.0,0.707106781186547,0.707106781186547));
#6007=AXIS2_PLACEMENT_3D('',#6004,#6005,#6006);
#6008=CIRCLE('',#6007,0.3);
#6009=EDGE_CURVE('',#3735,#5997,#6008,.T.);
#6010=ORIENTED_EDGE('',*,*,#6009,.F.);
#6011=ORIENTED_EDGE('',*,*,#3740,.T.);
#6012=ORIENTED_EDGE('',*,*,#3700,.F.);
#6013=CARTESIAN_POINT('',(-9.5,-5.992893218813454,3.607106781186548));
#6014=VERTEX_POINT('',#6013);
#6015=CARTESIAN_POINT('',(-9.5,-5.746446609406726,3.853553390593277));
#6016=DIRECTION('',(0.0,-0.707106781186548,-0.707106781186548));
#6017=VECTOR('',#6016,0.34852813742386);
#6018=LINE('',#6015,#6017);
#6019=EDGE_CURVE('',#3692,#6014,#6018,.T.);
#6020=ORIENTED_EDGE('',*,*,#6019,.T.);
#6021=CARTESIAN_POINT('',(-9.500000000000002,-6.417157287525384,3.607106781186549));
#6022=VERTEX_POINT('',#6021);
#6023=CARTESIAN_POINT('',(-9.5,-6.205025253169419,3.819238815542513));
#6024=DIRECTION('',(1.0,0.0,0.0));
#6025=DIRECTION('',(0.0,0.0,-1.0));
#6026=AXIS2_PLACEMENT_3D('',#6023,#6024,#6025);
#6027=CIRCLE('',#6026,0.3);
#6028=EDGE_CURVE('',#6022,#6014,#6027,.T.);
#6029=ORIENTED_EDGE('',*,*,#6028,.F.);
#6030=CARTESIAN_POINT('',(-9.500000000000002,-6.487867965644036,3.677817459305203));
#6031=VERTEX_POINT('',#6030);
#6032=CARTESIAN_POINT('',(-9.500000000000002,-6.417157287525384,3.607106781186549));
#6033=DIRECTION('',(0.0,-0.707106781186547,0.707106781186547));
#6034=VECTOR('',#6033,0.099999999999999);
#6035=LINE('',#6032,#6034);
#6036=EDGE_CURVE('',#6022,#6031,#6035,.T.);
#6037=ORIENTED_EDGE('',*,*,#6036,.T.);
#6038=CARTESIAN_POINT('',(-9.5,-6.487867965644036,4.102081528017132));
#6039=VERTEX_POINT('',#6038);
#6040=CARTESIAN_POINT('',(-9.5,-6.275735931288073,3.889949493661167));
#6041=DIRECTION('',(1.0,0.0,0.0));
#6042=DIRECTION('',(0.0,-1.0,0.0));
#6043=AXIS2_PLACEMENT_3D('',#6040,#6041,#6042);
#6044=CIRCLE('',#6043,0.3);
#6045=EDGE_CURVE('',#6039,#6031,#6044,.T.);
#6046=ORIENTED_EDGE('',*,*,#6045,.F.);
#6047=CARTESIAN_POINT('',(-9.5,-6.077817459305202,4.512132034355965));
#6048=VERTEX_POINT('',#6047);
#6049=CARTESIAN_POINT('',(-9.5,-6.487867965644036,4.102081528017132));
#6050=DIRECTION('',(0.0,0.707106781186549,0.707106781186546));
#6051=VECTOR('',#6050,0.579898987322333);
#6052=LINE('',#6049,#6051);
#6053=EDGE_CURVE('',#6039,#6048,#6052,.T.);
#6054=ORIENTED_EDGE('',*,*,#6053,.T.);
#6055=CARTESIAN_POINT('',(-9.500000000000002,-5.865685424949239,4.600000000000001));
#6056=VERTEX_POINT('',#6055);
#6057=CARTESIAN_POINT('',(-9.5,-5.865685424949239,4.299999999999999));
#6058=DIRECTION('',(1.0,0.0,0.0));
#6059=DIRECTION('',(0.0,-0.382683432365087,0.923879532511288));
#6060=AXIS2_PLACEMENT_3D('',#6057,#6058,#6059);
#6061=CIRCLE('',#6060,0.3);
#6062=EDGE_CURVE('',#6056,#6048,#6061,.T.);
#6063=ORIENTED_EDGE('',*,*,#6062,.F.);
#6064=CARTESIAN_POINT('',(-9.500000000000002,-5.300000000000001,4.6));
#6065=VERTEX_POINT('',#6064);
#6066=CARTESIAN_POINT('',(-9.500000000000002,-5.865685424949239,4.600000000000001));
#6067=DIRECTION('',(0.0,1.0,0.0));
#6068=VECTOR('',#6067,0.565685424949238);
#6069=LINE('',#6066,#6068);
#6070=EDGE_CURVE('',#6056,#6065,#6069,.T.);
#6071=ORIENTED_EDGE('',*,*,#6070,.T.);
#6072=CARTESIAN_POINT('',(-9.500000000000002,-5.0,4.9));
#6073=VERTEX_POINT('',#6072);
#6074=CARTESIAN_POINT('',(-9.5,-5.300000000000001,4.9));
#6075=DIRECTION('',(-1.0,0.0,0.0));
#6076=DIRECTION('',(0.0,0.707106781186547,-0.707106781186547));
#6077=AXIS2_PLACEMENT_3D('',#6074,#6075,#6076);
#6078=CIRCLE('',#6077,0.3);
#6079=EDGE_CURVE('',#6073,#6065,#6078,.T.);
#6080=ORIENTED_EDGE('',*,*,#6079,.F.);
#6081=CARTESIAN_POINT('',(-9.500000000000002,-5.0,5.1));
#6082=VERTEX_POINT('',#6081);
#6083=CARTESIAN_POINT('',(-9.500000000000002,-5.0,4.9));
#6084=DIRECTION('',(0.0,0.0,1.0));
#6085=VECTOR('',#6084,0.199999999999999);
#6086=LINE('',#6083,#6085);
#6087=EDGE_CURVE('',#6073,#6082,#6086,.T.);
#6088=ORIENTED_EDGE('',*,*,#6087,.T.);
#6089=CARTESIAN_POINT('',(-9.5,-5.300000000000001,5.4));
#6090=VERTEX_POINT('',#6089);
#6091=CARTESIAN_POINT('',(-9.5,-5.300000000000001,5.1));
#6092=DIRECTION('',(-1.0,0.0,0.0));
#6093=DIRECTION('',(0.0,0.707106781186547,0.707106781186547));
#6094=AXIS2_PLACEMENT_3D('',#6091,#6092,#6093);
#6095=CIRCLE('',#6094,0.3);
#6096=EDGE_CURVE('',#6090,#6082,#6095,.T.);
#6097=ORIENTED_EDGE('',*,*,#6096,.F.);
#6098=CARTESIAN_POINT('',(-9.5,-5.865685424949239,5.4));
#6099=VERTEX_POINT('',#6098);
#6100=CARTESIAN_POINT('',(-9.5,-5.300000000000001,5.4));
#6101=DIRECTION('',(0.0,-1.0,0.0));
#6102=VECTOR('',#6101,0.565685424949238);
#6103=LINE('',#6100,#6102);
#6104=EDGE_CURVE('',#6090,#6099,#6103,.T.);
#6105=ORIENTED_EDGE('',*,*,#6104,.T.);
#6106=CARTESIAN_POINT('',(-9.5,-6.077817459305203,5.487867965644036));
#6107=VERTEX_POINT('',#6106);
#6108=CARTESIAN_POINT('',(-9.5,-5.865685424949239,5.700000000000001));
#6109=DIRECTION('',(1.0,0.0,0.0));
#6110=DIRECTION('',(0.0,-0.382683432365087,-0.923879532511288));
#6111=AXIS2_PLACEMENT_3D('',#6108,#6109,#6110);
#6112=CIRCLE('',#6111,0.3);
#6113=EDGE_CURVE('',#6107,#6099,#6112,.T.);
#6114=ORIENTED_EDGE('',*,*,#6113,.F.);
#6115=CARTESIAN_POINT('',(-9.5,-6.487867965644037,5.897918471982871));
#6116=VERTEX_POINT('',#6115);
#6117=CARTESIAN_POINT('',(-9.5,-6.077817459305203,5.487867965644036));
#6118=DIRECTION('',(0.0,-0.707106781186547,0.707106781186548));
#6119=VECTOR('',#6118,0.579898987322336);
#6120=LINE('',#6117,#6119);
#6121=EDGE_CURVE('',#6107,#6116,#6120,.T.);
#6122=ORIENTED_EDGE('',*,*,#6121,.T.);
#6123=CARTESIAN_POINT('',(-9.5,-6.487867965644036,6.322182540694801));
#6124=VERTEX_POINT('',#6123);
#6125=CARTESIAN_POINT('',(-9.5,-6.275735931288073,6.110050506338835));
#6126=DIRECTION('',(1.0,0.0,0.0));
#6127=DIRECTION('',(0.0,-1.0,0.0));
#6128=AXIS2_PLACEMENT_3D('',#6125,#6126,#6127);
#6129=CIRCLE('',#6128,0.3);
#6130=EDGE_CURVE('',#6124,#6116,#6129,.T.);
#6131=ORIENTED_EDGE('',*,*,#6130,.F.);
#6132=CARTESIAN_POINT('',(-9.5,-6.417157287525381,6.392893218813454));
#6133=VERTEX_POINT('',#6132);
#6134=CARTESIAN_POINT('',(-9.5,-6.487867965644036,6.322182540694801));
#6135=DIRECTION('',(0.0,0.707106781186548,0.707106781186548));
#6136=VECTOR('',#6135,0.1);
#6137=LINE('',#6134,#6136);
#6138=EDGE_CURVE('',#6124,#6133,#6137,.T.);
#6139=ORIENTED_EDGE('',*,*,#6138,.T.);
#6140=CARTESIAN_POINT('',(-9.5,-6.205025253169417,6.18076118445749));
#6141=DIRECTION('',(1.0,0.0,0.0));
#6142=DIRECTION('',(0.0,0.0,1.0));
#6143=AXIS2_PLACEMENT_3D('',#6140,#6141,#6142);
#6144=CIRCLE('',#6143,0.3);
#6145=EDGE_CURVE('',#3662,#6133,#6144,.T.);
#6146=ORIENTED_EDGE('',*,*,#6145,.F.);
#6147=ORIENTED_EDGE('',*,*,#3667,.T.);
#6148=ORIENTED_EDGE('',*,*,#3627,.F.);
#6149=CARTESIAN_POINT('',(-9.500000000000004,-2.6,6.0));
#6150=VERTEX_POINT('',#6149);
#6151=CARTESIAN_POINT('',(-9.500000000000002,-5.392893218813453,6.000000000000001));
#6152=DIRECTION('',(0.0,1.0,0.0));
#6153=VECTOR('',#6152,2.792893218813453);
#6154=LINE('',#6151,#6153);
#6155=EDGE_CURVE('',#3619,#6150,#6154,.T.);
#6156=ORIENTED_EDGE('',*,*,#6155,.T.);
#6157=CARTESIAN_POINT('',(-9.500000000000002,-2.299999999999999,6.3));
#6158=VERTEX_POINT('',#6157);
#6159=CARTESIAN_POINT('',(-9.5,-2.6,6.3));
#6160=DIRECTION('',(-1.0,0.0,0.0));
#6161=DIRECTION('',(0.0,0.707106781186547,-0.707106781186547));
#6162=AXIS2_PLACEMENT_3D('',#6159,#6160,#6161);
#6163=CIRCLE('',#6162,0.3);
#6164=EDGE_CURVE('',#6158,#6150,#6163,.T.);
#6165=ORIENTED_EDGE('',*,*,#6164,.F.);
#6166=CARTESIAN_POINT('',(-9.500000000000002,-2.3,8.200000000000001));
#6167=VERTEX_POINT('',#6166);
#6168=CARTESIAN_POINT('',(-9.500000000000002,-2.299999999999999,6.3));
#6169=DIRECTION('',(0.0,0.0,1.0));
#6170=VECTOR('',#6169,1.9);
#6171=LINE('',#6168,#6170);
#6172=EDGE_CURVE('',#6158,#6167,#6171,.T.);
#6173=ORIENTED_EDGE('',*,*,#6172,.T.);
#6174=CARTESIAN_POINT('',(-9.5,-2.0,8.200000000000001));
#6175=DIRECTION('',(1.0,0.0,0.0));
#6176=DIRECTION('',(0.0,-0.707106781186547,0.707106781186547));
#6177=AXIS2_PLACEMENT_3D('',#6174,#6175,#6176);
#6178=CIRCLE('',#6177,0.3);
#6179=EDGE_CURVE('',#3207,#6167,#6178,.T.);
#6180=ORIENTED_EDGE('',*,*,#6179,.F.);
#6181=ORIENTED_EDGE('',*,*,#3212,.T.);
#6182=EDGE_LOOP('',(#5757,#5758,#5767,#5775,#5782,#5783,#5784,#5790,#5791,#5799,#5808,#5816,#5825,#5833,#5842,#5850,#5859,#5867,#5876,#5884,#5893,#5901,#5908,#5909,#5910,#5918,#5927,#5935,#5944,#5952,#5961,#5969,#5978,#5986,#5995,#6003,#6010,#6011,#6012,#6020,#6029,#6037,#6046,#6054,#6063,#6071,#6080,#6088,#6097,#6105,#6114,#6122,#6131,#6139,#6146,#6147,#6148,#6156,#6165,#6173,#6180,#6181));
#6183=FACE_OUTER_BOUND('',#6182,.T.);
#6184=CARTESIAN_POINT('',(-9.500000000000002,-2.3,-1.3));
#6185=VERTEX_POINT('',#6184);
#6186=CARTESIAN_POINT('',(-9.500000000000002,-2.3,1.3));
#6187=VERTEX_POINT('',#6186);
#6188=CARTESIAN_POINT('',(-9.500000000000002,-2.3,-1.3));
#6189=DIRECTION('',(0.0,0.0,1.0));
#6190=VECTOR('',#6189,2.6);
#6191=LINE('',#6188,#6190);
#6192=EDGE_CURVE('',#6185,#6187,#6191,.T.);
#6193=ORIENTED_EDGE('',*,*,#6192,.T.);
#6194=CARTESIAN_POINT('',(-9.500000000000004,-2.6,1.6));
#6195=VERTEX_POINT('',#6194);
#6196=CARTESIAN_POINT('',(-9.5,-2.6,1.3));
#6197=DIRECTION('',(-1.0,0.0,0.0));
#6198=DIRECTION('',(0.0,0.707106781186548,0.707106781186547));
#6199=AXIS2_PLACEMENT_3D('',#6196,#6197,#6198);
#6200=CIRCLE('',#6199,0.3);
#6201=EDGE_CURVE('',#6195,#6187,#6200,.T.);
#6202=ORIENTED_EDGE('',*,*,#6201,.F.);
#6203=CARTESIAN_POINT('',(-9.500000000000002,-3.999999999999999,1.6));
#6204=VERTEX_POINT('',#6203);
#6205=CARTESIAN_POINT('',(-9.500000000000004,-2.6,1.6));
#6206=DIRECTION('',(0.0,-1.0,0.0));
#6207=VECTOR('',#6206,1.4);
#6208=LINE('',#6205,#6207);
#6209=EDGE_CURVE('',#6195,#6204,#6208,.T.);
#6210=ORIENTED_EDGE('',*,*,#6209,.T.);
#6211=CARTESIAN_POINT('',(-9.500000000000002,-4.299999999999999,1.3));
#6212=VERTEX_POINT('',#6211);
#6213=CARTESIAN_POINT('',(-9.5,-3.999999999999999,1.3));
#6214=DIRECTION('',(-1.0,0.0,0.0));
#6215=DIRECTION('',(0.0,-0.707106781186547,0.707106781186547));
#6216=AXIS2_PLACEMENT_3D('',#6213,#6214,#6215);
#6217=CIRCLE('',#6216,0.3);
#6218=EDGE_CURVE('',#6212,#6204,#6217,.T.);
#6219=ORIENTED_EDGE('',*,*,#6218,.F.);
#6220=CARTESIAN_POINT('',(-9.500000000000002,-4.299999999999999,-1.3));
#6221=VERTEX_POINT('',#6220);
#6222=CARTESIAN_POINT('',(-9.500000000000002,-4.299999999999999,1.3));
#6223=DIRECTION('',(0.0,0.0,-1.0));
#6224=VECTOR('',#6223,2.6);
#6225=LINE('',#6222,#6224);
#6226=EDGE_CURVE('',#6212,#6221,#6225,.T.);
#6227=ORIENTED_EDGE('',*,*,#6226,.T.);
#6228=CARTESIAN_POINT('',(-9.500000000000002,-3.999999999999999,-1.6));
#6229=VERTEX_POINT('',#6228);
#6230=CARTESIAN_POINT('',(-9.5,-3.999999999999999,-1.3));
#6231=DIRECTION('',(-1.0,0.0,0.0));
#6232=DIRECTION('',(0.0,-0.707106781186548,-0.707106781186547));
#6233=AXIS2_PLACEMENT_3D('',#6230,#6231,#6232);
#6234=CIRCLE('',#6233,0.3);
#6235=EDGE_CURVE('',#6229,#6221,#6234,.T.);
#6236=ORIENTED_EDGE('',*,*,#6235,.F.);
#6237=CARTESIAN_POINT('',(-9.500000000000004,-2.6,-1.6));
#6238=VERTEX_POINT('',#6237);
#6239=CARTESIAN_POINT('',(-9.500000000000002,-3.999999999999999,-1.6));
#6240=DIRECTION('',(0.0,1.0,0.0));
#6241=VECTOR('',#6240,1.399999999999999);
#6242=LINE('',#6239,#6241);
#6243=EDGE_CURVE('',#6229,#6238,#6242,.T.);
#6244=ORIENTED_EDGE('',*,*,#6243,.T.);
#6245=CARTESIAN_POINT('',(-9.5,-2.6,-1.3));
#6246=DIRECTION('',(-1.0,0.0,0.0));
#6247=DIRECTION('',(0.0,0.707106781186547,-0.707106781186547));
#6248=AXIS2_PLACEMENT_3D('',#6245,#6246,#6247);
#6249=CIRCLE('',#6248,0.3);
#6250=EDGE_CURVE('',#6185,#6238,#6249,.T.);
#6251=ORIENTED_EDGE('',*,*,#6250,.F.);
#6252=EDGE_LOOP('',(#6193,#6202,#6210,#6219,#6227,#6236,#6244,#6251));
#6253=FACE_BOUND('',#6252,.T.);
#6254=ADVANCED_FACE('',(#6183,#6253),#5756,.T.);
#6255=CARTESIAN_POINT('',(0.0,-6.7,-6.110050506338837));
#6256=DIRECTION('',(0.0,0.707106781186546,0.707106781186549));
#6257=DIRECTION('',(1.0,0.0,0.0));
#6258=AXIS2_PLACEMENT_3D('',#6255,#6256,#6257);
#6259=PLANE('',#6258);
#6260=ORIENTED_EDGE('',*,*,#5732,.F.);
#6261=CARTESIAN_POINT('',(-9.000000000000002,-6.487867965644036,-6.322182540694799));
#6262=VERTEX_POINT('',#6261);
#6263=CARTESIAN_POINT('',(-9.000000000000002,-6.487867965644036,-6.322182540694799));
#6264=DIRECTION('',(0.0,0.707106781186552,-0.707106781186543));
#6265=VECTOR('',#6264,0.1);
#6266=LINE('',#6263,#6265);
#6267=EDGE_CURVE('',#6262,#5718,#6266,.T.);
#6268=ORIENTED_EDGE('',*,*,#6267,.F.);
#6269=CARTESIAN_POINT('',(-9.5,-6.487867965644036,-6.3221825406948));
#6270=DIRECTION('',(1.0,0.0,0.0));
#6271=VECTOR('',#6270,0.499999999999998);
#6272=LINE('',#6269,#6271);
#6273=EDGE_CURVE('',#5793,#6262,#6272,.T.);
#6274=ORIENTED_EDGE('',*,*,#6273,.F.);
#6275=ORIENTED_EDGE('',*,*,#5798,.F.);
#6276=EDGE_LOOP('',(#6260,#6268,#6274,#6275));
#6277=FACE_OUTER_BOUND('',#6276,.T.);
#6278=ADVANCED_FACE('',(#6277),#6259,.F.);
#6279=CARTESIAN_POINT('',(0.0,-6.275735931288073,-6.110050506338834));
#6280=DIRECTION('',(1.0,0.0,0.0));
#6281=DIRECTION('',(0.0,-1.0,0.0));
#6282=AXIS2_PLACEMENT_3D('',#6279,#6280,#6281);
#6283=CYLINDRICAL_SURFACE('',#6282,0.3);
#6284=CARTESIAN_POINT('',(-9.000000000000002,-6.487867965644036,-5.897918471982871));
#6285=VERTEX_POINT('',#6284);
#6286=CARTESIAN_POINT('',(-9.0,-6.275735931288073,-6.110050506338834));
#6287=DIRECTION('',(-1.0,0.0,0.0));
#6288=DIRECTION('',(0.0,-1.0,0.0));
#6289=AXIS2_PLACEMENT_3D('',#6286,#6287,#6288);
#6290=CIRCLE('',#6289,0.3);
#6291=EDGE_CURVE('',#6262,#6285,#6290,.T.);
#6292=ORIENTED_EDGE('',*,*,#6291,.T.);
#6293=CARTESIAN_POINT('',(-9.000000000000002,-6.487867965644036,-5.897918471982871));
#6294=DIRECTION('',(-1.0,0.0,0.0));
#6295=VECTOR('',#6294,0.499999999999998);
#6296=LINE('',#6293,#6295);
#6297=EDGE_CURVE('',#6285,#5801,#6296,.T.);
#6298=ORIENTED_EDGE('',*,*,#6297,.T.);
#6299=ORIENTED_EDGE('',*,*,#5807,.T.);
#6300=ORIENTED_EDGE('',*,*,#6273,.T.);
#6301=EDGE_LOOP('',(#6292,#6298,#6299,#6300));
#6302=FACE_OUTER_BOUND('',#6301,.T.);
#6303=ADVANCED_FACE('',(#6302),#6283,.T.);
#6304=CARTESIAN_POINT('',(0.0,-6.275735931288072,-3.889949493661168));
#6305=DIRECTION('',(1.0,0.0,0.0));
#6306=DIRECTION('',(0.0,-1.0,0.0));
#6307=AXIS2_PLACEMENT_3D('',#6304,#6305,#6306);
#6308=CYLINDRICAL_SURFACE('',#6307,0.3);
#6309=CARTESIAN_POINT('',(-9.000000000000002,-6.487867965644036,-4.102081528017133));
#6310=VERTEX_POINT('',#6309);
#6311=CARTESIAN_POINT('',(-9.000000000000002,-6.487867965644036,-3.677817459305204));
#6312=VERTEX_POINT('',#6311);
#6313=CARTESIAN_POINT('',(-9.0,-6.275735931288072,-3.889949493661168));
#6314=DIRECTION('',(-1.0,0.0,0.0));
#6315=DIRECTION('',(0.0,-1.0,0.0));
#6316=AXIS2_PLACEMENT_3D('',#6313,#6314,#6315);
#6317=CIRCLE('',#6316,0.3);
#6318=EDGE_CURVE('',#6310,#6312,#6317,.T.);
#6319=ORIENTED_EDGE('',*,*,#6318,.T.);
#6320=CARTESIAN_POINT('',(-9.000000000000002,-6.487867965644036,-3.677817459305203));
#6321=DIRECTION('',(-1.0,0.0,0.0));
#6322=VECTOR('',#6321,0.5);
#6323=LINE('',#6320,#6322);
#6324=EDGE_CURVE('',#6312,#5886,#6323,.T.);
#6325=ORIENTED_EDGE('',*,*,#6324,.T.);
#6326=ORIENTED_EDGE('',*,*,#5892,.T.);
#6327=CARTESIAN_POINT('',(-9.5,-6.487867965644036,-4.102081528017132));
#6328=DIRECTION('',(1.0,0.0,0.0));
#6329=VECTOR('',#6328,0.499999999999998);
#6330=LINE('',#6327,#6329);
#6331=EDGE_CURVE('',#5878,#6310,#6330,.T.);
#6332=ORIENTED_EDGE('',*,*,#6331,.T.);
#6333=EDGE_LOOP('',(#6319,#6325,#6326,#6332));
#6334=FACE_OUTER_BOUND('',#6333,.T.);
#6335=ADVANCED_FACE('',(#6334),#6308,.T.);
#6336=CARTESIAN_POINT('',(0.0,-6.205025253169419,-3.394974746830584));
#6337=DIRECTION('',(0.0,0.707106781186549,-0.707106781186546));
#6338=DIRECTION('',(-1.0,0.0,0.0));
#6339=AXIS2_PLACEMENT_3D('',#6336,#6337,#6338);
#6340=PLANE('',#6339);
#6341=ORIENTED_EDGE('',*,*,#6324,.F.);
#6342=CARTESIAN_POINT('',(-9.000000000000002,-6.417157287525383,-3.60710678118655));
#6343=VERTEX_POINT('',#6342);
#6344=CARTESIAN_POINT('',(-9.000000000000002,-6.417157287525384,-3.60710678118655));
#6345=DIRECTION('',(0.0,-0.707106781186547,-0.707106781186547));
#6346=VECTOR('',#6345,0.099999999999999);
#6347=LINE('',#6344,#6346);
#6348=EDGE_CURVE('',#6343,#6312,#6347,.T.);
#6349=ORIENTED_EDGE('',*,*,#6348,.F.);
#6350=CARTESIAN_POINT('',(-9.500000000000002,-6.417157287525383,-3.607106781186549));
#6351=DIRECTION('',(1.0,0.0,0.0));
#6352=VECTOR('',#6351,0.5);
#6353=LINE('',#6350,#6352);
#6354=EDGE_CURVE('',#5895,#6343,#6353,.T.);
#6355=ORIENTED_EDGE('',*,*,#6354,.F.);
#6356=ORIENTED_EDGE('',*,*,#5900,.F.);
#6357=EDGE_LOOP('',(#6341,#6349,#6355,#6356));
#6358=FACE_OUTER_BOUND('',#6357,.T.);
#6359=ADVANCED_FACE('',(#6358),#6340,.F.);
#6360=CARTESIAN_POINT('',(0.0,-6.205025253169417,-3.819238815542513));
#6361=DIRECTION('',(1.0,0.0,0.0));
#6362=DIRECTION('',(0.0,0.0,1.0));
#6363=AXIS2_PLACEMENT_3D('',#6360,#6361,#6362);
#6364=CYLINDRICAL_SURFACE('',#6363,0.3);
#6365=CARTESIAN_POINT('',(-9.0,-6.205025253169417,-3.819238815542513));
#6366=DIRECTION('',(-1.0,0.0,0.0));
#6367=DIRECTION('',(0.0,0.0,1.0));
#6368=AXIS2_PLACEMENT_3D('',#6365,#6366,#6367);
#6369=CIRCLE('',#6368,0.3);
#6370=EDGE_CURVE('',#6343,#3816,#6369,.T.);
#6371=ORIENTED_EDGE('',*,*,#6370,.T.);
#6372=ORIENTED_EDGE('',*,*,#3821,.T.);
#6373=ORIENTED_EDGE('',*,*,#5907,.T.);
#6374=ORIENTED_EDGE('',*,*,#6354,.T.);
#6375=EDGE_LOOP('',(#6371,#6372,#6373,#6374));
#6376=FACE_OUTER_BOUND('',#6375,.T.);
#6377=ADVANCED_FACE('',(#6376),#6364,.T.);
#6378=CARTESIAN_POINT('',(0.0,-6.205025253169419,3.819238815542513));
#6379=DIRECTION('',(1.0,0.0,0.0));
#6380=DIRECTION('',(0.0,0.0,-1.0));
#6381=AXIS2_PLACEMENT_3D('',#6378,#6379,#6380);
#6382=CYLINDRICAL_SURFACE('',#6381,0.3);
#6383=CARTESIAN_POINT('',(-9.000000000000002,-5.992893218813454,3.607106781186548));
#6384=VERTEX_POINT('',#6383);
#6385=CARTESIAN_POINT('',(-9.000000000000002,-6.417157287525384,3.607106781186549));
#6386=VERTEX_POINT('',#6385);
#6387=CARTESIAN_POINT('',(-9.0,-6.205025253169419,3.819238815542513));
#6388=DIRECTION('',(-1.0,0.0,0.0));
#6389=DIRECTION('',(0.0,0.0,-1.0));
#6390=AXIS2_PLACEMENT_3D('',#6387,#6388,#6389);
#6391=CIRCLE('',#6390,0.3);
#6392=EDGE_CURVE('',#6384,#6386,#6391,.T.);
#6393=ORIENTED_EDGE('',*,*,#6392,.T.);
#6394=CARTESIAN_POINT('',(-9.000000000000002,-6.417157287525383,3.607106781186549));
#6395=DIRECTION('',(-1.0,0.0,0.0));
#6396=VECTOR('',#6395,0.5);
#6397=LINE('',#6394,#6396);
#6398=EDGE_CURVE('',#6386,#6022,#6397,.T.);
#6399=ORIENTED_EDGE('',*,*,#6398,.T.);
#6400=ORIENTED_EDGE('',*,*,#6028,.T.);
#6401=CARTESIAN_POINT('',(-9.5,-5.992893218813454,3.607106781186547));
#6402=DIRECTION('',(1.0,0.0,0.0));
#6403=VECTOR('',#6402,0.499999999999998);
#6404=LINE('',#6401,#6403);
#6405=EDGE_CURVE('',#6014,#6384,#6404,.T.);
#6406=ORIENTED_EDGE('',*,*,#6405,.T.);
#6407=EDGE_LOOP('',(#6393,#6399,#6400,#6406));
#6408=FACE_OUTER_BOUND('',#6407,.T.);
#6409=ADVANCED_FACE('',(#6408),#6382,.T.);
#6410=CARTESIAN_POINT('',(0.0,-6.7,3.889949493661168));
#6411=DIRECTION('',(0.0,0.707106781186549,0.707106781186546));
#6412=DIRECTION('',(1.0,0.0,0.0));
#6413=AXIS2_PLACEMENT_3D('',#6410,#6411,#6412);
#6414=PLANE('',#6413);
#6415=ORIENTED_EDGE('',*,*,#6398,.F.);
#6416=CARTESIAN_POINT('',(-9.000000000000002,-6.487867965644036,3.677817459305204));
#6417=VERTEX_POINT('',#6416);
#6418=CARTESIAN_POINT('',(-9.000000000000002,-6.487867965644037,3.677817459305204));
#6419=DIRECTION('',(0.0,0.707106781186543,-0.707106781186552));
#6420=VECTOR('',#6419,0.099999999999998);
#6421=LINE('',#6418,#6420);
#6422=EDGE_CURVE('',#6417,#6386,#6421,.T.);
#6423=ORIENTED_EDGE('',*,*,#6422,.F.);
#6424=CARTESIAN_POINT('',(-9.500000000000002,-6.487867965644036,3.677817459305203));
#6425=DIRECTION('',(1.0,0.0,0.0));
#6426=VECTOR('',#6425,0.5);
#6427=LINE('',#6424,#6426);
#6428=EDGE_CURVE('',#6031,#6417,#6427,.T.);
#6429=ORIENTED_EDGE('',*,*,#6428,.F.);
#6430=ORIENTED_EDGE('',*,*,#6036,.F.);
#6431=EDGE_LOOP('',(#6415,#6423,#6429,#6430));
#6432=FACE_OUTER_BOUND('',#6431,.T.);
#6433=ADVANCED_FACE('',(#6432),#6414,.F.);
#6434=CARTESIAN_POINT('',(0.0,-6.275735931288073,3.889949493661167));
#6435=DIRECTION('',(1.0,0.0,0.0));
#6436=DIRECTION('',(0.0,-1.0,0.0));
#6437=AXIS2_PLACEMENT_3D('',#6434,#6435,#6436);
#6438=CYLINDRICAL_SURFACE('',#6437,0.3);
#6439=CARTESIAN_POINT('',(-9.000000000000002,-6.487867965644037,4.102081528017132));
#6440=VERTEX_POINT('',#6439);
#6441=CARTESIAN_POINT('',(-9.0,-6.275735931288073,3.889949493661167));
#6442=DIRECTION('',(-1.0,0.0,0.0));
#6443=DIRECTION('',(0.0,-1.0,0.0));
#6444=AXIS2_PLACEMENT_3D('',#6441,#6442,#6443);
#6445=CIRCLE('',#6444,0.3);
#6446=EDGE_CURVE('',#6417,#6440,#6445,.T.);
#6447=ORIENTED_EDGE('',*,*,#6446,.T.);
#6448=CARTESIAN_POINT('',(-9.000000000000002,-6.487867965644036,4.102081528017131));
#6449=DIRECTION('',(-1.0,0.0,0.0));
#6450=VECTOR('',#6449,0.499999999999998);
#6451=LINE('',#6448,#6450);
#6452=EDGE_CURVE('',#6440,#6039,#6451,.T.);
#6453=ORIENTED_EDGE('',*,*,#6452,.T.);
#6454=ORIENTED_EDGE('',*,*,#6045,.T.);
#6455=ORIENTED_EDGE('',*,*,#6428,.T.);
#6456=EDGE_LOOP('',(#6447,#6453,#6454,#6455));
#6457=FACE_OUTER_BOUND('',#6456,.T.);
#6458=ADVANCED_FACE('',(#6457),#6438,.T.);
#6459=CARTESIAN_POINT('',(0.0,-6.205025253169417,6.18076118445749));
#6460=DIRECTION('',(1.0,0.0,0.0));
#6461=DIRECTION('',(0.0,0.0,1.0));
#6462=AXIS2_PLACEMENT_3D('',#6459,#6460,#6461);
#6463=CYLINDRICAL_SURFACE('',#6462,0.3);
#6464=CARTESIAN_POINT('',(-9.000000000000002,-6.417157287525381,6.392893218813454));
#6465=VERTEX_POINT('',#6464);
#6466=CARTESIAN_POINT('',(-9.0,-6.205025253169417,6.18076118445749));
#6467=DIRECTION('',(-1.0,0.0,0.0));
#6468=DIRECTION('',(0.0,0.0,1.0));
#6469=AXIS2_PLACEMENT_3D('',#6466,#6467,#6468);
#6470=CIRCLE('',#6469,0.3);
#6471=EDGE_CURVE('',#6465,#3670,#6470,.T.);
#6472=ORIENTED_EDGE('',*,*,#6471,.T.);
#6473=ORIENTED_EDGE('',*,*,#3675,.T.);
#6474=ORIENTED_EDGE('',*,*,#6145,.T.);
#6475=CARTESIAN_POINT('',(-9.5,-6.417157287525381,6.392893218813454));
#6476=DIRECTION('',(1.0,0.0,0.0));
#6477=VECTOR('',#6476,0.499999999999998);
#6478=LINE('',#6475,#6477);
#6479=EDGE_CURVE('',#6133,#6465,#6478,.T.);
#6480=ORIENTED_EDGE('',*,*,#6479,.T.);
#6481=EDGE_LOOP('',(#6472,#6473,#6474,#6480));
#6482=FACE_OUTER_BOUND('',#6481,.T.);
#6483=ADVANCED_FACE('',(#6482),#6463,.T.);
#6484=CARTESIAN_POINT('',(0.0,-6.205025253169416,6.605025253169419));
#6485=DIRECTION('',(0.0,0.707106781186546,-0.707106781186549));
#6486=DIRECTION('',(-1.0,0.0,0.0));
#6487=AXIS2_PLACEMENT_3D('',#6484,#6485,#6486);
#6488=PLANE('',#6487);
#6489=ORIENTED_EDGE('',*,*,#6479,.F.);
#6490=ORIENTED_EDGE('',*,*,#6138,.F.);
#6491=CARTESIAN_POINT('',(-9.000000000000002,-6.487867965644036,6.3221825406948));
#6492=VERTEX_POINT('',#6491);
#6493=CARTESIAN_POINT('',(-9.000000000000002,-6.487867965644036,6.322182540694801));
#6494=DIRECTION('',(-1.0,0.0,0.0));
#6495=VECTOR('',#6494,0.499999999999998);
#6496=LINE('',#6493,#6495);
#6497=EDGE_CURVE('',#6492,#6124,#6496,.T.);
#6498=ORIENTED_EDGE('',*,*,#6497,.F.);
#6499=CARTESIAN_POINT('',(-9.000000000000002,-6.417157287525381,6.392893218813454));
#6500=DIRECTION('',(0.0,-0.707106781186552,-0.707106781186543));
#6501=VECTOR('',#6500,0.099999999999999);
#6502=LINE('',#6499,#6501);
#6503=EDGE_CURVE('',#6465,#6492,#6502,.T.);
#6504=ORIENTED_EDGE('',*,*,#6503,.F.);
#6505=EDGE_LOOP('',(#6489,#6490,#6498,#6504));
#6506=FACE_OUTER_BOUND('',#6505,.T.);
#6507=ADVANCED_FACE('',(#6506),#6488,.F.);
#6508=CARTESIAN_POINT('',(0.0,-6.275735931288073,6.110050506338835));
#6509=DIRECTION('',(1.0,0.0,0.0));
#6510=DIRECTION('',(0.0,-1.0,0.0));
#6511=AXIS2_PLACEMENT_3D('',#6508,#6509,#6510);
#6512=CYLINDRICAL_SURFACE('',#6511,0.3);
#6513=CARTESIAN_POINT('',(-9.000000000000002,-6.487867965644036,5.897918471982873));
#6514=VERTEX_POINT('',#6513);
#6515=CARTESIAN_POINT('',(-9.0,-6.275735931288073,6.110050506338835));
#6516=DIRECTION('',(-1.0,0.0,0.0));
#6517=DIRECTION('',(0.0,-1.0,0.0));
#6518=AXIS2_PLACEMENT_3D('',#6515,#6516,#6517);
#6519=CIRCLE('',#6518,0.3);
#6520=EDGE_CURVE('',#6514,#6492,#6519,.T.);
#6521=ORIENTED_EDGE('',*,*,#6520,.T.);
#6522=ORIENTED_EDGE('',*,*,#6497,.T.);
#6523=ORIENTED_EDGE('',*,*,#6130,.T.);
#6524=CARTESIAN_POINT('',(-9.5,-6.487867965644036,5.897918471982873));
#6525=DIRECTION('',(1.0,0.0,0.0));
#6526=VECTOR('',#6525,0.499999999999998);
#6527=LINE('',#6524,#6526);
#6528=EDGE_CURVE('',#6116,#6514,#6527,.T.);
#6529=ORIENTED_EDGE('',*,*,#6528,.T.);
#6530=EDGE_LOOP('',(#6521,#6522,#6523,#6529));
#6531=FACE_OUTER_BOUND('',#6530,.T.);
#6532=ADVANCED_FACE('',(#6531),#6512,.T.);
#6533=CARTESIAN_POINT('',(0.0,-6.7,6.110050506338837));
#6534=DIRECTION('',(0.0,0.707106781186549,0.707106781186546));
#6535=DIRECTION('',(1.0,0.0,0.0));
#6536=AXIS2_PLACEMENT_3D('',#6533,#6534,#6535);
#6537=PLANE('',#6536);
#6538=ORIENTED_EDGE('',*,*,#6528,.F.);
#6539=ORIENTED_EDGE('',*,*,#6121,.F.);
#6540=CARTESIAN_POINT('',(-9.000000000000002,-6.077817459305202,5.487867965644036));
#6541=VERTEX_POINT('',#6540);
#6542=CARTESIAN_POINT('',(-9.000000000000002,-6.077817459305202,5.487867965644036));
#6543=DIRECTION('',(-1.0,0.0,0.0));
#6544=VECTOR('',#6543,0.499999999999998);
#6545=LINE('',#6542,#6544);
#6546=EDGE_CURVE('',#6541,#6107,#6545,.T.);
#6547=ORIENTED_EDGE('',*,*,#6546,.F.);
#6548=CARTESIAN_POINT('',(-9.000000000000002,-6.487867965644037,5.897918471982873));
#6549=DIRECTION('',(0.0,0.707106781186546,-0.707106781186549));
#6550=VECTOR('',#6549,0.579898987322335);
#6551=LINE('',#6548,#6550);
#6552=EDGE_CURVE('',#6514,#6541,#6551,.T.);
#6553=ORIENTED_EDGE('',*,*,#6552,.F.);
#6554=EDGE_LOOP('',(#6538,#6539,#6547,#6553));
#6555=FACE_OUTER_BOUND('',#6554,.T.);
#6556=ADVANCED_FACE('',(#6555),#6537,.F.);
#6557=CARTESIAN_POINT('',(-2.711535E-017,-2.0,8.200000000000001));
#6558=DIRECTION('',(1.0,0.0,0.0));
#6559=DIRECTION('',(0.0,-0.707106781186547,0.707106781186547));
#6560=AXIS2_PLACEMENT_3D('',#6557,#6558,#6559);
#6561=CYLINDRICAL_SURFACE('',#6560,0.3);
#6562=ORIENTED_EDGE('',*,*,#6179,.T.);
#6563=CARTESIAN_POINT('',(-9.000000000000002,-2.3,8.200000000000001));
#6564=VERTEX_POINT('',#6563);
#6565=CARTESIAN_POINT('',(-9.500000000000002,-2.3,8.200000000000001));
#6566=DIRECTION('',(1.0,0.0,0.0));
#6567=VECTOR('',#6566,0.5);
#6568=LINE('',#6565,#6567);
#6569=EDGE_CURVE('',#6167,#6564,#6568,.T.);
#6570=ORIENTED_EDGE('',*,*,#6569,.T.);
#6571=CARTESIAN_POINT('',(-9.0,-2.0,8.200000000000001));
#6572=DIRECTION('',(-1.0,0.0,0.0));
#6573=DIRECTION('',(0.0,-0.707106781186547,0.707106781186547));
#6574=AXIS2_PLACEMENT_3D('',#6571,#6572,#6573);
#6575=CIRCLE('',#6574,0.3);
#6576=EDGE_CURVE('',#6564,#3215,#6575,.T.);
#6577=ORIENTED_EDGE('',*,*,#6576,.T.);
#6578=ORIENTED_EDGE('',*,*,#3220,.T.);
#6579=EDGE_LOOP('',(#6562,#6570,#6577,#6578));
#6580=FACE_OUTER_BOUND('',#6579,.T.);
#6581=ADVANCED_FACE('',(#6580),#6561,.T.);
#6582=CARTESIAN_POINT('',(0.0,-2.3,8.5));
#6583=DIRECTION('',(0.0,1.0,0.0));
#6584=DIRECTION('',(0.0,0.0,1.0));
#6585=AXIS2_PLACEMENT_3D('',#6582,#6583,#6584);
#6586=PLANE('',#6585);
#6587=ORIENTED_EDGE('',*,*,#6569,.F.);
#6588=ORIENTED_EDGE('',*,*,#6172,.F.);
#6589=CARTESIAN_POINT('',(-9.000000000000002,-2.3,6.3));
#6590=VERTEX_POINT('',#6589);
#6591=CARTESIAN_POINT('',(-9.000000000000002,-2.299999999999999,6.3));
#6592=DIRECTION('',(-1.0,0.0,0.0));
#6593=VECTOR('',#6592,0.5);
#6594=LINE('',#6591,#6593);
#6595=EDGE_CURVE('',#6590,#6158,#6594,.T.);
#6596=ORIENTED_EDGE('',*,*,#6595,.F.);
#6597=CARTESIAN_POINT('',(-9.000000000000002,-2.3,8.200000000000001));
#6598=DIRECTION('',(0.0,0.0,-1.0));
#6599=VECTOR('',#6598,1.9);
#6600=LINE('',#6597,#6599);
#6601=EDGE_CURVE('',#6564,#6590,#6600,.T.);
#6602=ORIENTED_EDGE('',*,*,#6601,.F.);
#6603=EDGE_LOOP('',(#6587,#6588,#6596,#6602));
#6604=FACE_OUTER_BOUND('',#6603,.T.);
#6605=ADVANCED_FACE('',(#6604),#6586,.F.);
#6606=CARTESIAN_POINT('',(4.336809E-017,-2.0,-8.200000000000001));
#6607=DIRECTION('',(-1.0,0.0,0.0));
#6608=DIRECTION('',(0.0,-0.707106781186547,-0.707106781186547));
#6609=AXIS2_PLACEMENT_3D('',#6606,#6607,#6608);
#6610=CYLINDRICAL_SURFACE('',#6609,0.3);
#6611=ORIENTED_EDGE('',*,*,#5766,.T.);
#6612=ORIENTED_EDGE('',*,*,#3077,.T.);
#6613=CARTESIAN_POINT('',(-9.000000000000002,-2.3,-8.200000000000001));
#6614=VERTEX_POINT('',#6613);
#6615=CARTESIAN_POINT('',(-9.0,-2.0,-8.200000000000001));
#6616=DIRECTION('',(-1.0,0.0,0.0));
#6617=DIRECTION('',(0.0,-0.707106781186547,-0.707106781186547));
#6618=AXIS2_PLACEMENT_3D('',#6615,#6616,#6617);
#6619=CIRCLE('',#6618,0.3);
#6620=EDGE_CURVE('',#3064,#6614,#6619,.T.);
#6621=ORIENTED_EDGE('',*,*,#6620,.T.);
#6622=CARTESIAN_POINT('',(-9.000000000000002,-2.3,-8.200000000000001));
#6623=DIRECTION('',(-1.0,0.0,0.0));
#6624=VECTOR('',#6623,0.5);
#6625=LINE('',#6622,#6624);
#6626=EDGE_CURVE('',#6614,#5760,#6625,.T.);
#6627=ORIENTED_EDGE('',*,*,#6626,.T.);
#6628=EDGE_LOOP('',(#6611,#6612,#6621,#6627));
#6629=FACE_OUTER_BOUND('',#6628,.T.);
#6630=ADVANCED_FACE('',(#6629),#6610,.T.);
#6631=CARTESIAN_POINT('',(0.0,-2.299999999999999,-6.0));
#6632=DIRECTION('',(0.0,1.0,0.0));
#6633=DIRECTION('',(0.0,0.0,1.0));
#6634=AXIS2_PLACEMENT_3D('',#6631,#6632,#6633);
#6635=PLANE('',#6634);
#6636=ORIENTED_EDGE('',*,*,#6626,.F.);
#6637=CARTESIAN_POINT('',(-9.000000000000002,-2.299999999999999,-6.3));
#6638=VERTEX_POINT('',#6637);
#6639=CARTESIAN_POINT('',(-9.000000000000002,-2.3,-6.300000000000001));
#6640=DIRECTION('',(0.0,0.0,-1.0));
#6641=VECTOR('',#6640,1.899999999999999);
#6642=LINE('',#6639,#6641);
#6643=EDGE_CURVE('',#6638,#6614,#6642,.T.);
#6644=ORIENTED_EDGE('',*,*,#6643,.F.);
#6645=CARTESIAN_POINT('',(-9.500000000000002,-2.299999999999999,-6.3));
#6646=DIRECTION('',(1.0,0.0,0.0));
#6647=VECTOR('',#6646,0.5);
#6648=LINE('',#6645,#6647);
#6649=EDGE_CURVE('',#5769,#6638,#6648,.T.);
#6650=ORIENTED_EDGE('',*,*,#6649,.F.);
#6651=ORIENTED_EDGE('',*,*,#5774,.F.);
#6652=EDGE_LOOP('',(#6636,#6644,#6650,#6651));
#6653=FACE_OUTER_BOUND('',#6652,.T.);
#6654=ADVANCED_FACE('',(#6653),#6635,.F.);
#6655=CARTESIAN_POINT('',(0.0,-2.6,-6.3));
#6656=DIRECTION('',(1.0,0.0,0.0));
#6657=DIRECTION('',(0.0,0.707106781186547,0.707106781186547));
#6658=AXIS2_PLACEMENT_3D('',#6655,#6656,#6657);
#6659=CYLINDRICAL_SURFACE('',#6658,0.3);
#6660=ORIENTED_EDGE('',*,*,#5781,.T.);
#6661=ORIENTED_EDGE('',*,*,#6649,.T.);
#6662=CARTESIAN_POINT('',(-9.0,-2.6,-6.3));
#6663=DIRECTION('',(1.0,0.0,0.0));
#6664=DIRECTION('',(0.0,0.707106781186547,0.707106781186547));
#6665=AXIS2_PLACEMENT_3D('',#6662,#6663,#6664);
#6666=CIRCLE('',#6665,0.3);
#6667=EDGE_CURVE('',#6638,#3889,#6666,.T.);
#6668=ORIENTED_EDGE('',*,*,#6667,.T.);
#6669=ORIENTED_EDGE('',*,*,#3894,.T.);
#6670=EDGE_LOOP('',(#6660,#6661,#6668,#6669));
#6671=FACE_OUTER_BOUND('',#6670,.T.);
#6672=ADVANCED_FACE('',(#6671),#6659,.F.);
#6673=CARTESIAN_POINT('',(0.0,-1.800000000000001,-3.700000000000001));
#6674=DIRECTION('',(1.0,0.0,0.0));
#6675=DIRECTION('',(0.0,0.707106781186547,-0.707106781186547));
#6676=AXIS2_PLACEMENT_3D('',#6673,#6674,#6675);
#6677=CYLINDRICAL_SURFACE('',#6676,0.3);
#6678=ORIENTED_EDGE('',*,*,#5926,.T.);
#6679=CARTESIAN_POINT('',(-9.0,-1.800000000000001,-4.000000000000001));
#6680=VERTEX_POINT('',#6679);
#6681=CARTESIAN_POINT('',(-9.500000000000004,-1.800000000000001,-4.000000000000001));
#6682=DIRECTION('',(1.0,0.0,0.0));
#6683=VECTOR('',#6682,0.500000000000004);
#6684=LINE('',#6681,#6683);
#6685=EDGE_CURVE('',#5912,#6680,#6684,.T.);
#6686=ORIENTED_EDGE('',*,*,#6685,.T.);
#6687=CARTESIAN_POINT('',(-9.0,-1.5,-3.700000000000001));
#6688=VERTEX_POINT('',#6687);
#6689=CARTESIAN_POINT('',(-9.0,-1.800000000000001,-3.700000000000001));
#6690=DIRECTION('',(1.0,0.0,0.0));
#6691=DIRECTION('',(0.0,0.707106781186547,-0.707106781186547));
#6692=AXIS2_PLACEMENT_3D('',#6689,#6690,#6691);
#6693=CIRCLE('',#6692,0.3);
#6694=EDGE_CURVE('',#6680,#6688,#6693,.T.);
#6695=ORIENTED_EDGE('',*,*,#6694,.T.);
#6696=CARTESIAN_POINT('',(-9.0,-1.5,-3.700000000000001));
#6697=DIRECTION('',(-1.0,0.0,0.0));
#6698=VECTOR('',#6697,0.500000000000002);
#6699=LINE('',#6696,#6698);
#6700=EDGE_CURVE('',#6688,#5920,#6699,.T.);
#6701=ORIENTED_EDGE('',*,*,#6700,.T.);
#6702=EDGE_LOOP('',(#6678,#6686,#6695,#6701));
#6703=FACE_OUTER_BOUND('',#6702,.T.);
#6704=ADVANCED_FACE('',(#6703),#6677,.F.);
#6705=CARTESIAN_POINT('',(0.0,-1.5,-4.000000000000001));
#6706=DIRECTION('',(0.0,0.0,-1.0));
#6707=DIRECTION('',(-1.0,0.0,0.0));
#6708=AXIS2_PLACEMENT_3D('',#6705,#6706,#6707);
#6709=PLANE('',#6708);
#6710=ORIENTED_EDGE('',*,*,#3796,.F.);
#6711=CARTESIAN_POINT('',(-9.0,-1.800000000000001,-4.000000000000001));
#6712=DIRECTION('',(0.0,-1.0,0.0));
#6713=VECTOR('',#6712,3.592893218813454);
#6714=LINE('',#6711,#6713);
#6715=EDGE_CURVE('',#6680,#3784,#6714,.T.);
#6716=ORIENTED_EDGE('',*,*,#6715,.F.);
#6717=ORIENTED_EDGE('',*,*,#6685,.F.);
#6718=ORIENTED_EDGE('',*,*,#5917,.F.);
#6719=EDGE_LOOP('',(#6710,#6716,#6717,#6718));
#6720=FACE_OUTER_BOUND('',#6719,.T.);
#6721=ADVANCED_FACE('',(#6720),#6709,.F.);
#6722=CARTESIAN_POINT('',(0.0,-1.8,-2.8));
#6723=DIRECTION('',(1.0,0.0,0.0));
#6724=DIRECTION('',(0.0,0.707106781186547,0.707106781186547));
#6725=AXIS2_PLACEMENT_3D('',#6722,#6723,#6724);
#6726=CYLINDRICAL_SURFACE('',#6725,0.3);
#6727=ORIENTED_EDGE('',*,*,#5943,.T.);
#6728=CARTESIAN_POINT('',(-9.0,-1.5,-2.8));
#6729=VERTEX_POINT('',#6728);
#6730=CARTESIAN_POINT('',(-9.500000000000002,-1.5,-2.8));
#6731=DIRECTION('',(1.0,0.0,0.0));
#6732=VECTOR('',#6731,0.500000000000002);
#6733=LINE('',#6730,#6732);
#6734=EDGE_CURVE('',#5929,#6729,#6733,.T.);
#6735=ORIENTED_EDGE('',*,*,#6734,.T.);
#6736=CARTESIAN_POINT('',(-9.000000000000002,-1.8,-2.5));
#6737=VERTEX_POINT('',#6736);
#6738=CARTESIAN_POINT('',(-9.0,-1.8,-2.8));
#6739=DIRECTION('',(1.0,0.0,0.0));
#6740=DIRECTION('',(0.0,0.707106781186547,0.707106781186547));
#6741=AXIS2_PLACEMENT_3D('',#6738,#6739,#6740);
#6742=CIRCLE('',#6741,0.3);
#6743=EDGE_CURVE('',#6729,#6737,#6742,.T.);
#6744=ORIENTED_EDGE('',*,*,#6743,.T.);
#6745=CARTESIAN_POINT('',(-9.000000000000002,-1.8,-2.5));
#6746=DIRECTION('',(-1.0,0.0,0.0));
#6747=VECTOR('',#6746,0.5);
#6748=LINE('',#6745,#6747);
#6749=EDGE_CURVE('',#6737,#5937,#6748,.T.);
#6750=ORIENTED_EDGE('',*,*,#6749,.T.);
#6751=EDGE_LOOP('',(#6727,#6735,#6744,#6750));
#6752=FACE_OUTER_BOUND('',#6751,.T.);
#6753=ADVANCED_FACE('',(#6752),#6726,.F.);
#6754=CARTESIAN_POINT('',(0.0,-1.5,-2.5));
#6755=DIRECTION('',(0.0,1.0,0.0));
#6756=DIRECTION('',(0.0,0.0,1.0));
#6757=AXIS2_PLACEMENT_3D('',#6754,#6755,#6756);
#6758=PLANE('',#6757);
#6759=ORIENTED_EDGE('',*,*,#6700,.F.);
#6760=CARTESIAN_POINT('',(-9.0,-1.5,-2.8));
#6761=DIRECTION('',(0.0,0.0,-1.0));
#6762=VECTOR('',#6761,0.900000000000001);
#6763=LINE('',#6760,#6762);
#6764=EDGE_CURVE('',#6729,#6688,#6763,.T.);
#6765=ORIENTED_EDGE('',*,*,#6764,.F.);
#6766=ORIENTED_EDGE('',*,*,#6734,.F.);
#6767=ORIENTED_EDGE('',*,*,#5934,.F.);
#6768=EDGE_LOOP('',(#6759,#6765,#6766,#6767));
#6769=FACE_OUTER_BOUND('',#6768,.T.);
#6770=ADVANCED_FACE('',(#6769),#6758,.F.);
#6771=CARTESIAN_POINT('',(0.0,-1.8,2.8));
#6772=DIRECTION('',(1.0,0.0,0.0));
#6773=DIRECTION('',(0.0,0.707106781186547,-0.707106781186547));
#6774=AXIS2_PLACEMENT_3D('',#6771,#6772,#6773);
#6775=CYLINDRICAL_SURFACE('',#6774,0.3);
#6776=ORIENTED_EDGE('',*,*,#5994,.T.);
#6777=CARTESIAN_POINT('',(-9.0,-1.8,2.5));
#6778=VERTEX_POINT('',#6777);
#6779=CARTESIAN_POINT('',(-9.500000000000004,-1.8,2.5));
#6780=DIRECTION('',(1.0,0.0,0.0));
#6781=VECTOR('',#6780,0.500000000000004);
#6782=LINE('',#6779,#6781);
#6783=EDGE_CURVE('',#5980,#6778,#6782,.T.);
#6784=ORIENTED_EDGE('',*,*,#6783,.T.);
#6785=CARTESIAN_POINT('',(-9.0,-1.5,2.8));
#6786=VERTEX_POINT('',#6785);
#6787=CARTESIAN_POINT('',(-9.0,-1.8,2.8));
#6788=DIRECTION('',(1.0,0.0,0.0));
#6789=DIRECTION('',(0.0,0.707106781186547,-0.707106781186547));
#6790=AXIS2_PLACEMENT_3D('',#6787,#6788,#6789);
#6791=CIRCLE('',#6790,0.3);
#6792=EDGE_CURVE('',#6778,#6786,#6791,.T.);
#6793=ORIENTED_EDGE('',*,*,#6792,.T.);
#6794=CARTESIAN_POINT('',(-9.0,-1.5,2.8));
#6795=DIRECTION('',(-1.0,0.0,0.0));
#6796=VECTOR('',#6795,0.500000000000002);
#6797=LINE('',#6794,#6796);
#6798=EDGE_CURVE('',#6786,#5988,#6797,.T.);
#6799=ORIENTED_EDGE('',*,*,#6798,.T.);
#6800=EDGE_LOOP('',(#6776,#6784,#6793,#6799));
#6801=FACE_OUTER_BOUND('',#6800,.T.);
#6802=ADVANCED_FACE('',(#6801),#6775,.F.);
#6803=CARTESIAN_POINT('',(0.0,-1.5,2.5));
#6804=DIRECTION('',(0.0,0.0,-1.0));
#6805=DIRECTION('',(-1.0,0.0,0.0));
#6806=AXIS2_PLACEMENT_3D('',#6803,#6804,#6805);
#6807=PLANE('',#6806);
#6808=ORIENTED_EDGE('',*,*,#6783,.F.);
#6809=ORIENTED_EDGE('',*,*,#5985,.F.);
#6810=CARTESIAN_POINT('',(-9.000000000000002,-5.300000000000001,2.5));
#6811=VERTEX_POINT('',#6810);
#6812=CARTESIAN_POINT('',(-9.000000000000002,-5.300000000000001,2.5));
#6813=DIRECTION('',(-1.0,0.0,0.0));
#6814=VECTOR('',#6813,0.5);
#6815=LINE('',#6812,#6814);
#6816=EDGE_CURVE('',#6811,#5971,#6815,.T.);
#6817=ORIENTED_EDGE('',*,*,#6816,.F.);
#6818=CARTESIAN_POINT('',(-9.0,-1.8,2.5));
#6819=DIRECTION('',(0.0,-1.0,0.0));
#6820=VECTOR('',#6819,3.5);
#6821=LINE('',#6818,#6820);
#6822=EDGE_CURVE('',#6778,#6811,#6821,.T.);
#6823=ORIENTED_EDGE('',*,*,#6822,.F.);
#6824=EDGE_LOOP('',(#6808,#6809,#6817,#6823));
#6825=FACE_OUTER_BOUND('',#6824,.T.);
#6826=ADVANCED_FACE('',(#6825),#6807,.F.);
#6827=CARTESIAN_POINT('',(0.0,-1.800000000000001,3.7));
#6828=DIRECTION('',(1.0,0.0,0.0));
#6829=DIRECTION('',(0.0,0.707106781186547,0.707106781186547));
#6830=AXIS2_PLACEMENT_3D('',#6827,#6828,#6829);
#6831=CYLINDRICAL_SURFACE('',#6830,0.3);
#6832=ORIENTED_EDGE('',*,*,#6009,.T.);
#6833=CARTESIAN_POINT('',(-9.0,-1.5,3.7));
#6834=VERTEX_POINT('',#6833);
#6835=CARTESIAN_POINT('',(-9.500000000000002,-1.5,3.7));
#6836=DIRECTION('',(1.0,0.0,0.0));
#6837=VECTOR('',#6836,0.500000000000002);
#6838=LINE('',#6835,#6837);
#6839=EDGE_CURVE('',#5997,#6834,#6838,.T.);
#6840=ORIENTED_EDGE('',*,*,#6839,.T.);
#6841=CARTESIAN_POINT('',(-9.0,-1.800000000000001,3.7));
#6842=DIRECTION('',(1.0,0.0,0.0));
#6843=DIRECTION('',(0.0,0.707106781186547,0.707106781186547));
#6844=AXIS2_PLACEMENT_3D('',#6841,#6842,#6843);
#6845=CIRCLE('',#6844,0.3);
#6846=EDGE_CURVE('',#6834,#3743,#6845,.T.);
#6847=ORIENTED_EDGE('',*,*,#6846,.T.);
#6848=ORIENTED_EDGE('',*,*,#3748,.T.);
#6849=EDGE_LOOP('',(#6832,#6840,#6847,#6848));
#6850=FACE_OUTER_BOUND('',#6849,.T.);
#6851=ADVANCED_FACE('',(#6850),#6831,.F.);
#6852=CARTESIAN_POINT('',(0.0,-1.5,4.000000000000001));
#6853=DIRECTION('',(0.0,1.0,0.0));
#6854=DIRECTION('',(0.0,0.0,1.0));
#6855=AXIS2_PLACEMENT_3D('',#6852,#6853,#6854);
#6856=PLANE('',#6855);
#6857=ORIENTED_EDGE('',*,*,#6798,.F.);
#6858=CARTESIAN_POINT('',(-9.0,-1.5,3.7));
#6859=DIRECTION('',(0.0,0.0,-1.0));
#6860=VECTOR('',#6859,0.899999999999999);
#6861=LINE('',#6858,#6860);
#6862=EDGE_CURVE('',#6834,#6786,#6861,.T.);
#6863=ORIENTED_EDGE('',*,*,#6862,.F.);
#6864=ORIENTED_EDGE('',*,*,#6839,.F.);
#6865=ORIENTED_EDGE('',*,*,#6002,.F.);
#6866=EDGE_LOOP('',(#6857,#6863,#6864,#6865));
#6867=FACE_OUTER_BOUND('',#6866,.T.);
#6868=ADVANCED_FACE('',(#6867),#6856,.F.);
#6869=CARTESIAN_POINT('',(0.0,-2.6,6.3));
#6870=DIRECTION('',(1.0,0.0,0.0));
#6871=DIRECTION('',(0.0,0.707106781186547,-0.707106781186547));
#6872=AXIS2_PLACEMENT_3D('',#6869,#6870,#6871);
#6873=CYLINDRICAL_SURFACE('',#6872,0.3);
#6874=ORIENTED_EDGE('',*,*,#6164,.T.);
#6875=CARTESIAN_POINT('',(-9.0,-2.6,5.999999999999998));
#6876=VERTEX_POINT('',#6875);
#6877=CARTESIAN_POINT('',(-9.500000000000004,-2.6,6.0));
#6878=DIRECTION('',(1.0,0.0,0.0));
#6879=VECTOR('',#6878,0.500000000000004);
#6880=LINE('',#6877,#6879);
#6881=EDGE_CURVE('',#6150,#6876,#6880,.T.);
#6882=ORIENTED_EDGE('',*,*,#6881,.T.);
#6883=CARTESIAN_POINT('',(-9.0,-2.6,6.3));
#6884=DIRECTION('',(1.0,0.0,0.0));
#6885=DIRECTION('',(0.0,0.707106781186547,-0.707106781186547));
#6886=AXIS2_PLACEMENT_3D('',#6883,#6884,#6885);
#6887=CIRCLE('',#6886,0.3);
#6888=EDGE_CURVE('',#6876,#6590,#6887,.T.);
#6889=ORIENTED_EDGE('',*,*,#6888,.T.);
#6890=ORIENTED_EDGE('',*,*,#6595,.T.);
#6891=EDGE_LOOP('',(#6874,#6882,#6889,#6890));
#6892=FACE_OUTER_BOUND('',#6891,.T.);
#6893=ADVANCED_FACE('',(#6892),#6873,.F.);
#6894=CARTESIAN_POINT('',(0.0,-2.299999999999999,6.0));
#6895=DIRECTION('',(0.0,0.0,-1.0));
#6896=DIRECTION('',(-1.0,0.0,0.0));
#6897=AXIS2_PLACEMENT_3D('',#6894,#6895,#6896);
#6898=PLANE('',#6897);
#6899=ORIENTED_EDGE('',*,*,#3650,.F.);
#6900=CARTESIAN_POINT('',(-9.0,-2.6,5.999999999999999));
#6901=DIRECTION('',(0.0,-1.0,0.0));
#6902=VECTOR('',#6901,2.792893218813452);
#6903=LINE('',#6900,#6902);
#6904=EDGE_CURVE('',#6876,#3638,#6903,.T.);
#6905=ORIENTED_EDGE('',*,*,#6904,.F.);
#6906=ORIENTED_EDGE('',*,*,#6881,.F.);
#6907=ORIENTED_EDGE('',*,*,#6155,.F.);
#6908=EDGE_LOOP('',(#6899,#6905,#6906,#6907));
#6909=FACE_OUTER_BOUND('',#6908,.T.);
#6910=ADVANCED_FACE('',(#6909),#6898,.F.);
#6911=CARTESIAN_POINT('',(0.0,-5.300000000000001,4.9));
#6912=DIRECTION('',(1.0,0.0,0.0));
#6913=DIRECTION('',(0.0,0.707106781186547,-0.707106781186547));
#6914=AXIS2_PLACEMENT_3D('',#6911,#6912,#6913);
#6915=CYLINDRICAL_SURFACE('',#6914,0.3);
#6916=ORIENTED_EDGE('',*,*,#6079,.T.);
#6917=CARTESIAN_POINT('',(-9.000000000000002,-5.300000000000001,4.600000000000001));
#6918=VERTEX_POINT('',#6917);
#6919=CARTESIAN_POINT('',(-9.500000000000002,-5.300000000000001,4.6));
#6920=DIRECTION('',(1.0,0.0,0.0));
#6921=VECTOR('',#6920,0.5);
#6922=LINE('',#6919,#6921);
#6923=EDGE_CURVE('',#6065,#6918,#6922,.T.);
#6924=ORIENTED_EDGE('',*,*,#6923,.T.);
#6925=CARTESIAN_POINT('',(-9.000000000000002,-5.0,4.9));
#6926=VERTEX_POINT('',#6925);
#6927=CARTESIAN_POINT('',(-9.0,-5.300000000000001,4.9));
#6928=DIRECTION('',(1.0,0.0,0.0));
#6929=DIRECTION('',(0.0,0.707106781186547,-0.707106781186547));
#6930=AXIS2_PLACEMENT_3D('',#6927,#6928,#6929);
#6931=CIRCLE('',#6930,0.3);
#6932=EDGE_CURVE('',#6918,#6926,#6931,.T.);
#6933=ORIENTED_EDGE('',*,*,#6932,.T.);
#6934=CARTESIAN_POINT('',(-9.000000000000002,-5.0,4.9));
#6935=DIRECTION('',(-1.0,0.0,0.0));
#6936=VECTOR('',#6935,0.5);
#6937=LINE('',#6934,#6936);
#6938=EDGE_CURVE('',#6926,#6073,#6937,.T.);
#6939=ORIENTED_EDGE('',*,*,#6938,.T.);
#6940=EDGE_LOOP('',(#6916,#6924,#6933,#6939));
#6941=FACE_OUTER_BOUND('',#6940,.T.);
#6942=ADVANCED_FACE('',(#6941),#6915,.F.);
#6943=CARTESIAN_POINT('',(0.0,-5.0,4.6));
#6944=DIRECTION('',(0.0,0.0,-1.0));
#6945=DIRECTION('',(-1.0,0.0,0.0));
#6946=AXIS2_PLACEMENT_3D('',#6943,#6944,#6945);
#6947=PLANE('',#6946);
#6948=ORIENTED_EDGE('',*,*,#6923,.F.);
#6949=ORIENTED_EDGE('',*,*,#6070,.F.);
#6950=CARTESIAN_POINT('',(-9.000000000000002,-5.865685424949239,4.600000000000001));
#6951=VERTEX_POINT('',#6950);
#6952=CARTESIAN_POINT('',(-9.000000000000002,-5.865685424949239,4.600000000000001));
#6953=DIRECTION('',(-1.0,0.0,0.0));
#6954=VECTOR('',#6953,0.5);
#6955=LINE('',#6952,#6954);
#6956=EDGE_CURVE('',#6951,#6056,#6955,.T.);
#6957=ORIENTED_EDGE('',*,*,#6956,.F.);
#6958=CARTESIAN_POINT('',(-9.000000000000002,-5.300000000000001,4.600000000000001));
#6959=DIRECTION('',(0.0,-1.0,0.0));
#6960=VECTOR('',#6959,0.565685424949238);
#6961=LINE('',#6958,#6960);
#6962=EDGE_CURVE('',#6918,#6951,#6961,.T.);
#6963=ORIENTED_EDGE('',*,*,#6962,.F.);
#6964=EDGE_LOOP('',(#6948,#6949,#6957,#6963));
#6965=FACE_OUTER_BOUND('',#6964,.T.);
#6966=ADVANCED_FACE('',(#6965),#6947,.F.);
#6967=CARTESIAN_POINT('',(0.0,-5.300000000000001,5.1));
#6968=DIRECTION('',(1.0,0.0,0.0));
#6969=DIRECTION('',(0.0,0.707106781186547,0.707106781186547));
#6970=AXIS2_PLACEMENT_3D('',#6967,#6968,#6969);
#6971=CYLINDRICAL_SURFACE('',#6970,0.3);
#6972=ORIENTED_EDGE('',*,*,#6096,.T.);
#6973=CARTESIAN_POINT('',(-9.000000000000002,-5.0,5.1));
#6974=VERTEX_POINT('',#6973);
#6975=CARTESIAN_POINT('',(-9.500000000000002,-5.0,5.1));
#6976=DIRECTION('',(1.0,0.0,0.0));
#6977=VECTOR('',#6976,0.5);
#6978=LINE('',#6975,#6977);
#6979=EDGE_CURVE('',#6082,#6974,#6978,.T.);
#6980=ORIENTED_EDGE('',*,*,#6979,.T.);
#6981=CARTESIAN_POINT('',(-9.000000000000002,-5.300000000000001,5.4));
#6982=VERTEX_POINT('',#6981);
#6983=CARTESIAN_POINT('',(-9.0,-5.300000000000001,5.1));
#6984=DIRECTION('',(1.0,0.0,0.0));
#6985=DIRECTION('',(0.0,0.707106781186547,0.707106781186547));
#6986=AXIS2_PLACEMENT_3D('',#6983,#6984,#6985);
#6987=CIRCLE('',#6986,0.3);
#6988=EDGE_CURVE('',#6974,#6982,#6987,.T.);
#6989=ORIENTED_EDGE('',*,*,#6988,.T.);
#6990=CARTESIAN_POINT('',(-9.000000000000002,-5.300000000000001,5.4));
#6991=DIRECTION('',(-1.0,0.0,0.0));
#6992=VECTOR('',#6991,0.499999999999998);
#6993=LINE('',#6990,#6992);
#6994=EDGE_CURVE('',#6982,#6090,#6993,.T.);
#6995=ORIENTED_EDGE('',*,*,#6994,.T.);
#6996=EDGE_LOOP('',(#6972,#6980,#6989,#6995));
#6997=FACE_OUTER_BOUND('',#6996,.T.);
#6998=ADVANCED_FACE('',(#6997),#6971,.F.);
#6999=CARTESIAN_POINT('',(0.0,-5.0,5.4));
#7000=DIRECTION('',(0.0,1.0,0.0));
#7001=DIRECTION('',(0.0,0.0,1.0));
#7002=AXIS2_PLACEMENT_3D('',#6999,#7000,#7001);
#7003=PLANE('',#7002);
#7004=ORIENTED_EDGE('',*,*,#6938,.F.);
#7005=CARTESIAN_POINT('',(-9.000000000000002,-5.0,5.1));
#7006=DIRECTION('',(0.0,0.0,-1.0));
#7007=VECTOR('',#7006,0.199999999999999);
#7008=LINE('',#7005,#7007);
#7009=EDGE_CURVE('',#6974,#6926,#7008,.T.);
#7010=ORIENTED_EDGE('',*,*,#7009,.F.);
#7011=ORIENTED_EDGE('',*,*,#6979,.F.);
#7012=ORIENTED_EDGE('',*,*,#6087,.F.);
#7013=EDGE_LOOP('',(#7004,#7010,#7011,#7012));
#7014=FACE_OUTER_BOUND('',#7013,.T.);
#7015=ADVANCED_FACE('',(#7014),#7003,.F.);
#7016=CARTESIAN_POINT('',(0.0,-2.6,-1.3));
#7017=DIRECTION('',(-1.0,0.0,0.0));
#7018=DIRECTION('',(0.0,0.707106781186547,-0.707106781186547));
#7019=AXIS2_PLACEMENT_3D('',#7016,#7017,#7018);
#7020=CYLINDRICAL_SURFACE('',#7019,0.3);
#7021=CARTESIAN_POINT('',(-9.0,-2.6,-1.6));
#7022=VERTEX_POINT('',#7021);
#7023=CARTESIAN_POINT('',(-9.000000000000002,-2.3,-1.3));
#7024=VERTEX_POINT('',#7023);
#7025=CARTESIAN_POINT('',(-9.0,-2.6,-1.3));
#7026=DIRECTION('',(1.0,0.0,0.0));
#7027=DIRECTION('',(0.0,0.707106781186547,-0.707106781186547));
#7028=AXIS2_PLACEMENT_3D('',#7025,#7026,#7027);
#7029=CIRCLE('',#7028,0.3);
#7030=EDGE_CURVE('',#7022,#7024,#7029,.T.);
#7031=ORIENTED_EDGE('',*,*,#7030,.T.);
#7032=CARTESIAN_POINT('',(-9.000000000000002,-2.3,-1.3));
#7033=DIRECTION('',(-1.0,0.0,0.0));
#7034=VECTOR('',#7033,0.5);
#7035=LINE('',#7032,#7034);
#7036=EDGE_CURVE('',#7024,#6185,#7035,.T.);
#7037=ORIENTED_EDGE('',*,*,#7036,.T.);
#7038=ORIENTED_EDGE('',*,*,#6250,.T.);
#7039=CARTESIAN_POINT('',(-9.500000000000004,-2.6,-1.6));
#7040=DIRECTION('',(1.0,0.0,0.0));
#7041=VECTOR('',#7040,0.500000000000004);
#7042=LINE('',#7039,#7041);
#7043=EDGE_CURVE('',#6238,#7022,#7042,.T.);
#7044=ORIENTED_EDGE('',*,*,#7043,.T.);
#7045=EDGE_LOOP('',(#7031,#7037,#7038,#7044));
#7046=FACE_OUTER_BOUND('',#7045,.T.);
#7047=ADVANCED_FACE('',(#7046),#7020,.F.);
#7048=CARTESIAN_POINT('',(0.0,-2.3,1.6));
#7049=DIRECTION('',(0.0,1.0,0.0));
#7050=DIRECTION('',(0.0,0.0,1.0));
#7051=AXIS2_PLACEMENT_3D('',#7048,#7049,#7050);
#7052=PLANE('',#7051);
#7053=ORIENTED_EDGE('',*,*,#7036,.F.);
#7054=CARTESIAN_POINT('',(-9.000000000000002,-2.3,1.3));
#7055=VERTEX_POINT('',#7054);
#7056=CARTESIAN_POINT('',(-9.000000000000002,-2.3,1.3));
#7057=DIRECTION('',(0.0,0.0,-1.0));
#7058=VECTOR('',#7057,2.6);
#7059=LINE('',#7056,#7058);
#7060=EDGE_CURVE('',#7055,#7024,#7059,.T.);
#7061=ORIENTED_EDGE('',*,*,#7060,.F.);
#7062=CARTESIAN_POINT('',(-9.500000000000002,-2.3,1.3));
#7063=DIRECTION('',(1.0,0.0,0.0));
#7064=VECTOR('',#7063,0.5);
#7065=LINE('',#7062,#7064);
#7066=EDGE_CURVE('',#6187,#7055,#7065,.T.);
#7067=ORIENTED_EDGE('',*,*,#7066,.F.);
#7068=ORIENTED_EDGE('',*,*,#6192,.F.);
#7069=EDGE_LOOP('',(#7053,#7061,#7067,#7068));
#7070=FACE_OUTER_BOUND('',#7069,.T.);
#7071=ADVANCED_FACE('',(#7070),#7052,.F.);
#7072=CARTESIAN_POINT('',(0.0,-2.6,1.3));
#7073=DIRECTION('',(-1.0,0.0,0.0));
#7074=DIRECTION('',(0.0,0.707106781186548,0.707106781186547));
#7075=AXIS2_PLACEMENT_3D('',#7072,#7073,#7074);
#7076=CYLINDRICAL_SURFACE('',#7075,0.3);
#7077=CARTESIAN_POINT('',(-9.000000000000002,-2.6,1.6));
#7078=VERTEX_POINT('',#7077);
#7079=CARTESIAN_POINT('',(-9.0,-2.6,1.3));
#7080=DIRECTION('',(1.0,0.0,0.0));
#7081=DIRECTION('',(0.0,0.707106781186548,0.707106781186547));
#7082=AXIS2_PLACEMENT_3D('',#7079,#7080,#7081);
#7083=CIRCLE('',#7082,0.3);
#7084=EDGE_CURVE('',#7055,#7078,#7083,.T.);
#7085=ORIENTED_EDGE('',*,*,#7084,.T.);
#7086=CARTESIAN_POINT('',(-9.000000000000002,-2.6,1.6));
#7087=DIRECTION('',(-1.0,0.0,0.0));
#7088=VECTOR('',#7087,0.500000000000002);
#7089=LINE('',#7086,#7088);
#7090=EDGE_CURVE('',#7078,#6195,#7089,.T.);
#7091=ORIENTED_EDGE('',*,*,#7090,.T.);
#7092=ORIENTED_EDGE('',*,*,#6201,.T.);
#7093=ORIENTED_EDGE('',*,*,#7066,.T.);
#7094=EDGE_LOOP('',(#7085,#7091,#7092,#7093));
#7095=FACE_OUTER_BOUND('',#7094,.T.);
#7096=ADVANCED_FACE('',(#7095),#7076,.F.);
#7097=CARTESIAN_POINT('',(0.0,-4.299999999999999,1.6));
#7098=DIRECTION('',(0.0,0.0,1.0));
#7099=DIRECTION('',(1.0,0.0,0.0));
#7100=AXIS2_PLACEMENT_3D('',#7097,#7098,#7099);
#7101=PLANE('',#7100);
#7102=ORIENTED_EDGE('',*,*,#7090,.F.);
#7103=CARTESIAN_POINT('',(-9.000000000000002,-3.999999999999999,1.6));
#7104=VERTEX_POINT('',#7103);
#7105=CARTESIAN_POINT('',(-9.000000000000002,-3.999999999999999,1.6));
#7106=DIRECTION('',(0.0,1.0,0.0));
#7107=VECTOR('',#7106,1.399999999999999);
#7108=LINE('',#7105,#7107);
#7109=EDGE_CURVE('',#7104,#7078,#7108,.T.);
#7110=ORIENTED_EDGE('',*,*,#7109,.F.);
#7111=CARTESIAN_POINT('',(-9.500000000000002,-3.999999999999999,1.6));
#7112=DIRECTION('',(1.0,0.0,0.0));
#7113=VECTOR('',#7112,0.5);
#7114=LINE('',#7111,#7113);
#7115=EDGE_CURVE('',#6204,#7104,#7114,.T.);
#7116=ORIENTED_EDGE('',*,*,#7115,.F.);
#7117=ORIENTED_EDGE('',*,*,#6209,.F.);
#7118=EDGE_LOOP('',(#7102,#7110,#7116,#7117));
#7119=FACE_OUTER_BOUND('',#7118,.T.);
#7120=ADVANCED_FACE('',(#7119),#7101,.F.);
#7121=CARTESIAN_POINT('',(0.0,-5.300000000000001,2.199999999999999));
#7122=DIRECTION('',(1.0,0.0,0.0));
#7123=DIRECTION('',(0.0,-0.707106781186548,0.707106781186547));
#7124=AXIS2_PLACEMENT_3D('',#7121,#7122,#7123);
#7125=CYLINDRICAL_SURFACE('',#7124,0.3);
#7126=CARTESIAN_POINT('',(-9.000000000000002,-5.600000000000001,2.199999999999999));
#7127=VERTEX_POINT('',#7126);
#7128=CARTESIAN_POINT('',(-9.0,-5.300000000000001,2.199999999999999));
#7129=DIRECTION('',(-1.0,0.0,0.0));
#7130=DIRECTION('',(0.0,-0.707106781186548,0.707106781186547));
#7131=AXIS2_PLACEMENT_3D('',#7128,#7129,#7130);
#7132=CIRCLE('',#7131,0.3);
#7133=EDGE_CURVE('',#7127,#6811,#7132,.T.);
#7134=ORIENTED_EDGE('',*,*,#7133,.T.);
#7135=ORIENTED_EDGE('',*,*,#6816,.T.);
#7136=ORIENTED_EDGE('',*,*,#5977,.T.);
#7137=CARTESIAN_POINT('',(-9.500000000000002,-5.600000000000001,2.199999999999999));
#7138=DIRECTION('',(1.0,0.0,0.0));
#7139=VECTOR('',#7138,0.5);
#7140=LINE('',#7137,#7139);
#7141=EDGE_CURVE('',#5963,#7127,#7140,.T.);
#7142=ORIENTED_EDGE('',*,*,#7141,.T.);
#7143=EDGE_LOOP('',(#7134,#7135,#7136,#7142));
#7144=FACE_OUTER_BOUND('',#7143,.T.);
#7145=ADVANCED_FACE('',(#7144),#7125,.T.);
#7146=CARTESIAN_POINT('',(0.0,-5.600000000000001,2.5));
#7147=DIRECTION('',(0.0,1.0,0.0));
#7148=DIRECTION('',(0.0,0.0,1.0));
#7149=AXIS2_PLACEMENT_3D('',#7146,#7147,#7148);
#7150=PLANE('',#7149);
#7151=ORIENTED_EDGE('',*,*,#7141,.F.);
#7152=ORIENTED_EDGE('',*,*,#5968,.F.);
#7153=CARTESIAN_POINT('',(-9.000000000000002,-5.600000000000001,-2.199999999999999));
#7154=VERTEX_POINT('',#7153);
#7155=CARTESIAN_POINT('',(-9.000000000000002,-5.600000000000001,-2.199999999999999));
#7156=DIRECTION('',(-1.0,0.0,0.0));
#7157=VECTOR('',#7156,0.5);
#7158=LINE('',#7155,#7157);
#7159=EDGE_CURVE('',#7154,#5954,#7158,.T.);
#7160=ORIENTED_EDGE('',*,*,#7159,.F.);
#7161=CARTESIAN_POINT('',(-9.000000000000002,-5.600000000000001,2.199999999999999));
#7162=DIRECTION('',(0.0,0.0,-1.0));
#7163=VECTOR('',#7162,4.399999999999998);
#7164=LINE('',#7161,#7163);
#7165=EDGE_CURVE('',#7127,#7154,#7164,.T.);
#7166=ORIENTED_EDGE('',*,*,#7165,.F.);
#7167=EDGE_LOOP('',(#7151,#7152,#7160,#7166));
#7168=FACE_OUTER_BOUND('',#7167,.T.);
#7169=ADVANCED_FACE('',(#7168),#7150,.F.);
#7170=CARTESIAN_POINT('',(0.0,-5.300000000000001,-2.199999999999999));
#7171=DIRECTION('',(1.0,0.0,0.0));
#7172=DIRECTION('',(0.0,-0.707106781186547,-0.707106781186547));
#7173=AXIS2_PLACEMENT_3D('',#7170,#7171,#7172);
#7174=CYLINDRICAL_SURFACE('',#7173,0.3);
#7175=CARTESIAN_POINT('',(-9.000000000000002,-5.300000000000001,-2.5));
#7176=VERTEX_POINT('',#7175);
#7177=CARTESIAN_POINT('',(-9.0,-5.300000000000001,-2.199999999999999));
#7178=DIRECTION('',(-1.0,0.0,0.0));
#7179=DIRECTION('',(0.0,-0.707106781186547,-0.707106781186547));
#7180=AXIS2_PLACEMENT_3D('',#7177,#7178,#7179);
#7181=CIRCLE('',#7180,0.3);
#7182=EDGE_CURVE('',#7176,#7154,#7181,.T.);
#7183=ORIENTED_EDGE('',*,*,#7182,.T.);
#7184=ORIENTED_EDGE('',*,*,#7159,.T.);
#7185=ORIENTED_EDGE('',*,*,#5960,.T.);
#7186=CARTESIAN_POINT('',(-9.5,-5.300000000000001,-2.5));
#7187=DIRECTION('',(1.0,0.0,0.0));
#7188=VECTOR('',#7187,0.499999999999998);
#7189=LINE('',#7186,#7188);
#7190=EDGE_CURVE('',#5946,#7176,#7189,.T.);
#7191=ORIENTED_EDGE('',*,*,#7190,.T.);
#7192=EDGE_LOOP('',(#7183,#7184,#7185,#7191));
#7193=FACE_OUTER_BOUND('',#7192,.T.);
#7194=ADVANCED_FACE('',(#7193),#7174,.T.);
#7195=CARTESIAN_POINT('',(0.0,-5.600000000000001,-2.5));
#7196=DIRECTION('',(0.0,0.0,1.0));
#7197=DIRECTION('',(1.0,0.0,0.0));
#7198=AXIS2_PLACEMENT_3D('',#7195,#7196,#7197);
#7199=PLANE('',#7198);
#7200=ORIENTED_EDGE('',*,*,#6749,.F.);
#7201=CARTESIAN_POINT('',(-9.000000000000002,-5.300000000000001,-2.499999999999999));
#7202=DIRECTION('',(0.0,1.0,0.0));
#7203=VECTOR('',#7202,3.500000000000001);
#7204=LINE('',#7201,#7203);
#7205=EDGE_CURVE('',#7176,#6737,#7204,.T.);
#7206=ORIENTED_EDGE('',*,*,#7205,.F.);
#7207=ORIENTED_EDGE('',*,*,#7190,.F.);
#7208=ORIENTED_EDGE('',*,*,#5951,.F.);
#7209=EDGE_LOOP('',(#7200,#7206,#7207,#7208));
#7210=FACE_OUTER_BOUND('',#7209,.T.);
#7211=ADVANCED_FACE('',(#7210),#7199,.F.);
#7212=CARTESIAN_POINT('',(0.0,-3.999999999999999,-1.3));
#7213=DIRECTION('',(-1.0,0.0,0.0));
#7214=DIRECTION('',(0.0,-0.707106781186548,-0.707106781186547));
#7215=AXIS2_PLACEMENT_3D('',#7212,#7213,#7214);
#7216=CYLINDRICAL_SURFACE('',#7215,0.3);
#7217=CARTESIAN_POINT('',(-9.000000000000002,-4.299999999999999,-1.3));
#7218=VERTEX_POINT('',#7217);
#7219=CARTESIAN_POINT('',(-9.0,-3.999999999999999,-1.6));
#7220=VERTEX_POINT('',#7219);
#7221=CARTESIAN_POINT('',(-9.0,-3.999999999999999,-1.3));
#7222=DIRECTION('',(1.0,0.0,0.0));
#7223=DIRECTION('',(0.0,-0.707106781186548,-0.707106781186547));
#7224=AXIS2_PLACEMENT_3D('',#7221,#7222,#7223);
#7225=CIRCLE('',#7224,0.3);
#7226=EDGE_CURVE('',#7218,#7220,#7225,.T.);
#7227=ORIENTED_EDGE('',*,*,#7226,.T.);
#7228=CARTESIAN_POINT('',(-9.0,-3.999999999999999,-1.6));
#7229=DIRECTION('',(-1.0,0.0,0.0));
#7230=VECTOR('',#7229,0.500000000000002);
#7231=LINE('',#7228,#7230);
#7232=EDGE_CURVE('',#7220,#6229,#7231,.T.);
#7233=ORIENTED_EDGE('',*,*,#7232,.T.);
#7234=ORIENTED_EDGE('',*,*,#6235,.T.);
#7235=CARTESIAN_POINT('',(-9.500000000000002,-4.299999999999999,-1.3));
#7236=DIRECTION('',(1.0,0.0,0.0));
#7237=VECTOR('',#7236,0.5);
#7238=LINE('',#7235,#7237);
#7239=EDGE_CURVE('',#6221,#7218,#7238,.T.);
#7240=ORIENTED_EDGE('',*,*,#7239,.T.);
#7241=EDGE_LOOP('',(#7227,#7233,#7234,#7240));
#7242=FACE_OUTER_BOUND('',#7241,.T.);
#7243=ADVANCED_FACE('',(#7242),#7216,.F.);
#7244=CARTESIAN_POINT('',(0.0,-2.3,-1.6));
#7245=DIRECTION('',(0.0,0.0,-1.0));
#7246=DIRECTION('',(-1.0,0.0,0.0));
#7247=AXIS2_PLACEMENT_3D('',#7244,#7245,#7246);
#7248=PLANE('',#7247);
#7249=ORIENTED_EDGE('',*,*,#7043,.F.);
#7250=ORIENTED_EDGE('',*,*,#6243,.F.);
#7251=ORIENTED_EDGE('',*,*,#7232,.F.);
#7252=CARTESIAN_POINT('',(-9.0,-2.6,-1.6));
#7253=DIRECTION('',(0.0,-1.0,0.0));
#7254=VECTOR('',#7253,1.4);
#7255=LINE('',#7252,#7254);
#7256=EDGE_CURVE('',#7022,#7220,#7255,.T.);
#7257=ORIENTED_EDGE('',*,*,#7256,.F.);
#7258=EDGE_LOOP('',(#7249,#7250,#7251,#7257));
#7259=FACE_OUTER_BOUND('',#7258,.T.);
#7260=ADVANCED_FACE('',(#7259),#7248,.F.);
#7261=CARTESIAN_POINT('',(0.0,-3.999999999999999,1.3));
#7262=DIRECTION('',(1.0,0.0,0.0));
#7263=DIRECTION('',(0.0,-0.707106781186547,0.707106781186547));
#7264=AXIS2_PLACEMENT_3D('',#7261,#7262,#7263);
#7265=CYLINDRICAL_SURFACE('',#7264,0.3);
#7266=ORIENTED_EDGE('',*,*,#6218,.T.);
#7267=ORIENTED_EDGE('',*,*,#7115,.T.);
#7268=CARTESIAN_POINT('',(-9.000000000000002,-4.299999999999999,1.3));
#7269=VERTEX_POINT('',#7268);
#7270=CARTESIAN_POINT('',(-9.0,-3.999999999999999,1.3));
#7271=DIRECTION('',(1.0,0.0,0.0));
#7272=DIRECTION('',(0.0,-0.707106781186547,0.707106781186547));
#7273=AXIS2_PLACEMENT_3D('',#7270,#7271,#7272);
#7274=CIRCLE('',#7273,0.3);
#7275=EDGE_CURVE('',#7104,#7269,#7274,.T.);
#7276=ORIENTED_EDGE('',*,*,#7275,.T.);
#7277=CARTESIAN_POINT('',(-9.000000000000002,-4.299999999999999,1.3));
#7278=DIRECTION('',(-1.0,0.0,0.0));
#7279=VECTOR('',#7278,0.5);
#7280=LINE('',#7277,#7279);
#7281=EDGE_CURVE('',#7269,#6212,#7280,.T.);
#7282=ORIENTED_EDGE('',*,*,#7281,.T.);
#7283=EDGE_LOOP('',(#7266,#7267,#7276,#7282));
#7284=FACE_OUTER_BOUND('',#7283,.T.);
#7285=ADVANCED_FACE('',(#7284),#7265,.F.);
#7286=CARTESIAN_POINT('',(0.0,-5.300000000000001,-5.1));
#7287=DIRECTION('',(1.0,0.0,0.0));
#7288=DIRECTION('',(0.0,0.707106781186547,-0.707106781186547));
#7289=AXIS2_PLACEMENT_3D('',#7286,#7287,#7288);
#7290=CYLINDRICAL_SURFACE('',#7289,0.3);
#7291=ORIENTED_EDGE('',*,*,#5841,.T.);
#7292=CARTESIAN_POINT('',(-9.000000000000002,-5.300000000000001,-5.4));
#7293=VERTEX_POINT('',#7292);
#7294=CARTESIAN_POINT('',(-9.500000000000002,-5.300000000000001,-5.4));
#7295=DIRECTION('',(1.0,0.0,0.0));
#7296=VECTOR('',#7295,0.5);
#7297=LINE('',#7294,#7296);
#7298=EDGE_CURVE('',#5827,#7293,#7297,.T.);
#7299=ORIENTED_EDGE('',*,*,#7298,.T.);
#7300=CARTESIAN_POINT('',(-9.000000000000002,-5.0,-5.1));
#7301=VERTEX_POINT('',#7300);
#7302=CARTESIAN_POINT('',(-9.0,-5.300000000000001,-5.1));
#7303=DIRECTION('',(1.0,0.0,0.0));
#7304=DIRECTION('',(0.0,0.707106781186547,-0.707106781186547));
#7305=AXIS2_PLACEMENT_3D('',#7302,#7303,#7304);
#7306=CIRCLE('',#7305,0.3);
#7307=EDGE_CURVE('',#7293,#7301,#7306,.T.);
#7308=ORIENTED_EDGE('',*,*,#7307,.T.);
#7309=CARTESIAN_POINT('',(-9.000000000000002,-5.0,-5.1));
#7310=DIRECTION('',(-1.0,0.0,0.0));
#7311=VECTOR('',#7310,0.5);
#7312=LINE('',#7309,#7311);
#7313=EDGE_CURVE('',#7301,#5835,#7312,.T.);
#7314=ORIENTED_EDGE('',*,*,#7313,.T.);
#7315=EDGE_LOOP('',(#7291,#7299,#7308,#7314));
#7316=FACE_OUTER_BOUND('',#7315,.T.);
#7317=ADVANCED_FACE('',(#7316),#7290,.F.);
#7318=CARTESIAN_POINT('',(0.0,-5.0,-5.4));
#7319=DIRECTION('',(0.0,0.0,-1.0));
#7320=DIRECTION('',(-1.0,0.0,0.0));
#7321=AXIS2_PLACEMENT_3D('',#7318,#7319,#7320);
#7322=PLANE('',#7321);
#7323=ORIENTED_EDGE('',*,*,#7298,.F.);
#7324=ORIENTED_EDGE('',*,*,#5832,.F.);
#7325=CARTESIAN_POINT('',(-9.000000000000002,-5.865685424949239,-5.4));
#7326=VERTEX_POINT('',#7325);
#7327=CARTESIAN_POINT('',(-9.000000000000002,-5.865685424949239,-5.4));
#7328=DIRECTION('',(-1.0,0.0,0.0));
#7329=VECTOR('',#7328,0.5);
#7330=LINE('',#7327,#7329);
#7331=EDGE_CURVE('',#7326,#5818,#7330,.T.);
#7332=ORIENTED_EDGE('',*,*,#7331,.F.);
#7333=CARTESIAN_POINT('',(-9.000000000000002,-5.300000000000001,-5.4));
#7334=DIRECTION('',(0.0,-1.0,0.0));
#7335=VECTOR('',#7334,0.565685424949238);
#7336=LINE('',#7333,#7335);
#7337=EDGE_CURVE('',#7293,#7326,#7336,.T.);
#7338=ORIENTED_EDGE('',*,*,#7337,.F.);
#7339=EDGE_LOOP('',(#7323,#7324,#7332,#7338));
#7340=FACE_OUTER_BOUND('',#7339,.T.);
#7341=ADVANCED_FACE('',(#7340),#7322,.F.);
#7342=CARTESIAN_POINT('',(0.0,-5.300000000000001,-4.9));
#7343=DIRECTION('',(1.0,0.0,0.0));
#7344=DIRECTION('',(0.0,0.707106781186547,0.707106781186547));
#7345=AXIS2_PLACEMENT_3D('',#7342,#7343,#7344);
#7346=CYLINDRICAL_SURFACE('',#7345,0.3);
#7347=ORIENTED_EDGE('',*,*,#5858,.T.);
#7348=CARTESIAN_POINT('',(-9.000000000000002,-5.0,-4.9));
#7349=VERTEX_POINT('',#7348);
#7350=CARTESIAN_POINT('',(-9.500000000000002,-5.0,-4.9));
#7351=DIRECTION('',(1.0,0.0,0.0));
#7352=VECTOR('',#7351,0.5);
#7353=LINE('',#7350,#7352);
#7354=EDGE_CURVE('',#5844,#7349,#7353,.T.);
#7355=ORIENTED_EDGE('',*,*,#7354,.T.);
#7356=CARTESIAN_POINT('',(-9.000000000000002,-5.300000000000001,-4.6));
#7357=VERTEX_POINT('',#7356);
#7358=CARTESIAN_POINT('',(-9.0,-5.300000000000001,-4.9));
#7359=DIRECTION('',(1.0,0.0,0.0));
#7360=DIRECTION('',(0.0,0.707106781186547,0.707106781186547));
#7361=AXIS2_PLACEMENT_3D('',#7358,#7359,#7360);
#7362=CIRCLE('',#7361,0.3);
#7363=EDGE_CURVE('',#7349,#7357,#7362,.T.);
#7364=ORIENTED_EDGE('',*,*,#7363,.T.);
#7365=CARTESIAN_POINT('',(-9.000000000000002,-5.300000000000001,-4.6));
#7366=DIRECTION('',(-1.0,0.0,0.0));
#7367=VECTOR('',#7366,0.499999999999998);
#7368=LINE('',#7365,#7367);
#7369=EDGE_CURVE('',#7357,#5852,#7368,.T.);
#7370=ORIENTED_EDGE('',*,*,#7369,.T.);
#7371=EDGE_LOOP('',(#7347,#7355,#7364,#7370));
#7372=FACE_OUTER_BOUND('',#7371,.T.);
#7373=ADVANCED_FACE('',(#7372),#7346,.F.);
#7374=CARTESIAN_POINT('',(0.0,-5.0,-4.6));
#7375=DIRECTION('',(0.0,1.0,0.0));
#7376=DIRECTION('',(0.0,0.0,1.0));
#7377=AXIS2_PLACEMENT_3D('',#7374,#7375,#7376);
#7378=PLANE('',#7377);
#7379=ORIENTED_EDGE('',*,*,#7313,.F.);
#7380=CARTESIAN_POINT('',(-9.000000000000002,-5.0,-4.9));
#7381=DIRECTION('',(0.0,0.0,-1.0));
#7382=VECTOR('',#7381,0.199999999999999);
#7383=LINE('',#7380,#7382);
#7384=EDGE_CURVE('',#7349,#7301,#7383,.T.);
#7385=ORIENTED_EDGE('',*,*,#7384,.F.);
#7386=ORIENTED_EDGE('',*,*,#7354,.F.);
#7387=ORIENTED_EDGE('',*,*,#5849,.F.);
#7388=EDGE_LOOP('',(#7379,#7385,#7386,#7387));
#7389=FACE_OUTER_BOUND('',#7388,.T.);
#7390=ADVANCED_FACE('',(#7389),#7378,.F.);
#7391=CARTESIAN_POINT('',(0.0,-5.865685424949238,-4.300000000000001));
#7392=DIRECTION('',(1.0,0.0,0.0));
#7393=DIRECTION('',(0.0,-0.382683432365091,-0.923879532511286));
#7394=AXIS2_PLACEMENT_3D('',#7391,#7392,#7393);
#7395=CYLINDRICAL_SURFACE('',#7394,0.3);
#7396=CARTESIAN_POINT('',(-9.000000000000002,-5.865685424949238,-4.600000000000001));
#7397=VERTEX_POINT('',#7396);
#7398=CARTESIAN_POINT('',(-9.000000000000002,-6.077817459305202,-4.512132034355966));
#7399=VERTEX_POINT('',#7398);
#7400=CARTESIAN_POINT('',(-9.0,-5.865685424949238,-4.300000000000001));
#7401=DIRECTION('',(-1.0,0.0,0.0));
#7402=DIRECTION('',(0.0,-0.382683432365091,-0.923879532511286));
#7403=AXIS2_PLACEMENT_3D('',#7400,#7401,#7402);
#7404=CIRCLE('',#7403,0.3);
#7405=EDGE_CURVE('',#7397,#7399,#7404,.T.);
#7406=ORIENTED_EDGE('',*,*,#7405,.T.);
#7407=CARTESIAN_POINT('',(-9.000000000000002,-6.077817459305202,-4.512132034355965));
#7408=DIRECTION('',(-1.0,0.0,0.0));
#7409=VECTOR('',#7408,0.499999999999998);
#7410=LINE('',#7407,#7409);
#7411=EDGE_CURVE('',#7399,#5869,#7410,.T.);
#7412=ORIENTED_EDGE('',*,*,#7411,.T.);
#7413=ORIENTED_EDGE('',*,*,#5875,.T.);
#7414=CARTESIAN_POINT('',(-9.5,-5.865685424949238,-4.600000000000001));
#7415=DIRECTION('',(1.0,0.0,0.0));
#7416=VECTOR('',#7415,0.499999999999998);
#7417=LINE('',#7414,#7416);
#7418=EDGE_CURVE('',#5861,#7397,#7417,.T.);
#7419=ORIENTED_EDGE('',*,*,#7418,.T.);
#7420=EDGE_LOOP('',(#7406,#7412,#7413,#7419));
#7421=FACE_OUTER_BOUND('',#7420,.T.);
#7422=ADVANCED_FACE('',(#7421),#7395,.T.);
#7423=CARTESIAN_POINT('',(0.0,-5.989949493661166,-4.600000000000001));
#7424=DIRECTION('',(0.0,0.0,1.0));
#7425=DIRECTION('',(1.0,0.0,0.0));
#7426=AXIS2_PLACEMENT_3D('',#7423,#7424,#7425);
#7427=PLANE('',#7426);
#7428=ORIENTED_EDGE('',*,*,#7369,.F.);
#7429=CARTESIAN_POINT('',(-9.000000000000002,-5.865685424949238,-4.600000000000001));
#7430=DIRECTION('',(0.0,1.0,0.0));
#7431=VECTOR('',#7430,0.565685424949237);
#7432=LINE('',#7429,#7431);
#7433=EDGE_CURVE('',#7397,#7357,#7432,.T.);
#7434=ORIENTED_EDGE('',*,*,#7433,.F.);
#7435=ORIENTED_EDGE('',*,*,#7418,.F.);
#7436=ORIENTED_EDGE('',*,*,#5866,.F.);
#7437=EDGE_LOOP('',(#7428,#7434,#7435,#7436));
#7438=FACE_OUTER_BOUND('',#7437,.T.);
#7439=ADVANCED_FACE('',(#7438),#7427,.F.);
#7440=CARTESIAN_POINT('',(0.0,-5.865685424949239,5.700000000000001));
#7441=DIRECTION('',(1.0,0.0,0.0));
#7442=DIRECTION('',(0.0,-0.382683432365087,-0.923879532511288));
#7443=AXIS2_PLACEMENT_3D('',#7440,#7441,#7442);
#7444=CYLINDRICAL_SURFACE('',#7443,0.3);
#7445=CARTESIAN_POINT('',(-9.000000000000002,-5.865685424949239,5.4));
#7446=VERTEX_POINT('',#7445);
#7447=CARTESIAN_POINT('',(-9.0,-5.865685424949239,5.700000000000001));
#7448=DIRECTION('',(-1.0,0.0,0.0));
#7449=DIRECTION('',(0.0,-0.382683432365087,-0.923879532511288));
#7450=AXIS2_PLACEMENT_3D('',#7447,#7448,#7449);
#7451=CIRCLE('',#7450,0.3);
#7452=EDGE_CURVE('',#7446,#6541,#7451,.T.);
#7453=ORIENTED_EDGE('',*,*,#7452,.T.);
#7454=ORIENTED_EDGE('',*,*,#6546,.T.);
#7455=ORIENTED_EDGE('',*,*,#6113,.T.);
#7456=CARTESIAN_POINT('',(-9.5,-5.865685424949239,5.4));
#7457=DIRECTION('',(1.0,0.0,0.0));
#7458=VECTOR('',#7457,0.499999999999998);
#7459=LINE('',#7456,#7458);
#7460=EDGE_CURVE('',#6099,#7446,#7459,.T.);
#7461=ORIENTED_EDGE('',*,*,#7460,.T.);
#7462=EDGE_LOOP('',(#7453,#7454,#7455,#7461));
#7463=FACE_OUTER_BOUND('',#7462,.T.);
#7464=ADVANCED_FACE('',(#7463),#7444,.T.);
#7465=CARTESIAN_POINT('',(0.0,-5.989949493661166,5.4));
#7466=DIRECTION('',(0.0,0.0,1.0));
#7467=DIRECTION('',(1.0,0.0,0.0));
#7468=AXIS2_PLACEMENT_3D('',#7465,#7466,#7467);
#7469=PLANE('',#7468);
#7470=ORIENTED_EDGE('',*,*,#6994,.F.);
#7471=CARTESIAN_POINT('',(-9.000000000000002,-5.865685424949239,5.4));
#7472=DIRECTION('',(0.0,1.0,0.0));
#7473=VECTOR('',#7472,0.565685424949238);
#7474=LINE('',#7471,#7473);
#7475=EDGE_CURVE('',#7446,#6982,#7474,.T.);
#7476=ORIENTED_EDGE('',*,*,#7475,.F.);
#7477=ORIENTED_EDGE('',*,*,#7460,.F.);
#7478=ORIENTED_EDGE('',*,*,#6104,.F.);
#7479=EDGE_LOOP('',(#7470,#7476,#7477,#7478));
#7480=FACE_OUTER_BOUND('',#7479,.T.);
#7481=ADVANCED_FACE('',(#7480),#7469,.F.);
#7482=CARTESIAN_POINT('',(0.0,-5.865685424949239,-5.700000000000001));
#7483=DIRECTION('',(1.0,0.0,0.0));
#7484=DIRECTION('',(0.0,-0.382683432365087,0.923879532511288));
#7485=AXIS2_PLACEMENT_3D('',#7482,#7483,#7484);
#7486=CYLINDRICAL_SURFACE('',#7485,0.3);
#7487=CARTESIAN_POINT('',(-9.000000000000002,-6.077817459305202,-5.487867965644036));
#7488=VERTEX_POINT('',#7487);
#7489=CARTESIAN_POINT('',(-9.0,-5.865685424949239,-5.700000000000001));
#7490=DIRECTION('',(-1.0,0.0,0.0));
#7491=DIRECTION('',(0.0,-0.382683432365087,0.923879532511288));
#7492=AXIS2_PLACEMENT_3D('',#7489,#7490,#7491);
#7493=CIRCLE('',#7492,0.3);
#7494=EDGE_CURVE('',#7488,#7326,#7493,.T.);
#7495=ORIENTED_EDGE('',*,*,#7494,.T.);
#7496=ORIENTED_EDGE('',*,*,#7331,.T.);
#7497=ORIENTED_EDGE('',*,*,#5824,.T.);
#7498=CARTESIAN_POINT('',(-9.5,-6.077817459305202,-5.487867965644036));
#7499=DIRECTION('',(1.0,0.0,0.0));
#7500=VECTOR('',#7499,0.499999999999998);
#7501=LINE('',#7498,#7500);
#7502=EDGE_CURVE('',#5810,#7488,#7501,.T.);
#7503=ORIENTED_EDGE('',*,*,#7502,.T.);
#7504=EDGE_LOOP('',(#7495,#7496,#7497,#7503));
#7505=FACE_OUTER_BOUND('',#7504,.T.);
#7506=ADVANCED_FACE('',(#7505),#7486,.T.);
#7507=CARTESIAN_POINT('',(0.0,-5.989949493661166,-5.4));
#7508=DIRECTION('',(0.0,0.707106781186549,-0.707106781186546));
#7509=DIRECTION('',(-1.0,0.0,0.0));
#7510=AXIS2_PLACEMENT_3D('',#7507,#7508,#7509);
#7511=PLANE('',#7510);
#7512=ORIENTED_EDGE('',*,*,#6297,.F.);
#7513=CARTESIAN_POINT('',(-9.000000000000002,-6.077817459305202,-5.487867965644036));
#7514=DIRECTION('',(0.0,-0.707106781186547,-0.707106781186548));
#7515=VECTOR('',#7514,0.579898987322337);
#7516=LINE('',#7513,#7515);
#7517=EDGE_CURVE('',#7488,#6285,#7516,.T.);
#7518=ORIENTED_EDGE('',*,*,#7517,.F.);
#7519=ORIENTED_EDGE('',*,*,#7502,.F.);
#7520=ORIENTED_EDGE('',*,*,#5815,.F.);
#7521=EDGE_LOOP('',(#7512,#7518,#7519,#7520));
#7522=FACE_OUTER_BOUND('',#7521,.T.);
#7523=ADVANCED_FACE('',(#7522),#7511,.F.);
#7524=CARTESIAN_POINT('',(0.0,-5.865685424949239,4.299999999999999));
#7525=DIRECTION('',(1.0,0.0,0.0));
#7526=DIRECTION('',(0.0,-0.382683432365087,0.923879532511288));
#7527=AXIS2_PLACEMENT_3D('',#7524,#7525,#7526);
#7528=CYLINDRICAL_SURFACE('',#7527,0.3);
#7529=CARTESIAN_POINT('',(-9.000000000000002,-6.077817459305203,4.512132034355965));
#7530=VERTEX_POINT('',#7529);
#7531=CARTESIAN_POINT('',(-9.0,-5.865685424949239,4.299999999999999));
#7532=DIRECTION('',(-1.0,0.0,0.0));
#7533=DIRECTION('',(0.0,-0.382683432365087,0.923879532511288));
#7534=AXIS2_PLACEMENT_3D('',#7531,#7532,#7533);
#7535=CIRCLE('',#7534,0.3);
#7536=EDGE_CURVE('',#7530,#6951,#7535,.T.);
#7537=ORIENTED_EDGE('',*,*,#7536,.T.);
#7538=ORIENTED_EDGE('',*,*,#6956,.T.);
#7539=ORIENTED_EDGE('',*,*,#6062,.T.);
#7540=CARTESIAN_POINT('',(-9.5,-6.077817459305202,4.512132034355964));
#7541=DIRECTION('',(1.0,0.0,0.0));
#7542=VECTOR('',#7541,0.499999999999998);
#7543=LINE('',#7540,#7542);
#7544=EDGE_CURVE('',#6048,#7530,#7543,.T.);
#7545=ORIENTED_EDGE('',*,*,#7544,.T.);
#7546=EDGE_LOOP('',(#7537,#7538,#7539,#7545));
#7547=FACE_OUTER_BOUND('',#7546,.T.);
#7548=ADVANCED_FACE('',(#7547),#7528,.T.);
#7549=CARTESIAN_POINT('',(0.0,-6.205025253169419,3.394974746830584));
#7550=DIRECTION('',(0.0,-0.707106781186547,0.707106781186548));
#7551=DIRECTION('',(1.0,0.0,0.0));
#7552=AXIS2_PLACEMENT_3D('',#7549,#7550,#7551);
#7553=PLANE('',#7552);
#7554=ORIENTED_EDGE('',*,*,#3723,.F.);
#7555=CARTESIAN_POINT('',(-9.000000000000002,-5.992893218813454,3.607106781186548));
#7556=DIRECTION('',(0.0,0.707106781186548,0.707106781186547));
#7557=VECTOR('',#7556,0.348528137423858);
#7558=LINE('',#7555,#7557);
#7559=EDGE_CURVE('',#6384,#3711,#7558,.T.);
#7560=ORIENTED_EDGE('',*,*,#7559,.F.);
#7561=ORIENTED_EDGE('',*,*,#6405,.F.);
#7562=ORIENTED_EDGE('',*,*,#6019,.F.);
#7563=EDGE_LOOP('',(#7554,#7560,#7561,#7562));
#7564=FACE_OUTER_BOUND('',#7563,.T.);
#7565=ADVANCED_FACE('',(#7564),#7553,.F.);
#7566=CARTESIAN_POINT('',(0.0,-5.989949493661166,4.600000000000001));
#7567=DIRECTION('',(0.0,0.707106781186547,-0.707106781186548));
#7568=DIRECTION('',(-1.0,0.0,0.0));
#7569=AXIS2_PLACEMENT_3D('',#7566,#7567,#7568);
#7570=PLANE('',#7569);
#7571=ORIENTED_EDGE('',*,*,#6452,.F.);
#7572=CARTESIAN_POINT('',(-9.000000000000002,-6.077817459305203,4.512132034355965));
#7573=DIRECTION('',(0.0,-0.707106781186548,-0.707106781186547));
#7574=VECTOR('',#7573,0.579898987322333);
#7575=LINE('',#7572,#7574);
#7576=EDGE_CURVE('',#7530,#6440,#7575,.T.);
#7577=ORIENTED_EDGE('',*,*,#7576,.F.);
#7578=ORIENTED_EDGE('',*,*,#7544,.F.);
#7579=ORIENTED_EDGE('',*,*,#6053,.F.);
#7580=EDGE_LOOP('',(#7571,#7577,#7578,#7579));
#7581=FACE_OUTER_BOUND('',#7580,.T.);
#7582=ADVANCED_FACE('',(#7581),#7570,.F.);
#7583=CARTESIAN_POINT('',(0.0,-6.7,-3.889949493661168));
#7584=DIRECTION('',(0.0,0.707106781186547,0.707106781186548));
#7585=DIRECTION('',(1.0,0.0,0.0));
#7586=AXIS2_PLACEMENT_3D('',#7583,#7584,#7585);
#7587=PLANE('',#7586);
#7588=ORIENTED_EDGE('',*,*,#6331,.F.);
#7589=ORIENTED_EDGE('',*,*,#5883,.F.);
#7590=ORIENTED_EDGE('',*,*,#7411,.F.);
#7591=CARTESIAN_POINT('',(-9.000000000000002,-6.487867965644037,-4.102081528017132));
#7592=DIRECTION('',(0.0,0.707106781186548,-0.707106781186548));
#7593=VECTOR('',#7592,0.579898987322334);
#7594=LINE('',#7591,#7593);
#7595=EDGE_CURVE('',#6310,#7399,#7594,.T.);
#7596=ORIENTED_EDGE('',*,*,#7595,.F.);
#7597=EDGE_LOOP('',(#7588,#7589,#7590,#7596));
#7598=FACE_OUTER_BOUND('',#7597,.T.);
#7599=ADVANCED_FACE('',(#7598),#7587,.F.);
#7600=CARTESIAN_POINT('',(0.0,-6.205025253169416,-6.605025253169419));
#7601=DIRECTION('',(0.0,-0.707106781186549,0.707106781186546));
#7602=DIRECTION('',(1.0,0.0,0.0));
#7603=AXIS2_PLACEMENT_3D('',#7600,#7601,#7602);
#7604=PLANE('',#7603);
#7605=ORIENTED_EDGE('',*,*,#3869,.F.);
#7606=CARTESIAN_POINT('',(-9.000000000000002,-5.992893218813451,-6.392893218813454));
#7607=DIRECTION('',(0.0,0.707106781186546,0.707106781186549));
#7608=VECTOR('',#7607,0.348528137423854);
#7609=LINE('',#7606,#7608);
#7610=EDGE_CURVE('',#5716,#3857,#7609,.T.);
#7611=ORIENTED_EDGE('',*,*,#7610,.F.);
#7612=ORIENTED_EDGE('',*,*,#5747,.F.);
#7613=ORIENTED_EDGE('',*,*,#5789,.F.);
#7614=EDGE_LOOP('',(#7605,#7611,#7612,#7613));
#7615=FACE_OUTER_BOUND('',#7614,.T.);
#7616=ADVANCED_FACE('',(#7615),#7604,.F.);
#7617=CARTESIAN_POINT('',(0.0,-2.3,8.5));
#7618=DIRECTION('',(0.0,1.0,0.0));
#7619=DIRECTION('',(0.0,0.0,1.0));
#7620=AXIS2_PLACEMENT_3D('',#7617,#7618,#7619);
#7621=PLANE('',#7620);
#7622=ORIENTED_EDGE('',*,*,#4031,.F.);
#7623=CARTESIAN_POINT('',(9.000000000000002,-2.299999999999999,6.3));
#7624=DIRECTION('',(0.0,0.0,1.0));
#7625=VECTOR('',#7624,1.9);
#7626=LINE('',#7623,#7625);
#7627=EDGE_CURVE('',#4532,#4019,#7626,.T.);
#7628=ORIENTED_EDGE('',*,*,#7627,.F.);
#7629=ORIENTED_EDGE('',*,*,#4553,.F.);
#7630=ORIENTED_EDGE('',*,*,#4050,.F.);
#7631=EDGE_LOOP('',(#7622,#7628,#7629,#7630));
#7632=FACE_OUTER_BOUND('',#7631,.T.);
#7633=ADVANCED_FACE('',(#7632),#7621,.F.);
#7634=CARTESIAN_POINT('',(0.0,-6.205025253169416,6.605025253169419));
#7635=DIRECTION('',(0.0,0.707106781186546,-0.707106781186549));
#7636=DIRECTION('',(-1.0,0.0,0.0));
#7637=AXIS2_PLACEMENT_3D('',#7634,#7635,#7636);
#7638=PLANE('',#7637);
#7639=ORIENTED_EDGE('',*,*,#4977,.F.);
#7640=CARTESIAN_POINT('',(9.000000000000002,-6.487867965644036,6.322182540694801));
#7641=DIRECTION('',(0.0,0.707106781186548,0.707106781186548));
#7642=VECTOR('',#7641,0.1);
#7643=LINE('',#7640,#7642);
#7644=EDGE_CURVE('',#4989,#4965,#7643,.T.);
#7645=ORIENTED_EDGE('',*,*,#7644,.F.);
#7646=ORIENTED_EDGE('',*,*,#4994,.F.);
#7647=ORIENTED_EDGE('',*,*,#4084,.F.);
#7648=EDGE_LOOP('',(#7639,#7645,#7646,#7647));
#7649=FACE_OUTER_BOUND('',#7648,.T.);
#7650=ADVANCED_FACE('',(#7649),#7638,.F.);
#7651=CARTESIAN_POINT('',(0.0,-5.989949493661166,5.4));
#7652=DIRECTION('',(0.0,0.0,1.0));
#7653=DIRECTION('',(1.0,0.0,0.0));
#7654=AXIS2_PLACEMENT_3D('',#7651,#7652,#7653);
#7655=PLANE('',#7654);
#7656=ORIENTED_EDGE('',*,*,#4935,.F.);
#7657=ORIENTED_EDGE('',*,*,#4118,.F.);
#7658=ORIENTED_EDGE('',*,*,#5058,.F.);
#7659=CARTESIAN_POINT('',(9.000000000000002,-5.300000000000001,5.4));
#7660=DIRECTION('',(0.0,-1.0,0.0));
#7661=VECTOR('',#7660,0.565685424949238);
#7662=LINE('',#7659,#7661);
#7663=EDGE_CURVE('',#4914,#5046,#7662,.T.);
#7664=ORIENTED_EDGE('',*,*,#7663,.F.);
#7665=EDGE_LOOP('',(#7656,#7657,#7658,#7664));
#7666=FACE_OUTER_BOUND('',#7665,.T.);
#7667=ADVANCED_FACE('',(#7666),#7655,.F.);
#7668=CARTESIAN_POINT('',(0.0,-5.989949493661166,4.600000000000001));
#7669=DIRECTION('',(0.0,0.707106781186547,-0.707106781186548));
#7670=DIRECTION('',(-1.0,0.0,0.0));
#7671=AXIS2_PLACEMENT_3D('',#7668,#7669,#7670);
#7672=PLANE('',#7671);
#7673=ORIENTED_EDGE('',*,*,#5083,.F.);
#7674=CARTESIAN_POINT('',(9.000000000000002,-6.487867965644037,4.102081528017132));
#7675=DIRECTION('',(0.0,0.707106781186548,0.707106781186547));
#7676=VECTOR('',#7675,0.579898987322333);
#7677=LINE('',#7674,#7676);
#7678=EDGE_CURVE('',#5095,#5071,#7677,.T.);
#7679=ORIENTED_EDGE('',*,*,#7678,.F.);
#7680=ORIENTED_EDGE('',*,*,#5100,.F.);
#7681=ORIENTED_EDGE('',*,*,#4169,.F.);
#7682=EDGE_LOOP('',(#7673,#7679,#7680,#7681));
#7683=FACE_OUTER_BOUND('',#7682,.T.);
#7684=ADVANCED_FACE('',(#7683),#7672,.F.);
#7685=CARTESIAN_POINT('',(0.0,-6.205025253169419,3.394974746830584));
#7686=DIRECTION('',(0.0,-0.707106781186547,0.707106781186548));
#7687=DIRECTION('',(1.0,0.0,0.0));
#7688=AXIS2_PLACEMENT_3D('',#7685,#7686,#7687);
#7689=PLANE('',#7688);
#7690=ORIENTED_EDGE('',*,*,#3431,.F.);
#7691=ORIENTED_EDGE('',*,*,#4201,.F.);
#7692=ORIENTED_EDGE('',*,*,#5164,.F.);
#7693=CARTESIAN_POINT('',(9.000000000000002,-5.746446609406726,3.853553390593275));
#7694=DIRECTION('',(0.0,-0.707106781186547,-0.707106781186547));
#7695=VECTOR('',#7694,0.348528137423859);
#7696=LINE('',#7693,#7695);
#7697=EDGE_CURVE('',#3400,#5152,#7696,.T.);
#7698=ORIENTED_EDGE('',*,*,#7697,.F.);
#7699=EDGE_LOOP('',(#7690,#7691,#7692,#7698));
#7700=FACE_OUTER_BOUND('',#7699,.T.);
#7701=ADVANCED_FACE('',(#7700),#7689,.F.);
#7702=CARTESIAN_POINT('',(0.0,-5.600000000000001,-2.5));
#7703=DIRECTION('',(0.0,0.0,1.0));
#7704=DIRECTION('',(1.0,0.0,0.0));
#7705=AXIS2_PLACEMENT_3D('',#7702,#7703,#7704);
#7706=PLANE('',#7705);
#7707=ORIENTED_EDGE('',*,*,#5238,.F.);
#7708=CARTESIAN_POINT('',(9.000000000000002,-1.8,-2.500000000000001));
#7709=DIRECTION('',(0.0,-1.0,0.0));
#7710=VECTOR('',#7709,3.5);
#7711=LINE('',#7708,#7710);
#7712=EDGE_CURVE('',#5249,#5226,#7711,.T.);
#7713=ORIENTED_EDGE('',*,*,#7712,.F.);
#7714=ORIENTED_EDGE('',*,*,#5270,.F.);
#7715=ORIENTED_EDGE('',*,*,#4271,.F.);
#7716=EDGE_LOOP('',(#7707,#7713,#7714,#7715));
#7717=FACE_OUTER_BOUND('',#7716,.T.);
#7718=ADVANCED_FACE('',(#7717),#7706,.F.);
#7719=CARTESIAN_POINT('',(0.0,-5.989949493661166,-4.600000000000001));
#7720=DIRECTION('',(0.0,0.0,1.0));
#7721=DIRECTION('',(1.0,0.0,0.0));
#7722=AXIS2_PLACEMENT_3D('',#7719,#7720,#7721);
#7723=PLANE('',#7722);
#7724=ORIENTED_EDGE('',*,*,#5319,.F.);
#7725=ORIENTED_EDGE('',*,*,#4341,.F.);
#7726=ORIENTED_EDGE('',*,*,#5467,.F.);
#7727=CARTESIAN_POINT('',(9.000000000000002,-5.300000000000001,-4.6));
#7728=DIRECTION('',(0.0,-1.0,0.0));
#7729=VECTOR('',#7728,0.565685424949237);
#7730=LINE('',#7727,#7729);
#7731=EDGE_CURVE('',#5298,#5455,#7730,.T.);
#7732=ORIENTED_EDGE('',*,*,#7731,.F.);
#7733=EDGE_LOOP('',(#7724,#7725,#7726,#7732));
#7734=FACE_OUTER_BOUND('',#7733,.T.);
#7735=ADVANCED_FACE('',(#7734),#7723,.F.);
#7736=CARTESIAN_POINT('',(0.0,-6.7,-6.110050506338837));
#7737=DIRECTION('',(0.0,0.707106781186546,0.707106781186549));
#7738=DIRECTION('',(1.0,0.0,0.0));
#7739=AXIS2_PLACEMENT_3D('',#7736,#7737,#7738);
#7740=PLANE('',#7739);
#7741=ORIENTED_EDGE('',*,*,#5656,.F.);
#7742=CARTESIAN_POINT('',(9.000000000000002,-6.417157287525383,-6.392893218813454));
#7743=DIRECTION('',(0.0,-0.707106781186552,0.707106781186543));
#7744=VECTOR('',#7743,0.099999999999999);
#7745=LINE('',#7742,#7744);
#7746=EDGE_CURVE('',#5668,#5644,#7745,.T.);
#7747=ORIENTED_EDGE('',*,*,#7746,.F.);
#7748=ORIENTED_EDGE('',*,*,#5673,.F.);
#7749=ORIENTED_EDGE('',*,*,#4409,.F.);
#7750=EDGE_LOOP('',(#7741,#7747,#7748,#7749));
#7751=FACE_OUTER_BOUND('',#7750,.T.);
#7752=ADVANCED_FACE('',(#7751),#7740,.F.);
#7753=CARTESIAN_POINT('',(0.0,-4.299999999999999,-1.6));
#7754=DIRECTION('',(0.0,-1.0,0.0));
#7755=DIRECTION('',(0.0,0.0,-1.0));
#7756=AXIS2_PLACEMENT_3D('',#7753,#7754,#7755);
#7757=PLANE('',#7756);
#7758=ORIENTED_EDGE('',*,*,#4651,.F.);
#7759=CARTESIAN_POINT('',(9.000000000000002,-4.299999999999999,1.3));
#7760=DIRECTION('',(0.0,0.0,-1.0));
#7761=VECTOR('',#7760,2.6);
#7762=LINE('',#7759,#7761);
#7763=EDGE_CURVE('',#4784,#4639,#7762,.T.);
#7764=ORIENTED_EDGE('',*,*,#7763,.F.);
#7765=ORIENTED_EDGE('',*,*,#4798,.F.);
#7766=ORIENTED_EDGE('',*,*,#4497,.F.);
#7767=EDGE_LOOP('',(#7758,#7764,#7765,#7766));
#7768=FACE_OUTER_BOUND('',#7767,.T.);
#7769=ADVANCED_FACE('',(#7768),#7757,.F.);
#7770=CARTESIAN_POINT('',(0.0,-4.299999999999999,-1.6));
#7771=DIRECTION('',(0.0,-1.0,0.0));
#7772=DIRECTION('',(0.0,0.0,-1.0));
#7773=AXIS2_PLACEMENT_3D('',#7770,#7771,#7772);
#7774=PLANE('',#7773);
#7775=ORIENTED_EDGE('',*,*,#7239,.F.);
#7776=ORIENTED_EDGE('',*,*,#6226,.F.);
#7777=ORIENTED_EDGE('',*,*,#7281,.F.);
#7778=CARTESIAN_POINT('',(-9.000000000000002,-4.299999999999999,-1.3));
#7779=DIRECTION('',(0.0,0.0,1.0));
#7780=VECTOR('',#7779,2.6);
#7781=LINE('',#7778,#7780);
#7782=EDGE_CURVE('',#7218,#7269,#7781,.T.);
#7783=ORIENTED_EDGE('',*,*,#7782,.F.);
#7784=EDGE_LOOP('',(#7775,#7776,#7777,#7783));
#7785=FACE_OUTER_BOUND('',#7784,.T.);
#7786=ADVANCED_FACE('',(#7785),#7774,.F.);
#7787=CARTESIAN_POINT('',(-9.0,0.0,0.0));
#7788=DIRECTION('',(1.0,0.0,0.0));
#7789=DIRECTION('',(0.0,0.0,-1.0));
#7790=AXIS2_PLACEMENT_3D('',#7787,#7788,#7789);
#7791=PLANE('',#7790);
#7792=ORIENTED_EDGE('',*,*,#3917,.F.);
#7793=ORIENTED_EDGE('',*,*,#3228,.T.);
#7794=ORIENTED_EDGE('',*,*,#6576,.F.);
#7795=ORIENTED_EDGE('',*,*,#6601,.T.);
#7796=ORIENTED_EDGE('',*,*,#6888,.F.);
#7797=ORIENTED_EDGE('',*,*,#6904,.T.);
#7798=ORIENTED_EDGE('',*,*,#3644,.F.);
#7799=ORIENTED_EDGE('',*,*,#3681,.T.);
#7800=ORIENTED_EDGE('',*,*,#6471,.F.);
#7801=ORIENTED_EDGE('',*,*,#6503,.T.);
#7802=ORIENTED_EDGE('',*,*,#6520,.F.);
#7803=ORIENTED_EDGE('',*,*,#6552,.T.);
#7804=ORIENTED_EDGE('',*,*,#7452,.F.);
#7805=ORIENTED_EDGE('',*,*,#7475,.T.);
#7806=ORIENTED_EDGE('',*,*,#6988,.F.);
#7807=ORIENTED_EDGE('',*,*,#7009,.T.);
#7808=ORIENTED_EDGE('',*,*,#6932,.F.);
#7809=ORIENTED_EDGE('',*,*,#6962,.T.);
#7810=ORIENTED_EDGE('',*,*,#7536,.F.);
#7811=ORIENTED_EDGE('',*,*,#7576,.T.);
#7812=ORIENTED_EDGE('',*,*,#6446,.F.);
#7813=ORIENTED_EDGE('',*,*,#6422,.T.);
#7814=ORIENTED_EDGE('',*,*,#6392,.F.);
#7815=ORIENTED_EDGE('',*,*,#7559,.T.);
#7816=ORIENTED_EDGE('',*,*,#3717,.F.);
#7817=ORIENTED_EDGE('',*,*,#3754,.T.);
#7818=ORIENTED_EDGE('',*,*,#6846,.F.);
#7819=ORIENTED_EDGE('',*,*,#6862,.T.);
#7820=ORIENTED_EDGE('',*,*,#6792,.F.);
#7821=ORIENTED_EDGE('',*,*,#6822,.T.);
#7822=ORIENTED_EDGE('',*,*,#7133,.F.);
#7823=ORIENTED_EDGE('',*,*,#7165,.T.);
#7824=ORIENTED_EDGE('',*,*,#7182,.F.);
#7825=ORIENTED_EDGE('',*,*,#7205,.T.);
#7826=ORIENTED_EDGE('',*,*,#6743,.F.);
#7827=ORIENTED_EDGE('',*,*,#6764,.T.);
#7828=ORIENTED_EDGE('',*,*,#6694,.F.);
#7829=ORIENTED_EDGE('',*,*,#6715,.T.);
#7830=ORIENTED_EDGE('',*,*,#3790,.F.);
#7831=ORIENTED_EDGE('',*,*,#3827,.T.);
#7832=ORIENTED_EDGE('',*,*,#6370,.F.);
#7833=ORIENTED_EDGE('',*,*,#6348,.T.);
#7834=ORIENTED_EDGE('',*,*,#6318,.F.);
#7835=ORIENTED_EDGE('',*,*,#7595,.T.);
#7836=ORIENTED_EDGE('',*,*,#7405,.F.);
#7837=ORIENTED_EDGE('',*,*,#7433,.T.);
#7838=ORIENTED_EDGE('',*,*,#7363,.F.);
#7839=ORIENTED_EDGE('',*,*,#7384,.T.);
#7840=ORIENTED_EDGE('',*,*,#7307,.F.);
#7841=ORIENTED_EDGE('',*,*,#7337,.T.);
#7842=ORIENTED_EDGE('',*,*,#7494,.F.);
#7843=ORIENTED_EDGE('',*,*,#7517,.T.);
#7844=ORIENTED_EDGE('',*,*,#6291,.F.);
#7845=ORIENTED_EDGE('',*,*,#6267,.T.);
#7846=ORIENTED_EDGE('',*,*,#5724,.F.);
#7847=ORIENTED_EDGE('',*,*,#7610,.T.);
#7848=ORIENTED_EDGE('',*,*,#3863,.F.);
#7849=ORIENTED_EDGE('',*,*,#3900,.T.);
#7850=ORIENTED_EDGE('',*,*,#6667,.F.);
#7851=ORIENTED_EDGE('',*,*,#6643,.T.);
#7852=ORIENTED_EDGE('',*,*,#6620,.F.);
#7853=ORIENTED_EDGE('',*,*,#3069,.T.);
#7854=EDGE_LOOP('',(#7792,#7793,#7794,#7795,#7796,#7797,#7798,#7799,#7800,#7801,#7802,#7803,#7804,#7805,#7806,#7807,#7808,#7809,#7810,#7811,#7812,#7813,#7814,#7815,#7816,#7817,#7818,#7819,#7820,#7821,#7822,#7823,#7824,#7825,#7826,#7827,#7828,#7829,#7830,#7831,#7832,#7833,#7834,#7835,#7836,#7837,#7838,#7839,#7840,#7841,#7842,#7843,#7844,#7845,#7846,#7847,#7848,#7849,#7850,#7851,#7852,#7853));
#7855=FACE_OUTER_BOUND('',#7854,.T.);
#7856=ORIENTED_EDGE('',*,*,#7060,.T.);
#7857=ORIENTED_EDGE('',*,*,#7030,.F.);
#7858=ORIENTED_EDGE('',*,*,#7256,.T.);
#7859=ORIENTED_EDGE('',*,*,#7226,.F.);
#7860=ORIENTED_EDGE('',*,*,#7782,.T.);
#7861=ORIENTED_EDGE('',*,*,#7275,.F.);
#7862=ORIENTED_EDGE('',*,*,#7109,.T.);
#7863=ORIENTED_EDGE('',*,*,#7084,.F.);
#7864=EDGE_LOOP('',(#7856,#7857,#7858,#7859,#7860,#7861,#7862,#7863));
#7865=FACE_BOUND('',#7864,.T.);
#7866=ADVANCED_FACE('',(#7855,#7865),#7791,.T.);
#7867=CARTESIAN_POINT('',(0.0,0.7,0.0));
#7868=DIRECTION('',(0.0,1.0,0.0));
#7869=DIRECTION('',(0.0,0.0,1.0));
#7870=AXIS2_PLACEMENT_3D('',#7867,#7868,#7869);
#7871=TOROIDAL_SURFACE('',#7870,6.315500122010745,0.8);
#7872=CARTESIAN_POINT('',(0.0,1.199756038043539,6.940195169565168));
#7873=VERTEX_POINT('',#7872);
#7874=CARTESIAN_POINT('',(-8.499288E-016,1.199756038043539,0.0));
#7875=DIRECTION('',(0.0,1.0,0.0));
#7876=DIRECTION('',(0.0,0.0,-1.0));
#7877=AXIS2_PLACEMENT_3D('',#7874,#7875,#7876);
#7878=CIRCLE('',#7877,6.940195169565168);
#7879=EDGE_CURVE('',#7873,#7873,#7878,.T.);
#7880=ORIENTED_EDGE('',*,*,#7879,.T.);
#7881=EDGE_LOOP('',(#7880));
#7882=FACE_OUTER_BOUND('',#7881,.T.);
#7883=CARTESIAN_POINT('',(-1.546851E-015,1.5,6.315500122010745));
#7884=VERTEX_POINT('',#7883);
#7885=CARTESIAN_POINT('',(0.0,1.5,0.0));
#7886=DIRECTION('',(0.0,-1.0,0.0));
#7887=DIRECTION('',(0.0,0.0,-1.0));
#7888=AXIS2_PLACEMENT_3D('',#7885,#7886,#7887);
#7889=CIRCLE('',#7888,6.315500122010745);
#7890=EDGE_CURVE('',#7884,#7884,#7889,.T.);
#7891=ORIENTED_EDGE('',*,*,#7890,.T.);
#7892=EDGE_LOOP('',(#7891));
#7893=FACE_BOUND('',#7892,.T.);
#7894=ADVANCED_FACE('',(#7882,#7893),#7871,.T.);
#7895=CARTESIAN_POINT('',(0.0,1.0,0.0));
#7896=DIRECTION('',(0.0,-1.0,0.0));
#7897=DIRECTION('',(0.0,0.0,1.0));
#7898=AXIS2_PLACEMENT_3D('',#7895,#7896,#7897);
#7899=CONICAL_SURFACE('',#7898,7.1,38.659808254090073);
#7900=CARTESIAN_POINT('',(-2.222674E-015,0.800243961956461,7.259804830434831));
#7901=VERTEX_POINT('',#7900);
#7902=CARTESIAN_POINT('',(-1.111337E-015,0.800243961956461,0.0));
#7903=DIRECTION('',(0.0,-1.0,0.0));
#7904=DIRECTION('',(0.0,0.0,-1.0));
#7905=AXIS2_PLACEMENT_3D('',#7902,#7903,#7904);
#7906=CIRCLE('',#7905,7.259804830434831);
#7907=EDGE_CURVE('',#7901,#7901,#7906,.T.);
#7908=ORIENTED_EDGE('',*,*,#7907,.F.);
#7909=EDGE_LOOP('',(#7908));
#7910=FACE_OUTER_BOUND('',#7909,.T.);
#7911=ORIENTED_EDGE('',*,*,#7879,.F.);
#7912=EDGE_LOOP('',(#7911));
#7913=FACE_BOUND('',#7912,.T.);
#7914=ADVANCED_FACE('',(#7910,#7913),#7899,.T.);
#7915=CARTESIAN_POINT('',(0.0,1.5,6.100000000000001));
#7916=DIRECTION('',(0.0,1.0,0.0));
#7917=DIRECTION('',(0.0,0.0,1.0));
#7918=AXIS2_PLACEMENT_3D('',#7915,#7916,#7917);
#7919=PLANE('',#7918);
#7920=ORIENTED_EDGE('',*,*,#7890,.F.);
#7921=EDGE_LOOP('',(#7920));
#7922=FACE_OUTER_BOUND('',#7921,.T.);
#7923=CARTESIAN_POINT('',(0.0,1.5,5.5));
#7924=VERTEX_POINT('',#7923);
#7925=CARTESIAN_POINT('',(0.0,1.5,0.0));
#7926=DIRECTION('',(0.0,1.0,0.0));
#7927=DIRECTION('',(0.0,0.0,1.0));
#7928=AXIS2_PLACEMENT_3D('',#7925,#7926,#7927);
#7929=CIRCLE('',#7928,5.5);
#7930=EDGE_CURVE('',#7924,#7924,#7929,.T.);
#7931=ORIENTED_EDGE('',*,*,#7930,.F.);
#7932=EDGE_LOOP('',(#7931));
#7933=FACE_BOUND('',#7932,.T.);
#7934=ADVANCED_FACE('',(#7922,#7933),#7919,.T.);
#7935=CARTESIAN_POINT('',(0.0,0.8,0.0));
#7936=DIRECTION('',(0.0,1.0,0.0));
#7937=DIRECTION('',(0.0,0.0,1.0));
#7938=AXIS2_PLACEMENT_3D('',#7935,#7936,#7937);
#7939=TOROIDAL_SURFACE('',#7938,7.644187454245972,0.8);
#7940=CARTESIAN_POINT('',(-1.232595E-031,0.30024396195646,7.019492406691548));
#7941=VERTEX_POINT('',#7940);
#7942=CARTESIAN_POINT('',(-8.596399E-016,0.30024396195646,0.0));
#7943=DIRECTION('',(0.0,1.0,0.0));
#7944=DIRECTION('',(0.0,0.0,-1.0));
#7945=AXIS2_PLACEMENT_3D('',#7942,#7943,#7944);
#7946=CIRCLE('',#7945,7.019492406691548);
#7947=EDGE_CURVE('',#7941,#7941,#7946,.T.);
#7948=ORIENTED_EDGE('',*,*,#7947,.T.);
#7949=EDGE_LOOP('',(#7948));
#7950=FACE_OUTER_BOUND('',#7949,.T.);
#7951=ORIENTED_EDGE('',*,*,#3146,.T.);
#7952=EDGE_LOOP('',(#7951));
#7953=FACE_BOUND('',#7952,.T.);
#7954=ADVANCED_FACE('',(#7950,#7953),#7939,.T.);
#7955=CARTESIAN_POINT('',(0.0,0.5,0.0));
#7956=DIRECTION('',(0.0,-1.0,0.0));
#7957=DIRECTION('',(0.0,0.0,1.0));
#7958=AXIS2_PLACEMENT_3D('',#7955,#7956,#7957);
#7959=CONICAL_SURFACE('',#7958,6.859687576256715,38.659808254090116);
#7960=CARTESIAN_POINT('',(-1.640998E-015,0.699756038043539,6.699882745821883));
#7961=VERTEX_POINT('',#7960);
#7962=CARTESIAN_POINT('',(-8.204990E-016,0.699756038043539,0.0));
#7963=DIRECTION('',(0.0,-1.0,0.0));
#7964=DIRECTION('',(0.0,0.0,-1.0));
#7965=AXIS2_PLACEMENT_3D('',#7962,#7963,#7964);
#7966=CIRCLE('',#7965,6.699882745821883);
#7967=EDGE_CURVE('',#7961,#7961,#7966,.T.);
#7968=ORIENTED_EDGE('',*,*,#7967,.F.);
#7969=EDGE_LOOP('',(#7968));
#7970=FACE_OUTER_BOUND('',#7969,.T.);
#7971=ORIENTED_EDGE('',*,*,#7947,.F.);
#7972=EDGE_LOOP('',(#7971));
#7973=FACE_BOUND('',#7972,.T.);
#7974=ADVANCED_FACE('',(#7970,#7973),#7959,.F.);
#7975=CARTESIAN_POINT('',(0.0,0.2,0.0));
#7976=DIRECTION('',(0.0,1.0,0.0));
#7977=DIRECTION('',(0.0,0.0,1.0));
#7978=AXIS2_PLACEMENT_3D('',#7975,#7976,#7977);
#7979=TOROIDAL_SURFACE('',#7978,6.07518769826746,0.8);
#7980=CARTESIAN_POINT('',(0.0,1.0,6.07518769826746));
#7981=VERTEX_POINT('',#7980);
#7982=CARTESIAN_POINT('',(0.0,1.0,0.0));
#7983=DIRECTION('',(0.0,1.0,0.0));
#7984=DIRECTION('',(0.0,0.0,-1.0));
#7985=AXIS2_PLACEMENT_3D('',#7982,#7983,#7984);
#7986=CIRCLE('',#7985,6.07518769826746);
#7987=EDGE_CURVE('',#7981,#7981,#7986,.T.);
#7988=ORIENTED_EDGE('',*,*,#7987,.T.);
#7989=EDGE_LOOP('',(#7988));
#7990=FACE_OUTER_BOUND('',#7989,.T.);
#7991=ORIENTED_EDGE('',*,*,#7967,.T.);
#7992=EDGE_LOOP('',(#7991));
#7993=FACE_BOUND('',#7992,.T.);
#7994=ADVANCED_FACE('',(#7990,#7993),#7979,.F.);
#7995=CARTESIAN_POINT('',(0.0,1.0,5.979843788128358));
#7996=DIRECTION('',(0.0,-1.0,0.0));
#7997=DIRECTION('',(0.0,0.0,-1.0));
#7998=AXIS2_PLACEMENT_3D('',#7995,#7996,#7997);
#7999=PLANE('',#7998);
#8000=ORIENTED_EDGE('',*,*,#7987,.F.);
#8001=EDGE_LOOP('',(#8000));
#8002=FACE_OUTER_BOUND('',#8001,.T.);
#8003=CARTESIAN_POINT('',(0.0,1.0,5.5));
#8004=VERTEX_POINT('',#8003);
#8005=CARTESIAN_POINT('',(0.0,1.0,0.0));
#8006=DIRECTION('',(0.0,1.0,0.0));
#8007=DIRECTION('',(0.0,0.0,1.0));
#8008=AXIS2_PLACEMENT_3D('',#8005,#8006,#8007);
#8009=CIRCLE('',#8008,5.5);
#8010=EDGE_CURVE('',#8004,#8004,#8009,.T.);
#8011=ORIENTED_EDGE('',*,*,#8010,.T.);
#8012=EDGE_LOOP('',(#8011));
#8013=FACE_BOUND('',#8012,.T.);
#8014=ADVANCED_FACE('',(#8002,#8013),#7999,.T.);
#8015=CARTESIAN_POINT('',(0.0,1.3,0.0));
#8016=DIRECTION('',(0.0,-1.0,0.0));
#8017=DIRECTION('',(0.0,0.0,-1.0));
#8018=AXIS2_PLACEMENT_3D('',#8015,#8016,#8017);
#8019=TOROIDAL_SURFACE('',#8018,7.884499877989255,0.8);
#8020=ORIENTED_EDGE('',*,*,#7907,.T.);
#8021=EDGE_LOOP('',(#8020));
#8022=FACE_OUTER_BOUND('',#8021,.T.);
#8023=ORIENTED_EDGE('',*,*,#3299,.T.);
#8024=EDGE_LOOP('',(#8023));
#8025=FACE_BOUND('',#8024,.T.);
#8026=ADVANCED_FACE('',(#8022,#8025),#8019,.F.);
#8027=CARTESIAN_POINT('',(0.0,1.25,0.0));
#8028=DIRECTION('',(0.0,1.0,0.0));
#8029=DIRECTION('',(0.0,0.0,1.0));
#8030=AXIS2_PLACEMENT_3D('',#8027,#8028,#8029);
#8031=CYLINDRICAL_SURFACE('',#8030,5.5);
#8032=ORIENTED_EDGE('',*,*,#8010,.F.);
#8033=EDGE_LOOP('',(#8032));
#8034=FACE_OUTER_BOUND('',#8033,.T.);
#8035=ORIENTED_EDGE('',*,*,#7930,.T.);
#8036=EDGE_LOOP('',(#8035));
#8037=FACE_BOUND('',#8036,.T.);
#8038=ADVANCED_FACE('',(#8034,#8037),#8031,.F.);
#8039=CARTESIAN_POINT('',(9.000000000000002,-7.000000000000001,0.0));
#8040=DIRECTION('',(-1.0,0.0,0.0));
#8041=DIRECTION('',(0.0,0.0,1.0));
#8042=AXIS2_PLACEMENT_3D('',#8039,#8040,#8041);
#8043=PLANE('',#8042);
#8044=ORIENTED_EDGE('',*,*,#3934,.F.);
#8045=ORIENTED_EDGE('',*,*,#3020,.T.);
#8046=ORIENTED_EDGE('',*,*,#5409,.F.);
#8047=ORIENTED_EDGE('',*,*,#5385,.T.);
#8048=ORIENTED_EDGE('',*,*,#5360,.F.);
#8049=ORIENTED_EDGE('',*,*,#3521,.T.);
#8050=ORIENTED_EDGE('',*,*,#3481,.F.);
#8051=ORIENTED_EDGE('',*,*,#5705,.T.);
#8052=ORIENTED_EDGE('',*,*,#5682,.F.);
#8053=ORIENTED_EDGE('',*,*,#7746,.T.);
#8054=ORIENTED_EDGE('',*,*,#5650,.F.);
#8055=ORIENTED_EDGE('',*,*,#5624,.T.);
#8056=ORIENTED_EDGE('',*,*,#5601,.F.);
#8057=ORIENTED_EDGE('',*,*,#5575,.T.);
#8058=ORIENTED_EDGE('',*,*,#5550,.F.);
#8059=ORIENTED_EDGE('',*,*,#5336,.T.);
#8060=ORIENTED_EDGE('',*,*,#5306,.F.);
#8061=ORIENTED_EDGE('',*,*,#7731,.T.);
#8062=ORIENTED_EDGE('',*,*,#5461,.F.);
#8063=ORIENTED_EDGE('',*,*,#5491,.T.);
#8064=ORIENTED_EDGE('',*,*,#5515,.F.);
#8065=ORIENTED_EDGE('',*,*,#5531,.T.);
#8066=ORIENTED_EDGE('',*,*,#5429,.F.);
#8067=ORIENTED_EDGE('',*,*,#3594,.T.);
#8068=ORIENTED_EDGE('',*,*,#3554,.F.);
#8069=ORIENTED_EDGE('',*,*,#3998,.T.);
#8070=ORIENTED_EDGE('',*,*,#3953,.F.);
#8071=ORIENTED_EDGE('',*,*,#5287,.T.);
#8072=ORIENTED_EDGE('',*,*,#5257,.F.);
#8073=ORIENTED_EDGE('',*,*,#7712,.T.);
#8074=ORIENTED_EDGE('',*,*,#5232,.F.);
#8075=ORIENTED_EDGE('',*,*,#5206,.T.);
#8076=ORIENTED_EDGE('',*,*,#5183,.F.);
#8077=ORIENTED_EDGE('',*,*,#4840,.T.);
#8078=ORIENTED_EDGE('',*,*,#4815,.F.);
#8079=ORIENTED_EDGE('',*,*,#4612,.T.);
#8080=ORIENTED_EDGE('',*,*,#4587,.F.);
#8081=ORIENTED_EDGE('',*,*,#3448,.T.);
#8082=ORIENTED_EDGE('',*,*,#3408,.F.);
#8083=ORIENTED_EDGE('',*,*,#7697,.T.);
#8084=ORIENTED_EDGE('',*,*,#5158,.F.);
#8085=ORIENTED_EDGE('',*,*,#5132,.T.);
#8086=ORIENTED_EDGE('',*,*,#5109,.F.);
#8087=ORIENTED_EDGE('',*,*,#7678,.T.);
#8088=ORIENTED_EDGE('',*,*,#5077,.F.);
#8089=ORIENTED_EDGE('',*,*,#4896,.T.);
#8090=ORIENTED_EDGE('',*,*,#4866,.F.);
#8091=ORIENTED_EDGE('',*,*,#4952,.T.);
#8092=ORIENTED_EDGE('',*,*,#4922,.F.);
#8093=ORIENTED_EDGE('',*,*,#7663,.T.);
#8094=ORIENTED_EDGE('',*,*,#5052,.F.);
#8095=ORIENTED_EDGE('',*,*,#5026,.T.);
#8096=ORIENTED_EDGE('',*,*,#5003,.F.);
#8097=ORIENTED_EDGE('',*,*,#7644,.T.);
#8098=ORIENTED_EDGE('',*,*,#4971,.F.);
#8099=ORIENTED_EDGE('',*,*,#3375,.T.);
#8100=ORIENTED_EDGE('',*,*,#3335,.F.);
#8101=ORIENTED_EDGE('',*,*,#4570,.T.);
#8102=ORIENTED_EDGE('',*,*,#4540,.F.);
#8103=ORIENTED_EDGE('',*,*,#7627,.T.);
#8104=ORIENTED_EDGE('',*,*,#4025,.F.);
#8105=ORIENTED_EDGE('',*,*,#3253,.T.);
#8106=EDGE_LOOP('',(#8044,#8045,#8046,#8047,#8048,#8049,#8050,#8051,#8052,#8053,#8054,#8055,#8056,#8057,#8058,#8059,#8060,#8061,#8062,#8063,#8064,#8065,#8066,#8067,#8068,#8069,#8070,#8071,#8072,#8073,#8074,#8075,#8076,#8077,#8078,#8079,#8080,#8081,#8082,#8083,#8084,#8085,#8086,#8087,#8088,#8089,#8090,#8091,#8092,#8093,#8094,#8095,#8096,#8097,#8098,#8099,#8100,#8101,#8102,#8103,#8104,#8105));
#8107=FACE_OUTER_BOUND('',#8106,.T.);
#8108=ORIENTED_EDGE('',*,*,#4724,.T.);
#8109=ORIENTED_EDGE('',*,*,#4748,.F.);
#8110=ORIENTED_EDGE('',*,*,#4773,.T.);
#8111=ORIENTED_EDGE('',*,*,#4790,.F.);
#8112=ORIENTED_EDGE('',*,*,#7763,.T.);
#8113=ORIENTED_EDGE('',*,*,#4645,.F.);
#8114=ORIENTED_EDGE('',*,*,#4675,.T.);
#8115=ORIENTED_EDGE('',*,*,#4699,.F.);
#8116=EDGE_LOOP('',(#8108,#8109,#8110,#8111,#8112,#8113,#8114,#8115));
#8117=FACE_BOUND('',#8116,.T.);
#8118=ADVANCED_FACE('',(#8107,#8117),#8043,.T.);
#8119=CLOSED_SHELL('',(#2912,#2952,#2974,#3039,#3104,#3150,#3182,#3271,#3303,#3320,#3362,#3393,#3435,#3466,#3508,#3539,#3581,#3612,#3654,#3685,#3727,#3758,#3800,#3831,#3873,#3904,#3921,#3938,#3980,#4002,#4035,#4525,#4557,#4574,#4599,#4623,#4655,#4679,#4704,#4728,#4753,#4777,#4802,#4827,#4851,#4883,#4907,#4939,#4956,#4981,#5013,#5037,#5062,#5087,#5119,#5143,#5168,#5193,#5217,#5242,#5274,#5291,#5323,#5347,#5372,#5396,#5414,#5439,#5471,#5495,#5520,#5537,#5562,#5586,#5611,#5635,#5660,#5692,#5709,#5751,#6254,#6278,#6303,#6335,#6359,#6377,#6409,#6433,#6458,#6483,#6507,#6532,#6556,#6581,#6605,#6630,#6654,#6672,#6704,#6721,#6753,#6770,#6802,#6826,#6851,#6868,#6893,#6910,#6942,#6966,#6998,#7015,#7047,#7071,#7096,#7120,#7145,#7169,#7194,#7211,#7243,#7260,#7285,#7317,#7341,#7373,#7390,#7422,#7439,#7464,#7481,#7506,#7523,#7548,#7565,#7582,#7599,#7616,#7633,#7650,#7667,#7684,#7701,#7718,#7735,#7752,#7769,#7786,#7866,#7894,#7914,#7934,#7954,#7974,#7994,#8014,#8026,#8038,#8118));
#8120=MANIFOLD_SOLID_BREP('Solid1',#8119);
#8121=COLOUR_RGB('Default',0.752941012382507,0.752941012382507,0.752941012382507);
#8122=FILL_AREA_STYLE_COLOUR('Default',#8121);
#8123=FILL_AREA_STYLE('Default',(#8122));
#8124=SURFACE_STYLE_FILL_AREA(#8123);
#8125=SURFACE_SIDE_STYLE('Default',(#8124));
#8126=SURFACE_STYLE_USAGE(.BOTH.,#8125);
#8127=PRESENTATION_STYLE_ASSIGNMENT((#8126));
#8128=STYLED_ITEM('',(#8127),#8120);
#8129=ADVANCED_BREP_SHAPE_REPRESENTATION('ABSR',(#8120),#2841);
#8130=SHAPE_REPRESENTATION_RELATIONSHIP('SRR','None',#8129,#2846);
#8131=AXIS2_PLACEMENT_3D('',#8132,#8133,#8134);
#8132=CARTESIAN_POINT('',(-4.606836E-038,-2.711836E-060,14.000000000000002));
#8133=DIRECTION('',(-5.478944E-055,1.0,-5.550101E-017));
#8134=DIRECTION('',(-1.0,-5.928896E-023,1.734723E-018));
#8135=NEXT_ASSEMBLY_USAGE_OCCURRENCE('FS5700 3P Top Plate:1','FS5700 3P Top Plate:1','FS5700 3P Top Plate:1',#12,#2817,'FS5700 3P Top Plate:1');
#8136=PRODUCT_DEFINITION_SHAPE('FS5700 3P Top Plate:1','FS5700 3P Top Plate:1',#8135);
#8137=ITEM_DEFINED_TRANSFORMATION('FS5700 3P Top Plate:1','FS5700 3P Top Plate:1',#2842,#8131);
#8141=(REPRESENTATION_RELATIONSHIP('FS5700 3P Top Plate:1','FS5700 3P Top Plate:1',#2846,#41)REPRESENTATION_RELATIONSHIP_WITH_TRANSFORMATION(#8137)SHAPE_REPRESENTATION_RELATIONSHIP());
#8142=CONTEXT_DEPENDENT_SHAPE_REPRESENTATION(#8141,#8136);
#8143=APPLICATION_CONTEXT('automotive design');
#8144=APPLICATION_PROTOCOL_DEFINITION('International Standard','automotive_design',2001,#8143);
#8145=PRODUCT_CONTEXT('',#8143,'mechanical');
#8146=PRODUCT('FS5700 3P M2 Terminal','FS5700 3P M2 Terminal',$,(#8145));
#8147=PRODUCT_RELATED_PRODUCT_CATEGORY('part',$,(#8146));
#8148=PRODUCT_DEFINITION_FORMATION('',$,#8146);
#8149=PRODUCT_DEFINITION_CONTEXT('part definition',#8143,'design');
#8150=PRODUCT_DEFINITION('',$,#8148,#8149);
#8156=(NAMED_UNIT(*)PLANE_ANGLE_UNIT()SI_UNIT($,.RADIAN.));
#8157=DIMENSIONAL_EXPONENTS(0.0,0.0,0.0,0.0,0.0,0.0,0.0);
#8158=PLANE_ANGLE_MEASURE_WITH_UNIT(PLANE_ANGLE_MEASURE(0.0174532925),#8156);
#8162=(CONVERSION_BASED_UNIT('DEGREE',#8158)NAMED_UNIT(#8157)PLANE_ANGLE_UNIT());
#8166=(NAMED_UNIT(*)SI_UNIT($,.STERADIAN.)SOLID_ANGLE_UNIT());
#8170=(LENGTH_UNIT()NAMED_UNIT(*)SI_UNIT(.MILLI.,.METRE.));
#8172=UNCERTAINTY_MEASURE_WITH_UNIT(LENGTH_MEASURE(0.01),#8170,'DISTANCE_ACCURACY_VALUE','');
#8174=(GEOMETRIC_REPRESENTATION_CONTEXT(3)GLOBAL_UNCERTAINTY_ASSIGNED_CONTEXT((#8172))GLOBAL_UNIT_ASSIGNED_CONTEXT((#8162,#8166,#8170))REPRESENTATION_CONTEXT('None','None'));
#8175=AXIS2_PLACEMENT_3D('',#8176,#8177,#8178);
#8176=CARTESIAN_POINT('',(0.0,0.0,0.0));
#8177=DIRECTION('',(0.0,0.0,1.0));
#8178=DIRECTION('',(1.0,0.0,0.0));
#8179=SHAPE_REPRESENTATION('',(#8175),#8174);
#8180=PRODUCT_DEFINITION_SHAPE('','',#8150);
#8181=SHAPE_DEFINITION_REPRESENTATION(#8180,#8179);
#8187=(NAMED_UNIT(*)PLANE_ANGLE_UNIT()SI_UNIT($,.RADIAN.));
#8188=DIMENSIONAL_EXPONENTS(0.0,0.0,0.0,0.0,0.0,0.0,0.0);
#8189=PLANE_ANGLE_MEASURE_WITH_UNIT(PLANE_ANGLE_MEASURE(0.0174532925),#8187);
#8193=(CONVERSION_BASED_UNIT('DEGREE',#8189)NAMED_UNIT(#8188)PLANE_ANGLE_UNIT());
#8197=(NAMED_UNIT(*)SI_UNIT($,.STERADIAN.)SOLID_ANGLE_UNIT());
#8201=(LENGTH_UNIT()NAMED_UNIT(*)SI_UNIT(.MILLI.,.METRE.));
#8203=UNCERTAINTY_MEASURE_WITH_UNIT(LENGTH_MEASURE(0.000001),#8201,'DISTANCE_ACCURACY_VALUE','');
#8205=(GEOMETRIC_REPRESENTATION_CONTEXT(3)GLOBAL_UNCERTAINTY_ASSIGNED_CONTEXT((#8203))GLOBAL_UNIT_ASSIGNED_CONTEXT((#8193,#8197,#8201))REPRESENTATION_CONTEXT('','3D'));
#8206=CARTESIAN_POINT('',(0.0,-0.9,-4.8));
#8207=DIRECTION('',(0.0,1.0,0.0));
#8208=DIRECTION('',(0.0,0.0,1.0));
#8209=AXIS2_PLACEMENT_3D('',#8206,#8207,#8208);
#8210=PLANE('',#8209);
#8211=CARTESIAN_POINT('',(-6.299999999999999,-0.9,-5.175));
#8212=VERTEX_POINT('',#8211);
#8213=CARTESIAN_POINT('',(-4.300000000000001,-0.9,-5.175));
#8214=VERTEX_POINT('',#8213);
#8215=CARTESIAN_POINT('',(-6.299999999999999,-0.9,-5.175));
#8216=DIRECTION('',(1.0,0.0,0.0));
#8217=VECTOR('',#8216,1.999999999999998);
#8218=LINE('',#8215,#8217);
#8219=EDGE_CURVE('',#8212,#8214,#8218,.T.);
#8220=ORIENTED_EDGE('',*,*,#8219,.F.);
#8221=CARTESIAN_POINT('',(-6.299999999999999,-0.9,-5.2));
#8222=VERTEX_POINT('',#8221);
#8223=CARTESIAN_POINT('',(-6.299999999999999,-0.9,-5.2));
#8224=DIRECTION('',(0.0,0.0,1.0));
#8225=VECTOR('',#8224,0.025);
#8226=LINE('',#8223,#8225);
#8227=EDGE_CURVE('',#8222,#8212,#8226,.T.);
#8228=ORIENTED_EDGE('',*,*,#8227,.F.);
#8229=CARTESIAN_POINT('',(6.299999999999999,-0.9,-5.2));
#8230=VERTEX_POINT('',#8229);
#8231=CARTESIAN_POINT('',(6.299999999999999,-0.9,-5.2));
#8232=DIRECTION('',(-1.0,0.0,0.0));
#8233=VECTOR('',#8232,12.599999999999998);
#8234=LINE('',#8231,#8233);
#8235=EDGE_CURVE('',#8230,#8222,#8234,.T.);
#8236=ORIENTED_EDGE('',*,*,#8235,.F.);
#8237=CARTESIAN_POINT('',(6.299999999999999,-0.9,-5.175));
#8238=VERTEX_POINT('',#8237);
#8239=CARTESIAN_POINT('',(6.299999999999999,-0.9,-5.175));
#8240=DIRECTION('',(0.0,0.0,-1.0));
#8241=VECTOR('',#8240,0.024999999999999);
#8242=LINE('',#8239,#8241);
#8243=EDGE_CURVE('',#8238,#8230,#8242,.T.);
#8244=ORIENTED_EDGE('',*,*,#8243,.F.);
#8245=CARTESIAN_POINT('',(4.300000000000001,-0.9,-5.175));
#8246=VERTEX_POINT('',#8245);
#8247=CARTESIAN_POINT('',(4.300000000000001,-0.9,-5.175));
#8248=DIRECTION('',(1.0,0.0,0.0));
#8249=VECTOR('',#8248,1.999999999999998);
#8250=LINE('',#8247,#8249);
#8251=EDGE_CURVE('',#8246,#8238,#8250,.T.);
#8252=ORIENTED_EDGE('',*,*,#8251,.F.);
#8253=CARTESIAN_POINT('',(4.300000000000001,-0.9,-4.425));
#8254=VERTEX_POINT('',#8253);
#8255=CARTESIAN_POINT('',(4.300000000000001,-0.9,-4.425));
#8256=DIRECTION('',(0.0,0.0,-1.0));
#8257=VECTOR('',#8256,0.75);
#8258=LINE('',#8255,#8257);
#8259=EDGE_CURVE('',#8254,#8246,#8258,.T.);
#8260=ORIENTED_EDGE('',*,*,#8259,.F.);
#8261=CARTESIAN_POINT('',(6.3,-0.9,-4.425));
#8262=VERTEX_POINT('',#8261);
#8263=CARTESIAN_POINT('',(6.300000000000001,-0.9,-4.425));
#8264=DIRECTION('',(-1.0,0.0,0.0));
#8265=VECTOR('',#8264,2.0);
#8266=LINE('',#8263,#8265);
#8267=EDGE_CURVE('',#8262,#8254,#8266,.T.);
#8268=ORIENTED_EDGE('',*,*,#8267,.F.);
#8269=CARTESIAN_POINT('',(6.299999999999999,-0.9,-4.4));
#8270=VERTEX_POINT('',#8269);
#8271=CARTESIAN_POINT('',(6.299999999999999,-0.9,-4.4));
#8272=DIRECTION('',(0.0,0.0,-1.0));
#8273=VECTOR('',#8272,0.025);
#8274=LINE('',#8271,#8273);
#8275=EDGE_CURVE('',#8270,#8262,#8274,.T.);
#8276=ORIENTED_EDGE('',*,*,#8275,.F.);
#8277=CARTESIAN_POINT('',(-6.299999999999999,-0.9,-4.4));
#8278=VERTEX_POINT('',#8277);
#8279=CARTESIAN_POINT('',(-6.299999999999999,-0.9,-4.4));
#8280=DIRECTION('',(1.0,0.0,0.0));
#8281=VECTOR('',#8280,12.599999999999998);
#8282=LINE('',#8279,#8281);
#8283=EDGE_CURVE('',#8278,#8270,#8282,.T.);
#8284=ORIENTED_EDGE('',*,*,#8283,.F.);
#8285=CARTESIAN_POINT('',(-6.3,-0.9,-4.425));
#8286=VERTEX_POINT('',#8285);
#8287=CARTESIAN_POINT('',(-6.299999999999999,-0.9,-4.425));
#8288=DIRECTION('',(0.0,0.0,1.0));
#8289=VECTOR('',#8288,0.024999999999999);
#8290=LINE('',#8287,#8289);
#8291=EDGE_CURVE('',#8286,#8278,#8290,.T.);
#8292=ORIENTED_EDGE('',*,*,#8291,.F.);
#8293=CARTESIAN_POINT('',(-4.300000000000001,-0.9,-4.425));
#8294=VERTEX_POINT('',#8293);
#8295=CARTESIAN_POINT('',(-4.300000000000001,-0.9,-4.425));
#8296=DIRECTION('',(-1.0,0.0,0.0));
#8297=VECTOR('',#8296,1.999999999999999);
#8298=LINE('',#8295,#8297);
#8299=EDGE_CURVE('',#8294,#8286,#8298,.T.);
#8300=ORIENTED_EDGE('',*,*,#8299,.F.);
#8301=CARTESIAN_POINT('',(-4.300000000000001,-0.9,-5.175));
#8302=DIRECTION('',(0.0,0.0,1.0));
#8303=VECTOR('',#8302,0.75);
#8304=LINE('',#8301,#8303);
#8305=EDGE_CURVE('',#8214,#8294,#8304,.T.);
#8306=ORIENTED_EDGE('',*,*,#8305,.F.);
#8307=EDGE_LOOP('',(#8220,#8228,#8236,#8244,#8252,#8260,#8268,#8276,#8284,#8292,#8300,#8306));
#8308=FACE_OUTER_BOUND('',#8307,.T.);
#8309=CARTESIAN_POINT('',(-1.0,-0.9,-5.175));
#8310=VERTEX_POINT('',#8309);
#8311=CARTESIAN_POINT('',(1.0,-0.9,-5.175));
#8312=VERTEX_POINT('',#8311);
#8313=CARTESIAN_POINT('',(-1.0,-0.9,-5.175));
#8314=DIRECTION('',(1.0,0.0,0.0));
#8315=VECTOR('',#8314,2.0);
#8316=LINE('',#8313,#8315);
#8317=EDGE_CURVE('',#8310,#8312,#8316,.T.);
#8318=ORIENTED_EDGE('',*,*,#8317,.F.);
#8319=CARTESIAN_POINT('',(-1.0,-0.9,-4.425));
#8320=VERTEX_POINT('',#8319);
#8321=CARTESIAN_POINT('',(-1.0,-0.9,-4.425));
#8322=DIRECTION('',(0.0,0.0,-1.0));
#8323=VECTOR('',#8322,0.75);
#8324=LINE('',#8321,#8323);
#8325=EDGE_CURVE('',#8320,#8310,#8324,.T.);
#8326=ORIENTED_EDGE('',*,*,#8325,.F.);
#8327=CARTESIAN_POINT('',(1.0,-0.9,-4.425));
#8328=VERTEX_POINT('',#8327);
#8329=CARTESIAN_POINT('',(1.0,-0.9,-4.425));
#8330=DIRECTION('',(-1.0,0.0,0.0));
#8331=VECTOR('',#8330,2.0);
#8332=LINE('',#8329,#8331);
#8333=EDGE_CURVE('',#8328,#8320,#8332,.T.);
#8334=ORIENTED_EDGE('',*,*,#8333,.F.);
#8335=CARTESIAN_POINT('',(1.0,-0.9,-5.175));
#8336=DIRECTION('',(0.0,0.0,1.0));
#8337=VECTOR('',#8336,0.75);
#8338=LINE('',#8335,#8337);
#8339=EDGE_CURVE('',#8312,#8328,#8338,.T.);
#8340=ORIENTED_EDGE('',*,*,#8339,.F.);
#8341=EDGE_LOOP('',(#8318,#8326,#8334,#8340));
#8342=FACE_BOUND('',#8341,.T.);
#8343=ADVANCED_FACE('',(#8308,#8342),#8210,.F.);
#8344=CARTESIAN_POINT('',(6.299999999999999,-0.1,-5.2));
#8345=DIRECTION('',(0.577350269189626,0.577350269189626,0.577350269189626));
#8346=DIRECTION('',(-0.707106781186548,0.0,0.707106781186548));
#8347=AXIS2_PLACEMENT_3D('',#8344,#8345,#8346);
#8348=SPHERICAL_SURFACE('',#8347,0.800000000000001);
#8349=CARTESIAN_POINT('',(6.299999999999999,-0.1,-6.000000000000001));
#8350=VERTEX_POINT('',#8349);
#8351=CARTESIAN_POINT('',(6.299999999999999,-0.1,-5.2));
#8352=DIRECTION('',(1.0,0.0,0.0));
#8353=DIRECTION('',(0.0,0.0,-1.0));
#8354=AXIS2_PLACEMENT_3D('',#8351,#8352,#8353);
#8355=CIRCLE('',#8354,0.8);
#8356=EDGE_CURVE('',#8350,#8230,#8355,.F.);
#8357=ORIENTED_EDGE('',*,*,#8356,.F.);
#8358=CARTESIAN_POINT('',(7.1,-0.1,-5.2));
#8359=VERTEX_POINT('',#8358);
#8360=CARTESIAN_POINT('',(6.299999999999999,-0.1,-5.2));
#8361=DIRECTION('',(0.0,-1.0,0.0));
#8362=DIRECTION('',(1.0,0.0,0.0));
#8363=AXIS2_PLACEMENT_3D('',#8360,#8361,#8362);
#8364=CIRCLE('',#8363,0.800000000000001);
#8365=EDGE_CURVE('',#8359,#8350,#8364,.F.);
#8366=ORIENTED_EDGE('',*,*,#8365,.F.);
#8367=CARTESIAN_POINT('',(6.299999999999999,-0.1,-5.2));
#8368=DIRECTION('',(0.0,0.0,-1.0));
#8369=DIRECTION('',(0.0,-1.0,0.0));
#8370=AXIS2_PLACEMENT_3D('',#8367,#8368,#8369);
#8371=CIRCLE('',#8370,0.8);
#8372=EDGE_CURVE('',#8230,#8359,#8371,.F.);
#8373=ORIENTED_EDGE('',*,*,#8372,.F.);
#8374=EDGE_LOOP('',(#8357,#8366,#8373));
#8375=FACE_OUTER_BOUND('',#8374,.T.);
#8376=ADVANCED_FACE('',(#8375),#8348,.T.);
#8377=CARTESIAN_POINT('',(6.299999999999999,0.0,-5.2));
#8378=DIRECTION('',(0.0,-1.0,0.0));
#8379=DIRECTION('',(0.707106781186548,0.0,-0.707106781186547));
#8380=AXIS2_PLACEMENT_3D('',#8377,#8378,#8379);
#8381=CYLINDRICAL_SURFACE('',#8380,0.8);
#8382=CARTESIAN_POINT('',(6.299999999999999,0.0,-6.000000000000001));
#8383=VERTEX_POINT('',#8382);
#8384=CARTESIAN_POINT('',(7.1,0.0,-5.2));
#8385=VERTEX_POINT('',#8384);
#8386=CARTESIAN_POINT('',(6.299999999999999,0.0,-5.2));
#8387=DIRECTION('',(0.0,-1.0,0.0));
#8388=DIRECTION('',(0.707106781186548,0.0,-0.707106781186547));
#8389=AXIS2_PLACEMENT_3D('',#8386,#8387,#8388);
#8390=CIRCLE('',#8389,0.8);
#8391=EDGE_CURVE('',#8383,#8385,#8390,.T.);
#8392=ORIENTED_EDGE('',*,*,#8391,.T.);
#8393=CARTESIAN_POINT('',(7.1,0.0,-5.2));
#8394=DIRECTION('',(0.0,-1.0,0.0));
#8395=VECTOR('',#8394,0.1);
#8396=LINE('',#8393,#8395);
#8397=EDGE_CURVE('',#8385,#8359,#8396,.T.);
#8398=ORIENTED_EDGE('',*,*,#8397,.T.);
#8399=ORIENTED_EDGE('',*,*,#8365,.T.);
#8400=CARTESIAN_POINT('',(6.299999999999999,-0.1,-6.000000000000001));
#8401=DIRECTION('',(0.0,1.0,0.0));
#8402=VECTOR('',#8401,0.1);
#8403=LINE('',#8400,#8402);
#8404=EDGE_CURVE('',#8350,#8383,#8403,.T.);
#8405=ORIENTED_EDGE('',*,*,#8404,.T.);
#8406=EDGE_LOOP('',(#8392,#8398,#8399,#8405));
#8407=FACE_OUTER_BOUND('',#8406,.T.);
#8408=ADVANCED_FACE('',(#8407),#8381,.T.);
#8409=CARTESIAN_POINT('',(-6.299999999999999,-0.1,-5.2));
#8410=DIRECTION('',(0.577350269189626,0.577350269189626,0.577350269189626));
#8411=DIRECTION('',(-0.707106781186548,0.0,0.707106781186548));
#8412=AXIS2_PLACEMENT_3D('',#8409,#8410,#8411);
#8413=SPHERICAL_SURFACE('',#8412,0.8);
#8414=CARTESIAN_POINT('',(-7.1,-0.1,-5.2));
#8415=VERTEX_POINT('',#8414);
#8416=CARTESIAN_POINT('',(-6.299999999999999,-0.1,-5.2));
#8417=DIRECTION('',(0.0,0.0,-1.0));
#8418=DIRECTION('',(-1.0,0.0,0.0));
#8419=AXIS2_PLACEMENT_3D('',#8416,#8417,#8418);
#8420=CIRCLE('',#8419,0.800000000000001);
#8421=EDGE_CURVE('',#8415,#8222,#8420,.F.);
#8422=ORIENTED_EDGE('',*,*,#8421,.F.);
#8423=CARTESIAN_POINT('',(-6.299999999999999,-0.1,-6.000000000000001));
#8424=VERTEX_POINT('',#8423);
#8425=CARTESIAN_POINT('',(-6.299999999999999,-0.1,-5.2));
#8426=DIRECTION('',(0.0,-1.0,0.0));
#8427=DIRECTION('',(0.0,0.0,-1.0));
#8428=AXIS2_PLACEMENT_3D('',#8425,#8426,#8427);
#8429=CIRCLE('',#8428,0.8);
#8430=EDGE_CURVE('',#8424,#8415,#8429,.F.);
#8431=ORIENTED_EDGE('',*,*,#8430,.F.);
#8432=CARTESIAN_POINT('',(-6.299999999999999,-0.1,-5.2));
#8433=DIRECTION('',(-1.0,0.0,0.0));
#8434=DIRECTION('',(0.0,-1.0,0.0));
#8435=AXIS2_PLACEMENT_3D('',#8432,#8433,#8434);
#8436=CIRCLE('',#8435,0.8);
#8437=EDGE_CURVE('',#8222,#8424,#8436,.F.);
#8438=ORIENTED_EDGE('',*,*,#8437,.F.);
#8439=EDGE_LOOP('',(#8422,#8431,#8438));
#8440=FACE_OUTER_BOUND('',#8439,.T.);
#8441=ADVANCED_FACE('',(#8440),#8413,.T.);
#8442=CARTESIAN_POINT('',(-6.299999999999999,0.0,-5.2));
#8443=DIRECTION('',(0.0,-1.0,0.0));
#8444=DIRECTION('',(-0.707106781186548,0.0,-0.707106781186547));
#8445=AXIS2_PLACEMENT_3D('',#8442,#8443,#8444);
#8446=CYLINDRICAL_SURFACE('',#8445,0.8);
#8447=CARTESIAN_POINT('',(-7.1,0.0,-5.2));
#8448=VERTEX_POINT('',#8447);
#8449=CARTESIAN_POINT('',(-6.299999999999999,0.0,-6.000000000000001));
#8450=VERTEX_POINT('',#8449);
#8451=CARTESIAN_POINT('',(-6.299999999999999,0.0,-5.2));
#8452=DIRECTION('',(0.0,-1.0,0.0));
#8453=DIRECTION('',(-0.707106781186548,0.0,-0.707106781186547));
#8454=AXIS2_PLACEMENT_3D('',#8451,#8452,#8453);
#8455=CIRCLE('',#8454,0.8);
#8456=EDGE_CURVE('',#8448,#8450,#8455,.T.);
#8457=ORIENTED_EDGE('',*,*,#8456,.T.);
#8458=CARTESIAN_POINT('',(-6.299999999999999,0.0,-6.000000000000001));
#8459=DIRECTION('',(0.0,-1.0,0.0));
#8460=VECTOR('',#8459,0.1);
#8461=LINE('',#8458,#8460);
#8462=EDGE_CURVE('',#8450,#8424,#8461,.T.);
#8463=ORIENTED_EDGE('',*,*,#8462,.T.);
#8464=ORIENTED_EDGE('',*,*,#8430,.T.);
#8465=CARTESIAN_POINT('',(-7.1,-0.1,-5.2));
#8466=DIRECTION('',(0.0,1.0,0.0));
#8467=VECTOR('',#8466,0.1);
#8468=LINE('',#8465,#8467);
#8469=EDGE_CURVE('',#8415,#8448,#8468,.T.);
#8470=ORIENTED_EDGE('',*,*,#8469,.T.);
#8471=EDGE_LOOP('',(#8457,#8463,#8464,#8470));
#8472=FACE_OUTER_BOUND('',#8471,.T.);
#8473=ADVANCED_FACE('',(#8472),#8446,.T.);
#8474=CARTESIAN_POINT('',(3.55,-0.1,-5.2));
#8475=DIRECTION('',(-1.0,0.0,0.0));
#8476=DIRECTION('',(0.0,-0.707106781186548,-0.707106781186548));
#8477=AXIS2_PLACEMENT_3D('',#8474,#8475,#8476);
#8478=CYLINDRICAL_SURFACE('',#8477,0.8);
#8479=ORIENTED_EDGE('',*,*,#8437,.T.);
#8480=CARTESIAN_POINT('',(-6.299999999999998,-0.1,-6.000000000000001));
#8481=DIRECTION('',(1.0,0.0,0.0));
#8482=VECTOR('',#8481,12.599999999999998);
#8483=LINE('',#8480,#8482);
#8484=EDGE_CURVE('',#8424,#8350,#8483,.T.);
#8485=ORIENTED_EDGE('',*,*,#8484,.T.);
#8486=ORIENTED_EDGE('',*,*,#8356,.T.);
#8487=ORIENTED_EDGE('',*,*,#8235,.T.);
#8488=EDGE_LOOP('',(#8479,#8485,#8486,#8487));
#8489=FACE_OUTER_BOUND('',#8488,.T.);
#8490=ADVANCED_FACE('',(#8489),#8478,.T.);
#8491=CARTESIAN_POINT('',(6.299999999999999,-0.1,-4.4));
#8492=DIRECTION('',(0.577350269189626,0.577350269189626,0.577350269189626));
#8493=DIRECTION('',(-0.707106781186548,0.0,0.707106781186548));
#8494=AXIS2_PLACEMENT_3D('',#8491,#8492,#8493);
#8495=SPHERICAL_SURFACE('',#8494,0.8);
#8496=CARTESIAN_POINT('',(7.1,-0.1,-4.4));
#8497=VERTEX_POINT('',#8496);
#8498=CARTESIAN_POINT('',(6.299999999999999,-0.1,-4.4));
#8499=DIRECTION('',(0.0,0.0,1.0));
#8500=DIRECTION('',(1.0,0.0,0.0));
#8501=AXIS2_PLACEMENT_3D('',#8498,#8499,#8500);
#8502=CIRCLE('',#8501,0.800000000000001);
#8503=EDGE_CURVE('',#8497,#8270,#8502,.F.);
#8504=ORIENTED_EDGE('',*,*,#8503,.F.);
#8505=CARTESIAN_POINT('',(6.299999999999999,-0.1,-3.6));
#8506=VERTEX_POINT('',#8505);
#8507=CARTESIAN_POINT('',(6.299999999999999,-0.1,-4.4));
#8508=DIRECTION('',(0.0,-1.0,0.0));
#8509=DIRECTION('',(0.0,0.0,1.0));
#8510=AXIS2_PLACEMENT_3D('',#8507,#8508,#8509);
#8511=CIRCLE('',#8510,0.8);
#8512=EDGE_CURVE('',#8506,#8497,#8511,.F.);
#8513=ORIENTED_EDGE('',*,*,#8512,.F.);
#8514=CARTESIAN_POINT('',(6.299999999999999,-0.1,-4.4));
#8515=DIRECTION('',(1.0,0.0,0.0));
#8516=DIRECTION('',(0.0,-1.0,0.0));
#8517=AXIS2_PLACEMENT_3D('',#8514,#8515,#8516);
#8518=CIRCLE('',#8517,0.8);
#8519=EDGE_CURVE('',#8270,#8506,#8518,.F.);
#8520=ORIENTED_EDGE('',*,*,#8519,.F.);
#8521=EDGE_LOOP('',(#8504,#8513,#8520));
#8522=FACE_OUTER_BOUND('',#8521,.T.);
#8523=ADVANCED_FACE('',(#8522),#8495,.T.);
#8524=CARTESIAN_POINT('',(6.299999999999999,0.0,-4.4));
#8525=DIRECTION('',(0.0,-1.0,0.0));
#8526=DIRECTION('',(0.707106781186548,0.0,0.707106781186547));
#8527=AXIS2_PLACEMENT_3D('',#8524,#8525,#8526);
#8528=CYLINDRICAL_SURFACE('',#8527,0.8);
#8529=CARTESIAN_POINT('',(7.1,0.0,-4.4));
#8530=VERTEX_POINT('',#8529);
#8531=CARTESIAN_POINT('',(6.299999999999999,0.0,-3.6));
#8532=VERTEX_POINT('',#8531);
#8533=CARTESIAN_POINT('',(6.299999999999999,0.0,-4.4));
#8534=DIRECTION('',(0.0,-1.0,0.0));
#8535=DIRECTION('',(0.707106781186548,0.0,0.707106781186547));
#8536=AXIS2_PLACEMENT_3D('',#8533,#8534,#8535);
#8537=CIRCLE('',#8536,0.8);
#8538=EDGE_CURVE('',#8530,#8532,#8537,.T.);
#8539=ORIENTED_EDGE('',*,*,#8538,.T.);
#8540=CARTESIAN_POINT('',(6.299999999999999,0.0,-3.6));
#8541=DIRECTION('',(0.0,-1.0,0.0));
#8542=VECTOR('',#8541,0.1);
#8543=LINE('',#8540,#8542);
#8544=EDGE_CURVE('',#8532,#8506,#8543,.T.);
#8545=ORIENTED_EDGE('',*,*,#8544,.T.);
#8546=ORIENTED_EDGE('',*,*,#8512,.T.);
#8547=CARTESIAN_POINT('',(7.1,-0.1,-4.4));
#8548=DIRECTION('',(0.0,1.0,0.0));
#8549=VECTOR('',#8548,0.1);
#8550=LINE('',#8547,#8549);
#8551=EDGE_CURVE('',#8497,#8530,#8550,.T.);
#8552=ORIENTED_EDGE('',*,*,#8551,.T.);
#8553=EDGE_LOOP('',(#8539,#8545,#8546,#8552));
#8554=FACE_OUTER_BOUND('',#8553,.T.);
#8555=ADVANCED_FACE('',(#8554),#8528,.T.);
#8556=CARTESIAN_POINT('',(-6.299999999999999,-0.1,-4.4));
#8557=DIRECTION('',(0.577350269189626,0.577350269189626,0.577350269189626));
#8558=DIRECTION('',(-0.707106781186548,0.0,0.707106781186548));
#8559=AXIS2_PLACEMENT_3D('',#8556,#8557,#8558);
#8560=SPHERICAL_SURFACE('',#8559,0.800000000000001);
#8561=CARTESIAN_POINT('',(-6.299999999999999,-0.1,-3.6));
#8562=VERTEX_POINT('',#8561);
#8563=CARTESIAN_POINT('',(-6.299999999999999,-0.1,-4.4));
#8564=DIRECTION('',(-1.0,0.0,0.0));
#8565=DIRECTION('',(0.0,0.0,1.0));
#8566=AXIS2_PLACEMENT_3D('',#8563,#8564,#8565);
#8567=CIRCLE('',#8566,0.8);
#8568=EDGE_CURVE('',#8562,#8278,#8567,.F.);
#8569=ORIENTED_EDGE('',*,*,#8568,.F.);
#8570=CARTESIAN_POINT('',(-7.1,-0.1,-4.4));
#8571=VERTEX_POINT('',#8570);
#8572=CARTESIAN_POINT('',(-6.299999999999999,-0.1,-4.4));
#8573=DIRECTION('',(0.0,-1.0,0.0));
#8574=DIRECTION('',(-1.0,0.0,0.0));
#8575=AXIS2_PLACEMENT_3D('',#8572,#8573,#8574);
#8576=CIRCLE('',#8575,0.800000000000001);
#8577=EDGE_CURVE('',#8571,#8562,#8576,.F.);
#8578=ORIENTED_EDGE('',*,*,#8577,.F.);
#8579=CARTESIAN_POINT('',(-6.299999999999999,-0.1,-4.4));
#8580=DIRECTION('',(0.0,0.0,1.0));
#8581=DIRECTION('',(0.0,-1.0,0.0));
#8582=AXIS2_PLACEMENT_3D('',#8579,#8580,#8581);
#8583=CIRCLE('',#8582,0.8);
#8584=EDGE_CURVE('',#8278,#8571,#8583,.F.);
#8585=ORIENTED_EDGE('',*,*,#8584,.F.);
#8586=EDGE_LOOP('',(#8569,#8578,#8585));
#8587=FACE_OUTER_BOUND('',#8586,.T.);
#8588=ADVANCED_FACE('',(#8587),#8560,.T.);
#8589=CARTESIAN_POINT('',(-6.299999999999999,0.0,-4.4));
#8590=DIRECTION('',(0.0,-1.0,0.0));
#8591=DIRECTION('',(-0.707106781186548,0.0,0.707106781186547));
#8592=AXIS2_PLACEMENT_3D('',#8589,#8590,#8591);
#8593=CYLINDRICAL_SURFACE('',#8592,0.8);
#8594=CARTESIAN_POINT('',(-6.299999999999999,0.0,-3.6));
#8595=VERTEX_POINT('',#8594);
#8596=CARTESIAN_POINT('',(-7.1,0.0,-4.4));
#8597=VERTEX_POINT('',#8596);
#8598=CARTESIAN_POINT('',(-6.299999999999999,0.0,-4.4));
#8599=DIRECTION('',(0.0,-1.0,0.0));
#8600=DIRECTION('',(-0.707106781186548,0.0,0.707106781186547));
#8601=AXIS2_PLACEMENT_3D('',#8598,#8599,#8600);
#8602=CIRCLE('',#8601,0.8);
#8603=EDGE_CURVE('',#8595,#8597,#8602,.T.);
#8604=ORIENTED_EDGE('',*,*,#8603,.T.);
#8605=CARTESIAN_POINT('',(-7.1,0.0,-4.4));
#8606=DIRECTION('',(0.0,-1.0,0.0));
#8607=VECTOR('',#8606,0.1);
#8608=LINE('',#8605,#8607);
#8609=EDGE_CURVE('',#8597,#8571,#8608,.T.);
#8610=ORIENTED_EDGE('',*,*,#8609,.T.);
#8611=ORIENTED_EDGE('',*,*,#8577,.T.);
#8612=CARTESIAN_POINT('',(-6.299999999999999,-0.1,-3.6));
#8613=DIRECTION('',(0.0,1.0,0.0));
#8614=VECTOR('',#8613,0.1);
#8615=LINE('',#8612,#8614);
#8616=EDGE_CURVE('',#8562,#8595,#8615,.T.);
#8617=ORIENTED_EDGE('',*,*,#8616,.T.);
#8618=EDGE_LOOP('',(#8604,#8610,#8611,#8617));
#8619=FACE_OUTER_BOUND('',#8618,.T.);
#8620=ADVANCED_FACE('',(#8619),#8593,.T.);
#8621=CARTESIAN_POINT('',(-6.299999999999999,-0.1,-5.4));
#8622=DIRECTION('',(0.0,0.0,1.0));
#8623=DIRECTION('',(-0.707106781186548,-0.707106781186547,0.0));
#8624=AXIS2_PLACEMENT_3D('',#8621,#8622,#8623);
#8625=CYLINDRICAL_SURFACE('',#8624,0.8);
#8626=ORIENTED_EDGE('',*,*,#8584,.T.);
#8627=CARTESIAN_POINT('',(-7.1,-0.1,-4.4));
#8628=DIRECTION('',(0.0,0.0,-1.0));
#8629=VECTOR('',#8628,0.8);
#8630=LINE('',#8627,#8629);
#8631=EDGE_CURVE('',#8571,#8415,#8630,.T.);
#8632=ORIENTED_EDGE('',*,*,#8631,.T.);
#8633=ORIENTED_EDGE('',*,*,#8421,.T.);
#8634=ORIENTED_EDGE('',*,*,#8227,.T.);
#8635=CARTESIAN_POINT('',(-6.3,-0.9,-4.425));
#8636=DIRECTION('',(0.0,0.0,-1.0));
#8637=VECTOR('',#8636,0.75);
#8638=LINE('',#8635,#8637);
#8639=EDGE_CURVE('',#8286,#8212,#8638,.T.);
#8640=ORIENTED_EDGE('',*,*,#8639,.F.);
#8641=ORIENTED_EDGE('',*,*,#8291,.T.);
#8642=EDGE_LOOP('',(#8626,#8632,#8633,#8634,#8640,#8641));
#8643=FACE_OUTER_BOUND('',#8642,.T.);
#8644=ADVANCED_FACE('',(#8643),#8625,.T.);
#8645=CARTESIAN_POINT('',(-3.55,-0.1,-4.4));
#8646=DIRECTION('',(1.0,0.0,0.0));
#8647=DIRECTION('',(0.0,-0.707106781186548,0.707106781186548));
#8648=AXIS2_PLACEMENT_3D('',#8645,#8646,#8647);
#8649=CYLINDRICAL_SURFACE('',#8648,0.8);
#8650=ORIENTED_EDGE('',*,*,#8519,.T.);
#8651=CARTESIAN_POINT('',(6.299999999999998,-0.1,-3.6));
#8652=DIRECTION('',(-1.0,0.0,0.0));
#8653=VECTOR('',#8652,12.599999999999998);
#8654=LINE('',#8651,#8653);
#8655=EDGE_CURVE('',#8506,#8562,#8654,.T.);
#8656=ORIENTED_EDGE('',*,*,#8655,.T.);
#8657=ORIENTED_EDGE('',*,*,#8568,.T.);
#8658=ORIENTED_EDGE('',*,*,#8283,.T.);
#8659=EDGE_LOOP('',(#8650,#8656,#8657,#8658));
#8660=FACE_OUTER_BOUND('',#8659,.T.);
#8661=ADVANCED_FACE('',(#8660),#8649,.T.);
#8662=CARTESIAN_POINT('',(6.299999999999999,-0.1,-4.199999999999999));
#8663=DIRECTION('',(0.0,0.0,-1.0));
#8664=DIRECTION('',(0.707106781186548,-0.707106781186547,0.0));
#8665=AXIS2_PLACEMENT_3D('',#8662,#8663,#8664);
#8666=CYLINDRICAL_SURFACE('',#8665,0.8);
#8667=ORIENTED_EDGE('',*,*,#8372,.T.);
#8668=CARTESIAN_POINT('',(7.1,-0.1,-5.199999999999999));
#8669=DIRECTION('',(0.0,0.0,1.0));
#8670=VECTOR('',#8669,0.8);
#8671=LINE('',#8668,#8670);
#8672=EDGE_CURVE('',#8359,#8497,#8671,.T.);
#8673=ORIENTED_EDGE('',*,*,#8672,.T.);
#8674=ORIENTED_EDGE('',*,*,#8503,.T.);
#8675=ORIENTED_EDGE('',*,*,#8275,.T.);
#8676=CARTESIAN_POINT('',(6.3,-0.9,-5.175));
#8677=DIRECTION('',(0.0,0.0,1.0));
#8678=VECTOR('',#8677,0.75);
#8679=LINE('',#8676,#8678);
#8680=EDGE_CURVE('',#8238,#8262,#8679,.T.);
#8681=ORIENTED_EDGE('',*,*,#8680,.F.);
#8682=ORIENTED_EDGE('',*,*,#8243,.T.);
#8683=EDGE_LOOP('',(#8667,#8673,#8674,#8675,#8681,#8682));
#8684=FACE_OUTER_BOUND('',#8683,.T.);
#8685=ADVANCED_FACE('',(#8684),#8666,.T.);
#8686=CARTESIAN_POINT('',(7.1,0.0,-6.000000000000001));
#8687=DIRECTION('',(0.0,0.0,-1.0));
#8688=DIRECTION('',(-1.0,0.0,0.0));
#8689=AXIS2_PLACEMENT_3D('',#8686,#8687,#8688);
#8690=PLANE('',#8689);
#8691=ORIENTED_EDGE('',*,*,#8404,.F.);
#8692=ORIENTED_EDGE('',*,*,#8484,.F.);
#8693=ORIENTED_EDGE('',*,*,#8462,.F.);
#8694=CARTESIAN_POINT('',(-6.299999999999999,0.0,-6.000000000000001));
#8695=DIRECTION('',(1.0,0.0,0.0));
#8696=VECTOR('',#8695,12.599999999999998);
#8697=LINE('',#8694,#8696);
#8698=EDGE_CURVE('',#8450,#8383,#8697,.T.);
#8699=ORIENTED_EDGE('',*,*,#8698,.T.);
#8700=EDGE_LOOP('',(#8691,#8692,#8693,#8699));
#8701=FACE_OUTER_BOUND('',#8700,.T.);
#8702=ADVANCED_FACE('',(#8701),#8690,.T.);
#8703=CARTESIAN_POINT('',(-7.1,0.0,-6.000000000000001));
#8704=DIRECTION('',(-1.0,0.0,0.0));
#8705=DIRECTION('',(0.0,0.0,1.0));
#8706=AXIS2_PLACEMENT_3D('',#8703,#8704,#8705);
#8707=PLANE('',#8706);
#8708=ORIENTED_EDGE('',*,*,#8469,.F.);
#8709=ORIENTED_EDGE('',*,*,#8631,.F.);
#8710=ORIENTED_EDGE('',*,*,#8609,.F.);
#8711=CARTESIAN_POINT('',(-7.1,0.0,-4.4));
#8712=DIRECTION('',(0.0,0.0,-1.0));
#8713=VECTOR('',#8712,0.8);
#8714=LINE('',#8711,#8713);
#8715=EDGE_CURVE('',#8597,#8448,#8714,.T.);
#8716=ORIENTED_EDGE('',*,*,#8715,.T.);
#8717=EDGE_LOOP('',(#8708,#8709,#8710,#8716));
#8718=FACE_OUTER_BOUND('',#8717,.T.);
#8719=ADVANCED_FACE('',(#8718),#8707,.T.);
#8720=CARTESIAN_POINT('',(7.1,0.0,-3.6));
#8721=DIRECTION('',(1.0,0.0,0.0));
#8722=DIRECTION('',(0.0,0.0,-1.0));
#8723=AXIS2_PLACEMENT_3D('',#8720,#8721,#8722);
#8724=PLANE('',#8723);
#8725=ORIENTED_EDGE('',*,*,#8397,.F.);
#8726=CARTESIAN_POINT('',(7.1,0.0,-5.200000000000001));
#8727=DIRECTION('',(0.0,0.0,1.0));
#8728=VECTOR('',#8727,0.8);
#8729=LINE('',#8726,#8728);
#8730=EDGE_CURVE('',#8385,#8530,#8729,.T.);
#8731=ORIENTED_EDGE('',*,*,#8730,.T.);
#8732=ORIENTED_EDGE('',*,*,#8551,.F.);
#8733=ORIENTED_EDGE('',*,*,#8672,.F.);
#8734=EDGE_LOOP('',(#8725,#8731,#8732,#8733));
#8735=FACE_OUTER_BOUND('',#8734,.T.);
#8736=ADVANCED_FACE('',(#8735),#8724,.T.);
#8737=CARTESIAN_POINT('',(-7.1,0.0,-3.6));
#8738=DIRECTION('',(0.0,0.0,1.0));
#8739=DIRECTION('',(1.0,0.0,0.0));
#8740=AXIS2_PLACEMENT_3D('',#8737,#8738,#8739);
#8741=PLANE('',#8740);
#8742=ORIENTED_EDGE('',*,*,#8544,.F.);
#8743=CARTESIAN_POINT('',(6.299999999999999,0.0,-3.6));
#8744=DIRECTION('',(-1.0,0.0,0.0));
#8745=VECTOR('',#8744,12.599999999999998);
#8746=LINE('',#8743,#8745);
#8747=EDGE_CURVE('',#8532,#8595,#8746,.T.);
#8748=ORIENTED_EDGE('',*,*,#8747,.T.);
#8749=ORIENTED_EDGE('',*,*,#8616,.F.);
#8750=ORIENTED_EDGE('',*,*,#8655,.F.);
#8751=EDGE_LOOP('',(#8742,#8748,#8749,#8750));
#8752=FACE_OUTER_BOUND('',#8751,.T.);
#8753=ADVANCED_FACE('',(#8752),#8741,.T.);
#8754=CARTESIAN_POINT('',(2.153287E-017,-1.788921683307166,-4.425));
#8755=DIRECTION('',(0.0,0.0,1.0));
#8756=DIRECTION('',(1.0,0.0,0.0));
#8757=AXIS2_PLACEMENT_3D('',#8754,#8755,#8756);
#8758=PLANE('',#8757);
#8759=ORIENTED_EDGE('',*,*,#8333,.T.);
#8760=CARTESIAN_POINT('',(-1.0,-1.2,-4.425));
#8761=VERTEX_POINT('',#8760);
#8762=CARTESIAN_POINT('',(-1.0,-1.2,-4.425));
#8763=DIRECTION('',(0.0,1.0,0.0));
#8764=VECTOR('',#8763,0.3);
#8765=LINE('',#8762,#8764);
#8766=EDGE_CURVE('',#8761,#8320,#8765,.T.);
#8767=ORIENTED_EDGE('',*,*,#8766,.F.);
#8768=CARTESIAN_POINT('',(-0.499999999999999,-1.200000000000001,-4.425));
#8769=VERTEX_POINT('',#8768);
#8770=CARTESIAN_POINT('',(-0.499999999999999,-1.200000000000001,-4.425));
#8771=DIRECTION('',(-1.0,0.0,0.0));
#8772=VECTOR('',#8771,0.500000000000001);
#8773=LINE('',#8770,#8772);
#8774=EDGE_CURVE('',#8769,#8761,#8773,.T.);
#8775=ORIENTED_EDGE('',*,*,#8774,.F.);
#8776=CARTESIAN_POINT('',(-0.5,-3.8,-4.425));
#8777=VERTEX_POINT('',#8776);
#8778=CARTESIAN_POINT('',(-0.5,-3.8,-4.425));
#8779=DIRECTION('',(0.0,1.0,0.0));
#8780=VECTOR('',#8779,2.599999999999999);
#8781=LINE('',#8778,#8780);
#8782=EDGE_CURVE('',#8777,#8769,#8781,.T.);
#8783=ORIENTED_EDGE('',*,*,#8782,.F.);
#8784=CARTESIAN_POINT('',(-0.1,-4.199999999999999,-4.425));
#8785=VERTEX_POINT('',#8784);
#8786=CARTESIAN_POINT('',(-0.1,-3.8,-4.425));
#8787=DIRECTION('',(0.0,0.0,-1.0));
#8788=DIRECTION('',(-1.0,0.0,0.0));
#8789=AXIS2_PLACEMENT_3D('',#8786,#8787,#8788);
#8790=CIRCLE('',#8789,0.4);
#8791=EDGE_CURVE('',#8785,#8777,#8790,.T.);
#8792=ORIENTED_EDGE('',*,*,#8791,.F.);
#8793=CARTESIAN_POINT('',(0.1,-4.2,-4.425));
#8794=VERTEX_POINT('',#8793);
#8795=CARTESIAN_POINT('',(0.1,-4.2,-4.425));
#8796=DIRECTION('',(-1.0,0.0,0.0));
#8797=VECTOR('',#8796,0.199999999999999);
#8798=LINE('',#8795,#8797);
#8799=EDGE_CURVE('',#8794,#8785,#8798,.T.);
#8800=ORIENTED_EDGE('',*,*,#8799,.F.);
#8801=CARTESIAN_POINT('',(0.5,-3.8,-4.425));
#8802=VERTEX_POINT('',#8801);
#8803=CARTESIAN_POINT('',(0.1,-3.8,-4.425));
#8804=DIRECTION('',(0.0,0.0,-1.0));
#8805=DIRECTION('',(0.0,-1.0,0.0));
#8806=AXIS2_PLACEMENT_3D('',#8803,#8804,#8805);
#8807=CIRCLE('',#8806,0.4);
#8808=EDGE_CURVE('',#8802,#8794,#8807,.T.);
#8809=ORIENTED_EDGE('',*,*,#8808,.F.);
#8810=CARTESIAN_POINT('',(0.499999999999999,-1.200000000000001,-4.425));
#8811=VERTEX_POINT('',#8810);
#8812=CARTESIAN_POINT('',(0.499999999999999,-1.200000000000001,-4.425));
#8813=DIRECTION('',(0.0,-1.0,0.0));
#8814=VECTOR('',#8813,2.599999999999999);
#8815=LINE('',#8812,#8814);
#8816=EDGE_CURVE('',#8811,#8802,#8815,.T.);
#8817=ORIENTED_EDGE('',*,*,#8816,.F.);
#8818=CARTESIAN_POINT('',(1.0,-1.2,-4.425));
#8819=VERTEX_POINT('',#8818);
#8820=CARTESIAN_POINT('',(1.0,-1.2,-4.425));
#8821=DIRECTION('',(-1.0,0.0,0.0));
#8822=VECTOR('',#8821,0.500000000000001);
#8823=LINE('',#8820,#8822);
#8824=EDGE_CURVE('',#8819,#8811,#8823,.T.);
#8825=ORIENTED_EDGE('',*,*,#8824,.F.);
#8826=CARTESIAN_POINT('',(1.0,-0.9,-4.425));
#8827=DIRECTION('',(0.0,-1.0,0.0));
#8828=VECTOR('',#8827,0.3);
#8829=LINE('',#8826,#8828);
#8830=EDGE_CURVE('',#8328,#8819,#8829,.T.);
#8831=ORIENTED_EDGE('',*,*,#8830,.F.);
#8832=EDGE_LOOP('',(#8759,#8767,#8775,#8783,#8792,#8800,#8809,#8817,#8825,#8831));
#8833=FACE_OUTER_BOUND('',#8832,.T.);
#8834=ADVANCED_FACE('',(#8833),#8758,.T.);
#8835=CARTESIAN_POINT('',(-1.0,-1.2,-4.8));
#8836=DIRECTION('',(-1.0,0.0,0.0));
#8837=DIRECTION('',(0.0,0.0,1.0));
#8838=AXIS2_PLACEMENT_3D('',#8835,#8836,#8837);
#8839=PLANE('',#8838);
#8840=ORIENTED_EDGE('',*,*,#8325,.T.);
#8841=CARTESIAN_POINT('',(-1.0,-1.2,-5.175));
#8842=VERTEX_POINT('',#8841);
#8843=CARTESIAN_POINT('',(-1.0,-0.9,-5.175));
#8844=DIRECTION('',(0.0,-1.0,0.0));
#8845=VECTOR('',#8844,0.3);
#8846=LINE('',#8843,#8845);
#8847=EDGE_CURVE('',#8310,#8842,#8846,.T.);
#8848=ORIENTED_EDGE('',*,*,#8847,.T.);
#8849=CARTESIAN_POINT('',(-1.0,-1.2,-5.175));
#8850=DIRECTION('',(0.0,0.0,1.0));
#8851=VECTOR('',#8850,0.75);
#8852=LINE('',#8849,#8851);
#8853=EDGE_CURVE('',#8842,#8761,#8852,.T.);
#8854=ORIENTED_EDGE('',*,*,#8853,.T.);
#8855=ORIENTED_EDGE('',*,*,#8766,.T.);
#8856=EDGE_LOOP('',(#8840,#8848,#8854,#8855));
#8857=FACE_OUTER_BOUND('',#8856,.T.);
#8858=ADVANCED_FACE('',(#8857),#8839,.T.);
#8859=CARTESIAN_POINT('',(1.301043E-017,-1.788921683307166,-5.175));
#8860=DIRECTION('',(0.0,0.0,1.0));
#8861=DIRECTION('',(1.0,0.0,0.0));
#8862=AXIS2_PLACEMENT_3D('',#8859,#8860,#8861);
#8863=PLANE('',#8862);
#8864=ORIENTED_EDGE('',*,*,#8317,.T.);
#8865=CARTESIAN_POINT('',(1.0,-1.2,-5.175));
#8866=VERTEX_POINT('',#8865);
#8867=CARTESIAN_POINT('',(1.0,-1.2,-5.175));
#8868=DIRECTION('',(0.0,1.0,0.0));
#8869=VECTOR('',#8868,0.3);
#8870=LINE('',#8867,#8869);
#8871=EDGE_CURVE('',#8866,#8312,#8870,.T.);
#8872=ORIENTED_EDGE('',*,*,#8871,.F.);
#8873=CARTESIAN_POINT('',(0.499999999999999,-1.200000000000001,-5.175));
#8874=VERTEX_POINT('',#8873);
#8875=CARTESIAN_POINT('',(0.499999999999999,-1.200000000000001,-5.175));
#8876=DIRECTION('',(1.0,0.0,0.0));
#8877=VECTOR('',#8876,0.500000000000001);
#8878=LINE('',#8875,#8877);
#8879=EDGE_CURVE('',#8874,#8866,#8878,.T.);
#8880=ORIENTED_EDGE('',*,*,#8879,.F.);
#8881=CARTESIAN_POINT('',(0.5,-3.8,-5.175));
#8882=VERTEX_POINT('',#8881);
#8883=CARTESIAN_POINT('',(0.5,-3.8,-5.175));
#8884=DIRECTION('',(0.0,1.0,0.0));
#8885=VECTOR('',#8884,2.599999999999999);
#8886=LINE('',#8883,#8885);
#8887=EDGE_CURVE('',#8882,#8874,#8886,.T.);
#8888=ORIENTED_EDGE('',*,*,#8887,.F.);
#8889=CARTESIAN_POINT('',(0.1,-4.2,-5.175));
#8890=VERTEX_POINT('',#8889);
#8891=CARTESIAN_POINT('',(0.1,-3.8,-5.175));
#8892=DIRECTION('',(0.0,0.0,1.0));
#8893=DIRECTION('',(0.0,-1.0,0.0));
#8894=AXIS2_PLACEMENT_3D('',#8891,#8892,#8893);
#8895=CIRCLE('',#8894,0.4);
#8896=EDGE_CURVE('',#8890,#8882,#8895,.T.);
#8897=ORIENTED_EDGE('',*,*,#8896,.F.);
#8898=CARTESIAN_POINT('',(-0.1,-4.199999999999999,-5.175));
#8899=VERTEX_POINT('',#8898);
#8900=CARTESIAN_POINT('',(-0.1,-4.199999999999999,-5.175));
#8901=DIRECTION('',(1.0,0.0,0.0));
#8902=VECTOR('',#8901,0.199999999999999);
#8903=LINE('',#8900,#8902);
#8904=EDGE_CURVE('',#8899,#8890,#8903,.T.);
#8905=ORIENTED_EDGE('',*,*,#8904,.F.);
#8906=CARTESIAN_POINT('',(-0.5,-3.8,-5.175));
#8907=VERTEX_POINT('',#8906);
#8908=CARTESIAN_POINT('',(-0.1,-3.8,-5.175));
#8909=DIRECTION('',(0.0,0.0,1.0));
#8910=DIRECTION('',(-1.0,0.0,0.0));
#8911=AXIS2_PLACEMENT_3D('',#8908,#8909,#8910);
#8912=CIRCLE('',#8911,0.4);
#8913=EDGE_CURVE('',#8907,#8899,#8912,.T.);
#8914=ORIENTED_EDGE('',*,*,#8913,.F.);
#8915=CARTESIAN_POINT('',(-0.499999999999999,-1.200000000000001,-5.175));
#8916=VERTEX_POINT('',#8915);
#8917=CARTESIAN_POINT('',(-0.499999999999999,-1.200000000000001,-5.175));
#8918=DIRECTION('',(0.0,-1.0,0.0));
#8919=VECTOR('',#8918,2.599999999999999);
#8920=LINE('',#8917,#8919);
#8921=EDGE_CURVE('',#8916,#8907,#8920,.T.);
#8922=ORIENTED_EDGE('',*,*,#8921,.F.);
#8923=CARTESIAN_POINT('',(-1.0,-1.2,-5.175));
#8924=DIRECTION('',(1.0,0.0,0.0));
#8925=VECTOR('',#8924,0.500000000000001);
#8926=LINE('',#8923,#8925);
#8927=EDGE_CURVE('',#8842,#8916,#8926,.T.);
#8928=ORIENTED_EDGE('',*,*,#8927,.F.);
#8929=ORIENTED_EDGE('',*,*,#8847,.F.);
#8930=EDGE_LOOP('',(#8864,#8872,#8880,#8888,#8897,#8905,#8914,#8922,#8928,#8929));
#8931=FACE_OUTER_BOUND('',#8930,.T.);
#8932=ADVANCED_FACE('',(#8931),#8863,.F.);
#8933=CARTESIAN_POINT('',(1.0,-4.286264E-016,-4.8));
#8934=DIRECTION('',(1.0,0.0,0.0));
#8935=DIRECTION('',(0.0,0.0,-1.0));
#8936=AXIS2_PLACEMENT_3D('',#8933,#8934,#8935);
#8937=PLANE('',#8936);
#8938=ORIENTED_EDGE('',*,*,#8339,.T.);
#8939=ORIENTED_EDGE('',*,*,#8830,.T.);
#8940=CARTESIAN_POINT('',(1.0,-1.2,-5.175));
#8941=DIRECTION('',(0.0,0.0,1.0));
#8942=VECTOR('',#8941,0.75);
#8943=LINE('',#8940,#8942);
#8944=EDGE_CURVE('',#8866,#8819,#8943,.T.);
#8945=ORIENTED_EDGE('',*,*,#8944,.F.);
#8946=ORIENTED_EDGE('',*,*,#8871,.T.);
#8947=EDGE_LOOP('',(#8938,#8939,#8945,#8946));
#8948=FACE_OUTER_BOUND('',#8947,.T.);
#8949=ADVANCED_FACE('',(#8948),#8937,.T.);
#8950=CARTESIAN_POINT('',(1.0,-1.2,-4.8));
#8951=DIRECTION('',(0.0,-1.0,0.0));
#8952=DIRECTION('',(0.0,0.0,-1.0));
#8953=AXIS2_PLACEMENT_3D('',#8950,#8951,#8952);
#8954=PLANE('',#8953);
#8955=ORIENTED_EDGE('',*,*,#8824,.T.);
#8956=CARTESIAN_POINT('',(0.499999999999999,-1.200000000000001,-5.175));
#8957=DIRECTION('',(0.0,0.0,1.0));
#8958=VECTOR('',#8957,0.75);
#8959=LINE('',#8956,#8958);
#8960=EDGE_CURVE('',#8874,#8811,#8959,.T.);
#8961=ORIENTED_EDGE('',*,*,#8960,.F.);
#8962=ORIENTED_EDGE('',*,*,#8879,.T.);
#8963=ORIENTED_EDGE('',*,*,#8944,.T.);
#8964=EDGE_LOOP('',(#8955,#8961,#8962,#8963));
#8965=FACE_OUTER_BOUND('',#8964,.T.);
#8966=ADVANCED_FACE('',(#8965),#8954,.T.);
#8967=CARTESIAN_POINT('',(0.499999999999999,-1.200000000000001,-4.8));
#8968=DIRECTION('',(1.0,0.0,0.0));
#8969=DIRECTION('',(0.0,0.0,-1.0));
#8970=AXIS2_PLACEMENT_3D('',#8967,#8968,#8969);
#8971=PLANE('',#8970);
#8972=ORIENTED_EDGE('',*,*,#8816,.T.);
#8973=CARTESIAN_POINT('',(0.5,-3.8,-5.175));
#8974=DIRECTION('',(0.0,0.0,1.0));
#8975=VECTOR('',#8974,0.75);
#8976=LINE('',#8973,#8975);
#8977=EDGE_CURVE('',#8882,#8802,#8976,.T.);
#8978=ORIENTED_EDGE('',*,*,#8977,.F.);
#8979=ORIENTED_EDGE('',*,*,#8887,.T.);
#8980=ORIENTED_EDGE('',*,*,#8960,.T.);
#8981=EDGE_LOOP('',(#8972,#8978,#8979,#8980));
#8982=FACE_OUTER_BOUND('',#8981,.T.);
#8983=ADVANCED_FACE('',(#8982),#8971,.T.);
#8984=CARTESIAN_POINT('',(0.1,-3.8,-4.8));
#8985=DIRECTION('',(0.0,0.0,1.0));
#8986=DIRECTION('',(0.0,-1.0,0.0));
#8987=AXIS2_PLACEMENT_3D('',#8984,#8985,#8986);
#8988=CYLINDRICAL_SURFACE('',#8987,0.4);
#8989=ORIENTED_EDGE('',*,*,#8808,.T.);
#8990=CARTESIAN_POINT('',(0.1,-4.2,-5.175));
#8991=DIRECTION('',(0.0,0.0,1.0));
#8992=VECTOR('',#8991,0.75);
#8993=LINE('',#8990,#8992);
#8994=EDGE_CURVE('',#8890,#8794,#8993,.T.);
#8995=ORIENTED_EDGE('',*,*,#8994,.F.);
#8996=ORIENTED_EDGE('',*,*,#8896,.T.);
#8997=ORIENTED_EDGE('',*,*,#8977,.T.);
#8998=EDGE_LOOP('',(#8989,#8995,#8996,#8997));
#8999=FACE_OUTER_BOUND('',#8998,.T.);
#9000=ADVANCED_FACE('',(#8999),#8988,.T.);
#9001=CARTESIAN_POINT('',(0.1,-4.2,-4.8));
#9002=DIRECTION('',(0.0,-1.0,0.0));
#9003=DIRECTION('',(0.0,0.0,-1.0));
#9004=AXIS2_PLACEMENT_3D('',#9001,#9002,#9003);
#9005=PLANE('',#9004);
#9006=ORIENTED_EDGE('',*,*,#8799,.T.);
#9007=CARTESIAN_POINT('',(-0.1,-4.199999999999999,-5.175));
#9008=DIRECTION('',(0.0,0.0,1.0));
#9009=VECTOR('',#9008,0.75);
#9010=LINE('',#9007,#9009);
#9011=EDGE_CURVE('',#8899,#8785,#9010,.T.);
#9012=ORIENTED_EDGE('',*,*,#9011,.F.);
#9013=ORIENTED_EDGE('',*,*,#8904,.T.);
#9014=ORIENTED_EDGE('',*,*,#8994,.T.);
#9015=EDGE_LOOP('',(#9006,#9012,#9013,#9014));
#9016=FACE_OUTER_BOUND('',#9015,.T.);
#9017=ADVANCED_FACE('',(#9016),#9005,.T.);
#9018=CARTESIAN_POINT('',(-0.1,-3.8,-4.8));
#9019=DIRECTION('',(0.0,0.0,1.0));
#9020=DIRECTION('',(-1.0,0.0,0.0));
#9021=AXIS2_PLACEMENT_3D('',#9018,#9019,#9020);
#9022=CYLINDRICAL_SURFACE('',#9021,0.4);
#9023=ORIENTED_EDGE('',*,*,#8791,.T.);
#9024=CARTESIAN_POINT('',(-0.5,-3.8,-5.175));
#9025=DIRECTION('',(0.0,0.0,1.0));
#9026=VECTOR('',#9025,0.75);
#9027=LINE('',#9024,#9026);
#9028=EDGE_CURVE('',#8907,#8777,#9027,.T.);
#9029=ORIENTED_EDGE('',*,*,#9028,.F.);
#9030=ORIENTED_EDGE('',*,*,#8913,.T.);
#9031=ORIENTED_EDGE('',*,*,#9011,.T.);
#9032=EDGE_LOOP('',(#9023,#9029,#9030,#9031));
#9033=FACE_OUTER_BOUND('',#9032,.T.);
#9034=ADVANCED_FACE('',(#9033),#9022,.T.);
#9035=CARTESIAN_POINT('',(-0.5,-3.8,-4.8));
#9036=DIRECTION('',(-1.0,0.0,0.0));
#9037=DIRECTION('',(0.0,0.0,1.0));
#9038=AXIS2_PLACEMENT_3D('',#9035,#9036,#9037);
#9039=PLANE('',#9038);
#9040=ORIENTED_EDGE('',*,*,#8782,.T.);
#9041=CARTESIAN_POINT('',(-0.499999999999999,-1.200000000000001,-5.175));
#9042=DIRECTION('',(0.0,0.0,1.0));
#9043=VECTOR('',#9042,0.75);
#9044=LINE('',#9041,#9043);
#9045=EDGE_CURVE('',#8916,#8769,#9044,.T.);
#9046=ORIENTED_EDGE('',*,*,#9045,.F.);
#9047=ORIENTED_EDGE('',*,*,#8921,.T.);
#9048=ORIENTED_EDGE('',*,*,#9028,.T.);
#9049=EDGE_LOOP('',(#9040,#9046,#9047,#9048));
#9050=FACE_OUTER_BOUND('',#9049,.T.);
#9051=ADVANCED_FACE('',(#9050),#9039,.T.);
#9052=CARTESIAN_POINT('',(-0.499999999999999,-1.200000000000001,-4.8));
#9053=DIRECTION('',(0.0,-1.0,0.0));
#9054=DIRECTION('',(0.0,0.0,-1.0));
#9055=AXIS2_PLACEMENT_3D('',#9052,#9053,#9054);
#9056=PLANE('',#9055);
#9057=ORIENTED_EDGE('',*,*,#8774,.T.);
#9058=ORIENTED_EDGE('',*,*,#8853,.F.);
#9059=ORIENTED_EDGE('',*,*,#8927,.T.);
#9060=ORIENTED_EDGE('',*,*,#9045,.T.);
#9061=EDGE_LOOP('',(#9057,#9058,#9059,#9060));
#9062=FACE_OUTER_BOUND('',#9061,.T.);
#9063=ADVANCED_FACE('',(#9062),#9056,.T.);
#9064=CARTESIAN_POINT('',(4.300000000000001,-1.2,-4.8));
#9065=DIRECTION('',(-1.0,0.0,0.0));
#9066=DIRECTION('',(0.0,0.0,1.0));
#9067=AXIS2_PLACEMENT_3D('',#9064,#9065,#9066);
#9068=PLANE('',#9067);
#9069=ORIENTED_EDGE('',*,*,#8259,.T.);
#9070=CARTESIAN_POINT('',(4.300000000000001,-1.2,-5.175));
#9071=VERTEX_POINT('',#9070);
#9072=CARTESIAN_POINT('',(4.300000000000001,-0.9,-5.175));
#9073=DIRECTION('',(0.0,-1.0,0.0));
#9074=VECTOR('',#9073,0.3);
#9075=LINE('',#9072,#9074);
#9076=EDGE_CURVE('',#8246,#9071,#9075,.T.);
#9077=ORIENTED_EDGE('',*,*,#9076,.T.);
#9078=CARTESIAN_POINT('',(4.300000000000001,-1.2,-4.425));
#9079=VERTEX_POINT('',#9078);
#9080=CARTESIAN_POINT('',(4.300000000000001,-1.2,-4.425));
#9081=DIRECTION('',(0.0,0.0,-1.0));
#9082=VECTOR('',#9081,0.75);
#9083=LINE('',#9080,#9082);
#9084=EDGE_CURVE('',#9079,#9071,#9083,.T.);
#9085=ORIENTED_EDGE('',*,*,#9084,.F.);
#9086=CARTESIAN_POINT('',(4.300000000000001,-1.2,-4.425));
#9087=DIRECTION('',(0.0,1.0,0.0));
#9088=VECTOR('',#9087,0.3);
#9089=LINE('',#9086,#9088);
#9090=EDGE_CURVE('',#9079,#8254,#9089,.T.);
#9091=ORIENTED_EDGE('',*,*,#9090,.T.);
#9092=EDGE_LOOP('',(#9069,#9077,#9085,#9091));
#9093=FACE_OUTER_BOUND('',#9092,.T.);
#9094=ADVANCED_FACE('',(#9093),#9068,.T.);
#9095=CARTESIAN_POINT('',(5.300000000000001,-1.788921683307166,-5.175));
#9096=DIRECTION('',(0.0,0.0,1.0));
#9097=DIRECTION('',(1.0,0.0,0.0));
#9098=AXIS2_PLACEMENT_3D('',#9095,#9096,#9097);
#9099=PLANE('',#9098);
#9100=ORIENTED_EDGE('',*,*,#8251,.T.);
#9101=CARTESIAN_POINT('',(6.3,-1.2,-5.175));
#9102=VERTEX_POINT('',#9101);
#9103=CARTESIAN_POINT('',(6.3,-1.2,-5.175));
#9104=DIRECTION('',(0.0,1.0,0.0));
#9105=VECTOR('',#9104,0.3);
#9106=LINE('',#9103,#9105);
#9107=EDGE_CURVE('',#9102,#8238,#9106,.T.);
#9108=ORIENTED_EDGE('',*,*,#9107,.F.);
#9109=CARTESIAN_POINT('',(5.8,-1.200000000000001,-5.175));
#9110=VERTEX_POINT('',#9109);
#9111=CARTESIAN_POINT('',(5.799999999999999,-1.200000000000001,-5.175));
#9112=DIRECTION('',(1.0,0.0,0.0));
#9113=VECTOR('',#9112,0.500000000000001);
#9114=LINE('',#9111,#9113);
#9115=EDGE_CURVE('',#9110,#9102,#9114,.T.);
#9116=ORIENTED_EDGE('',*,*,#9115,.F.);
#9117=CARTESIAN_POINT('',(5.800000000000001,-3.8,-5.175));
#9118=VERTEX_POINT('',#9117);
#9119=CARTESIAN_POINT('',(5.800000000000001,-3.8,-5.175));
#9120=DIRECTION('',(0.0,1.0,0.0));
#9121=VECTOR('',#9120,2.599999999999999);
#9122=LINE('',#9119,#9121);
#9123=EDGE_CURVE('',#9118,#9110,#9122,.T.);
#9124=ORIENTED_EDGE('',*,*,#9123,.F.);
#9125=CARTESIAN_POINT('',(5.4,-4.2,-5.175));
#9126=VERTEX_POINT('',#9125);
#9127=CARTESIAN_POINT('',(5.4,-3.8,-5.175));
#9128=DIRECTION('',(0.0,0.0,1.0));
#9129=DIRECTION('',(0.0,1.0,0.0));
#9130=AXIS2_PLACEMENT_3D('',#9127,#9128,#9129);
#9131=CIRCLE('',#9130,0.4);
#9132=EDGE_CURVE('',#9126,#9118,#9131,.T.);
#9133=ORIENTED_EDGE('',*,*,#9132,.F.);
#9134=CARTESIAN_POINT('',(5.200000000000001,-4.199999999999999,-5.175));
#9135=VERTEX_POINT('',#9134);
#9136=CARTESIAN_POINT('',(5.200000000000001,-4.199999999999999,-5.175));
#9137=DIRECTION('',(1.0,0.0,0.0));
#9138=VECTOR('',#9137,0.199999999999999);
#9139=LINE('',#9136,#9138);
#9140=EDGE_CURVE('',#9135,#9126,#9139,.T.);
#9141=ORIENTED_EDGE('',*,*,#9140,.F.);
#9142=CARTESIAN_POINT('',(4.800000000000001,-3.8,-5.175));
#9143=VERTEX_POINT('',#9142);
#9144=CARTESIAN_POINT('',(5.2,-3.8,-5.175));
#9145=DIRECTION('',(0.0,0.0,1.0));
#9146=DIRECTION('',(1.0,0.0,0.0));
#9147=AXIS2_PLACEMENT_3D('',#9144,#9145,#9146);
#9148=CIRCLE('',#9147,0.4);
#9149=EDGE_CURVE('',#9143,#9135,#9148,.T.);
#9150=ORIENTED_EDGE('',*,*,#9149,.F.);
#9151=CARTESIAN_POINT('',(4.800000000000001,-1.200000000000001,-5.175));
#9152=VERTEX_POINT('',#9151);
#9153=CARTESIAN_POINT('',(4.800000000000002,-1.200000000000001,-5.175));
#9154=DIRECTION('',(0.0,-1.0,0.0));
#9155=VECTOR('',#9154,2.599999999999999);
#9156=LINE('',#9153,#9155);
#9157=EDGE_CURVE('',#9152,#9143,#9156,.T.);
#9158=ORIENTED_EDGE('',*,*,#9157,.F.);
#9159=CARTESIAN_POINT('',(4.300000000000001,-1.2,-5.175));
#9160=DIRECTION('',(1.0,0.0,0.0));
#9161=VECTOR('',#9160,0.5);
#9162=LINE('',#9159,#9161);
#9163=EDGE_CURVE('',#9071,#9152,#9162,.T.);
#9164=ORIENTED_EDGE('',*,*,#9163,.F.);
#9165=ORIENTED_EDGE('',*,*,#9076,.F.);
#9166=EDGE_LOOP('',(#9100,#9108,#9116,#9124,#9133,#9141,#9150,#9158,#9164,#9165));
#9167=FACE_OUTER_BOUND('',#9166,.T.);
#9168=ADVANCED_FACE('',(#9167),#9099,.F.);
#9169=CARTESIAN_POINT('',(6.3,-4.286264E-016,-4.8));
#9170=DIRECTION('',(1.0,0.0,0.0));
#9171=DIRECTION('',(0.0,0.0,-1.0));
#9172=AXIS2_PLACEMENT_3D('',#9169,#9170,#9171);
#9173=PLANE('',#9172);
#9174=ORIENTED_EDGE('',*,*,#8680,.T.);
#9175=CARTESIAN_POINT('',(6.3,-1.2,-4.425));
#9176=VERTEX_POINT('',#9175);
#9177=CARTESIAN_POINT('',(6.3,-0.9,-4.425));
#9178=DIRECTION('',(0.0,-1.0,0.0));
#9179=VECTOR('',#9178,0.3);
#9180=LINE('',#9177,#9179);
#9181=EDGE_CURVE('',#8262,#9176,#9180,.T.);
#9182=ORIENTED_EDGE('',*,*,#9181,.T.);
#9183=CARTESIAN_POINT('',(6.3,-1.2,-4.425));
#9184=DIRECTION('',(0.0,0.0,-1.0));
#9185=VECTOR('',#9184,0.75);
#9186=LINE('',#9183,#9185);
#9187=EDGE_CURVE('',#9176,#9102,#9186,.T.);
#9188=ORIENTED_EDGE('',*,*,#9187,.T.);
#9189=ORIENTED_EDGE('',*,*,#9107,.T.);
#9190=EDGE_LOOP('',(#9174,#9182,#9188,#9189));
#9191=FACE_OUTER_BOUND('',#9190,.T.);
#9192=ADVANCED_FACE('',(#9191),#9173,.T.);
#9193=CARTESIAN_POINT('',(6.3,-1.2,-4.8));
#9194=DIRECTION('',(0.0,-1.0,0.0));
#9195=DIRECTION('',(0.0,0.0,-1.0));
#9196=AXIS2_PLACEMENT_3D('',#9193,#9194,#9195);
#9197=PLANE('',#9196);
#9198=CARTESIAN_POINT('',(5.8,-1.200000000000001,-4.425));
#9199=VERTEX_POINT('',#9198);
#9200=CARTESIAN_POINT('',(6.3,-1.2,-4.425));
#9201=DIRECTION('',(-1.0,0.0,0.0));
#9202=VECTOR('',#9201,0.500000000000001);
#9203=LINE('',#9200,#9202);
#9204=EDGE_CURVE('',#9176,#9199,#9203,.T.);
#9205=ORIENTED_EDGE('',*,*,#9204,.T.);
#9206=CARTESIAN_POINT('',(5.8,-1.200000000000001,-4.425));
#9207=DIRECTION('',(0.0,0.0,-1.0));
#9208=VECTOR('',#9207,0.75);
#9209=LINE('',#9206,#9208);
#9210=EDGE_CURVE('',#9199,#9110,#9209,.T.);
#9211=ORIENTED_EDGE('',*,*,#9210,.T.);
#9212=ORIENTED_EDGE('',*,*,#9115,.T.);
#9213=ORIENTED_EDGE('',*,*,#9187,.F.);
#9214=EDGE_LOOP('',(#9205,#9211,#9212,#9213));
#9215=FACE_OUTER_BOUND('',#9214,.T.);
#9216=ADVANCED_FACE('',(#9215),#9197,.T.);
#9217=CARTESIAN_POINT('',(5.8,-1.200000000000001,-4.8));
#9218=DIRECTION('',(1.0,0.0,0.0));
#9219=DIRECTION('',(0.0,0.0,-1.0));
#9220=AXIS2_PLACEMENT_3D('',#9217,#9218,#9219);
#9221=PLANE('',#9220);
#9222=CARTESIAN_POINT('',(5.800000000000001,-3.8,-4.425));
#9223=VERTEX_POINT('',#9222);
#9224=CARTESIAN_POINT('',(5.8,-1.200000000000001,-4.425));
#9225=DIRECTION('',(0.0,-1.0,0.0));
#9226=VECTOR('',#9225,2.599999999999999);
#9227=LINE('',#9224,#9226);
#9228=EDGE_CURVE('',#9199,#9223,#9227,.T.);
#9229=ORIENTED_EDGE('',*,*,#9228,.T.);
#9230=CARTESIAN_POINT('',(5.800000000000001,-3.8,-4.425));
#9231=DIRECTION('',(0.0,0.0,-1.0));
#9232=VECTOR('',#9231,0.75);
#9233=LINE('',#9230,#9232);
#9234=EDGE_CURVE('',#9223,#9118,#9233,.T.);
#9235=ORIENTED_EDGE('',*,*,#9234,.T.);
#9236=ORIENTED_EDGE('',*,*,#9123,.T.);
#9237=ORIENTED_EDGE('',*,*,#9210,.F.);
#9238=EDGE_LOOP('',(#9229,#9235,#9236,#9237));
#9239=FACE_OUTER_BOUND('',#9238,.T.);
#9240=ADVANCED_FACE('',(#9239),#9221,.T.);
#9241=CARTESIAN_POINT('',(5.4,-3.8,-4.8));
#9242=DIRECTION('',(0.0,0.0,1.0));
#9243=DIRECTION('',(0.0,1.0,0.0));
#9244=AXIS2_PLACEMENT_3D('',#9241,#9242,#9243);
#9245=CYLINDRICAL_SURFACE('',#9244,0.4);
#9246=CARTESIAN_POINT('',(5.4,-4.2,-4.425));
#9247=VERTEX_POINT('',#9246);
#9248=CARTESIAN_POINT('',(5.4,-3.8,-4.425));
#9249=DIRECTION('',(0.0,0.0,-1.0));
#9250=DIRECTION('',(0.0,1.0,0.0));
#9251=AXIS2_PLACEMENT_3D('',#9248,#9249,#9250);
#9252=CIRCLE('',#9251,0.4);
#9253=EDGE_CURVE('',#9223,#9247,#9252,.T.);
#9254=ORIENTED_EDGE('',*,*,#9253,.T.);
#9255=CARTESIAN_POINT('',(5.4,-4.2,-4.425));
#9256=DIRECTION('',(0.0,0.0,-1.0));
#9257=VECTOR('',#9256,0.75);
#9258=LINE('',#9255,#9257);
#9259=EDGE_CURVE('',#9247,#9126,#9258,.T.);
#9260=ORIENTED_EDGE('',*,*,#9259,.T.);
#9261=ORIENTED_EDGE('',*,*,#9132,.T.);
#9262=ORIENTED_EDGE('',*,*,#9234,.F.);
#9263=EDGE_LOOP('',(#9254,#9260,#9261,#9262));
#9264=FACE_OUTER_BOUND('',#9263,.T.);
#9265=ADVANCED_FACE('',(#9264),#9245,.T.);
#9266=CARTESIAN_POINT('',(5.4,-4.2,-4.8));
#9267=DIRECTION('',(0.0,-1.0,0.0));
#9268=DIRECTION('',(0.0,0.0,-1.0));
#9269=AXIS2_PLACEMENT_3D('',#9266,#9267,#9268);
#9270=PLANE('',#9269);
#9271=CARTESIAN_POINT('',(5.200000000000001,-4.199999999999999,-4.425));
#9272=VERTEX_POINT('',#9271);
#9273=CARTESIAN_POINT('',(5.4,-4.2,-4.425));
#9274=DIRECTION('',(-1.0,0.0,0.0));
#9275=VECTOR('',#9274,0.199999999999999);
#9276=LINE('',#9273,#9275);
#9277=EDGE_CURVE('',#9247,#9272,#9276,.T.);
#9278=ORIENTED_EDGE('',*,*,#9277,.T.);
#9279=CARTESIAN_POINT('',(5.200000000000001,-4.199999999999999,-4.425));
#9280=DIRECTION('',(0.0,0.0,-1.0));
#9281=VECTOR('',#9280,0.75);
#9282=LINE('',#9279,#9281);
#9283=EDGE_CURVE('',#9272,#9135,#9282,.T.);
#9284=ORIENTED_EDGE('',*,*,#9283,.T.);
#9285=ORIENTED_EDGE('',*,*,#9140,.T.);
#9286=ORIENTED_EDGE('',*,*,#9259,.F.);
#9287=EDGE_LOOP('',(#9278,#9284,#9285,#9286));
#9288=FACE_OUTER_BOUND('',#9287,.T.);
#9289=ADVANCED_FACE('',(#9288),#9270,.T.);
#9290=CARTESIAN_POINT('',(5.2,-3.8,-4.8));
#9291=DIRECTION('',(0.0,0.0,1.0));
#9292=DIRECTION('',(1.0,0.0,0.0));
#9293=AXIS2_PLACEMENT_3D('',#9290,#9291,#9292);
#9294=CYLINDRICAL_SURFACE('',#9293,0.4);
#9295=CARTESIAN_POINT('',(4.800000000000001,-3.8,-4.425));
#9296=VERTEX_POINT('',#9295);
#9297=CARTESIAN_POINT('',(5.2,-3.8,-4.425));
#9298=DIRECTION('',(0.0,0.0,-1.0));
#9299=DIRECTION('',(1.0,0.0,0.0));
#9300=AXIS2_PLACEMENT_3D('',#9297,#9298,#9299);
#9301=CIRCLE('',#9300,0.4);
#9302=EDGE_CURVE('',#9272,#9296,#9301,.T.);
#9303=ORIENTED_EDGE('',*,*,#9302,.T.);
#9304=CARTESIAN_POINT('',(4.800000000000001,-3.8,-4.425));
#9305=DIRECTION('',(0.0,0.0,-1.0));
#9306=VECTOR('',#9305,0.75);
#9307=LINE('',#9304,#9306);
#9308=EDGE_CURVE('',#9296,#9143,#9307,.T.);
#9309=ORIENTED_EDGE('',*,*,#9308,.T.);
#9310=ORIENTED_EDGE('',*,*,#9149,.T.);
#9311=ORIENTED_EDGE('',*,*,#9283,.F.);
#9312=EDGE_LOOP('',(#9303,#9309,#9310,#9311));
#9313=FACE_OUTER_BOUND('',#9312,.T.);
#9314=ADVANCED_FACE('',(#9313),#9294,.T.);
#9315=CARTESIAN_POINT('',(4.800000000000001,-3.8,-4.8));
#9316=DIRECTION('',(-1.0,0.0,0.0));
#9317=DIRECTION('',(0.0,0.0,1.0));
#9318=AXIS2_PLACEMENT_3D('',#9315,#9316,#9317);
#9319=PLANE('',#9318);
#9320=CARTESIAN_POINT('',(4.800000000000001,-1.200000000000001,-4.425));
#9321=VERTEX_POINT('',#9320);
#9322=CARTESIAN_POINT('',(4.800000000000001,-3.8,-4.425));
#9323=DIRECTION('',(0.0,1.0,0.0));
#9324=VECTOR('',#9323,2.599999999999999);
#9325=LINE('',#9322,#9324);
#9326=EDGE_CURVE('',#9296,#9321,#9325,.T.);
#9327=ORIENTED_EDGE('',*,*,#9326,.T.);
#9328=CARTESIAN_POINT('',(4.800000000000001,-1.200000000000001,-5.175));
#9329=DIRECTION('',(0.0,0.0,1.0));
#9330=VECTOR('',#9329,0.75);
#9331=LINE('',#9328,#9330);
#9332=EDGE_CURVE('',#9152,#9321,#9331,.T.);
#9333=ORIENTED_EDGE('',*,*,#9332,.F.);
#9334=ORIENTED_EDGE('',*,*,#9157,.T.);
#9335=ORIENTED_EDGE('',*,*,#9308,.F.);
#9336=EDGE_LOOP('',(#9327,#9333,#9334,#9335));
#9337=FACE_OUTER_BOUND('',#9336,.T.);
#9338=ADVANCED_FACE('',(#9337),#9319,.T.);
#9339=CARTESIAN_POINT('',(4.800000000000001,-1.200000000000001,-4.8));
#9340=DIRECTION('',(0.0,-1.0,0.0));
#9341=DIRECTION('',(0.0,0.0,-1.0));
#9342=AXIS2_PLACEMENT_3D('',#9339,#9340,#9341);
#9343=PLANE('',#9342);
#9344=CARTESIAN_POINT('',(4.800000000000001,-1.200000000000001,-4.425));
#9345=DIRECTION('',(-1.0,0.0,0.0));
#9346=VECTOR('',#9345,0.5);
#9347=LINE('',#9344,#9346);
#9348=EDGE_CURVE('',#9321,#9079,#9347,.T.);
#9349=ORIENTED_EDGE('',*,*,#9348,.T.);
#9350=ORIENTED_EDGE('',*,*,#9084,.T.);
#9351=ORIENTED_EDGE('',*,*,#9163,.T.);
#9352=ORIENTED_EDGE('',*,*,#9332,.T.);
#9353=EDGE_LOOP('',(#9349,#9350,#9351,#9352));
#9354=FACE_OUTER_BOUND('',#9353,.T.);
#9355=ADVANCED_FACE('',(#9354),#9343,.T.);
#9356=CARTESIAN_POINT('',(5.300000000000002,-1.788921683307166,-4.425));
#9357=DIRECTION('',(0.0,0.0,1.0));
#9358=DIRECTION('',(1.0,0.0,0.0));
#9359=AXIS2_PLACEMENT_3D('',#9356,#9357,#9358);
#9360=PLANE('',#9359);
#9361=ORIENTED_EDGE('',*,*,#8267,.T.);
#9362=ORIENTED_EDGE('',*,*,#9090,.F.);
#9363=ORIENTED_EDGE('',*,*,#9348,.F.);
#9364=ORIENTED_EDGE('',*,*,#9326,.F.);
#9365=ORIENTED_EDGE('',*,*,#9302,.F.);
#9366=ORIENTED_EDGE('',*,*,#9277,.F.);
#9367=ORIENTED_EDGE('',*,*,#9253,.F.);
#9368=ORIENTED_EDGE('',*,*,#9228,.F.);
#9369=ORIENTED_EDGE('',*,*,#9204,.F.);
#9370=ORIENTED_EDGE('',*,*,#9181,.F.);
#9371=EDGE_LOOP('',(#9361,#9362,#9363,#9364,#9365,#9366,#9367,#9368,#9369,#9370));
#9372=FACE_OUTER_BOUND('',#9371,.T.);
#9373=ADVANCED_FACE('',(#9372),#9360,.T.);
#9374=CARTESIAN_POINT('',(-4.300000000000001,-4.286264E-016,-4.8));
#9375=DIRECTION('',(1.0,0.0,0.0));
#9376=DIRECTION('',(0.0,0.0,-1.0));
#9377=AXIS2_PLACEMENT_3D('',#9374,#9375,#9376);
#9378=PLANE('',#9377);
#9379=ORIENTED_EDGE('',*,*,#8305,.T.);
#9380=CARTESIAN_POINT('',(-4.300000000000001,-1.2,-4.425));
#9381=VERTEX_POINT('',#9380);
#9382=CARTESIAN_POINT('',(-4.300000000000001,-0.9,-4.425));
#9383=DIRECTION('',(0.0,-1.0,0.0));
#9384=VECTOR('',#9383,0.3);
#9385=LINE('',#9382,#9384);
#9386=EDGE_CURVE('',#8294,#9381,#9385,.T.);
#9387=ORIENTED_EDGE('',*,*,#9386,.T.);
#9388=CARTESIAN_POINT('',(-4.300000000000001,-1.2,-5.175));
#9389=VERTEX_POINT('',#9388);
#9390=CARTESIAN_POINT('',(-4.300000000000001,-1.2,-4.425));
#9391=DIRECTION('',(0.0,0.0,-1.0));
#9392=VECTOR('',#9391,0.75);
#9393=LINE('',#9390,#9392);
#9394=EDGE_CURVE('',#9381,#9389,#9393,.T.);
#9395=ORIENTED_EDGE('',*,*,#9394,.T.);
#9396=CARTESIAN_POINT('',(-4.300000000000001,-1.2,-5.175));
#9397=DIRECTION('',(0.0,1.0,0.0));
#9398=VECTOR('',#9397,0.3);
#9399=LINE('',#9396,#9398);
#9400=EDGE_CURVE('',#9389,#8214,#9399,.T.);
#9401=ORIENTED_EDGE('',*,*,#9400,.T.);
#9402=EDGE_LOOP('',(#9379,#9387,#9395,#9401));
#9403=FACE_OUTER_BOUND('',#9402,.T.);
#9404=ADVANCED_FACE('',(#9403),#9378,.T.);
#9405=CARTESIAN_POINT('',(-5.300000000000003,-1.788921683307166,-4.425));
#9406=DIRECTION('',(0.0,0.0,1.0));
#9407=DIRECTION('',(1.0,0.0,0.0));
#9408=AXIS2_PLACEMENT_3D('',#9405,#9406,#9407);
#9409=PLANE('',#9408);
#9410=ORIENTED_EDGE('',*,*,#8299,.T.);
#9411=CARTESIAN_POINT('',(-6.3,-1.2,-4.425));
#9412=VERTEX_POINT('',#9411);
#9413=CARTESIAN_POINT('',(-6.3,-1.2,-4.425));
#9414=DIRECTION('',(0.0,1.0,0.0));
#9415=VECTOR('',#9414,0.3);
#9416=LINE('',#9413,#9415);
#9417=EDGE_CURVE('',#9412,#8286,#9416,.T.);
#9418=ORIENTED_EDGE('',*,*,#9417,.F.);
#9419=CARTESIAN_POINT('',(-5.8,-1.200000000000001,-4.425));
#9420=VERTEX_POINT('',#9419);
#9421=CARTESIAN_POINT('',(-5.8,-1.200000000000001,-4.425));
#9422=DIRECTION('',(-1.0,0.0,0.0));
#9423=VECTOR('',#9422,0.500000000000001);
#9424=LINE('',#9421,#9423);
#9425=EDGE_CURVE('',#9420,#9412,#9424,.T.);
#9426=ORIENTED_EDGE('',*,*,#9425,.F.);
#9427=CARTESIAN_POINT('',(-5.8,-3.8,-4.425));
#9428=VERTEX_POINT('',#9427);
#9429=CARTESIAN_POINT('',(-5.8,-3.8,-4.425));
#9430=DIRECTION('',(0.0,1.0,0.0));
#9431=VECTOR('',#9430,2.599999999999999);
#9432=LINE('',#9429,#9431);
#9433=EDGE_CURVE('',#9428,#9420,#9432,.T.);
#9434=ORIENTED_EDGE('',*,*,#9433,.F.);
#9435=CARTESIAN_POINT('',(-5.4,-4.199999999999999,-4.425));
#9436=VERTEX_POINT('',#9435);
#9437=CARTESIAN_POINT('',(-5.4,-3.8,-4.425));
#9438=DIRECTION('',(0.0,0.0,-1.0));
#9439=DIRECTION('',(1.0,0.0,0.0));
#9440=AXIS2_PLACEMENT_3D('',#9437,#9438,#9439);
#9441=CIRCLE('',#9440,0.4);
#9442=EDGE_CURVE('',#9436,#9428,#9441,.T.);
#9443=ORIENTED_EDGE('',*,*,#9442,.F.);
#9444=CARTESIAN_POINT('',(-5.2,-4.2,-4.425));
#9445=VERTEX_POINT('',#9444);
#9446=CARTESIAN_POINT('',(-5.2,-4.2,-4.425));
#9447=DIRECTION('',(-1.0,0.0,0.0));
#9448=VECTOR('',#9447,0.199999999999999);
#9449=LINE('',#9446,#9448);
#9450=EDGE_CURVE('',#9445,#9436,#9449,.T.);
#9451=ORIENTED_EDGE('',*,*,#9450,.F.);
#9452=CARTESIAN_POINT('',(-4.800000000000001,-3.8,-4.425));
#9453=VERTEX_POINT('',#9452);
#9454=CARTESIAN_POINT('',(-5.2,-3.8,-4.425));
#9455=DIRECTION('',(0.0,0.0,-1.0));
#9456=DIRECTION('',(0.0,1.0,0.0));
#9457=AXIS2_PLACEMENT_3D('',#9454,#9455,#9456);
#9458=CIRCLE('',#9457,0.4);
#9459=EDGE_CURVE('',#9453,#9445,#9458,.T.);
#9460=ORIENTED_EDGE('',*,*,#9459,.F.);
#9461=CARTESIAN_POINT('',(-4.800000000000001,-1.200000000000001,-4.425));
#9462=VERTEX_POINT('',#9461);
#9463=CARTESIAN_POINT('',(-4.800000000000001,-1.200000000000001,-4.425));
#9464=DIRECTION('',(0.0,-1.0,0.0));
#9465=VECTOR('',#9464,2.599999999999999);
#9466=LINE('',#9463,#9465);
#9467=EDGE_CURVE('',#9462,#9453,#9466,.T.);
#9468=ORIENTED_EDGE('',*,*,#9467,.F.);
#9469=CARTESIAN_POINT('',(-4.300000000000001,-1.2,-4.425));
#9470=DIRECTION('',(-1.0,0.0,0.0));
#9471=VECTOR('',#9470,0.5);
#9472=LINE('',#9469,#9471);
#9473=EDGE_CURVE('',#9381,#9462,#9472,.T.);
#9474=ORIENTED_EDGE('',*,*,#9473,.F.);
#9475=ORIENTED_EDGE('',*,*,#9386,.F.);
#9476=EDGE_LOOP('',(#9410,#9418,#9426,#9434,#9443,#9451,#9460,#9468,#9474,#9475));
#9477=FACE_OUTER_BOUND('',#9476,.T.);
#9478=ADVANCED_FACE('',(#9477),#9409,.T.);
#9479=CARTESIAN_POINT('',(-5.300000000000001,-1.788921683307166,-5.175));
#9480=DIRECTION('',(0.0,0.0,1.0));
#9481=DIRECTION('',(1.0,0.0,0.0));
#9482=AXIS2_PLACEMENT_3D('',#9479,#9480,#9481);
#9483=PLANE('',#9482);
#9484=ORIENTED_EDGE('',*,*,#8219,.T.);
#9485=ORIENTED_EDGE('',*,*,#9400,.F.);
#9486=CARTESIAN_POINT('',(-4.800000000000001,-1.200000000000001,-5.175));
#9487=VERTEX_POINT('',#9486);
#9488=CARTESIAN_POINT('',(-4.800000000000001,-1.200000000000001,-5.175));
#9489=DIRECTION('',(1.0,0.0,0.0));
#9490=VECTOR('',#9489,0.5);
#9491=LINE('',#9488,#9490);
#9492=EDGE_CURVE('',#9487,#9389,#9491,.T.);
#9493=ORIENTED_EDGE('',*,*,#9492,.F.);
#9494=CARTESIAN_POINT('',(-4.800000000000001,-3.8,-5.175));
#9495=VERTEX_POINT('',#9494);
#9496=CARTESIAN_POINT('',(-4.8,-3.8,-5.175));
#9497=DIRECTION('',(0.0,1.0,0.0));
#9498=VECTOR('',#9497,2.599999999999999);
#9499=LINE('',#9496,#9498);
#9500=EDGE_CURVE('',#9495,#9487,#9499,.T.);
#9501=ORIENTED_EDGE('',*,*,#9500,.F.);
#9502=CARTESIAN_POINT('',(-5.2,-4.2,-5.175));
#9503=VERTEX_POINT('',#9502);
#9504=CARTESIAN_POINT('',(-5.2,-3.8,-5.175));
#9505=DIRECTION('',(0.0,0.0,1.0));
#9506=DIRECTION('',(0.0,1.0,0.0));
#9507=AXIS2_PLACEMENT_3D('',#9504,#9505,#9506);
#9508=CIRCLE('',#9507,0.4);
#9509=EDGE_CURVE('',#9503,#9495,#9508,.T.);
#9510=ORIENTED_EDGE('',*,*,#9509,.F.);
#9511=CARTESIAN_POINT('',(-5.4,-4.199999999999999,-5.175));
#9512=VERTEX_POINT('',#9511);
#9513=CARTESIAN_POINT('',(-5.4,-4.199999999999999,-5.175));
#9514=DIRECTION('',(1.0,0.0,0.0));
#9515=VECTOR('',#9514,0.199999999999999);
#9516=LINE('',#9513,#9515);
#9517=EDGE_CURVE('',#9512,#9503,#9516,.T.);
#9518=ORIENTED_EDGE('',*,*,#9517,.F.);
#9519=CARTESIAN_POINT('',(-5.8,-3.8,-5.175));
#9520=VERTEX_POINT('',#9519);
#9521=CARTESIAN_POINT('',(-5.4,-3.8,-5.175));
#9522=DIRECTION('',(0.0,0.0,1.0));
#9523=DIRECTION('',(1.0,0.0,0.0));
#9524=AXIS2_PLACEMENT_3D('',#9521,#9522,#9523);
#9525=CIRCLE('',#9524,0.4);
#9526=EDGE_CURVE('',#9520,#9512,#9525,.T.);
#9527=ORIENTED_EDGE('',*,*,#9526,.F.);
#9528=CARTESIAN_POINT('',(-5.8,-1.200000000000001,-5.175));
#9529=VERTEX_POINT('',#9528);
#9530=CARTESIAN_POINT('',(-5.8,-1.200000000000001,-5.175));
#9531=DIRECTION('',(0.0,-1.0,0.0));
#9532=VECTOR('',#9531,2.599999999999999);
#9533=LINE('',#9530,#9532);
#9534=EDGE_CURVE('',#9529,#9520,#9533,.T.);
#9535=ORIENTED_EDGE('',*,*,#9534,.F.);
#9536=CARTESIAN_POINT('',(-6.3,-1.2,-5.175));
#9537=VERTEX_POINT('',#9536);
#9538=CARTESIAN_POINT('',(-6.300000000000001,-1.2,-5.175));
#9539=DIRECTION('',(1.0,0.0,0.0));
#9540=VECTOR('',#9539,0.500000000000001);
#9541=LINE('',#9538,#9540);
#9542=EDGE_CURVE('',#9537,#9529,#9541,.T.);
#9543=ORIENTED_EDGE('',*,*,#9542,.F.);
#9544=CARTESIAN_POINT('',(-6.3,-0.9,-5.175));
#9545=DIRECTION('',(0.0,-1.0,0.0));
#9546=VECTOR('',#9545,0.3);
#9547=LINE('',#9544,#9546);
#9548=EDGE_CURVE('',#8212,#9537,#9547,.T.);
#9549=ORIENTED_EDGE('',*,*,#9548,.F.);
#9550=EDGE_LOOP('',(#9484,#9485,#9493,#9501,#9510,#9518,#9527,#9535,#9543,#9549));
#9551=FACE_OUTER_BOUND('',#9550,.T.);
#9552=ADVANCED_FACE('',(#9551),#9483,.F.);
#9553=CARTESIAN_POINT('',(-6.3,-1.2,-4.8));
#9554=DIRECTION('',(-1.0,0.0,0.0));
#9555=DIRECTION('',(0.0,0.0,1.0));
#9556=AXIS2_PLACEMENT_3D('',#9553,#9554,#9555);
#9557=PLANE('',#9556);
#9558=ORIENTED_EDGE('',*,*,#8639,.T.);
#9559=ORIENTED_EDGE('',*,*,#9548,.T.);
#9560=CARTESIAN_POINT('',(-6.3,-1.2,-4.425));
#9561=DIRECTION('',(0.0,0.0,-1.0));
#9562=VECTOR('',#9561,0.75);
#9563=LINE('',#9560,#9562);
#9564=EDGE_CURVE('',#9412,#9537,#9563,.T.);
#9565=ORIENTED_EDGE('',*,*,#9564,.F.);
#9566=ORIENTED_EDGE('',*,*,#9417,.T.);
#9567=EDGE_LOOP('',(#9558,#9559,#9565,#9566));
#9568=FACE_OUTER_BOUND('',#9567,.T.);
#9569=ADVANCED_FACE('',(#9568),#9557,.T.);
#9570=CARTESIAN_POINT('',(-6.3,-4.286264E-016,-4.8));
#9571=DIRECTION('',(0.0,1.0,0.0));
#9572=DIRECTION('',(0.0,0.0,1.0));
#9573=AXIS2_PLACEMENT_3D('',#9570,#9571,#9572);
#9574=PLANE('',#9573);
#9575=ORIENTED_EDGE('',*,*,#8391,.F.);
#9576=ORIENTED_EDGE('',*,*,#8698,.F.);
#9577=ORIENTED_EDGE('',*,*,#8456,.F.);
#9578=ORIENTED_EDGE('',*,*,#8715,.F.);
#9579=ORIENTED_EDGE('',*,*,#8603,.F.);
#9580=ORIENTED_EDGE('',*,*,#8747,.F.);
#9581=ORIENTED_EDGE('',*,*,#8538,.F.);
#9582=ORIENTED_EDGE('',*,*,#8730,.F.);
#9583=EDGE_LOOP('',(#9575,#9576,#9577,#9578,#9579,#9580,#9581,#9582));
#9584=FACE_OUTER_BOUND('',#9583,.T.);
#9585=ADVANCED_FACE('',(#9584),#9574,.T.);
#9586=CARTESIAN_POINT('',(-4.300000000000001,-1.2,-4.8));
#9587=DIRECTION('',(0.0,-1.0,0.0));
#9588=DIRECTION('',(0.0,0.0,-1.0));
#9589=AXIS2_PLACEMENT_3D('',#9586,#9587,#9588);
#9590=PLANE('',#9589);
#9591=ORIENTED_EDGE('',*,*,#9473,.T.);
#9592=CARTESIAN_POINT('',(-4.800000000000001,-1.200000000000001,-4.425));
#9593=DIRECTION('',(0.0,0.0,-1.0));
#9594=VECTOR('',#9593,0.75);
#9595=LINE('',#9592,#9594);
#9596=EDGE_CURVE('',#9462,#9487,#9595,.T.);
#9597=ORIENTED_EDGE('',*,*,#9596,.T.);
#9598=ORIENTED_EDGE('',*,*,#9492,.T.);
#9599=ORIENTED_EDGE('',*,*,#9394,.F.);
#9600=EDGE_LOOP('',(#9591,#9597,#9598,#9599));
#9601=FACE_OUTER_BOUND('',#9600,.T.);
#9602=ADVANCED_FACE('',(#9601),#9590,.T.);
#9603=CARTESIAN_POINT('',(-4.800000000000001,-1.200000000000001,-4.8));
#9604=DIRECTION('',(1.0,0.0,0.0));
#9605=DIRECTION('',(0.0,0.0,-1.0));
#9606=AXIS2_PLACEMENT_3D('',#9603,#9604,#9605);
#9607=PLANE('',#9606);
#9608=ORIENTED_EDGE('',*,*,#9467,.T.);
#9609=CARTESIAN_POINT('',(-4.800000000000001,-3.8,-4.425));
#9610=DIRECTION('',(0.0,0.0,-1.0));
#9611=VECTOR('',#9610,0.75);
#9612=LINE('',#9609,#9611);
#9613=EDGE_CURVE('',#9453,#9495,#9612,.T.);
#9614=ORIENTED_EDGE('',*,*,#9613,.T.);
#9615=ORIENTED_EDGE('',*,*,#9500,.T.);
#9616=ORIENTED_EDGE('',*,*,#9596,.F.);
#9617=EDGE_LOOP('',(#9608,#9614,#9615,#9616));
#9618=FACE_OUTER_BOUND('',#9617,.T.);
#9619=ADVANCED_FACE('',(#9618),#9607,.T.);
#9620=CARTESIAN_POINT('',(-5.2,-3.8,-4.8));
#9621=DIRECTION('',(0.0,0.0,1.0));
#9622=DIRECTION('',(0.0,1.0,0.0));
#9623=AXIS2_PLACEMENT_3D('',#9620,#9621,#9622);
#9624=CYLINDRICAL_SURFACE('',#9623,0.4);
#9625=ORIENTED_EDGE('',*,*,#9459,.T.);
#9626=CARTESIAN_POINT('',(-5.2,-4.2,-4.425));
#9627=DIRECTION('',(0.0,0.0,-1.0));
#9628=VECTOR('',#9627,0.75);
#9629=LINE('',#9626,#9628);
#9630=EDGE_CURVE('',#9445,#9503,#9629,.T.);
#9631=ORIENTED_EDGE('',*,*,#9630,.T.);
#9632=ORIENTED_EDGE('',*,*,#9509,.T.);
#9633=ORIENTED_EDGE('',*,*,#9613,.F.);
#9634=EDGE_LOOP('',(#9625,#9631,#9632,#9633));
#9635=FACE_OUTER_BOUND('',#9634,.T.);
#9636=ADVANCED_FACE('',(#9635),#9624,.T.);
#9637=CARTESIAN_POINT('',(-5.2,-4.2,-4.8));
#9638=DIRECTION('',(0.0,-1.0,0.0));
#9639=DIRECTION('',(0.0,0.0,-1.0));
#9640=AXIS2_PLACEMENT_3D('',#9637,#9638,#9639);
#9641=PLANE('',#9640);
#9642=ORIENTED_EDGE('',*,*,#9450,.T.);
#9643=CARTESIAN_POINT('',(-5.4,-4.199999999999999,-4.425));
#9644=DIRECTION('',(0.0,0.0,-1.0));
#9645=VECTOR('',#9644,0.75);
#9646=LINE('',#9643,#9645);
#9647=EDGE_CURVE('',#9436,#9512,#9646,.T.);
#9648=ORIENTED_EDGE('',*,*,#9647,.T.);
#9649=ORIENTED_EDGE('',*,*,#9517,.T.);
#9650=ORIENTED_EDGE('',*,*,#9630,.F.);
#9651=EDGE_LOOP('',(#9642,#9648,#9649,#9650));
#9652=FACE_OUTER_BOUND('',#9651,.T.);
#9653=ADVANCED_FACE('',(#9652),#9641,.T.);
#9654=CARTESIAN_POINT('',(-5.4,-3.8,-4.8));
#9655=DIRECTION('',(0.0,0.0,1.0));
#9656=DIRECTION('',(1.0,0.0,0.0));
#9657=AXIS2_PLACEMENT_3D('',#9654,#9655,#9656);
#9658=CYLINDRICAL_SURFACE('',#9657,0.4);
#9659=ORIENTED_EDGE('',*,*,#9442,.T.);
#9660=CARTESIAN_POINT('',(-5.8,-3.8,-4.425));
#9661=DIRECTION('',(0.0,0.0,-1.0));
#9662=VECTOR('',#9661,0.75);
#9663=LINE('',#9660,#9662);
#9664=EDGE_CURVE('',#9428,#9520,#9663,.T.);
#9665=ORIENTED_EDGE('',*,*,#9664,.T.);
#9666=ORIENTED_EDGE('',*,*,#9526,.T.);
#9667=ORIENTED_EDGE('',*,*,#9647,.F.);
#9668=EDGE_LOOP('',(#9659,#9665,#9666,#9667));
#9669=FACE_OUTER_BOUND('',#9668,.T.);
#9670=ADVANCED_FACE('',(#9669),#9658,.T.);
#9671=CARTESIAN_POINT('',(-5.8,-3.8,-4.8));
#9672=DIRECTION('',(-1.0,0.0,0.0));
#9673=DIRECTION('',(0.0,0.0,1.0));
#9674=AXIS2_PLACEMENT_3D('',#9671,#9672,#9673);
#9675=PLANE('',#9674);
#9676=ORIENTED_EDGE('',*,*,#9433,.T.);
#9677=CARTESIAN_POINT('',(-5.8,-1.200000000000001,-5.175));
#9678=DIRECTION('',(0.0,0.0,1.0));
#9679=VECTOR('',#9678,0.75);
#9680=LINE('',#9677,#9679);
#9681=EDGE_CURVE('',#9529,#9420,#9680,.T.);
#9682=ORIENTED_EDGE('',*,*,#9681,.F.);
#9683=ORIENTED_EDGE('',*,*,#9534,.T.);
#9684=ORIENTED_EDGE('',*,*,#9664,.F.);
#9685=EDGE_LOOP('',(#9676,#9682,#9683,#9684));
#9686=FACE_OUTER_BOUND('',#9685,.T.);
#9687=ADVANCED_FACE('',(#9686),#9675,.T.);
#9688=CARTESIAN_POINT('',(-5.8,-1.200000000000001,-4.8));
#9689=DIRECTION('',(0.0,-1.0,0.0));
#9690=DIRECTION('',(0.0,0.0,-1.0));
#9691=AXIS2_PLACEMENT_3D('',#9688,#9689,#9690);
#9692=PLANE('',#9691);
#9693=ORIENTED_EDGE('',*,*,#9425,.T.);
#9694=ORIENTED_EDGE('',*,*,#9564,.T.);
#9695=ORIENTED_EDGE('',*,*,#9542,.T.);
#9696=ORIENTED_EDGE('',*,*,#9681,.T.);
#9697=EDGE_LOOP('',(#9693,#9694,#9695,#9696));
#9698=FACE_OUTER_BOUND('',#9697,.T.);
#9699=ADVANCED_FACE('',(#9698),#9692,.T.);
#9700=CLOSED_SHELL('',(#8343,#8376,#8408,#8441,#8473,#8490,#8523,#8555,#8588,#8620,#8644,#8661,#8685,#8702,#8719,#8736,#8753,#8834,#8858,#8932,#8949,#8966,#8983,#9000,#9017,#9034,#9051,#9063,#9094,#9168,#9192,#9216,#9240,#9265,#9289,#9314,#9338,#9355,#9373,#9404,#9478,#9552,#9569,#9585,#9602,#9619,#9636,#9653,#9670,#9687,#9699));
#9701=MANIFOLD_SOLID_BREP('Solid1',#9700);
#9702=COLOUR_RGB('',0.831372976303101,0.0,0.0);
#9703=FILL_AREA_STYLE_COLOUR('',#9702);
#9704=FILL_AREA_STYLE('',(#9703));
#9705=SURFACE_STYLE_FILL_AREA(#9704);
#9706=SURFACE_SIDE_STYLE('',(#9705));
#9707=SURFACE_STYLE_USAGE(.BOTH.,#9706);
#9708=PRESENTATION_STYLE_ASSIGNMENT((#9707));
#9709=STYLED_ITEM('',(#9708),#8343);
#9710=STYLED_ITEM('',(#9708),#8376);
#9711=STYLED_ITEM('',(#9708),#8408);
#9712=STYLED_ITEM('',(#9708),#8441);
#9713=STYLED_ITEM('',(#9708),#8473);
#9714=STYLED_ITEM('',(#9708),#8490);
#9715=STYLED_ITEM('',(#9708),#8523);
#9716=STYLED_ITEM('',(#9708),#8555);
#9717=STYLED_ITEM('',(#9708),#8588);
#9718=STYLED_ITEM('',(#9708),#8620);
#9719=STYLED_ITEM('',(#9708),#8644);
#9720=STYLED_ITEM('',(#9708),#8661);
#9721=STYLED_ITEM('',(#9708),#8685);
#9722=STYLED_ITEM('',(#9708),#8702);
#9723=STYLED_ITEM('',(#9708),#8719);
#9724=STYLED_ITEM('',(#9708),#8736);
#9725=STYLED_ITEM('',(#9708),#8753);
#9726=MECHANICAL_DESIGN_GEOMETRIC_PRESENTATION_REPRESENTATION('',(#9709,#9710,#9711,#9712,#9713,#9714,#9715,#9716,#9717,#9718,#9719,#9720,#9721,#9722,#9723,#9724,#9725),#8205);
#9732=(NAMED_UNIT(*)PLANE_ANGLE_UNIT()SI_UNIT($,.RADIAN.));
#9733=DIMENSIONAL_EXPONENTS(0.0,0.0,0.0,0.0,0.0,0.0,0.0);
#9734=PLANE_ANGLE_MEASURE_WITH_UNIT(PLANE_ANGLE_MEASURE(0.0174532925),#9732);
#9738=(CONVERSION_BASED_UNIT('DEGREE',#9734)NAMED_UNIT(#9733)PLANE_ANGLE_UNIT());
#9742=(NAMED_UNIT(*)SI_UNIT($,.STERADIAN.)SOLID_ANGLE_UNIT());
#9746=(LENGTH_UNIT()NAMED_UNIT(*)SI_UNIT(.MILLI.,.METRE.));
#9748=UNCERTAINTY_MEASURE_WITH_UNIT(LENGTH_MEASURE(0.000001),#9746,'DISTANCE_ACCURACY_VALUE','');
#9750=(GEOMETRIC_REPRESENTATION_CONTEXT(3)GLOBAL_UNCERTAINTY_ASSIGNED_CONTEXT((#9748))GLOBAL_UNIT_ASSIGNED_CONTEXT((#9738,#9742,#9746))REPRESENTATION_CONTEXT('','3D'));
#9751=CARTESIAN_POINT('',(0.0,-0.9,4.8));
#9752=DIRECTION('',(0.0,1.0,0.0));
#9753=DIRECTION('',(0.0,0.0,1.0));
#9754=AXIS2_PLACEMENT_3D('',#9751,#9752,#9753);
#9755=PLANE('',#9754);
#9756=CARTESIAN_POINT('',(-6.299999999999999,-0.9,4.425));
#9757=VERTEX_POINT('',#9756);
#9758=CARTESIAN_POINT('',(-4.300000000000001,-0.9,4.425));
#9759=VERTEX_POINT('',#9758);
#9760=CARTESIAN_POINT('',(-6.299999999999999,-0.9,4.425));
#9761=DIRECTION('',(1.0,0.0,0.0));
#9762=VECTOR('',#9761,1.999999999999998);
#9763=LINE('',#9760,#9762);
#9764=EDGE_CURVE('',#9757,#9759,#9763,.T.);
#9765=ORIENTED_EDGE('',*,*,#9764,.F.);
#9766=CARTESIAN_POINT('',(-6.299999999999999,-0.9,4.4));
#9767=VERTEX_POINT('',#9766);
#9768=CARTESIAN_POINT('',(-6.299999999999999,-0.9,4.4));
#9769=DIRECTION('',(0.0,0.0,1.0));
#9770=VECTOR('',#9769,0.025);
#9771=LINE('',#9768,#9770);
#9772=EDGE_CURVE('',#9767,#9757,#9771,.T.);
#9773=ORIENTED_EDGE('',*,*,#9772,.F.);
#9774=CARTESIAN_POINT('',(6.299999999999999,-0.9,4.4));
#9775=VERTEX_POINT('',#9774);
#9776=CARTESIAN_POINT('',(6.299999999999999,-0.9,4.4));
#9777=DIRECTION('',(-1.0,0.0,0.0));
#9778=VECTOR('',#9777,12.599999999999998);
#9779=LINE('',#9776,#9778);
#9780=EDGE_CURVE('',#9775,#9767,#9779,.T.);
#9781=ORIENTED_EDGE('',*,*,#9780,.F.);
#9782=CARTESIAN_POINT('',(6.299999999999999,-0.9,4.425));
#9783=VERTEX_POINT('',#9782);
#9784=CARTESIAN_POINT('',(6.299999999999999,-0.9,4.425));
#9785=DIRECTION('',(0.0,0.0,-1.0));
#9786=VECTOR('',#9785,0.024999999999999);
#9787=LINE('',#9784,#9786);
#9788=EDGE_CURVE('',#9783,#9775,#9787,.T.);
#9789=ORIENTED_EDGE('',*,*,#9788,.F.);
#9790=CARTESIAN_POINT('',(4.300000000000001,-0.9,4.425));
#9791=VERTEX_POINT('',#9790);
#9792=CARTESIAN_POINT('',(4.300000000000001,-0.9,4.425));
#9793=DIRECTION('',(1.0,0.0,0.0));
#9794=VECTOR('',#9793,1.999999999999998);
#9795=LINE('',#9792,#9794);
#9796=EDGE_CURVE('',#9791,#9783,#9795,.T.);
#9797=ORIENTED_EDGE('',*,*,#9796,.F.);
#9798=CARTESIAN_POINT('',(4.300000000000001,-0.9,5.175));
#9799=VERTEX_POINT('',#9798);
#9800=CARTESIAN_POINT('',(4.300000000000001,-0.9,5.175));
#9801=DIRECTION('',(0.0,0.0,-1.0));
#9802=VECTOR('',#9801,0.75);
#9803=LINE('',#9800,#9802);
#9804=EDGE_CURVE('',#9799,#9791,#9803,.T.);
#9805=ORIENTED_EDGE('',*,*,#9804,.F.);
#9806=CARTESIAN_POINT('',(6.3,-0.9,5.175));
#9807=VERTEX_POINT('',#9806);
#9808=CARTESIAN_POINT('',(6.300000000000001,-0.9,5.175));
#9809=DIRECTION('',(-1.0,0.0,0.0));
#9810=VECTOR('',#9809,2.0);
#9811=LINE('',#9808,#9810);
#9812=EDGE_CURVE('',#9807,#9799,#9811,.T.);
#9813=ORIENTED_EDGE('',*,*,#9812,.F.);
#9814=CARTESIAN_POINT('',(6.299999999999999,-0.9,5.2));
#9815=VERTEX_POINT('',#9814);
#9816=CARTESIAN_POINT('',(6.299999999999999,-0.9,5.2));
#9817=DIRECTION('',(0.0,0.0,-1.0));
#9818=VECTOR('',#9817,0.025);
#9819=LINE('',#9816,#9818);
#9820=EDGE_CURVE('',#9815,#9807,#9819,.T.);
#9821=ORIENTED_EDGE('',*,*,#9820,.F.);
#9822=CARTESIAN_POINT('',(-6.299999999999999,-0.9,5.2));
#9823=VERTEX_POINT('',#9822);
#9824=CARTESIAN_POINT('',(-6.299999999999999,-0.9,5.2));
#9825=DIRECTION('',(1.0,0.0,0.0));
#9826=VECTOR('',#9825,12.599999999999998);
#9827=LINE('',#9824,#9826);
#9828=EDGE_CURVE('',#9823,#9815,#9827,.T.);
#9829=ORIENTED_EDGE('',*,*,#9828,.F.);
#9830=CARTESIAN_POINT('',(-6.3,-0.9,5.175));
#9831=VERTEX_POINT('',#9830);
#9832=CARTESIAN_POINT('',(-6.299999999999999,-0.9,5.175));
#9833=DIRECTION('',(0.0,0.0,1.0));
#9834=VECTOR('',#9833,0.025);
#9835=LINE('',#9832,#9834);
#9836=EDGE_CURVE('',#9831,#9823,#9835,.T.);
#9837=ORIENTED_EDGE('',*,*,#9836,.F.);
#9838=CARTESIAN_POINT('',(-4.300000000000001,-0.9,5.175));
#9839=VERTEX_POINT('',#9838);
#9840=CARTESIAN_POINT('',(-4.300000000000001,-0.9,5.175));
#9841=DIRECTION('',(-1.0,0.0,0.0));
#9842=VECTOR('',#9841,1.999999999999999);
#9843=LINE('',#9840,#9842);
#9844=EDGE_CURVE('',#9839,#9831,#9843,.T.);
#9845=ORIENTED_EDGE('',*,*,#9844,.F.);
#9846=CARTESIAN_POINT('',(-4.300000000000001,-0.9,4.425));
#9847=DIRECTION('',(0.0,0.0,1.0));
#9848=VECTOR('',#9847,0.75);
#9849=LINE('',#9846,#9848);
#9850=EDGE_CURVE('',#9759,#9839,#9849,.T.);
#9851=ORIENTED_EDGE('',*,*,#9850,.F.);
#9852=EDGE_LOOP('',(#9765,#9773,#9781,#9789,#9797,#9805,#9813,#9821,#9829,#9837,#9845,#9851));
#9853=FACE_OUTER_BOUND('',#9852,.T.);
#9854=CARTESIAN_POINT('',(-1.0,-0.9,4.425));
#9855=VERTEX_POINT('',#9854);
#9856=CARTESIAN_POINT('',(1.0,-0.9,4.425));
#9857=VERTEX_POINT('',#9856);
#9858=CARTESIAN_POINT('',(-1.0,-0.9,4.425));
#9859=DIRECTION('',(1.0,0.0,0.0));
#9860=VECTOR('',#9859,2.0);
#9861=LINE('',#9858,#9860);
#9862=EDGE_CURVE('',#9855,#9857,#9861,.T.);
#9863=ORIENTED_EDGE('',*,*,#9862,.F.);
#9864=CARTESIAN_POINT('',(-1.0,-0.9,5.175));
#9865=VERTEX_POINT('',#9864);
#9866=CARTESIAN_POINT('',(-1.0,-0.9,5.175));
#9867=DIRECTION('',(0.0,0.0,-1.0));
#9868=VECTOR('',#9867,0.75);
#9869=LINE('',#9866,#9868);
#9870=EDGE_CURVE('',#9865,#9855,#9869,.T.);
#9871=ORIENTED_EDGE('',*,*,#9870,.F.);
#9872=CARTESIAN_POINT('',(1.0,-0.9,5.175));
#9873=VERTEX_POINT('',#9872);
#9874=CARTESIAN_POINT('',(1.0,-0.9,5.175));
#9875=DIRECTION('',(-1.0,0.0,0.0));
#9876=VECTOR('',#9875,2.0);
#9877=LINE('',#9874,#9876);
#9878=EDGE_CURVE('',#9873,#9865,#9877,.T.);
#9879=ORIENTED_EDGE('',*,*,#9878,.F.);
#9880=CARTESIAN_POINT('',(1.0,-0.9,4.425));
#9881=DIRECTION('',(0.0,0.0,1.0));
#9882=VECTOR('',#9881,0.75);
#9883=LINE('',#9880,#9882);
#9884=EDGE_CURVE('',#9857,#9873,#9883,.T.);
#9885=ORIENTED_EDGE('',*,*,#9884,.F.);
#9886=EDGE_LOOP('',(#9863,#9871,#9879,#9885));
#9887=FACE_BOUND('',#9886,.T.);
#9888=ADVANCED_FACE('',(#9853,#9887),#9755,.F.);
#9889=CARTESIAN_POINT('',(6.299999999999999,-0.1,4.4));
#9890=DIRECTION('',(0.577350269189626,0.577350269189626,0.577350269189626));
#9891=DIRECTION('',(-0.707106781186548,0.0,0.707106781186548));
#9892=AXIS2_PLACEMENT_3D('',#9889,#9890,#9891);
#9893=SPHERICAL_SURFACE('',#9892,0.800000000000001);
#9894=CARTESIAN_POINT('',(6.299999999999999,-0.1,3.6));
#9895=VERTEX_POINT('',#9894);
#9896=CARTESIAN_POINT('',(6.299999999999999,-0.1,4.4));
#9897=DIRECTION('',(1.0,0.0,0.0));
#9898=DIRECTION('',(0.0,0.0,-1.0));
#9899=AXIS2_PLACEMENT_3D('',#9896,#9897,#9898);
#9900=CIRCLE('',#9899,0.8);
#9901=EDGE_CURVE('',#9895,#9775,#9900,.F.);
#9902=ORIENTED_EDGE('',*,*,#9901,.F.);
#9903=CARTESIAN_POINT('',(7.1,-0.1,4.4));
#9904=VERTEX_POINT('',#9903);
#9905=CARTESIAN_POINT('',(6.299999999999999,-0.1,4.4));
#9906=DIRECTION('',(0.0,-1.0,0.0));
#9907=DIRECTION('',(1.0,0.0,0.0));
#9908=AXIS2_PLACEMENT_3D('',#9905,#9906,#9907);
#9909=CIRCLE('',#9908,0.800000000000001);
#9910=EDGE_CURVE('',#9904,#9895,#9909,.F.);
#9911=ORIENTED_EDGE('',*,*,#9910,.F.);
#9912=CARTESIAN_POINT('',(6.299999999999999,-0.1,4.4));
#9913=DIRECTION('',(0.0,0.0,-1.0));
#9914=DIRECTION('',(0.0,-1.0,0.0));
#9915=AXIS2_PLACEMENT_3D('',#9912,#9913,#9914);
#9916=CIRCLE('',#9915,0.8);
#9917=EDGE_CURVE('',#9775,#9904,#9916,.F.);
#9918=ORIENTED_EDGE('',*,*,#9917,.F.);
#9919=EDGE_LOOP('',(#9902,#9911,#9918));
#9920=FACE_OUTER_BOUND('',#9919,.T.);
#9921=ADVANCED_FACE('',(#9920),#9893,.T.);
#9922=CARTESIAN_POINT('',(6.299999999999999,0.0,4.4));
#9923=DIRECTION('',(0.0,-1.0,0.0));
#9924=DIRECTION('',(0.707106781186548,0.0,-0.707106781186547));
#9925=AXIS2_PLACEMENT_3D('',#9922,#9923,#9924);
#9926=CYLINDRICAL_SURFACE('',#9925,0.8);
#9927=CARTESIAN_POINT('',(6.299999999999999,0.0,3.6));
#9928=VERTEX_POINT('',#9927);
#9929=CARTESIAN_POINT('',(7.1,0.0,4.4));
#9930=VERTEX_POINT('',#9929);
#9931=CARTESIAN_POINT('',(6.299999999999999,0.0,4.4));
#9932=DIRECTION('',(0.0,-1.0,0.0));
#9933=DIRECTION('',(0.707106781186548,0.0,-0.707106781186547));
#9934=AXIS2_PLACEMENT_3D('',#9931,#9932,#9933);
#9935=CIRCLE('',#9934,0.8);
#9936=EDGE_CURVE('',#9928,#9930,#9935,.T.);
#9937=ORIENTED_EDGE('',*,*,#9936,.T.);
#9938=CARTESIAN_POINT('',(7.1,0.0,4.4));
#9939=DIRECTION('',(0.0,-1.0,0.0));
#9940=VECTOR('',#9939,0.1);
#9941=LINE('',#9938,#9940);
#9942=EDGE_CURVE('',#9930,#9904,#9941,.T.);
#9943=ORIENTED_EDGE('',*,*,#9942,.T.);
#9944=ORIENTED_EDGE('',*,*,#9910,.T.);
#9945=CARTESIAN_POINT('',(6.299999999999999,-0.1,3.6));
#9946=DIRECTION('',(0.0,1.0,0.0));
#9947=VECTOR('',#9946,0.1);
#9948=LINE('',#9945,#9947);
#9949=EDGE_CURVE('',#9895,#9928,#9948,.T.);
#9950=ORIENTED_EDGE('',*,*,#9949,.T.);
#9951=EDGE_LOOP('',(#9937,#9943,#9944,#9950));
#9952=FACE_OUTER_BOUND('',#9951,.T.);
#9953=ADVANCED_FACE('',(#9952),#9926,.T.);
#9954=CARTESIAN_POINT('',(-6.299999999999999,-0.1,4.4));
#9955=DIRECTION('',(0.577350269189626,0.577350269189626,0.577350269189626));
#9956=DIRECTION('',(-0.707106781186548,0.0,0.707106781186548));
#9957=AXIS2_PLACEMENT_3D('',#9954,#9955,#9956);
#9958=SPHERICAL_SURFACE('',#9957,0.8);
#9959=CARTESIAN_POINT('',(-7.1,-0.1,4.4));
#9960=VERTEX_POINT('',#9959);
#9961=CARTESIAN_POINT('',(-6.299999999999999,-0.1,4.4));
#9962=DIRECTION('',(0.0,0.0,-1.0));
#9963=DIRECTION('',(-1.0,0.0,0.0));
#9964=AXIS2_PLACEMENT_3D('',#9961,#9962,#9963);
#9965=CIRCLE('',#9964,0.800000000000001);
#9966=EDGE_CURVE('',#9960,#9767,#9965,.F.);
#9967=ORIENTED_EDGE('',*,*,#9966,.F.);
#9968=CARTESIAN_POINT('',(-6.299999999999999,-0.1,3.6));
#9969=VERTEX_POINT('',#9968);
#9970=CARTESIAN_POINT('',(-6.299999999999999,-0.1,4.4));
#9971=DIRECTION('',(0.0,-1.0,0.0));
#9972=DIRECTION('',(0.0,0.0,-1.0));
#9973=AXIS2_PLACEMENT_3D('',#9970,#9971,#9972);
#9974=CIRCLE('',#9973,0.8);
#9975=EDGE_CURVE('',#9969,#9960,#9974,.F.);
#9976=ORIENTED_EDGE('',*,*,#9975,.F.);
#9977=CARTESIAN_POINT('',(-6.299999999999999,-0.1,4.4));
#9978=DIRECTION('',(-1.0,0.0,0.0));
#9979=DIRECTION('',(0.0,-1.0,0.0));
#9980=AXIS2_PLACEMENT_3D('',#9977,#9978,#9979);
#9981=CIRCLE('',#9980,0.8);
#9982=EDGE_CURVE('',#9767,#9969,#9981,.F.);
#9983=ORIENTED_EDGE('',*,*,#9982,.F.);
#9984=EDGE_LOOP('',(#9967,#9976,#9983));
#9985=FACE_OUTER_BOUND('',#9984,.T.);
#9986=ADVANCED_FACE('',(#9985),#9958,.T.);
#9987=CARTESIAN_POINT('',(-6.299999999999999,0.0,4.4));
#9988=DIRECTION('',(0.0,-1.0,0.0));
#9989=DIRECTION('',(-0.707106781186548,0.0,-0.707106781186547));
#9990=AXIS2_PLACEMENT_3D('',#9987,#9988,#9989);
#9991=CYLINDRICAL_SURFACE('',#9990,0.8);
#9992=CARTESIAN_POINT('',(-7.1,0.0,4.4));
#9993=VERTEX_POINT('',#9992);
#9994=CARTESIAN_POINT('',(-6.299999999999999,0.0,3.6));
#9995=VERTEX_POINT('',#9994);
#9996=CARTESIAN_POINT('',(-6.299999999999999,0.0,4.4));
#9997=DIRECTION('',(0.0,-1.0,0.0));
#9998=DIRECTION('',(-0.707106781186548,0.0,-0.707106781186547));
#9999=AXIS2_PLACEMENT_3D('',#9996,#9997,#9998);
#10000=CIRCLE('',#9999,0.8);
#10001=EDGE_CURVE('',#9993,#9995,#10000,.T.);
#10002=ORIENTED_EDGE('',*,*,#10001,.T.);
#10003=CARTESIAN_POINT('',(-6.299999999999999,0.0,3.6));
#10004=DIRECTION('',(0.0,-1.0,0.0));
#10005=VECTOR('',#10004,0.1);
#10006=LINE('',#10003,#10005);
#10007=EDGE_CURVE('',#9995,#9969,#10006,.T.);
#10008=ORIENTED_EDGE('',*,*,#10007,.T.);
#10009=ORIENTED_EDGE('',*,*,#9975,.T.);
#10010=CARTESIAN_POINT('',(-7.1,-0.1,4.4));
#10011=DIRECTION('',(0.0,1.0,0.0));
#10012=VECTOR('',#10011,0.1);
#10013=LINE('',#10010,#10012);
#10014=EDGE_CURVE('',#9960,#9993,#10013,.T.);
#10015=ORIENTED_EDGE('',*,*,#10014,.T.);
#10016=EDGE_LOOP('',(#10002,#10008,#10009,#10015));
#10017=FACE_OUTER_BOUND('',#10016,.T.);
#10018=ADVANCED_FACE('',(#10017),#9991,.T.);
#10019=CARTESIAN_POINT('',(3.55,-0.1,4.4));
#10020=DIRECTION('',(-1.0,0.0,0.0));
#10021=DIRECTION('',(0.0,-0.707106781186548,-0.707106781186548));
#10022=AXIS2_PLACEMENT_3D('',#10019,#10020,#10021);
#10023=CYLINDRICAL_SURFACE('',#10022,0.8);
#10024=ORIENTED_EDGE('',*,*,#9982,.T.);
#10025=CARTESIAN_POINT('',(-6.299999999999998,-0.1,3.6));
#10026=DIRECTION('',(1.0,0.0,0.0));
#10027=VECTOR('',#10026,12.599999999999998);
#10028=LINE('',#10025,#10027);
#10029=EDGE_CURVE('',#9969,#9895,#10028,.T.);
#10030=ORIENTED_EDGE('',*,*,#10029,.T.);
#10031=ORIENTED_EDGE('',*,*,#9901,.T.);
#10032=ORIENTED_EDGE('',*,*,#9780,.T.);
#10033=EDGE_LOOP('',(#10024,#10030,#10031,#10032));
#10034=FACE_OUTER_BOUND('',#10033,.T.);
#10035=ADVANCED_FACE('',(#10034),#10023,.T.);
#10036=CARTESIAN_POINT('',(6.299999999999999,-0.1,5.2));
#10037=DIRECTION('',(0.577350269189626,0.577350269189626,0.577350269189626));
#10038=DIRECTION('',(-0.707106781186548,0.0,0.707106781186548));
#10039=AXIS2_PLACEMENT_3D('',#10036,#10037,#10038);
#10040=SPHERICAL_SURFACE('',#10039,0.8);
#10041=CARTESIAN_POINT('',(7.1,-0.1,5.2));
#10042=VERTEX_POINT('',#10041);
#10043=CARTESIAN_POINT('',(6.299999999999999,-0.1,5.2));
#10044=DIRECTION('',(0.0,0.0,1.0));
#10045=DIRECTION('',(1.0,0.0,0.0));
#10046=AXIS2_PLACEMENT_3D('',#10043,#10044,#10045);
#10047=CIRCLE('',#10046,0.800000000000001);
#10048=EDGE_CURVE('',#10042,#9815,#10047,.F.);
#10049=ORIENTED_EDGE('',*,*,#10048,.F.);
#10050=CARTESIAN_POINT('',(6.299999999999999,-0.1,6.0));
#10051=VERTEX_POINT('',#10050);
#10052=CARTESIAN_POINT('',(6.299999999999999,-0.1,5.2));
#10053=DIRECTION('',(0.0,-1.0,0.0));
#10054=DIRECTION('',(0.0,0.0,1.0));
#10055=AXIS2_PLACEMENT_3D('',#10052,#10053,#10054);
#10056=CIRCLE('',#10055,0.8);
#10057=EDGE_CURVE('',#10051,#10042,#10056,.F.);
#10058=ORIENTED_EDGE('',*,*,#10057,.F.);
#10059=CARTESIAN_POINT('',(6.299999999999999,-0.1,5.2));
#10060=DIRECTION('',(1.0,0.0,0.0));
#10061=DIRECTION('',(0.0,-1.0,0.0));
#10062=AXIS2_PLACEMENT_3D('',#10059,#10060,#10061);
#10063=CIRCLE('',#10062,0.8);
#10064=EDGE_CURVE('',#9815,#10051,#10063,.F.);
#10065=ORIENTED_EDGE('',*,*,#10064,.F.);
#10066=EDGE_LOOP('',(#10049,#10058,#10065));
#10067=FACE_OUTER_BOUND('',#10066,.T.);
#10068=ADVANCED_FACE('',(#10067),#10040,.T.);
#10069=CARTESIAN_POINT('',(6.299999999999999,0.0,5.2));
#10070=DIRECTION('',(0.0,-1.0,0.0));
#10071=DIRECTION('',(0.707106781186548,0.0,0.707106781186547));
#10072=AXIS2_PLACEMENT_3D('',#10069,#10070,#10071);
#10073=CYLINDRICAL_SURFACE('',#10072,0.8);
#10074=CARTESIAN_POINT('',(7.1,0.0,5.2));
#10075=VERTEX_POINT('',#10074);
#10076=CARTESIAN_POINT('',(6.299999999999999,0.0,6.0));
#10077=VERTEX_POINT('',#10076);
#10078=CARTESIAN_POINT('',(6.299999999999999,0.0,5.2));
#10079=DIRECTION('',(0.0,-1.0,0.0));
#10080=DIRECTION('',(0.707106781186548,0.0,0.707106781186547));
#10081=AXIS2_PLACEMENT_3D('',#10078,#10079,#10080);
#10082=CIRCLE('',#10081,0.8);
#10083=EDGE_CURVE('',#10075,#10077,#10082,.T.);
#10084=ORIENTED_EDGE('',*,*,#10083,.T.);
#10085=CARTESIAN_POINT('',(6.299999999999999,0.0,6.0));
#10086=DIRECTION('',(0.0,-1.0,0.0));
#10087=VECTOR('',#10086,0.1);
#10088=LINE('',#10085,#10087);
#10089=EDGE_CURVE('',#10077,#10051,#10088,.T.);
#10090=ORIENTED_EDGE('',*,*,#10089,.T.);
#10091=ORIENTED_EDGE('',*,*,#10057,.T.);
#10092=CARTESIAN_POINT('',(7.1,-0.1,5.2));
#10093=DIRECTION('',(0.0,1.0,0.0));
#10094=VECTOR('',#10093,0.1);
#10095=LINE('',#10092,#10094);
#10096=EDGE_CURVE('',#10042,#10075,#10095,.T.);
#10097=ORIENTED_EDGE('',*,*,#10096,.T.);
#10098=EDGE_LOOP('',(#10084,#10090,#10091,#10097));
#10099=FACE_OUTER_BOUND('',#10098,.T.);
#10100=ADVANCED_FACE('',(#10099),#10073,.T.);
#10101=CARTESIAN_POINT('',(-6.299999999999999,-0.1,5.2));
#10102=DIRECTION('',(0.577350269189626,0.577350269189626,0.577350269189626));
#10103=DIRECTION('',(-0.707106781186548,0.0,0.707106781186548));
#10104=AXIS2_PLACEMENT_3D('',#10101,#10102,#10103);
#10105=SPHERICAL_SURFACE('',#10104,0.800000000000001);
#10106=CARTESIAN_POINT('',(-6.299999999999999,-0.1,6.0));
#10107=VERTEX_POINT('',#10106);
#10108=CARTESIAN_POINT('',(-6.299999999999999,-0.1,5.2));
#10109=DIRECTION('',(-1.0,0.0,0.0));
#10110=DIRECTION('',(0.0,0.0,1.0));
#10111=AXIS2_PLACEMENT_3D('',#10108,#10109,#10110);
#10112=CIRCLE('',#10111,0.8);
#10113=EDGE_CURVE('',#10107,#9823,#10112,.F.);
#10114=ORIENTED_EDGE('',*,*,#10113,.F.);
#10115=CARTESIAN_POINT('',(-7.1,-0.1,5.2));
#10116=VERTEX_POINT('',#10115);
#10117=CARTESIAN_POINT('',(-6.299999999999999,-0.1,5.2));
#10118=DIRECTION('',(0.0,-1.0,0.0));
#10119=DIRECTION('',(-1.0,0.0,0.0));
#10120=AXIS2_PLACEMENT_3D('',#10117,#10118,#10119);
#10121=CIRCLE('',#10120,0.800000000000001);
#10122=EDGE_CURVE('',#10116,#10107,#10121,.F.);
#10123=ORIENTED_EDGE('',*,*,#10122,.F.);
#10124=CARTESIAN_POINT('',(-6.299999999999999,-0.1,5.2));
#10125=DIRECTION('',(0.0,0.0,1.0));
#10126=DIRECTION('',(0.0,-1.0,0.0));
#10127=AXIS2_PLACEMENT_3D('',#10124,#10125,#10126);
#10128=CIRCLE('',#10127,0.8);
#10129=EDGE_CURVE('',#9823,#10116,#10128,.F.);
#10130=ORIENTED_EDGE('',*,*,#10129,.F.);
#10131=EDGE_LOOP('',(#10114,#10123,#10130));
#10132=FACE_OUTER_BOUND('',#10131,.T.);
#10133=ADVANCED_FACE('',(#10132),#10105,.T.);
#10134=CARTESIAN_POINT('',(-6.299999999999999,0.0,5.2));
#10135=DIRECTION('',(0.0,-1.0,0.0));
#10136=DIRECTION('',(-0.707106781186548,0.0,0.707106781186547));
#10137=AXIS2_PLACEMENT_3D('',#10134,#10135,#10136);
#10138=CYLINDRICAL_SURFACE('',#10137,0.8);
#10139=CARTESIAN_POINT('',(-6.299999999999999,0.0,6.0));
#10140=VERTEX_POINT('',#10139);
#10141=CARTESIAN_POINT('',(-7.1,0.0,5.2));
#10142=VERTEX_POINT('',#10141);
#10143=CARTESIAN_POINT('',(-6.299999999999999,0.0,5.2));
#10144=DIRECTION('',(0.0,-1.0,0.0));
#10145=DIRECTION('',(-0.707106781186548,0.0,0.707106781186547));
#10146=AXIS2_PLACEMENT_3D('',#10143,#10144,#10145);
#10147=CIRCLE('',#10146,0.8);
#10148=EDGE_CURVE('',#10140,#10142,#10147,.T.);
#10149=ORIENTED_EDGE('',*,*,#10148,.T.);
#10150=CARTESIAN_POINT('',(-7.1,0.0,5.2));
#10151=DIRECTION('',(0.0,-1.0,0.0));
#10152=VECTOR('',#10151,0.1);
#10153=LINE('',#10150,#10152);
#10154=EDGE_CURVE('',#10142,#10116,#10153,.T.);
#10155=ORIENTED_EDGE('',*,*,#10154,.T.);
#10156=ORIENTED_EDGE('',*,*,#10122,.T.);
#10157=CARTESIAN_POINT('',(-6.299999999999999,-0.1,6.0));
#10158=DIRECTION('',(0.0,1.0,0.0));
#10159=VECTOR('',#10158,0.1);
#10160=LINE('',#10157,#10159);
#10161=EDGE_CURVE('',#10107,#10140,#10160,.T.);
#10162=ORIENTED_EDGE('',*,*,#10161,.T.);
#10163=EDGE_LOOP('',(#10149,#10155,#10156,#10162));
#10164=FACE_OUTER_BOUND('',#10163,.T.);
#10165=ADVANCED_FACE('',(#10164),#10138,.T.);
#10166=CARTESIAN_POINT('',(-6.299999999999999,-0.1,4.2));
#10167=DIRECTION('',(0.0,0.0,1.0));
#10168=DIRECTION('',(-0.707106781186548,-0.707106781186547,0.0));
#10169=AXIS2_PLACEMENT_3D('',#10166,#10167,#10168);
#10170=CYLINDRICAL_SURFACE('',#10169,0.8);
#10171=ORIENTED_EDGE('',*,*,#10129,.T.);
#10172=CARTESIAN_POINT('',(-7.1,-0.1,5.2));
#10173=DIRECTION('',(0.0,0.0,-1.0));
#10174=VECTOR('',#10173,0.8);
#10175=LINE('',#10172,#10174);
#10176=EDGE_CURVE('',#10116,#9960,#10175,.T.);
#10177=ORIENTED_EDGE('',*,*,#10176,.T.);
#10178=ORIENTED_EDGE('',*,*,#9966,.T.);
#10179=ORIENTED_EDGE('',*,*,#9772,.T.);
#10180=CARTESIAN_POINT('',(-6.3,-0.9,5.175));
#10181=DIRECTION('',(0.0,0.0,-1.0));
#10182=VECTOR('',#10181,0.75);
#10183=LINE('',#10180,#10182);
#10184=EDGE_CURVE('',#9831,#9757,#10183,.T.);
#10185=ORIENTED_EDGE('',*,*,#10184,.F.);
#10186=ORIENTED_EDGE('',*,*,#9836,.T.);
#10187=EDGE_LOOP('',(#10171,#10177,#10178,#10179,#10185,#10186));
#10188=FACE_OUTER_BOUND('',#10187,.T.);
#10189=ADVANCED_FACE('',(#10188),#10170,.T.);
#10190=CARTESIAN_POINT('',(-3.55,-0.1,5.2));
#10191=DIRECTION('',(1.0,0.0,0.0));
#10192=DIRECTION('',(0.0,-0.707106781186548,0.707106781186548));
#10193=AXIS2_PLACEMENT_3D('',#10190,#10191,#10192);
#10194=CYLINDRICAL_SURFACE('',#10193,0.8);
#10195=ORIENTED_EDGE('',*,*,#10064,.T.);
#10196=CARTESIAN_POINT('',(6.299999999999998,-0.1,6.0));
#10197=DIRECTION('',(-1.0,0.0,0.0));
#10198=VECTOR('',#10197,12.599999999999998);
#10199=LINE('',#10196,#10198);
#10200=EDGE_CURVE('',#10051,#10107,#10199,.T.);
#10201=ORIENTED_EDGE('',*,*,#10200,.T.);
#10202=ORIENTED_EDGE('',*,*,#10113,.T.);
#10203=ORIENTED_EDGE('',*,*,#9828,.T.);
#10204=EDGE_LOOP('',(#10195,#10201,#10202,#10203));
#10205=FACE_OUTER_BOUND('',#10204,.T.);
#10206=ADVANCED_FACE('',(#10205),#10194,.T.);
#10207=CARTESIAN_POINT('',(6.299999999999999,-0.1,5.4));
#10208=DIRECTION('',(0.0,0.0,-1.0));
#10209=DIRECTION('',(0.707106781186548,-0.707106781186547,0.0));
#10210=AXIS2_PLACEMENT_3D('',#10207,#10208,#10209);
#10211=CYLINDRICAL_SURFACE('',#10210,0.8);
#10212=ORIENTED_EDGE('',*,*,#9917,.T.);
#10213=CARTESIAN_POINT('',(7.1,-0.1,4.4));
#10214=DIRECTION('',(0.0,0.0,1.0));
#10215=VECTOR('',#10214,0.8);
#10216=LINE('',#10213,#10215);
#10217=EDGE_CURVE('',#9904,#10042,#10216,.T.);
#10218=ORIENTED_EDGE('',*,*,#10217,.T.);
#10219=ORIENTED_EDGE('',*,*,#10048,.T.);
#10220=ORIENTED_EDGE('',*,*,#9820,.T.);
#10221=CARTESIAN_POINT('',(6.3,-0.9,4.425));
#10222=DIRECTION('',(0.0,0.0,1.0));
#10223=VECTOR('',#10222,0.75);
#10224=LINE('',#10221,#10223);
#10225=EDGE_CURVE('',#9783,#9807,#10224,.T.);
#10226=ORIENTED_EDGE('',*,*,#10225,.F.);
#10227=ORIENTED_EDGE('',*,*,#9788,.T.);
#10228=EDGE_LOOP('',(#10212,#10218,#10219,#10220,#10226,#10227));
#10229=FACE_OUTER_BOUND('',#10228,.T.);
#10230=ADVANCED_FACE('',(#10229),#10211,.T.);
#10231=CARTESIAN_POINT('',(7.1,0.0,3.6));
#10232=DIRECTION('',(0.0,0.0,-1.0));
#10233=DIRECTION('',(-1.0,0.0,0.0));
#10234=AXIS2_PLACEMENT_3D('',#10231,#10232,#10233);
#10235=PLANE('',#10234);
#10236=ORIENTED_EDGE('',*,*,#9949,.F.);
#10237=ORIENTED_EDGE('',*,*,#10029,.F.);
#10238=ORIENTED_EDGE('',*,*,#10007,.F.);
#10239=CARTESIAN_POINT('',(-6.299999999999999,0.0,3.6));
#10240=DIRECTION('',(1.0,0.0,0.0));
#10241=VECTOR('',#10240,12.599999999999998);
#10242=LINE('',#10239,#10241);
#10243=EDGE_CURVE('',#9995,#9928,#10242,.T.);
#10244=ORIENTED_EDGE('',*,*,#10243,.T.);
#10245=EDGE_LOOP('',(#10236,#10237,#10238,#10244));
#10246=FACE_OUTER_BOUND('',#10245,.T.);
#10247=ADVANCED_FACE('',(#10246),#10235,.T.);
#10248=CARTESIAN_POINT('',(-7.1,0.0,3.6));
#10249=DIRECTION('',(-1.0,0.0,0.0));
#10250=DIRECTION('',(0.0,0.0,1.0));
#10251=AXIS2_PLACEMENT_3D('',#10248,#10249,#10250);
#10252=PLANE('',#10251);
#10253=ORIENTED_EDGE('',*,*,#10014,.F.);
#10254=ORIENTED_EDGE('',*,*,#10176,.F.);
#10255=ORIENTED_EDGE('',*,*,#10154,.F.);
#10256=CARTESIAN_POINT('',(-7.1,0.0,5.2));
#10257=DIRECTION('',(0.0,0.0,-1.0));
#10258=VECTOR('',#10257,0.8);
#10259=LINE('',#10256,#10258);
#10260=EDGE_CURVE('',#10142,#9993,#10259,.T.);
#10261=ORIENTED_EDGE('',*,*,#10260,.T.);
#10262=EDGE_LOOP('',(#10253,#10254,#10255,#10261));
#10263=FACE_OUTER_BOUND('',#10262,.T.);
#10264=ADVANCED_FACE('',(#10263),#10252,.T.);
#10265=CARTESIAN_POINT('',(7.1,0.0,6.0));
#10266=DIRECTION('',(1.0,0.0,0.0));
#10267=DIRECTION('',(0.0,0.0,-1.0));
#10268=AXIS2_PLACEMENT_3D('',#10265,#10266,#10267);
#10269=PLANE('',#10268);
#10270=ORIENTED_EDGE('',*,*,#9942,.F.);
#10271=CARTESIAN_POINT('',(7.1,0.0,4.4));
#10272=DIRECTION('',(0.0,0.0,1.0));
#10273=VECTOR('',#10272,0.8);
#10274=LINE('',#10271,#10273);
#10275=EDGE_CURVE('',#9930,#10075,#10274,.T.);
#10276=ORIENTED_EDGE('',*,*,#10275,.T.);
#10277=ORIENTED_EDGE('',*,*,#10096,.F.);
#10278=ORIENTED_EDGE('',*,*,#10217,.F.);
#10279=EDGE_LOOP('',(#10270,#10276,#10277,#10278));
#10280=FACE_OUTER_BOUND('',#10279,.T.);
#10281=ADVANCED_FACE('',(#10280),#10269,.T.);
#10282=CARTESIAN_POINT('',(-7.1,0.0,6.0));
#10283=DIRECTION('',(0.0,0.0,1.0));
#10284=DIRECTION('',(1.0,0.0,0.0));
#10285=AXIS2_PLACEMENT_3D('',#10282,#10283,#10284);
#10286=PLANE('',#10285);
#10287=ORIENTED_EDGE('',*,*,#10089,.F.);
#10288=CARTESIAN_POINT('',(6.299999999999999,0.0,6.0));
#10289=DIRECTION('',(-1.0,0.0,0.0));
#10290=VECTOR('',#10289,12.599999999999998);
#10291=LINE('',#10288,#10290);
#10292=EDGE_CURVE('',#10077,#10140,#10291,.T.);
#10293=ORIENTED_EDGE('',*,*,#10292,.T.);
#10294=ORIENTED_EDGE('',*,*,#10161,.F.);
#10295=ORIENTED_EDGE('',*,*,#10200,.F.);
#10296=EDGE_LOOP('',(#10287,#10293,#10294,#10295));
#10297=FACE_OUTER_BOUND('',#10296,.T.);
#10298=ADVANCED_FACE('',(#10297),#10286,.T.);
#10299=CARTESIAN_POINT('',(2.153287E-017,-1.788921683307166,5.175));
#10300=DIRECTION('',(0.0,0.0,1.0));
#10301=DIRECTION('',(1.0,0.0,0.0));
#10302=AXIS2_PLACEMENT_3D('',#10299,#10300,#10301);
#10303=PLANE('',#10302);
#10304=ORIENTED_EDGE('',*,*,#9878,.T.);
#10305=CARTESIAN_POINT('',(-1.0,-1.2,5.175));
#10306=VERTEX_POINT('',#10305);
#10307=CARTESIAN_POINT('',(-1.0,-1.2,5.175));
#10308=DIRECTION('',(0.0,1.0,0.0));
#10309=VECTOR('',#10308,0.3);
#10310=LINE('',#10307,#10309);
#10311=EDGE_CURVE('',#10306,#9865,#10310,.T.);
#10312=ORIENTED_EDGE('',*,*,#10311,.F.);
#10313=CARTESIAN_POINT('',(-0.499999999999999,-1.200000000000001,5.175));
#10314=VERTEX_POINT('',#10313);
#10315=CARTESIAN_POINT('',(-0.499999999999999,-1.200000000000001,5.175));
#10316=DIRECTION('',(-1.0,0.0,0.0));
#10317=VECTOR('',#10316,0.500000000000001);
#10318=LINE('',#10315,#10317);
#10319=EDGE_CURVE('',#10314,#10306,#10318,.T.);
#10320=ORIENTED_EDGE('',*,*,#10319,.F.);
#10321=CARTESIAN_POINT('',(-0.5,-3.8,5.175));
#10322=VERTEX_POINT('',#10321);
#10323=CARTESIAN_POINT('',(-0.5,-3.8,5.175));
#10324=DIRECTION('',(0.0,1.0,0.0));
#10325=VECTOR('',#10324,2.599999999999999);
#10326=LINE('',#10323,#10325);
#10327=EDGE_CURVE('',#10322,#10314,#10326,.T.);
#10328=ORIENTED_EDGE('',*,*,#10327,.F.);
#10329=CARTESIAN_POINT('',(-0.1,-4.199999999999999,5.175));
#10330=VERTEX_POINT('',#10329);
#10331=CARTESIAN_POINT('',(-0.1,-3.8,5.175));
#10332=DIRECTION('',(0.0,0.0,-1.0));
#10333=DIRECTION('',(-1.0,0.0,0.0));
#10334=AXIS2_PLACEMENT_3D('',#10331,#10332,#10333);
#10335=CIRCLE('',#10334,0.4);
#10336=EDGE_CURVE('',#10330,#10322,#10335,.T.);
#10337=ORIENTED_EDGE('',*,*,#10336,.F.);
#10338=CARTESIAN_POINT('',(0.1,-4.2,5.175));
#10339=VERTEX_POINT('',#10338);
#10340=CARTESIAN_POINT('',(0.1,-4.2,5.175));
#10341=DIRECTION('',(-1.0,0.0,0.0));
#10342=VECTOR('',#10341,0.199999999999999);
#10343=LINE('',#10340,#10342);
#10344=EDGE_CURVE('',#10339,#10330,#10343,.T.);
#10345=ORIENTED_EDGE('',*,*,#10344,.F.);
#10346=CARTESIAN_POINT('',(0.5,-3.8,5.175));
#10347=VERTEX_POINT('',#10346);
#10348=CARTESIAN_POINT('',(0.1,-3.8,5.175));
#10349=DIRECTION('',(0.0,0.0,-1.0));
#10350=DIRECTION('',(0.0,-1.0,0.0));
#10351=AXIS2_PLACEMENT_3D('',#10348,#10349,#10350);
#10352=CIRCLE('',#10351,0.4);
#10353=EDGE_CURVE('',#10347,#10339,#10352,.T.);
#10354=ORIENTED_EDGE('',*,*,#10353,.F.);
#10355=CARTESIAN_POINT('',(0.499999999999999,-1.200000000000001,5.175));
#10356=VERTEX_POINT('',#10355);
#10357=CARTESIAN_POINT('',(0.499999999999999,-1.200000000000001,5.175));
#10358=DIRECTION('',(0.0,-1.0,0.0));
#10359=VECTOR('',#10358,2.599999999999999);
#10360=LINE('',#10357,#10359);
#10361=EDGE_CURVE('',#10356,#10347,#10360,.T.);
#10362=ORIENTED_EDGE('',*,*,#10361,.F.);
#10363=CARTESIAN_POINT('',(1.0,-1.2,5.175));
#10364=VERTEX_POINT('',#10363);
#10365=CARTESIAN_POINT('',(1.0,-1.2,5.175));
#10366=DIRECTION('',(-1.0,0.0,0.0));
#10367=VECTOR('',#10366,0.500000000000001);
#10368=LINE('',#10365,#10367);
#10369=EDGE_CURVE('',#10364,#10356,#10368,.T.);
#10370=ORIENTED_EDGE('',*,*,#10369,.F.);
#10371=CARTESIAN_POINT('',(1.0,-0.9,5.175));
#10372=DIRECTION('',(0.0,-1.0,0.0));
#10373=VECTOR('',#10372,0.3);
#10374=LINE('',#10371,#10373);
#10375=EDGE_CURVE('',#9873,#10364,#10374,.T.);
#10376=ORIENTED_EDGE('',*,*,#10375,.F.);
#10377=EDGE_LOOP('',(#10304,#10312,#10320,#10328,#10337,#10345,#10354,#10362,#10370,#10376));
#10378=FACE_OUTER_BOUND('',#10377,.T.);
#10379=ADVANCED_FACE('',(#10378),#10303,.T.);
#10380=CARTESIAN_POINT('',(-1.0,-1.2,4.8));
#10381=DIRECTION('',(-1.0,0.0,0.0));
#10382=DIRECTION('',(0.0,0.0,1.0));
#10383=AXIS2_PLACEMENT_3D('',#10380,#10381,#10382);
#10384=PLANE('',#10383);
#10385=ORIENTED_EDGE('',*,*,#9870,.T.);
#10386=CARTESIAN_POINT('',(-1.0,-1.2,4.425));
#10387=VERTEX_POINT('',#10386);
#10388=CARTESIAN_POINT('',(-1.0,-0.9,4.425));
#10389=DIRECTION('',(0.0,-1.0,0.0));
#10390=VECTOR('',#10389,0.3);
#10391=LINE('',#10388,#10390);
#10392=EDGE_CURVE('',#9855,#10387,#10391,.T.);
#10393=ORIENTED_EDGE('',*,*,#10392,.T.);
#10394=CARTESIAN_POINT('',(-1.0,-1.2,4.425));
#10395=DIRECTION('',(0.0,0.0,1.0));
#10396=VECTOR('',#10395,0.75);
#10397=LINE('',#10394,#10396);
#10398=EDGE_CURVE('',#10387,#10306,#10397,.T.);
#10399=ORIENTED_EDGE('',*,*,#10398,.T.);
#10400=ORIENTED_EDGE('',*,*,#10311,.T.);
#10401=EDGE_LOOP('',(#10385,#10393,#10399,#10400));
#10402=FACE_OUTER_BOUND('',#10401,.T.);
#10403=ADVANCED_FACE('',(#10402),#10384,.T.);
#10404=CARTESIAN_POINT('',(1.301043E-017,-1.788921683307166,4.425));
#10405=DIRECTION('',(0.0,0.0,1.0));
#10406=DIRECTION('',(1.0,0.0,0.0));
#10407=AXIS2_PLACEMENT_3D('',#10404,#10405,#10406);
#10408=PLANE('',#10407);
#10409=ORIENTED_EDGE('',*,*,#9862,.T.);
#10410=CARTESIAN_POINT('',(1.0,-1.2,4.425));
#10411=VERTEX_POINT('',#10410);
#10412=CARTESIAN_POINT('',(1.0,-1.2,4.425));
#10413=DIRECTION('',(0.0,1.0,0.0));
#10414=VECTOR('',#10413,0.3);
#10415=LINE('',#10412,#10414);
#10416=EDGE_CURVE('',#10411,#9857,#10415,.T.);
#10417=ORIENTED_EDGE('',*,*,#10416,.F.);
#10418=CARTESIAN_POINT('',(0.499999999999999,-1.200000000000001,4.425));
#10419=VERTEX_POINT('',#10418);
#10420=CARTESIAN_POINT('',(0.499999999999999,-1.200000000000001,4.425));
#10421=DIRECTION('',(1.0,0.0,0.0));
#10422=VECTOR('',#10421,0.500000000000001);
#10423=LINE('',#10420,#10422);
#10424=EDGE_CURVE('',#10419,#10411,#10423,.T.);
#10425=ORIENTED_EDGE('',*,*,#10424,.F.);
#10426=CARTESIAN_POINT('',(0.5,-3.8,4.425));
#10427=VERTEX_POINT('',#10426);
#10428=CARTESIAN_POINT('',(0.5,-3.8,4.425));
#10429=DIRECTION('',(0.0,1.0,0.0));
#10430=VECTOR('',#10429,2.599999999999999);
#10431=LINE('',#10428,#10430);
#10432=EDGE_CURVE('',#10427,#10419,#10431,.T.);
#10433=ORIENTED_EDGE('',*,*,#10432,.F.);
#10434=CARTESIAN_POINT('',(0.1,-4.2,4.425));
#10435=VERTEX_POINT('',#10434);
#10436=CARTESIAN_POINT('',(0.1,-3.8,4.425));
#10437=DIRECTION('',(0.0,0.0,1.0));
#10438=DIRECTION('',(0.0,-1.0,0.0));
#10439=AXIS2_PLACEMENT_3D('',#10436,#10437,#10438);
#10440=CIRCLE('',#10439,0.4);
#10441=EDGE_CURVE('',#10435,#10427,#10440,.T.);
#10442=ORIENTED_EDGE('',*,*,#10441,.F.);
#10443=CARTESIAN_POINT('',(-0.1,-4.199999999999999,4.425));
#10444=VERTEX_POINT('',#10443);
#10445=CARTESIAN_POINT('',(-0.1,-4.199999999999999,4.425));
#10446=DIRECTION('',(1.0,0.0,0.0));
#10447=VECTOR('',#10446,0.199999999999999);
#10448=LINE('',#10445,#10447);
#10449=EDGE_CURVE('',#10444,#10435,#10448,.T.);
#10450=ORIENTED_EDGE('',*,*,#10449,.F.);
#10451=CARTESIAN_POINT('',(-0.5,-3.8,4.425));
#10452=VERTEX_POINT('',#10451);
#10453=CARTESIAN_POINT('',(-0.1,-3.8,4.425));
#10454=DIRECTION('',(0.0,0.0,1.0));
#10455=DIRECTION('',(-1.0,0.0,0.0));
#10456=AXIS2_PLACEMENT_3D('',#10453,#10454,#10455);
#10457=CIRCLE('',#10456,0.4);
#10458=EDGE_CURVE('',#10452,#10444,#10457,.T.);
#10459=ORIENTED_EDGE('',*,*,#10458,.F.);
#10460=CARTESIAN_POINT('',(-0.499999999999999,-1.200000000000001,4.425));
#10461=VERTEX_POINT('',#10460);
#10462=CARTESIAN_POINT('',(-0.499999999999999,-1.200000000000001,4.425));
#10463=DIRECTION('',(0.0,-1.0,0.0));
#10464=VECTOR('',#10463,2.599999999999999);
#10465=LINE('',#10462,#10464);
#10466=EDGE_CURVE('',#10461,#10452,#10465,.T.);
#10467=ORIENTED_EDGE('',*,*,#10466,.F.);
#10468=CARTESIAN_POINT('',(-1.0,-1.2,4.425));
#10469=DIRECTION('',(1.0,0.0,0.0));
#10470=VECTOR('',#10469,0.500000000000001);
#10471=LINE('',#10468,#10470);
#10472=EDGE_CURVE('',#10387,#10461,#10471,.T.);
#10473=ORIENTED_EDGE('',*,*,#10472,.F.);
#10474=ORIENTED_EDGE('',*,*,#10392,.F.);
#10475=EDGE_LOOP('',(#10409,#10417,#10425,#10433,#10442,#10450,#10459,#10467,#10473,#10474));
#10476=FACE_OUTER_BOUND('',#10475,.T.);
#10477=ADVANCED_FACE('',(#10476),#10408,.F.);
#10478=CARTESIAN_POINT('',(1.0,-4.286264E-016,4.8));
#10479=DIRECTION('',(1.0,0.0,0.0));
#10480=DIRECTION('',(0.0,0.0,-1.0));
#10481=AXIS2_PLACEMENT_3D('',#10478,#10479,#10480);
#10482=PLANE('',#10481);
#10483=ORIENTED_EDGE('',*,*,#9884,.T.);
#10484=ORIENTED_EDGE('',*,*,#10375,.T.);
#10485=CARTESIAN_POINT('',(1.0,-1.2,4.425));
#10486=DIRECTION('',(0.0,0.0,1.0));
#10487=VECTOR('',#10486,0.75);
#10488=LINE('',#10485,#10487);
#10489=EDGE_CURVE('',#10411,#10364,#10488,.T.);
#10490=ORIENTED_EDGE('',*,*,#10489,.F.);
#10491=ORIENTED_EDGE('',*,*,#10416,.T.);
#10492=EDGE_LOOP('',(#10483,#10484,#10490,#10491));
#10493=FACE_OUTER_BOUND('',#10492,.T.);
#10494=ADVANCED_FACE('',(#10493),#10482,.T.);
#10495=CARTESIAN_POINT('',(1.0,-1.2,4.8));
#10496=DIRECTION('',(0.0,-1.0,0.0));
#10497=DIRECTION('',(0.0,0.0,-1.0));
#10498=AXIS2_PLACEMENT_3D('',#10495,#10496,#10497);
#10499=PLANE('',#10498);
#10500=ORIENTED_EDGE('',*,*,#10369,.T.);
#10501=CARTESIAN_POINT('',(0.499999999999999,-1.200000000000001,4.425));
#10502=DIRECTION('',(0.0,0.0,1.0));
#10503=VECTOR('',#10502,0.75);
#10504=LINE('',#10501,#10503);
#10505=EDGE_CURVE('',#10419,#10356,#10504,.T.);
#10506=ORIENTED_EDGE('',*,*,#10505,.F.);
#10507=ORIENTED_EDGE('',*,*,#10424,.T.);
#10508=ORIENTED_EDGE('',*,*,#10489,.T.);
#10509=EDGE_LOOP('',(#10500,#10506,#10507,#10508));
#10510=FACE_OUTER_BOUND('',#10509,.T.);
#10511=ADVANCED_FACE('',(#10510),#10499,.T.);
#10512=CARTESIAN_POINT('',(0.499999999999999,-1.200000000000001,4.8));
#10513=DIRECTION('',(1.0,0.0,0.0));
#10514=DIRECTION('',(0.0,0.0,-1.0));
#10515=AXIS2_PLACEMENT_3D('',#10512,#10513,#10514);
#10516=PLANE('',#10515);
#10517=ORIENTED_EDGE('',*,*,#10361,.T.);
#10518=CARTESIAN_POINT('',(0.5,-3.8,4.425));
#10519=DIRECTION('',(0.0,0.0,1.0));
#10520=VECTOR('',#10519,0.75);
#10521=LINE('',#10518,#10520);
#10522=EDGE_CURVE('',#10427,#10347,#10521,.T.);
#10523=ORIENTED_EDGE('',*,*,#10522,.F.);
#10524=ORIENTED_EDGE('',*,*,#10432,.T.);
#10525=ORIENTED_EDGE('',*,*,#10505,.T.);
#10526=EDGE_LOOP('',(#10517,#10523,#10524,#10525));
#10527=FACE_OUTER_BOUND('',#10526,.T.);
#10528=ADVANCED_FACE('',(#10527),#10516,.T.);
#10529=CARTESIAN_POINT('',(0.1,-3.8,4.8));
#10530=DIRECTION('',(0.0,0.0,1.0));
#10531=DIRECTION('',(0.0,-1.0,0.0));
#10532=AXIS2_PLACEMENT_3D('',#10529,#10530,#10531);
#10533=CYLINDRICAL_SURFACE('',#10532,0.4);
#10534=ORIENTED_EDGE('',*,*,#10353,.T.);
#10535=CARTESIAN_POINT('',(0.1,-4.2,4.425));
#10536=DIRECTION('',(0.0,0.0,1.0));
#10537=VECTOR('',#10536,0.75);
#10538=LINE('',#10535,#10537);
#10539=EDGE_CURVE('',#10435,#10339,#10538,.T.);
#10540=ORIENTED_EDGE('',*,*,#10539,.F.);
#10541=ORIENTED_EDGE('',*,*,#10441,.T.);
#10542=ORIENTED_EDGE('',*,*,#10522,.T.);
#10543=EDGE_LOOP('',(#10534,#10540,#10541,#10542));
#10544=FACE_OUTER_BOUND('',#10543,.T.);
#10545=ADVANCED_FACE('',(#10544),#10533,.T.);
#10546=CARTESIAN_POINT('',(0.1,-4.2,4.8));
#10547=DIRECTION('',(0.0,-1.0,0.0));
#10548=DIRECTION('',(0.0,0.0,-1.0));
#10549=AXIS2_PLACEMENT_3D('',#10546,#10547,#10548);
#10550=PLANE('',#10549);
#10551=ORIENTED_EDGE('',*,*,#10344,.T.);
#10552=CARTESIAN_POINT('',(-0.1,-4.199999999999999,4.425));
#10553=DIRECTION('',(0.0,0.0,1.0));
#10554=VECTOR('',#10553,0.75);
#10555=LINE('',#10552,#10554);
#10556=EDGE_CURVE('',#10444,#10330,#10555,.T.);
#10557=ORIENTED_EDGE('',*,*,#10556,.F.);
#10558=ORIENTED_EDGE('',*,*,#10449,.T.);
#10559=ORIENTED_EDGE('',*,*,#10539,.T.);
#10560=EDGE_LOOP('',(#10551,#10557,#10558,#10559));
#10561=FACE_OUTER_BOUND('',#10560,.T.);
#10562=ADVANCED_FACE('',(#10561),#10550,.T.);
#10563=CARTESIAN_POINT('',(-0.1,-3.8,4.8));
#10564=DIRECTION('',(0.0,0.0,1.0));
#10565=DIRECTION('',(-1.0,0.0,0.0));
#10566=AXIS2_PLACEMENT_3D('',#10563,#10564,#10565);
#10567=CYLINDRICAL_SURFACE('',#10566,0.4);
#10568=ORIENTED_EDGE('',*,*,#10336,.T.);
#10569=CARTESIAN_POINT('',(-0.5,-3.8,4.425));
#10570=DIRECTION('',(0.0,0.0,1.0));
#10571=VECTOR('',#10570,0.75);
#10572=LINE('',#10569,#10571);
#10573=EDGE_CURVE('',#10452,#10322,#10572,.T.);
#10574=ORIENTED_EDGE('',*,*,#10573,.F.);
#10575=ORIENTED_EDGE('',*,*,#10458,.T.);
#10576=ORIENTED_EDGE('',*,*,#10556,.T.);
#10577=EDGE_LOOP('',(#10568,#10574,#10575,#10576));
#10578=FACE_OUTER_BOUND('',#10577,.T.);
#10579=ADVANCED_FACE('',(#10578),#10567,.T.);
#10580=CARTESIAN_POINT('',(-0.5,-3.8,4.8));
#10581=DIRECTION('',(-1.0,0.0,0.0));
#10582=DIRECTION('',(0.0,0.0,1.0));
#10583=AXIS2_PLACEMENT_3D('',#10580,#10581,#10582);
#10584=PLANE('',#10583);
#10585=ORIENTED_EDGE('',*,*,#10327,.T.);
#10586=CARTESIAN_POINT('',(-0.499999999999999,-1.200000000000001,4.425));
#10587=DIRECTION('',(0.0,0.0,1.0));
#10588=VECTOR('',#10587,0.75);
#10589=LINE('',#10586,#10588);
#10590=EDGE_CURVE('',#10461,#10314,#10589,.T.);
#10591=ORIENTED_EDGE('',*,*,#10590,.F.);
#10592=ORIENTED_EDGE('',*,*,#10466,.T.);
#10593=ORIENTED_EDGE('',*,*,#10573,.T.);
#10594=EDGE_LOOP('',(#10585,#10591,#10592,#10593));
#10595=FACE_OUTER_BOUND('',#10594,.T.);
#10596=ADVANCED_FACE('',(#10595),#10584,.T.);
#10597=CARTESIAN_POINT('',(-0.499999999999999,-1.200000000000001,4.8));
#10598=DIRECTION('',(0.0,-1.0,0.0));
#10599=DIRECTION('',(0.0,0.0,-1.0));
#10600=AXIS2_PLACEMENT_3D('',#10597,#10598,#10599);
#10601=PLANE('',#10600);
#10602=ORIENTED_EDGE('',*,*,#10319,.T.);
#10603=ORIENTED_EDGE('',*,*,#10398,.F.);
#10604=ORIENTED_EDGE('',*,*,#10472,.T.);
#10605=ORIENTED_EDGE('',*,*,#10590,.T.);
#10606=EDGE_LOOP('',(#10602,#10603,#10604,#10605));
#10607=FACE_OUTER_BOUND('',#10606,.T.);
#10608=ADVANCED_FACE('',(#10607),#10601,.T.);
#10609=CARTESIAN_POINT('',(4.300000000000001,-1.2,4.8));
#10610=DIRECTION('',(-1.0,0.0,0.0));
#10611=DIRECTION('',(0.0,0.0,1.0));
#10612=AXIS2_PLACEMENT_3D('',#10609,#10610,#10611);
#10613=PLANE('',#10612);
#10614=ORIENTED_EDGE('',*,*,#9804,.T.);
#10615=CARTESIAN_POINT('',(4.300000000000001,-1.2,4.425));
#10616=VERTEX_POINT('',#10615);
#10617=CARTESIAN_POINT('',(4.300000000000001,-0.9,4.425));
#10618=DIRECTION('',(0.0,-1.0,0.0));
#10619=VECTOR('',#10618,0.3);
#10620=LINE('',#10617,#10619);
#10621=EDGE_CURVE('',#9791,#10616,#10620,.T.);
#10622=ORIENTED_EDGE('',*,*,#10621,.T.);
#10623=CARTESIAN_POINT('',(4.300000000000001,-1.2,5.175));
#10624=VERTEX_POINT('',#10623);
#10625=CARTESIAN_POINT('',(4.300000000000001,-1.2,5.175));
#10626=DIRECTION('',(0.0,0.0,-1.0));
#10627=VECTOR('',#10626,0.75);
#10628=LINE('',#10625,#10627);
#10629=EDGE_CURVE('',#10624,#10616,#10628,.T.);
#10630=ORIENTED_EDGE('',*,*,#10629,.F.);
#10631=CARTESIAN_POINT('',(4.300000000000001,-1.2,5.175));
#10632=DIRECTION('',(0.0,1.0,0.0));
#10633=VECTOR('',#10632,0.3);
#10634=LINE('',#10631,#10633);
#10635=EDGE_CURVE('',#10624,#9799,#10634,.T.);
#10636=ORIENTED_EDGE('',*,*,#10635,.T.);
#10637=EDGE_LOOP('',(#10614,#10622,#10630,#10636));
#10638=FACE_OUTER_BOUND('',#10637,.T.);
#10639=ADVANCED_FACE('',(#10638),#10613,.T.);
#10640=CARTESIAN_POINT('',(5.300000000000001,-1.788921683307166,4.425));
#10641=DIRECTION('',(0.0,0.0,1.0));
#10642=DIRECTION('',(1.0,0.0,0.0));
#10643=AXIS2_PLACEMENT_3D('',#10640,#10641,#10642);
#10644=PLANE('',#10643);
#10645=ORIENTED_EDGE('',*,*,#9796,.T.);
#10646=CARTESIAN_POINT('',(6.3,-1.2,4.425));
#10647=VERTEX_POINT('',#10646);
#10648=CARTESIAN_POINT('',(6.3,-1.2,4.425));
#10649=DIRECTION('',(0.0,1.0,0.0));
#10650=VECTOR('',#10649,0.3);
#10651=LINE('',#10648,#10650);
#10652=EDGE_CURVE('',#10647,#9783,#10651,.T.);
#10653=ORIENTED_EDGE('',*,*,#10652,.F.);
#10654=CARTESIAN_POINT('',(5.8,-1.200000000000001,4.425));
#10655=VERTEX_POINT('',#10654);
#10656=CARTESIAN_POINT('',(5.799999999999999,-1.200000000000001,4.425));
#10657=DIRECTION('',(1.0,0.0,0.0));
#10658=VECTOR('',#10657,0.500000000000001);
#10659=LINE('',#10656,#10658);
#10660=EDGE_CURVE('',#10655,#10647,#10659,.T.);
#10661=ORIENTED_EDGE('',*,*,#10660,.F.);
#10662=CARTESIAN_POINT('',(5.800000000000001,-3.8,4.425));
#10663=VERTEX_POINT('',#10662);
#10664=CARTESIAN_POINT('',(5.800000000000001,-3.8,4.425));
#10665=DIRECTION('',(0.0,1.0,0.0));
#10666=VECTOR('',#10665,2.599999999999999);
#10667=LINE('',#10664,#10666);
#10668=EDGE_CURVE('',#10663,#10655,#10667,.T.);
#10669=ORIENTED_EDGE('',*,*,#10668,.F.);
#10670=CARTESIAN_POINT('',(5.4,-4.2,4.425));
#10671=VERTEX_POINT('',#10670);
#10672=CARTESIAN_POINT('',(5.4,-3.8,4.425));
#10673=DIRECTION('',(0.0,0.0,1.0));
#10674=DIRECTION('',(0.0,1.0,0.0));
#10675=AXIS2_PLACEMENT_3D('',#10672,#10673,#10674);
#10676=CIRCLE('',#10675,0.4);
#10677=EDGE_CURVE('',#10671,#10663,#10676,.T.);
#10678=ORIENTED_EDGE('',*,*,#10677,.F.);
#10679=CARTESIAN_POINT('',(5.200000000000001,-4.199999999999999,4.425));
#10680=VERTEX_POINT('',#10679);
#10681=CARTESIAN_POINT('',(5.200000000000001,-4.199999999999999,4.425));
#10682=DIRECTION('',(1.0,0.0,0.0));
#10683=VECTOR('',#10682,0.199999999999999);
#10684=LINE('',#10681,#10683);
#10685=EDGE_CURVE('',#10680,#10671,#10684,.T.);
#10686=ORIENTED_EDGE('',*,*,#10685,.F.);
#10687=CARTESIAN_POINT('',(4.800000000000001,-3.8,4.425));
#10688=VERTEX_POINT('',#10687);
#10689=CARTESIAN_POINT('',(5.2,-3.8,4.425));
#10690=DIRECTION('',(0.0,0.0,1.0));
#10691=DIRECTION('',(1.0,0.0,0.0));
#10692=AXIS2_PLACEMENT_3D('',#10689,#10690,#10691);
#10693=CIRCLE('',#10692,0.4);
#10694=EDGE_CURVE('',#10688,#10680,#10693,.T.);
#10695=ORIENTED_EDGE('',*,*,#10694,.F.);
#10696=CARTESIAN_POINT('',(4.800000000000001,-1.200000000000001,4.425));
#10697=VERTEX_POINT('',#10696);
#10698=CARTESIAN_POINT('',(4.800000000000002,-1.200000000000001,4.425));
#10699=DIRECTION('',(0.0,-1.0,0.0));
#10700=VECTOR('',#10699,2.599999999999999);
#10701=LINE('',#10698,#10700);
#10702=EDGE_CURVE('',#10697,#10688,#10701,.T.);
#10703=ORIENTED_EDGE('',*,*,#10702,.F.);
#10704=CARTESIAN_POINT('',(4.300000000000001,-1.2,4.425));
#10705=DIRECTION('',(1.0,0.0,0.0));
#10706=VECTOR('',#10705,0.5);
#10707=LINE('',#10704,#10706);
#10708=EDGE_CURVE('',#10616,#10697,#10707,.T.);
#10709=ORIENTED_EDGE('',*,*,#10708,.F.);
#10710=ORIENTED_EDGE('',*,*,#10621,.F.);
#10711=EDGE_LOOP('',(#10645,#10653,#10661,#10669,#10678,#10686,#10695,#10703,#10709,#10710));
#10712=FACE_OUTER_BOUND('',#10711,.T.);
#10713=ADVANCED_FACE('',(#10712),#10644,.F.);
#10714=CARTESIAN_POINT('',(6.3,-4.286264E-016,4.8));
#10715=DIRECTION('',(1.0,0.0,0.0));
#10716=DIRECTION('',(0.0,0.0,-1.0));
#10717=AXIS2_PLACEMENT_3D('',#10714,#10715,#10716);
#10718=PLANE('',#10717);
#10719=ORIENTED_EDGE('',*,*,#10225,.T.);
#10720=CARTESIAN_POINT('',(6.3,-1.2,5.175));
#10721=VERTEX_POINT('',#10720);
#10722=CARTESIAN_POINT('',(6.3,-0.9,5.175));
#10723=DIRECTION('',(0.0,-1.0,0.0));
#10724=VECTOR('',#10723,0.3);
#10725=LINE('',#10722,#10724);
#10726=EDGE_CURVE('',#9807,#10721,#10725,.T.);
#10727=ORIENTED_EDGE('',*,*,#10726,.T.);
#10728=CARTESIAN_POINT('',(6.3,-1.2,5.175));
#10729=DIRECTION('',(0.0,0.0,-1.0));
#10730=VECTOR('',#10729,0.75);
#10731=LINE('',#10728,#10730);
#10732=EDGE_CURVE('',#10721,#10647,#10731,.T.);
#10733=ORIENTED_EDGE('',*,*,#10732,.T.);
#10734=ORIENTED_EDGE('',*,*,#10652,.T.);
#10735=EDGE_LOOP('',(#10719,#10727,#10733,#10734));
#10736=FACE_OUTER_BOUND('',#10735,.T.);
#10737=ADVANCED_FACE('',(#10736),#10718,.T.);
#10738=CARTESIAN_POINT('',(6.3,-1.2,4.8));
#10739=DIRECTION('',(0.0,-1.0,0.0));
#10740=DIRECTION('',(0.0,0.0,-1.0));
#10741=AXIS2_PLACEMENT_3D('',#10738,#10739,#10740);
#10742=PLANE('',#10741);
#10743=CARTESIAN_POINT('',(5.8,-1.200000000000001,5.175));
#10744=VERTEX_POINT('',#10743);
#10745=CARTESIAN_POINT('',(6.3,-1.2,5.175));
#10746=DIRECTION('',(-1.0,0.0,0.0));
#10747=VECTOR('',#10746,0.500000000000001);
#10748=LINE('',#10745,#10747);
#10749=EDGE_CURVE('',#10721,#10744,#10748,.T.);
#10750=ORIENTED_EDGE('',*,*,#10749,.T.);
#10751=CARTESIAN_POINT('',(5.8,-1.200000000000001,5.175));
#10752=DIRECTION('',(0.0,0.0,-1.0));
#10753=VECTOR('',#10752,0.75);
#10754=LINE('',#10751,#10753);
#10755=EDGE_CURVE('',#10744,#10655,#10754,.T.);
#10756=ORIENTED_EDGE('',*,*,#10755,.T.);
#10757=ORIENTED_EDGE('',*,*,#10660,.T.);
#10758=ORIENTED_EDGE('',*,*,#10732,.F.);
#10759=EDGE_LOOP('',(#10750,#10756,#10757,#10758));
#10760=FACE_OUTER_BOUND('',#10759,.T.);
#10761=ADVANCED_FACE('',(#10760),#10742,.T.);
#10762=CARTESIAN_POINT('',(5.8,-1.200000000000001,4.8));
#10763=DIRECTION('',(1.0,0.0,0.0));
#10764=DIRECTION('',(0.0,0.0,-1.0));
#10765=AXIS2_PLACEMENT_3D('',#10762,#10763,#10764);
#10766=PLANE('',#10765);
#10767=CARTESIAN_POINT('',(5.800000000000001,-3.8,5.175));
#10768=VERTEX_POINT('',#10767);
#10769=CARTESIAN_POINT('',(5.8,-1.200000000000001,5.175));
#10770=DIRECTION('',(0.0,-1.0,0.0));
#10771=VECTOR('',#10770,2.599999999999999);
#10772=LINE('',#10769,#10771);
#10773=EDGE_CURVE('',#10744,#10768,#10772,.T.);
#10774=ORIENTED_EDGE('',*,*,#10773,.T.);
#10775=CARTESIAN_POINT('',(5.800000000000001,-3.8,5.175));
#10776=DIRECTION('',(0.0,0.0,-1.0));
#10777=VECTOR('',#10776,0.75);
#10778=LINE('',#10775,#10777);
#10779=EDGE_CURVE('',#10768,#10663,#10778,.T.);
#10780=ORIENTED_EDGE('',*,*,#10779,.T.);
#10781=ORIENTED_EDGE('',*,*,#10668,.T.);
#10782=ORIENTED_EDGE('',*,*,#10755,.F.);
#10783=EDGE_LOOP('',(#10774,#10780,#10781,#10782));
#10784=FACE_OUTER_BOUND('',#10783,.T.);
#10785=ADVANCED_FACE('',(#10784),#10766,.T.);
#10786=CARTESIAN_POINT('',(5.4,-3.8,4.8));
#10787=DIRECTION('',(0.0,0.0,1.0));
#10788=DIRECTION('',(0.0,1.0,0.0));
#10789=AXIS2_PLACEMENT_3D('',#10786,#10787,#10788);
#10790=CYLINDRICAL_SURFACE('',#10789,0.4);
#10791=CARTESIAN_POINT('',(5.4,-4.2,5.175));
#10792=VERTEX_POINT('',#10791);
#10793=CARTESIAN_POINT('',(5.4,-3.8,5.175));
#10794=DIRECTION('',(0.0,0.0,-1.0));
#10795=DIRECTION('',(0.0,1.0,0.0));
#10796=AXIS2_PLACEMENT_3D('',#10793,#10794,#10795);
#10797=CIRCLE('',#10796,0.4);
#10798=EDGE_CURVE('',#10768,#10792,#10797,.T.);
#10799=ORIENTED_EDGE('',*,*,#10798,.T.);
#10800=CARTESIAN_POINT('',(5.4,-4.2,5.175));
#10801=DIRECTION('',(0.0,0.0,-1.0));
#10802=VECTOR('',#10801,0.75);
#10803=LINE('',#10800,#10802);
#10804=EDGE_CURVE('',#10792,#10671,#10803,.T.);
#10805=ORIENTED_EDGE('',*,*,#10804,.T.);
#10806=ORIENTED_EDGE('',*,*,#10677,.T.);
#10807=ORIENTED_EDGE('',*,*,#10779,.F.);
#10808=EDGE_LOOP('',(#10799,#10805,#10806,#10807));
#10809=FACE_OUTER_BOUND('',#10808,.T.);
#10810=ADVANCED_FACE('',(#10809),#10790,.T.);
#10811=CARTESIAN_POINT('',(5.4,-4.2,4.8));
#10812=DIRECTION('',(0.0,-1.0,0.0));
#10813=DIRECTION('',(0.0,0.0,-1.0));
#10814=AXIS2_PLACEMENT_3D('',#10811,#10812,#10813);
#10815=PLANE('',#10814);
#10816=CARTESIAN_POINT('',(5.200000000000001,-4.199999999999999,5.175));
#10817=VERTEX_POINT('',#10816);
#10818=CARTESIAN_POINT('',(5.4,-4.2,5.175));
#10819=DIRECTION('',(-1.0,0.0,0.0));
#10820=VECTOR('',#10819,0.199999999999999);
#10821=LINE('',#10818,#10820);
#10822=EDGE_CURVE('',#10792,#10817,#10821,.T.);
#10823=ORIENTED_EDGE('',*,*,#10822,.T.);
#10824=CARTESIAN_POINT('',(5.200000000000001,-4.199999999999999,5.175));
#10825=DIRECTION('',(0.0,0.0,-1.0));
#10826=VECTOR('',#10825,0.75);
#10827=LINE('',#10824,#10826);
#10828=EDGE_CURVE('',#10817,#10680,#10827,.T.);
#10829=ORIENTED_EDGE('',*,*,#10828,.T.);
#10830=ORIENTED_EDGE('',*,*,#10685,.T.);
#10831=ORIENTED_EDGE('',*,*,#10804,.F.);
#10832=EDGE_LOOP('',(#10823,#10829,#10830,#10831));
#10833=FACE_OUTER_BOUND('',#10832,.T.);
#10834=ADVANCED_FACE('',(#10833),#10815,.T.);
#10835=CARTESIAN_POINT('',(5.2,-3.8,4.8));
#10836=DIRECTION('',(0.0,0.0,1.0));
#10837=DIRECTION('',(1.0,0.0,0.0));
#10838=AXIS2_PLACEMENT_3D('',#10835,#10836,#10837);
#10839=CYLINDRICAL_SURFACE('',#10838,0.4);
#10840=CARTESIAN_POINT('',(4.800000000000001,-3.8,5.175));
#10841=VERTEX_POINT('',#10840);
#10842=CARTESIAN_POINT('',(5.2,-3.8,5.175));
#10843=DIRECTION('',(0.0,0.0,-1.0));
#10844=DIRECTION('',(1.0,0.0,0.0));
#10845=AXIS2_PLACEMENT_3D('',#10842,#10843,#10844);
#10846=CIRCLE('',#10845,0.4);
#10847=EDGE_CURVE('',#10817,#10841,#10846,.T.);
#10848=ORIENTED_EDGE('',*,*,#10847,.T.);
#10849=CARTESIAN_POINT('',(4.800000000000001,-3.8,5.175));
#10850=DIRECTION('',(0.0,0.0,-1.0));
#10851=VECTOR('',#10850,0.75);
#10852=LINE('',#10849,#10851);
#10853=EDGE_CURVE('',#10841,#10688,#10852,.T.);
#10854=ORIENTED_EDGE('',*,*,#10853,.T.);
#10855=ORIENTED_EDGE('',*,*,#10694,.T.);
#10856=ORIENTED_EDGE('',*,*,#10828,.F.);
#10857=EDGE_LOOP('',(#10848,#10854,#10855,#10856));
#10858=FACE_OUTER_BOUND('',#10857,.T.);
#10859=ADVANCED_FACE('',(#10858),#10839,.T.);
#10860=CARTESIAN_POINT('',(4.800000000000001,-3.8,4.8));
#10861=DIRECTION('',(-1.0,0.0,0.0));
#10862=DIRECTION('',(0.0,0.0,1.0));
#10863=AXIS2_PLACEMENT_3D('',#10860,#10861,#10862);
#10864=PLANE('',#10863);
#10865=CARTESIAN_POINT('',(4.800000000000001,-1.200000000000001,5.175));
#10866=VERTEX_POINT('',#10865);
#10867=CARTESIAN_POINT('',(4.800000000000001,-3.8,5.175));
#10868=DIRECTION('',(0.0,1.0,0.0));
#10869=VECTOR('',#10868,2.599999999999999);
#10870=LINE('',#10867,#10869);
#10871=EDGE_CURVE('',#10841,#10866,#10870,.T.);
#10872=ORIENTED_EDGE('',*,*,#10871,.T.);
#10873=CARTESIAN_POINT('',(4.800000000000001,-1.200000000000001,4.425));
#10874=DIRECTION('',(0.0,0.0,1.0));
#10875=VECTOR('',#10874,0.75);
#10876=LINE('',#10873,#10875);
#10877=EDGE_CURVE('',#10697,#10866,#10876,.T.);
#10878=ORIENTED_EDGE('',*,*,#10877,.F.);
#10879=ORIENTED_EDGE('',*,*,#10702,.T.);
#10880=ORIENTED_EDGE('',*,*,#10853,.F.);
#10881=EDGE_LOOP('',(#10872,#10878,#10879,#10880));
#10882=FACE_OUTER_BOUND('',#10881,.T.);
#10883=ADVANCED_FACE('',(#10882),#10864,.T.);
#10884=CARTESIAN_POINT('',(4.800000000000001,-1.200000000000001,4.8));
#10885=DIRECTION('',(0.0,-1.0,0.0));
#10886=DIRECTION('',(0.0,0.0,-1.0));
#10887=AXIS2_PLACEMENT_3D('',#10884,#10885,#10886);
#10888=PLANE('',#10887);
#10889=CARTESIAN_POINT('',(4.800000000000001,-1.200000000000001,5.175));
#10890=DIRECTION('',(-1.0,0.0,0.0));
#10891=VECTOR('',#10890,0.5);
#10892=LINE('',#10889,#10891);
#10893=EDGE_CURVE('',#10866,#10624,#10892,.T.);
#10894=ORIENTED_EDGE('',*,*,#10893,.T.);
#10895=ORIENTED_EDGE('',*,*,#10629,.T.);
#10896=ORIENTED_EDGE('',*,*,#10708,.T.);
#10897=ORIENTED_EDGE('',*,*,#10877,.T.);
#10898=EDGE_LOOP('',(#10894,#10895,#10896,#10897));
#10899=FACE_OUTER_BOUND('',#10898,.T.);
#10900=ADVANCED_FACE('',(#10899),#10888,.T.);
#10901=CARTESIAN_POINT('',(5.300000000000002,-1.788921683307166,5.175));
#10902=DIRECTION('',(0.0,0.0,1.0));
#10903=DIRECTION('',(1.0,0.0,0.0));
#10904=AXIS2_PLACEMENT_3D('',#10901,#10902,#10903);
#10905=PLANE('',#10904);
#10906=ORIENTED_EDGE('',*,*,#9812,.T.);
#10907=ORIENTED_EDGE('',*,*,#10635,.F.);
#10908=ORIENTED_EDGE('',*,*,#10893,.F.);
#10909=ORIENTED_EDGE('',*,*,#10871,.F.);
#10910=ORIENTED_EDGE('',*,*,#10847,.F.);
#10911=ORIENTED_EDGE('',*,*,#10822,.F.);
#10912=ORIENTED_EDGE('',*,*,#10798,.F.);
#10913=ORIENTED_EDGE('',*,*,#10773,.F.);
#10914=ORIENTED_EDGE('',*,*,#10749,.F.);
#10915=ORIENTED_EDGE('',*,*,#10726,.F.);
#10916=EDGE_LOOP('',(#10906,#10907,#10908,#10909,#10910,#10911,#10912,#10913,#10914,#10915));
#10917=FACE_OUTER_BOUND('',#10916,.T.);
#10918=ADVANCED_FACE('',(#10917),#10905,.T.);
#10919=CARTESIAN_POINT('',(-4.300000000000001,-4.286264E-016,4.8));
#10920=DIRECTION('',(1.0,0.0,0.0));
#10921=DIRECTION('',(0.0,0.0,-1.0));
#10922=AXIS2_PLACEMENT_3D('',#10919,#10920,#10921);
#10923=PLANE('',#10922);
#10924=ORIENTED_EDGE('',*,*,#9850,.T.);
#10925=CARTESIAN_POINT('',(-4.300000000000001,-1.2,5.175));
#10926=VERTEX_POINT('',#10925);
#10927=CARTESIAN_POINT('',(-4.300000000000001,-0.9,5.175));
#10928=DIRECTION('',(0.0,-1.0,0.0));
#10929=VECTOR('',#10928,0.3);
#10930=LINE('',#10927,#10929);
#10931=EDGE_CURVE('',#9839,#10926,#10930,.T.);
#10932=ORIENTED_EDGE('',*,*,#10931,.T.);
#10933=CARTESIAN_POINT('',(-4.300000000000001,-1.2,4.425));
#10934=VERTEX_POINT('',#10933);
#10935=CARTESIAN_POINT('',(-4.300000000000001,-1.2,5.175));
#10936=DIRECTION('',(0.0,0.0,-1.0));
#10937=VECTOR('',#10936,0.75);
#10938=LINE('',#10935,#10937);
#10939=EDGE_CURVE('',#10926,#10934,#10938,.T.);
#10940=ORIENTED_EDGE('',*,*,#10939,.T.);
#10941=CARTESIAN_POINT('',(-4.300000000000001,-1.2,4.425));
#10942=DIRECTION('',(0.0,1.0,0.0));
#10943=VECTOR('',#10942,0.3);
#10944=LINE('',#10941,#10943);
#10945=EDGE_CURVE('',#10934,#9759,#10944,.T.);
#10946=ORIENTED_EDGE('',*,*,#10945,.T.);
#10947=EDGE_LOOP('',(#10924,#10932,#10940,#10946));
#10948=FACE_OUTER_BOUND('',#10947,.T.);
#10949=ADVANCED_FACE('',(#10948),#10923,.T.);
#10950=CARTESIAN_POINT('',(-5.300000000000003,-1.788921683307166,5.175));
#10951=DIRECTION('',(0.0,0.0,1.0));
#10952=DIRECTION('',(1.0,0.0,0.0));
#10953=AXIS2_PLACEMENT_3D('',#10950,#10951,#10952);
#10954=PLANE('',#10953);
#10955=ORIENTED_EDGE('',*,*,#9844,.T.);
#10956=CARTESIAN_POINT('',(-6.3,-1.2,5.175));
#10957=VERTEX_POINT('',#10956);
#10958=CARTESIAN_POINT('',(-6.3,-1.2,5.175));
#10959=DIRECTION('',(0.0,1.0,0.0));
#10960=VECTOR('',#10959,0.3);
#10961=LINE('',#10958,#10960);
#10962=EDGE_CURVE('',#10957,#9831,#10961,.T.);
#10963=ORIENTED_EDGE('',*,*,#10962,.F.);
#10964=CARTESIAN_POINT('',(-5.8,-1.200000000000001,5.175));
#10965=VERTEX_POINT('',#10964);
#10966=CARTESIAN_POINT('',(-5.8,-1.200000000000001,5.175));
#10967=DIRECTION('',(-1.0,0.0,0.0));
#10968=VECTOR('',#10967,0.500000000000001);
#10969=LINE('',#10966,#10968);
#10970=EDGE_CURVE('',#10965,#10957,#10969,.T.);
#10971=ORIENTED_EDGE('',*,*,#10970,.F.);
#10972=CARTESIAN_POINT('',(-5.8,-3.8,5.175));
#10973=VERTEX_POINT('',#10972);
#10974=CARTESIAN_POINT('',(-5.8,-3.8,5.175));
#10975=DIRECTION('',(0.0,1.0,0.0));
#10976=VECTOR('',#10975,2.599999999999999);
#10977=LINE('',#10974,#10976);
#10978=EDGE_CURVE('',#10973,#10965,#10977,.T.);
#10979=ORIENTED_EDGE('',*,*,#10978,.F.);
#10980=CARTESIAN_POINT('',(-5.4,-4.199999999999999,5.175));
#10981=VERTEX_POINT('',#10980);
#10982=CARTESIAN_POINT('',(-5.4,-3.8,5.175));
#10983=DIRECTION('',(0.0,0.0,-1.0));
#10984=DIRECTION('',(1.0,0.0,0.0));
#10985=AXIS2_PLACEMENT_3D('',#10982,#10983,#10984);
#10986=CIRCLE('',#10985,0.4);
#10987=EDGE_CURVE('',#10981,#10973,#10986,.T.);
#10988=ORIENTED_EDGE('',*,*,#10987,.F.);
#10989=CARTESIAN_POINT('',(-5.2,-4.2,5.175));
#10990=VERTEX_POINT('',#10989);
#10991=CARTESIAN_POINT('',(-5.2,-4.2,5.175));
#10992=DIRECTION('',(-1.0,0.0,0.0));
#10993=VECTOR('',#10992,0.199999999999999);
#10994=LINE('',#10991,#10993);
#10995=EDGE_CURVE('',#10990,#10981,#10994,.T.);
#10996=ORIENTED_EDGE('',*,*,#10995,.F.);
#10997=CARTESIAN_POINT('',(-4.800000000000001,-3.8,5.175));
#10998=VERTEX_POINT('',#10997);
#10999=CARTESIAN_POINT('',(-5.2,-3.8,5.175));
#11000=DIRECTION('',(0.0,0.0,-1.0));
#11001=DIRECTION('',(0.0,1.0,0.0));
#11002=AXIS2_PLACEMENT_3D('',#10999,#11000,#11001);
#11003=CIRCLE('',#11002,0.4);
#11004=EDGE_CURVE('',#10998,#10990,#11003,.T.);
#11005=ORIENTED_EDGE('',*,*,#11004,.F.);
#11006=CARTESIAN_POINT('',(-4.800000000000001,-1.200000000000001,5.175));
#11007=VERTEX_POINT('',#11006);
#11008=CARTESIAN_POINT('',(-4.800000000000001,-1.200000000000001,5.175));
#11009=DIRECTION('',(0.0,-1.0,0.0));
#11010=VECTOR('',#11009,2.599999999999999);
#11011=LINE('',#11008,#11010);
#11012=EDGE_CURVE('',#11007,#10998,#11011,.T.);
#11013=ORIENTED_EDGE('',*,*,#11012,.F.);
#11014=CARTESIAN_POINT('',(-4.300000000000001,-1.2,5.175));
#11015=DIRECTION('',(-1.0,0.0,0.0));
#11016=VECTOR('',#11015,0.5);
#11017=LINE('',#11014,#11016);
#11018=EDGE_CURVE('',#10926,#11007,#11017,.T.);
#11019=ORIENTED_EDGE('',*,*,#11018,.F.);
#11020=ORIENTED_EDGE('',*,*,#10931,.F.);
#11021=EDGE_LOOP('',(#10955,#10963,#10971,#10979,#10988,#10996,#11005,#11013,#11019,#11020));
#11022=FACE_OUTER_BOUND('',#11021,.T.);
#11023=ADVANCED_FACE('',(#11022),#10954,.T.);
#11024=CARTESIAN_POINT('',(-5.300000000000001,-1.788921683307166,4.425));
#11025=DIRECTION('',(0.0,0.0,1.0));
#11026=DIRECTION('',(1.0,0.0,0.0));
#11027=AXIS2_PLACEMENT_3D('',#11024,#11025,#11026);
#11028=PLANE('',#11027);
#11029=ORIENTED_EDGE('',*,*,#9764,.T.);
#11030=ORIENTED_EDGE('',*,*,#10945,.F.);
#11031=CARTESIAN_POINT('',(-4.800000000000001,-1.200000000000001,4.425));
#11032=VERTEX_POINT('',#11031);
#11033=CARTESIAN_POINT('',(-4.800000000000001,-1.200000000000001,4.425));
#11034=DIRECTION('',(1.0,0.0,0.0));
#11035=VECTOR('',#11034,0.5);
#11036=LINE('',#11033,#11035);
#11037=EDGE_CURVE('',#11032,#10934,#11036,.T.);
#11038=ORIENTED_EDGE('',*,*,#11037,.F.);
#11039=CARTESIAN_POINT('',(-4.800000000000001,-3.8,4.425));
#11040=VERTEX_POINT('',#11039);
#11041=CARTESIAN_POINT('',(-4.8,-3.8,4.425));
#11042=DIRECTION('',(0.0,1.0,0.0));
#11043=VECTOR('',#11042,2.599999999999999);
#11044=LINE('',#11041,#11043);
#11045=EDGE_CURVE('',#11040,#11032,#11044,.T.);
#11046=ORIENTED_EDGE('',*,*,#11045,.F.);
#11047=CARTESIAN_POINT('',(-5.2,-4.2,4.425));
#11048=VERTEX_POINT('',#11047);
#11049=CARTESIAN_POINT('',(-5.2,-3.8,4.425));
#11050=DIRECTION('',(0.0,0.0,1.0));
#11051=DIRECTION('',(0.0,1.0,0.0));
#11052=AXIS2_PLACEMENT_3D('',#11049,#11050,#11051);
#11053=CIRCLE('',#11052,0.4);
#11054=EDGE_CURVE('',#11048,#11040,#11053,.T.);
#11055=ORIENTED_EDGE('',*,*,#11054,.F.);
#11056=CARTESIAN_POINT('',(-5.4,-4.199999999999999,4.425));
#11057=VERTEX_POINT('',#11056);
#11058=CARTESIAN_POINT('',(-5.4,-4.199999999999999,4.425));
#11059=DIRECTION('',(1.0,0.0,0.0));
#11060=VECTOR('',#11059,0.199999999999999);
#11061=LINE('',#11058,#11060);
#11062=EDGE_CURVE('',#11057,#11048,#11061,.T.);
#11063=ORIENTED_EDGE('',*,*,#11062,.F.);
#11064=CARTESIAN_POINT('',(-5.8,-3.8,4.425));
#11065=VERTEX_POINT('',#11064);
#11066=CARTESIAN_POINT('',(-5.4,-3.8,4.425));
#11067=DIRECTION('',(0.0,0.0,1.0));
#11068=DIRECTION('',(1.0,0.0,0.0));
#11069=AXIS2_PLACEMENT_3D('',#11066,#11067,#11068);
#11070=CIRCLE('',#11069,0.4);
#11071=EDGE_CURVE('',#11065,#11057,#11070,.T.);
#11072=ORIENTED_EDGE('',*,*,#11071,.F.);
#11073=CARTESIAN_POINT('',(-5.8,-1.200000000000001,4.425));
#11074=VERTEX_POINT('',#11073);
#11075=CARTESIAN_POINT('',(-5.8,-1.200000000000001,4.425));
#11076=DIRECTION('',(0.0,-1.0,0.0));
#11077=VECTOR('',#11076,2.599999999999999);
#11078=LINE('',#11075,#11077);
#11079=EDGE_CURVE('',#11074,#11065,#11078,.T.);
#11080=ORIENTED_EDGE('',*,*,#11079,.F.);
#11081=CARTESIAN_POINT('',(-6.3,-1.2,4.425));
#11082=VERTEX_POINT('',#11081);
#11083=CARTESIAN_POINT('',(-6.300000000000001,-1.2,4.425));
#11084=DIRECTION('',(1.0,0.0,0.0));
#11085=VECTOR('',#11084,0.500000000000001);
#11086=LINE('',#11083,#11085);
#11087=EDGE_CURVE('',#11082,#11074,#11086,.T.);
#11088=ORIENTED_EDGE('',*,*,#11087,.F.);
#11089=CARTESIAN_POINT('',(-6.3,-0.9,4.425));
#11090=DIRECTION('',(0.0,-1.0,0.0));
#11091=VECTOR('',#11090,0.3);
#11092=LINE('',#11089,#11091);
#11093=EDGE_CURVE('',#9757,#11082,#11092,.T.);
#11094=ORIENTED_EDGE('',*,*,#11093,.F.);
#11095=EDGE_LOOP('',(#11029,#11030,#11038,#11046,#11055,#11063,#11072,#11080,#11088,#11094));
#11096=FACE_OUTER_BOUND('',#11095,.T.);
#11097=ADVANCED_FACE('',(#11096),#11028,.F.);
#11098=CARTESIAN_POINT('',(-6.3,-1.2,4.8));
#11099=DIRECTION('',(-1.0,0.0,0.0));
#11100=DIRECTION('',(0.0,0.0,1.0));
#11101=AXIS2_PLACEMENT_3D('',#11098,#11099,#11100);
#11102=PLANE('',#11101);
#11103=ORIENTED_EDGE('',*,*,#10184,.T.);
#11104=ORIENTED_EDGE('',*,*,#11093,.T.);
#11105=CARTESIAN_POINT('',(-6.3,-1.2,5.175));
#11106=DIRECTION('',(0.0,0.0,-1.0));
#11107=VECTOR('',#11106,0.75);
#11108=LINE('',#11105,#11107);
#11109=EDGE_CURVE('',#10957,#11082,#11108,.T.);
#11110=ORIENTED_EDGE('',*,*,#11109,.F.);
#11111=ORIENTED_EDGE('',*,*,#10962,.T.);
#11112=EDGE_LOOP('',(#11103,#11104,#11110,#11111));
#11113=FACE_OUTER_BOUND('',#11112,.T.);
#11114=ADVANCED_FACE('',(#11113),#11102,.T.);
#11115=CARTESIAN_POINT('',(-6.3,-4.286264E-016,4.8));
#11116=DIRECTION('',(0.0,1.0,0.0));
#11117=DIRECTION('',(0.0,0.0,1.0));
#11118=AXIS2_PLACEMENT_3D('',#11115,#11116,#11117);
#11119=PLANE('',#11118);
#11120=ORIENTED_EDGE('',*,*,#9936,.F.);
#11121=ORIENTED_EDGE('',*,*,#10243,.F.);
#11122=ORIENTED_EDGE('',*,*,#10001,.F.);
#11123=ORIENTED_EDGE('',*,*,#10260,.F.);
#11124=ORIENTED_EDGE('',*,*,#10148,.F.);
#11125=ORIENTED_EDGE('',*,*,#10292,.F.);
#11126=ORIENTED_EDGE('',*,*,#10083,.F.);
#11127=ORIENTED_EDGE('',*,*,#10275,.F.);
#11128=EDGE_LOOP('',(#11120,#11121,#11122,#11123,#11124,#11125,#11126,#11127));
#11129=FACE_OUTER_BOUND('',#11128,.T.);
#11130=ADVANCED_FACE('',(#11129),#11119,.T.);
#11131=CARTESIAN_POINT('',(-4.300000000000001,-1.2,4.8));
#11132=DIRECTION('',(0.0,-1.0,0.0));
#11133=DIRECTION('',(0.0,0.0,-1.0));
#11134=AXIS2_PLACEMENT_3D('',#11131,#11132,#11133);
#11135=PLANE('',#11134);
#11136=ORIENTED_EDGE('',*,*,#11018,.T.);
#11137=CARTESIAN_POINT('',(-4.800000000000001,-1.200000000000001,5.175));
#11138=DIRECTION('',(0.0,0.0,-1.0));
#11139=VECTOR('',#11138,0.75);
#11140=LINE('',#11137,#11139);
#11141=EDGE_CURVE('',#11007,#11032,#11140,.T.);
#11142=ORIENTED_EDGE('',*,*,#11141,.T.);
#11143=ORIENTED_EDGE('',*,*,#11037,.T.);
#11144=ORIENTED_EDGE('',*,*,#10939,.F.);
#11145=EDGE_LOOP('',(#11136,#11142,#11143,#11144));
#11146=FACE_OUTER_BOUND('',#11145,.T.);
#11147=ADVANCED_FACE('',(#11146),#11135,.T.);
#11148=CARTESIAN_POINT('',(-4.800000000000001,-1.200000000000001,4.8));
#11149=DIRECTION('',(1.0,0.0,0.0));
#11150=DIRECTION('',(0.0,0.0,-1.0));
#11151=AXIS2_PLACEMENT_3D('',#11148,#11149,#11150);
#11152=PLANE('',#11151);
#11153=ORIENTED_EDGE('',*,*,#11012,.T.);
#11154=CARTESIAN_POINT('',(-4.800000000000001,-3.8,5.175));
#11155=DIRECTION('',(0.0,0.0,-1.0));
#11156=VECTOR('',#11155,0.75);
#11157=LINE('',#11154,#11156);
#11158=EDGE_CURVE('',#10998,#11040,#11157,.T.);
#11159=ORIENTED_EDGE('',*,*,#11158,.T.);
#11160=ORIENTED_EDGE('',*,*,#11045,.T.);
#11161=ORIENTED_EDGE('',*,*,#11141,.F.);
#11162=EDGE_LOOP('',(#11153,#11159,#11160,#11161));
#11163=FACE_OUTER_BOUND('',#11162,.T.);
#11164=ADVANCED_FACE('',(#11163),#11152,.T.);
#11165=CARTESIAN_POINT('',(-5.2,-3.8,4.8));
#11166=DIRECTION('',(0.0,0.0,1.0));
#11167=DIRECTION('',(0.0,1.0,0.0));
#11168=AXIS2_PLACEMENT_3D('',#11165,#11166,#11167);
#11169=CYLINDRICAL_SURFACE('',#11168,0.4);
#11170=ORIENTED_EDGE('',*,*,#11004,.T.);
#11171=CARTESIAN_POINT('',(-5.2,-4.2,5.175));
#11172=DIRECTION('',(0.0,0.0,-1.0));
#11173=VECTOR('',#11172,0.75);
#11174=LINE('',#11171,#11173);
#11175=EDGE_CURVE('',#10990,#11048,#11174,.T.);
#11176=ORIENTED_EDGE('',*,*,#11175,.T.);
#11177=ORIENTED_EDGE('',*,*,#11054,.T.);
#11178=ORIENTED_EDGE('',*,*,#11158,.F.);
#11179=EDGE_LOOP('',(#11170,#11176,#11177,#11178));
#11180=FACE_OUTER_BOUND('',#11179,.T.);
#11181=ADVANCED_FACE('',(#11180),#11169,.T.);
#11182=CARTESIAN_POINT('',(-5.2,-4.2,4.8));
#11183=DIRECTION('',(0.0,-1.0,0.0));
#11184=DIRECTION('',(0.0,0.0,-1.0));
#11185=AXIS2_PLACEMENT_3D('',#11182,#11183,#11184);
#11186=PLANE('',#11185);
#11187=ORIENTED_EDGE('',*,*,#10995,.T.);
#11188=CARTESIAN_POINT('',(-5.4,-4.199999999999999,5.175));
#11189=DIRECTION('',(0.0,0.0,-1.0));
#11190=VECTOR('',#11189,0.75);
#11191=LINE('',#11188,#11190);
#11192=EDGE_CURVE('',#10981,#11057,#11191,.T.);
#11193=ORIENTED_EDGE('',*,*,#11192,.T.);
#11194=ORIENTED_EDGE('',*,*,#11062,.T.);
#11195=ORIENTED_EDGE('',*,*,#11175,.F.);
#11196=EDGE_LOOP('',(#11187,#11193,#11194,#11195));
#11197=FACE_OUTER_BOUND('',#11196,.T.);
#11198=ADVANCED_FACE('',(#11197),#11186,.T.);
#11199=CARTESIAN_POINT('',(-5.4,-3.8,4.8));
#11200=DIRECTION('',(0.0,0.0,1.0));
#11201=DIRECTION('',(1.0,0.0,0.0));
#11202=AXIS2_PLACEMENT_3D('',#11199,#11200,#11201);
#11203=CYLINDRICAL_SURFACE('',#11202,0.4);
#11204=ORIENTED_EDGE('',*,*,#10987,.T.);
#11205=CARTESIAN_POINT('',(-5.8,-3.8,5.175));
#11206=DIRECTION('',(0.0,0.0,-1.0));
#11207=VECTOR('',#11206,0.75);
#11208=LINE('',#11205,#11207);
#11209=EDGE_CURVE('',#10973,#11065,#11208,.T.);
#11210=ORIENTED_EDGE('',*,*,#11209,.T.);
#11211=ORIENTED_EDGE('',*,*,#11071,.T.);
#11212=ORIENTED_EDGE('',*,*,#11192,.F.);
#11213=EDGE_LOOP('',(#11204,#11210,#11211,#11212));
#11214=FACE_OUTER_BOUND('',#11213,.T.);
#11215=ADVANCED_FACE('',(#11214),#11203,.T.);
#11216=CARTESIAN_POINT('',(-5.8,-3.8,4.8));
#11217=DIRECTION('',(-1.0,0.0,0.0));
#11218=DIRECTION('',(0.0,0.0,1.0));
#11219=AXIS2_PLACEMENT_3D('',#11216,#11217,#11218);
#11220=PLANE('',#11219);
#11221=ORIENTED_EDGE('',*,*,#10978,.T.);
#11222=CARTESIAN_POINT('',(-5.8,-1.200000000000001,4.425));
#11223=DIRECTION('',(0.0,0.0,1.0));
#11224=VECTOR('',#11223,0.75);
#11225=LINE('',#11222,#11224);
#11226=EDGE_CURVE('',#11074,#10965,#11225,.T.);
#11227=ORIENTED_EDGE('',*,*,#11226,.F.);
#11228=ORIENTED_EDGE('',*,*,#11079,.T.);
#11229=ORIENTED_EDGE('',*,*,#11209,.F.);
#11230=EDGE_LOOP('',(#11221,#11227,#11228,#11229));
#11231=FACE_OUTER_BOUND('',#11230,.T.);
#11232=ADVANCED_FACE('',(#11231),#11220,.T.);
#11233=CARTESIAN_POINT('',(-5.8,-1.200000000000001,4.8));
#11234=DIRECTION('',(0.0,-1.0,0.0));
#11235=DIRECTION('',(0.0,0.0,-1.0));
#11236=AXIS2_PLACEMENT_3D('',#11233,#11234,#11235);
#11237=PLANE('',#11236);
#11238=ORIENTED_EDGE('',*,*,#10970,.T.);
#11239=ORIENTED_EDGE('',*,*,#11109,.T.);
#11240=ORIENTED_EDGE('',*,*,#11087,.T.);
#11241=ORIENTED_EDGE('',*,*,#11226,.T.);
#11242=EDGE_LOOP('',(#11238,#11239,#11240,#11241));
#11243=FACE_OUTER_BOUND('',#11242,.T.);
#11244=ADVANCED_FACE('',(#11243),#11237,.T.);
#11245=CLOSED_SHELL('',(#9888,#9921,#9953,#9986,#10018,#10035,#10068,#10100,#10133,#10165,#10189,#10206,#10230,#10247,#10264,#10281,#10298,#10379,#10403,#10477,#10494,#10511,#10528,#10545,#10562,#10579,#10596,#10608,#10639,#10713,#10737,#10761,#10785,#10810,#10834,#10859,#10883,#10900,#10918,#10949,#11023,#11097,#11114,#11130,#11147,#11164,#11181,#11198,#11215,#11232,#11244));
#11246=MANIFOLD_SOLID_BREP('Solid1',#11245);
#11247=STYLED_ITEM('',(#9708),#9888);
#11248=STYLED_ITEM('',(#9708),#9921);
#11249=STYLED_ITEM('',(#9708),#9953);
#11250=STYLED_ITEM('',(#9708),#9986);
#11251=STYLED_ITEM('',(#9708),#10018);
#11252=STYLED_ITEM('',(#9708),#10035);
#11253=STYLED_ITEM('',(#9708),#10068);
#11254=STYLED_ITEM('',(#9708),#10100);
#11255=STYLED_ITEM('',(#9708),#10133);
#11256=STYLED_ITEM('',(#9708),#10165);
#11257=STYLED_ITEM('',(#9708),#10189);
#11258=STYLED_ITEM('',(#9708),#10206);
#11259=STYLED_ITEM('',(#9708),#10230);
#11260=STYLED_ITEM('',(#9708),#10247);
#11261=STYLED_ITEM('',(#9708),#10264);
#11262=STYLED_ITEM('',(#9708),#10281);
#11263=STYLED_ITEM('',(#9708),#10298);
#11264=MECHANICAL_DESIGN_GEOMETRIC_PRESENTATION_REPRESENTATION('',(#11247,#11248,#11249,#11250,#11251,#11252,#11253,#11254,#11255,#11256,#11257,#11258,#11259,#11260,#11261,#11262,#11263),#9750);
#11270=(NAMED_UNIT(*)PLANE_ANGLE_UNIT()SI_UNIT($,.RADIAN.));
#11271=DIMENSIONAL_EXPONENTS(0.0,0.0,0.0,0.0,0.0,0.0,0.0);
#11272=PLANE_ANGLE_MEASURE_WITH_UNIT(PLANE_ANGLE_MEASURE(0.0174532925),#11270);
#11276=(CONVERSION_BASED_UNIT('DEGREE',#11272)NAMED_UNIT(#11271)PLANE_ANGLE_UNIT());
#11280=(NAMED_UNIT(*)SI_UNIT($,.STERADIAN.)SOLID_ANGLE_UNIT());
#11284=(LENGTH_UNIT()NAMED_UNIT(*)SI_UNIT(.MILLI.,.METRE.));
#11286=UNCERTAINTY_MEASURE_WITH_UNIT(LENGTH_MEASURE(0.000001),#11284,'DISTANCE_ACCURACY_VALUE','');
#11288=(GEOMETRIC_REPRESENTATION_CONTEXT(3)GLOBAL_UNCERTAINTY_ASSIGNED_CONTEXT((#11286))GLOBAL_UNIT_ASSIGNED_CONTEXT((#11276,#11280,#11284))REPRESENTATION_CONTEXT('','3D'));
#11289=CARTESIAN_POINT('',(6.299999999999999,-0.1,-0.4));
#11290=DIRECTION('',(0.577350269189626,0.577350269189626,0.577350269189626));
#11291=DIRECTION('',(-0.707106781186548,0.0,0.707106781186548));
#11292=AXIS2_PLACEMENT_3D('',#11289,#11290,#11291);
#11293=SPHERICAL_SURFACE('',#11292,0.800000000000001);
#11294=CARTESIAN_POINT('',(6.299999999999999,-0.1,-1.2));
#11295=VERTEX_POINT('',#11294);
#11296=CARTESIAN_POINT('',(6.299999999999999,-0.9,-0.4));
#11297=VERTEX_POINT('',#11296);
#11298=CARTESIAN_POINT('',(6.299999999999999,-0.1,-0.4));
#11299=DIRECTION('',(1.0,0.0,0.0));
#11300=DIRECTION('',(0.0,0.0,-1.0));
#11301=AXIS2_PLACEMENT_3D('',#11298,#11299,#11300);
#11302=CIRCLE('',#11301,0.8);
#11303=EDGE_CURVE('',#11295,#11297,#11302,.F.);
#11304=ORIENTED_EDGE('',*,*,#11303,.F.);
#11305=CARTESIAN_POINT('',(7.1,-0.1,-0.4));
#11306=VERTEX_POINT('',#11305);
#11307=CARTESIAN_POINT('',(6.299999999999999,-0.1,-0.4));
#11308=DIRECTION('',(0.0,-1.0,0.0));
#11309=DIRECTION('',(1.0,0.0,0.0));
#11310=AXIS2_PLACEMENT_3D('',#11307,#11308,#11309);
#11311=CIRCLE('',#11310,0.800000000000001);
#11312=EDGE_CURVE('',#11306,#11295,#11311,.F.);
#11313=ORIENTED_EDGE('',*,*,#11312,.F.);
#11314=CARTESIAN_POINT('',(6.299999999999999,-0.1,-0.4));
#11315=DIRECTION('',(0.0,0.0,-1.0));
#11316=DIRECTION('',(0.0,-1.0,0.0));
#11317=AXIS2_PLACEMENT_3D('',#11314,#11315,#11316);
#11318=CIRCLE('',#11317,0.8);
#11319=EDGE_CURVE('',#11297,#11306,#11318,.F.);
#11320=ORIENTED_EDGE('',*,*,#11319,.F.);
#11321=EDGE_LOOP('',(#11304,#11313,#11320));
#11322=FACE_OUTER_BOUND('',#11321,.T.);
#11323=ADVANCED_FACE('',(#11322),#11293,.T.);
#11324=CARTESIAN_POINT('',(6.299999999999999,0.0,-0.4));
#11325=DIRECTION('',(0.0,-1.0,0.0));
#11326=DIRECTION('',(0.707106781186548,0.0,-0.707106781186547));
#11327=AXIS2_PLACEMENT_3D('',#11324,#11325,#11326);
#11328=CYLINDRICAL_SURFACE('',#11327,0.8);
#11329=CARTESIAN_POINT('',(6.299999999999999,0.0,-1.2));
#11330=VERTEX_POINT('',#11329);
#11331=CARTESIAN_POINT('',(7.1,0.0,-0.4));
#11332=VERTEX_POINT('',#11331);
#11333=CARTESIAN_POINT('',(6.299999999999999,-4.286264E-016,-0.4));
#11334=DIRECTION('',(0.0,-1.0,0.0));
#11335=DIRECTION('',(0.707106781186548,0.0,-0.707106781186547));
#11336=AXIS2_PLACEMENT_3D('',#11333,#11334,#11335);
#11337=CIRCLE('',#11336,0.8);
#11338=EDGE_CURVE('',#11330,#11332,#11337,.T.);
#11339=ORIENTED_EDGE('',*,*,#11338,.T.);
#11340=CARTESIAN_POINT('',(7.1,0.0,-0.4));
#11341=DIRECTION('',(0.0,-1.0,0.0));
#11342=VECTOR('',#11341,0.1);
#11343=LINE('',#11340,#11342);
#11344=EDGE_CURVE('',#11332,#11306,#11343,.T.);
#11345=ORIENTED_EDGE('',*,*,#11344,.T.);
#11346=ORIENTED_EDGE('',*,*,#11312,.T.);
#11347=CARTESIAN_POINT('',(6.299999999999999,-0.1,-1.2));
#11348=DIRECTION('',(0.0,1.0,0.0));
#11349=VECTOR('',#11348,0.1);
#11350=LINE('',#11347,#11349);
#11351=EDGE_CURVE('',#11295,#11330,#11350,.T.);
#11352=ORIENTED_EDGE('',*,*,#11351,.T.);
#11353=EDGE_LOOP('',(#11339,#11345,#11346,#11352));
#11354=FACE_OUTER_BOUND('',#11353,.T.);
#11355=ADVANCED_FACE('',(#11354),#11328,.T.);
#11356=CARTESIAN_POINT('',(-6.299999999999999,-0.1,-0.4));
#11357=DIRECTION('',(0.577350269189626,0.577350269189626,0.577350269189626));
#11358=DIRECTION('',(-0.707106781186548,0.0,0.707106781186548));
#11359=AXIS2_PLACEMENT_3D('',#11356,#11357,#11358);
#11360=SPHERICAL_SURFACE('',#11359,0.8);
#11361=CARTESIAN_POINT('',(-7.1,-0.1,-0.4));
#11362=VERTEX_POINT('',#11361);
#11363=CARTESIAN_POINT('',(-6.299999999999999,-0.9,-0.4));
#11364=VERTEX_POINT('',#11363);
#11365=CARTESIAN_POINT('',(-6.299999999999999,-0.1,-0.4));
#11366=DIRECTION('',(0.0,0.0,-1.0));
#11367=DIRECTION('',(-1.0,0.0,0.0));
#11368=AXIS2_PLACEMENT_3D('',#11365,#11366,#11367);
#11369=CIRCLE('',#11368,0.800000000000001);
#11370=EDGE_CURVE('',#11362,#11364,#11369,.F.);
#11371=ORIENTED_EDGE('',*,*,#11370,.F.);
#11372=CARTESIAN_POINT('',(-6.299999999999999,-0.1,-1.2));
#11373=VERTEX_POINT('',#11372);
#11374=CARTESIAN_POINT('',(-6.299999999999999,-0.1,-0.4));
#11375=DIRECTION('',(0.0,-1.0,0.0));
#11376=DIRECTION('',(0.0,0.0,-1.0));
#11377=AXIS2_PLACEMENT_3D('',#11374,#11375,#11376);
#11378=CIRCLE('',#11377,0.8);
#11379=EDGE_CURVE('',#11373,#11362,#11378,.F.);
#11380=ORIENTED_EDGE('',*,*,#11379,.F.);
#11381=CARTESIAN_POINT('',(-6.299999999999999,-0.1,-0.4));
#11382=DIRECTION('',(-1.0,0.0,0.0));
#11383=DIRECTION('',(0.0,-1.0,0.0));
#11384=AXIS2_PLACEMENT_3D('',#11381,#11382,#11383);
#11385=CIRCLE('',#11384,0.8);
#11386=EDGE_CURVE('',#11364,#11373,#11385,.F.);
#11387=ORIENTED_EDGE('',*,*,#11386,.F.);
#11388=EDGE_LOOP('',(#11371,#11380,#11387));
#11389=FACE_OUTER_BOUND('',#11388,.T.);
#11390=ADVANCED_FACE('',(#11389),#11360,.T.);
#11391=CARTESIAN_POINT('',(-6.299999999999999,0.0,-0.4));
#11392=DIRECTION('',(0.0,-1.0,0.0));
#11393=DIRECTION('',(-0.707106781186548,0.0,-0.707106781186547));
#11394=AXIS2_PLACEMENT_3D('',#11391,#11392,#11393);
#11395=CYLINDRICAL_SURFACE('',#11394,0.8);
#11396=CARTESIAN_POINT('',(-7.1,0.0,-0.4));
#11397=VERTEX_POINT('',#11396);
#11398=CARTESIAN_POINT('',(-6.299999999999999,0.0,-1.2));
#11399=VERTEX_POINT('',#11398);
#11400=CARTESIAN_POINT('',(-6.299999999999999,-4.286264E-016,-0.4));
#11401=DIRECTION('',(0.0,-1.0,0.0));
#11402=DIRECTION('',(-0.707106781186548,0.0,-0.707106781186547));
#11403=AXIS2_PLACEMENT_3D('',#11400,#11401,#11402);
#11404=CIRCLE('',#11403,0.8);
#11405=EDGE_CURVE('',#11397,#11399,#11404,.T.);
#11406=ORIENTED_EDGE('',*,*,#11405,.T.);
#11407=CARTESIAN_POINT('',(-6.299999999999999,0.0,-1.2));
#11408=DIRECTION('',(0.0,-1.0,0.0));
#11409=VECTOR('',#11408,0.1);
#11410=LINE('',#11407,#11409);
#11411=EDGE_CURVE('',#11399,#11373,#11410,.T.);
#11412=ORIENTED_EDGE('',*,*,#11411,.T.);
#11413=ORIENTED_EDGE('',*,*,#11379,.T.);
#11414=CARTESIAN_POINT('',(-7.1,-0.1,-0.4));
#11415=DIRECTION('',(0.0,1.0,0.0));
#11416=VECTOR('',#11415,0.1);
#11417=LINE('',#11414,#11416);
#11418=EDGE_CURVE('',#11362,#11397,#11417,.T.);
#11419=ORIENTED_EDGE('',*,*,#11418,.T.);
#11420=EDGE_LOOP('',(#11406,#11412,#11413,#11419));
#11421=FACE_OUTER_BOUND('',#11420,.T.);
#11422=ADVANCED_FACE('',(#11421),#11395,.T.);
#11423=CARTESIAN_POINT('',(3.55,-0.1,-0.4));
#11424=DIRECTION('',(-1.0,0.0,0.0));
#11425=DIRECTION('',(0.0,-0.707106781186548,-0.707106781186548));
#11426=AXIS2_PLACEMENT_3D('',#11423,#11424,#11425);
#11427=CYLINDRICAL_SURFACE('',#11426,0.8);
#11428=ORIENTED_EDGE('',*,*,#11386,.T.);
#11429=CARTESIAN_POINT('',(-6.299999999999998,-0.1,-1.2));
#11430=DIRECTION('',(1.0,0.0,0.0));
#11431=VECTOR('',#11430,12.599999999999998);
#11432=LINE('',#11429,#11431);
#11433=EDGE_CURVE('',#11373,#11295,#11432,.T.);
#11434=ORIENTED_EDGE('',*,*,#11433,.T.);
#11435=ORIENTED_EDGE('',*,*,#11303,.T.);
#11436=CARTESIAN_POINT('',(6.299999999999999,-0.9,-0.4));
#11437=DIRECTION('',(-1.0,0.0,0.0));
#11438=VECTOR('',#11437,12.599999999999998);
#11439=LINE('',#11436,#11438);
#11440=EDGE_CURVE('',#11297,#11364,#11439,.T.);
#11441=ORIENTED_EDGE('',*,*,#11440,.T.);
#11442=EDGE_LOOP('',(#11428,#11434,#11435,#11441));
#11443=FACE_OUTER_BOUND('',#11442,.T.);
#11444=ADVANCED_FACE('',(#11443),#11427,.T.);
#11445=CARTESIAN_POINT('',(6.299999999999999,-0.1,0.4));
#11446=DIRECTION('',(0.577350269189626,0.577350269189626,0.577350269189626));
#11447=DIRECTION('',(-0.707106781186548,0.0,0.707106781186548));
#11448=AXIS2_PLACEMENT_3D('',#11445,#11446,#11447);
#11449=SPHERICAL_SURFACE('',#11448,0.8);
#11450=CARTESIAN_POINT('',(7.1,-0.1,0.4));
#11451=VERTEX_POINT('',#11450);
#11452=CARTESIAN_POINT('',(6.299999999999999,-0.9,0.4));
#11453=VERTEX_POINT('',#11452);
#11454=CARTESIAN_POINT('',(6.299999999999999,-0.1,0.4));
#11455=DIRECTION('',(0.0,0.0,1.0));
#11456=DIRECTION('',(1.0,0.0,0.0));
#11457=AXIS2_PLACEMENT_3D('',#11454,#11455,#11456);
#11458=CIRCLE('',#11457,0.800000000000001);
#11459=EDGE_CURVE('',#11451,#11453,#11458,.F.);
#11460=ORIENTED_EDGE('',*,*,#11459,.F.);
#11461=CARTESIAN_POINT('',(6.299999999999999,-0.1,1.2));
#11462=VERTEX_POINT('',#11461);
#11463=CARTESIAN_POINT('',(6.299999999999999,-0.1,0.4));
#11464=DIRECTION('',(0.0,-1.0,0.0));
#11465=DIRECTION('',(0.0,0.0,1.0));
#11466=AXIS2_PLACEMENT_3D('',#11463,#11464,#11465);
#11467=CIRCLE('',#11466,0.8);
#11468=EDGE_CURVE('',#11462,#11451,#11467,.F.);
#11469=ORIENTED_EDGE('',*,*,#11468,.F.);
#11470=CARTESIAN_POINT('',(6.299999999999999,-0.1,0.4));
#11471=DIRECTION('',(1.0,0.0,0.0));
#11472=DIRECTION('',(0.0,-1.0,0.0));
#11473=AXIS2_PLACEMENT_3D('',#11470,#11471,#11472);
#11474=CIRCLE('',#11473,0.8);
#11475=EDGE_CURVE('',#11453,#11462,#11474,.F.);
#11476=ORIENTED_EDGE('',*,*,#11475,.F.);
#11477=EDGE_LOOP('',(#11460,#11469,#11476));
#11478=FACE_OUTER_BOUND('',#11477,.T.);
#11479=ADVANCED_FACE('',(#11478),#11449,.T.);
#11480=CARTESIAN_POINT('',(6.299999999999999,0.0,0.4));
#11481=DIRECTION('',(0.0,-1.0,0.0));
#11482=DIRECTION('',(0.707106781186548,0.0,0.707106781186547));
#11483=AXIS2_PLACEMENT_3D('',#11480,#11481,#11482);
#11484=CYLINDRICAL_SURFACE('',#11483,0.8);
#11485=CARTESIAN_POINT('',(7.1,0.0,0.4));
#11486=VERTEX_POINT('',#11485);
#11487=CARTESIAN_POINT('',(6.299999999999999,0.0,1.2));
#11488=VERTEX_POINT('',#11487);
#11489=CARTESIAN_POINT('',(6.299999999999999,-4.286264E-016,0.4));
#11490=DIRECTION('',(0.0,-1.0,0.0));
#11491=DIRECTION('',(0.707106781186548,0.0,0.707106781186547));
#11492=AXIS2_PLACEMENT_3D('',#11489,#11490,#11491);
#11493=CIRCLE('',#11492,0.8);
#11494=EDGE_CURVE('',#11486,#11488,#11493,.T.);
#11495=ORIENTED_EDGE('',*,*,#11494,.T.);
#11496=CARTESIAN_POINT('',(6.299999999999999,0.0,1.2));
#11497=DIRECTION('',(0.0,-1.0,0.0));
#11498=VECTOR('',#11497,0.1);
#11499=LINE('',#11496,#11498);
#11500=EDGE_CURVE('',#11488,#11462,#11499,.T.);
#11501=ORIENTED_EDGE('',*,*,#11500,.T.);
#11502=ORIENTED_EDGE('',*,*,#11468,.T.);
#11503=CARTESIAN_POINT('',(7.1,-0.1,0.4));
#11504=DIRECTION('',(0.0,1.0,0.0));
#11505=VECTOR('',#11504,0.1);
#11506=LINE('',#11503,#11505);
#11507=EDGE_CURVE('',#11451,#11486,#11506,.T.);
#11508=ORIENTED_EDGE('',*,*,#11507,.T.);
#11509=EDGE_LOOP('',(#11495,#11501,#11502,#11508));
#11510=FACE_OUTER_BOUND('',#11509,.T.);
#11511=ADVANCED_FACE('',(#11510),#11484,.T.);
#11512=CARTESIAN_POINT('',(-6.299999999999999,-0.1,0.4));
#11513=DIRECTION('',(0.577350269189626,0.577350269189626,0.577350269189626));
#11514=DIRECTION('',(-0.707106781186548,0.0,0.707106781186548));
#11515=AXIS2_PLACEMENT_3D('',#11512,#11513,#11514);
#11516=SPHERICAL_SURFACE('',#11515,0.800000000000001);
#11517=CARTESIAN_POINT('',(-6.299999999999999,-0.1,1.2));
#11518=VERTEX_POINT('',#11517);
#11519=CARTESIAN_POINT('',(-6.299999999999999,-0.9,0.4));
#11520=VERTEX_POINT('',#11519);
#11521=CARTESIAN_POINT('',(-6.299999999999999,-0.1,0.4));
#11522=DIRECTION('',(-1.0,0.0,0.0));
#11523=DIRECTION('',(0.0,0.0,1.0));
#11524=AXIS2_PLACEMENT_3D('',#11521,#11522,#11523);
#11525=CIRCLE('',#11524,0.8);
#11526=EDGE_CURVE('',#11518,#11520,#11525,.F.);
#11527=ORIENTED_EDGE('',*,*,#11526,.F.);
#11528=CARTESIAN_POINT('',(-7.1,-0.1,0.4));
#11529=VERTEX_POINT('',#11528);
#11530=CARTESIAN_POINT('',(-6.299999999999999,-0.1,0.4));
#11531=DIRECTION('',(0.0,-1.0,0.0));
#11532=DIRECTION('',(-1.0,0.0,0.0));
#11533=AXIS2_PLACEMENT_3D('',#11530,#11531,#11532);
#11534=CIRCLE('',#11533,0.800000000000001);
#11535=EDGE_CURVE('',#11529,#11518,#11534,.F.);
#11536=ORIENTED_EDGE('',*,*,#11535,.F.);
#11537=CARTESIAN_POINT('',(-6.299999999999999,-0.1,0.4));
#11538=DIRECTION('',(0.0,0.0,1.0));
#11539=DIRECTION('',(0.0,-1.0,0.0));
#11540=AXIS2_PLACEMENT_3D('',#11537,#11538,#11539);
#11541=CIRCLE('',#11540,0.8);
#11542=EDGE_CURVE('',#11520,#11529,#11541,.F.);
#11543=ORIENTED_EDGE('',*,*,#11542,.F.);
#11544=EDGE_LOOP('',(#11527,#11536,#11543));
#11545=FACE_OUTER_BOUND('',#11544,.T.);
#11546=ADVANCED_FACE('',(#11545),#11516,.T.);
#11547=CARTESIAN_POINT('',(-6.299999999999999,0.0,0.4));
#11548=DIRECTION('',(0.0,-1.0,0.0));
#11549=DIRECTION('',(-0.707106781186548,0.0,0.707106781186547));
#11550=AXIS2_PLACEMENT_3D('',#11547,#11548,#11549);
#11551=CYLINDRICAL_SURFACE('',#11550,0.8);
#11552=CARTESIAN_POINT('',(-6.299999999999999,0.0,1.2));
#11553=VERTEX_POINT('',#11552);
#11554=CARTESIAN_POINT('',(-7.1,0.0,0.4));
#11555=VERTEX_POINT('',#11554);
#11556=CARTESIAN_POINT('',(-6.299999999999999,-4.286264E-016,0.4));
#11557=DIRECTION('',(0.0,-1.0,0.0));
#11558=DIRECTION('',(-0.707106781186548,0.0,0.707106781186547));
#11559=AXIS2_PLACEMENT_3D('',#11556,#11557,#11558);
#11560=CIRCLE('',#11559,0.8);
#11561=EDGE_CURVE('',#11553,#11555,#11560,.T.);
#11562=ORIENTED_EDGE('',*,*,#11561,.T.);
#11563=CARTESIAN_POINT('',(-7.1,0.0,0.4));
#11564=DIRECTION('',(0.0,-1.0,0.0));
#11565=VECTOR('',#11564,0.1);
#11566=LINE('',#11563,#11565);
#11567=EDGE_CURVE('',#11555,#11529,#11566,.T.);
#11568=ORIENTED_EDGE('',*,*,#11567,.T.);
#11569=ORIENTED_EDGE('',*,*,#11535,.T.);
#11570=CARTESIAN_POINT('',(-6.299999999999999,-0.1,1.2));
#11571=DIRECTION('',(0.0,1.0,0.0));
#11572=VECTOR('',#11571,0.1);
#11573=LINE('',#11570,#11572);
#11574=EDGE_CURVE('',#11518,#11553,#11573,.T.);
#11575=ORIENTED_EDGE('',*,*,#11574,.T.);
#11576=EDGE_LOOP('',(#11562,#11568,#11569,#11575));
#11577=FACE_OUTER_BOUND('',#11576,.T.);
#11578=ADVANCED_FACE('',(#11577),#11551,.T.);
#11579=CARTESIAN_POINT('',(-6.299999999999999,-0.1,-0.6));
#11580=DIRECTION('',(0.0,0.0,1.0));
#11581=DIRECTION('',(-0.707106781186548,-0.707106781186547,0.0));
#11582=AXIS2_PLACEMENT_3D('',#11579,#11580,#11581);
#11583=CYLINDRICAL_SURFACE('',#11582,0.8);
#11584=ORIENTED_EDGE('',*,*,#11542,.T.);
#11585=CARTESIAN_POINT('',(-7.1,-0.1,0.4));
#11586=DIRECTION('',(0.0,0.0,-1.0));
#11587=VECTOR('',#11586,0.8);
#11588=LINE('',#11585,#11587);
#11589=EDGE_CURVE('',#11529,#11362,#11588,.T.);
#11590=ORIENTED_EDGE('',*,*,#11589,.T.);
#11591=ORIENTED_EDGE('',*,*,#11370,.T.);
#11592=CARTESIAN_POINT('',(-6.3,-0.9,-0.375));
#11593=VERTEX_POINT('',#11592);
#11594=CARTESIAN_POINT('',(-6.299999999999999,-0.9,-0.4));
#11595=DIRECTION('',(0.0,0.0,1.0));
#11596=VECTOR('',#11595,0.025);
#11597=LINE('',#11594,#11596);
#11598=EDGE_CURVE('',#11364,#11593,#11597,.T.);
#11599=ORIENTED_EDGE('',*,*,#11598,.T.);
#11600=CARTESIAN_POINT('',(-6.3,-0.9,0.375));
#11601=VERTEX_POINT('',#11600);
#11602=CARTESIAN_POINT('',(-6.3,-0.9,0.375));
#11603=DIRECTION('',(0.0,0.0,-1.0));
#11604=VECTOR('',#11603,0.75);
#11605=LINE('',#11602,#11604);
#11606=EDGE_CURVE('',#11601,#11593,#11605,.T.);
#11607=ORIENTED_EDGE('',*,*,#11606,.F.);
#11608=CARTESIAN_POINT('',(-6.299999999999999,-0.9,0.375));
#11609=DIRECTION('',(0.0,0.0,1.0));
#11610=VECTOR('',#11609,0.025);
#11611=LINE('',#11608,#11610);
#11612=EDGE_CURVE('',#11601,#11520,#11611,.T.);
#11613=ORIENTED_EDGE('',*,*,#11612,.T.);
#11614=EDGE_LOOP('',(#11584,#11590,#11591,#11599,#11607,#11613));
#11615=FACE_OUTER_BOUND('',#11614,.T.);
#11616=ADVANCED_FACE('',(#11615),#11583,.T.);
#11617=CARTESIAN_POINT('',(-3.55,-0.1,0.4));
#11618=DIRECTION('',(1.0,0.0,0.0));
#11619=DIRECTION('',(0.0,-0.707106781186548,0.707106781186548));
#11620=AXIS2_PLACEMENT_3D('',#11617,#11618,#11619);
#11621=CYLINDRICAL_SURFACE('',#11620,0.8);
#11622=ORIENTED_EDGE('',*,*,#11475,.T.);
#11623=CARTESIAN_POINT('',(6.299999999999998,-0.1,1.2));
#11624=DIRECTION('',(-1.0,0.0,0.0));
#11625=VECTOR('',#11624,12.599999999999998);
#11626=LINE('',#11623,#11625);
#11627=EDGE_CURVE('',#11462,#11518,#11626,.T.);
#11628=ORIENTED_EDGE('',*,*,#11627,.T.);
#11629=ORIENTED_EDGE('',*,*,#11526,.T.);
#11630=CARTESIAN_POINT('',(-6.299999999999999,-0.9,0.4));
#11631=DIRECTION('',(1.0,0.0,0.0));
#11632=VECTOR('',#11631,12.599999999999998);
#11633=LINE('',#11630,#11632);
#11634=EDGE_CURVE('',#11520,#11453,#11633,.T.);
#11635=ORIENTED_EDGE('',*,*,#11634,.T.);
#11636=EDGE_LOOP('',(#11622,#11628,#11629,#11635));
#11637=FACE_OUTER_BOUND('',#11636,.T.);
#11638=ADVANCED_FACE('',(#11637),#11621,.T.);
#11639=CARTESIAN_POINT('',(6.299999999999999,-0.1,0.6));
#11640=DIRECTION('',(0.0,0.0,-1.0));
#11641=DIRECTION('',(0.707106781186548,-0.707106781186547,0.0));
#11642=AXIS2_PLACEMENT_3D('',#11639,#11640,#11641);
#11643=CYLINDRICAL_SURFACE('',#11642,0.8);
#11644=ORIENTED_EDGE('',*,*,#11319,.T.);
#11645=CARTESIAN_POINT('',(7.1,-0.1,-0.4));
#11646=DIRECTION('',(0.0,0.0,1.0));
#11647=VECTOR('',#11646,0.8);
#11648=LINE('',#11645,#11647);
#11649=EDGE_CURVE('',#11306,#11451,#11648,.T.);
#11650=ORIENTED_EDGE('',*,*,#11649,.T.);
#11651=ORIENTED_EDGE('',*,*,#11459,.T.);
#11652=CARTESIAN_POINT('',(6.3,-0.9,0.375));
#11653=VERTEX_POINT('',#11652);
#11654=CARTESIAN_POINT('',(6.299999999999999,-0.9,0.4));
#11655=DIRECTION('',(0.0,0.0,-1.0));
#11656=VECTOR('',#11655,0.025);
#11657=LINE('',#11654,#11656);
#11658=EDGE_CURVE('',#11453,#11653,#11657,.T.);
#11659=ORIENTED_EDGE('',*,*,#11658,.T.);
#11660=CARTESIAN_POINT('',(6.3,-0.9,-0.375));
#11661=VERTEX_POINT('',#11660);
#11662=CARTESIAN_POINT('',(6.3,-0.9,-0.375));
#11663=DIRECTION('',(0.0,0.0,1.0));
#11664=VECTOR('',#11663,0.75);
#11665=LINE('',#11662,#11664);
#11666=EDGE_CURVE('',#11661,#11653,#11665,.T.);
#11667=ORIENTED_EDGE('',*,*,#11666,.F.);
#11668=CARTESIAN_POINT('',(6.299999999999999,-0.9,-0.375));
#11669=DIRECTION('',(0.0,0.0,-1.0));
#11670=VECTOR('',#11669,0.025);
#11671=LINE('',#11668,#11670);
#11672=EDGE_CURVE('',#11661,#11297,#11671,.T.);
#11673=ORIENTED_EDGE('',*,*,#11672,.T.);
#11674=EDGE_LOOP('',(#11644,#11650,#11651,#11659,#11667,#11673));
#11675=FACE_OUTER_BOUND('',#11674,.T.);
#11676=ADVANCED_FACE('',(#11675),#11643,.T.);
#11677=CARTESIAN_POINT('',(7.1,0.0,-1.2));
#11678=DIRECTION('',(0.0,0.0,-1.0));
#11679=DIRECTION('',(-1.0,0.0,0.0));
#11680=AXIS2_PLACEMENT_3D('',#11677,#11678,#11679);
#11681=PLANE('',#11680);
#11682=ORIENTED_EDGE('',*,*,#11351,.F.);
#11683=ORIENTED_EDGE('',*,*,#11433,.F.);
#11684=ORIENTED_EDGE('',*,*,#11411,.F.);
#11685=CARTESIAN_POINT('',(-6.299999999999999,0.0,-1.2));
#11686=DIRECTION('',(1.0,0.0,0.0));
#11687=VECTOR('',#11686,12.599999999999998);
#11688=LINE('',#11685,#11687);
#11689=EDGE_CURVE('',#11399,#11330,#11688,.T.);
#11690=ORIENTED_EDGE('',*,*,#11689,.T.);
#11691=EDGE_LOOP('',(#11682,#11683,#11684,#11690));
#11692=FACE_OUTER_BOUND('',#11691,.T.);
#11693=ADVANCED_FACE('',(#11692),#11681,.T.);
#11694=CARTESIAN_POINT('',(-7.1,0.0,-1.2));
#11695=DIRECTION('',(-1.0,0.0,0.0));
#11696=DIRECTION('',(0.0,0.0,1.0));
#11697=AXIS2_PLACEMENT_3D('',#11694,#11695,#11696);
#11698=PLANE('',#11697);
#11699=ORIENTED_EDGE('',*,*,#11418,.F.);
#11700=ORIENTED_EDGE('',*,*,#11589,.F.);
#11701=ORIENTED_EDGE('',*,*,#11567,.F.);
#11702=CARTESIAN_POINT('',(-7.1,0.0,0.4));
#11703=DIRECTION('',(0.0,0.0,-1.0));
#11704=VECTOR('',#11703,0.799999999999999);
#11705=LINE('',#11702,#11704);
#11706=EDGE_CURVE('',#11555,#11397,#11705,.T.);
#11707=ORIENTED_EDGE('',*,*,#11706,.T.);
#11708=EDGE_LOOP('',(#11699,#11700,#11701,#11707));
#11709=FACE_OUTER_BOUND('',#11708,.T.);
#11710=ADVANCED_FACE('',(#11709),#11698,.T.);
#11711=CARTESIAN_POINT('',(0.0,-0.9,5.472074E-018));
#11712=DIRECTION('',(0.0,1.0,0.0));
#11713=DIRECTION('',(0.0,0.0,1.0));
#11714=AXIS2_PLACEMENT_3D('',#11711,#11712,#11713);
#11715=PLANE('',#11714);
#11716=ORIENTED_EDGE('',*,*,#11612,.F.);
#11717=CARTESIAN_POINT('',(-4.300000000000001,-0.9,0.375));
#11718=VERTEX_POINT('',#11717);
#11719=CARTESIAN_POINT('',(-4.300000000000001,-0.9,0.375));
#11720=DIRECTION('',(-1.0,0.0,0.0));
#11721=VECTOR('',#11720,1.999999999999999);
#11722=LINE('',#11719,#11721);
#11723=EDGE_CURVE('',#11718,#11601,#11722,.T.);
#11724=ORIENTED_EDGE('',*,*,#11723,.F.);
#11725=CARTESIAN_POINT('',(-4.300000000000001,-0.9,-0.375));
#11726=VERTEX_POINT('',#11725);
#11727=CARTESIAN_POINT('',(-4.300000000000001,-0.9,-0.375));
#11728=DIRECTION('',(0.0,0.0,1.0));
#11729=VECTOR('',#11728,0.75);
#11730=LINE('',#11727,#11729);
#11731=EDGE_CURVE('',#11726,#11718,#11730,.T.);
#11732=ORIENTED_EDGE('',*,*,#11731,.F.);
#11733=CARTESIAN_POINT('',(-6.300000000000001,-0.9,-0.375));
#11734=DIRECTION('',(1.0,0.0,0.0));
#11735=VECTOR('',#11734,2.0);
#11736=LINE('',#11733,#11735);
#11737=EDGE_CURVE('',#11593,#11726,#11736,.T.);
#11738=ORIENTED_EDGE('',*,*,#11737,.F.);
#11739=ORIENTED_EDGE('',*,*,#11598,.F.);
#11740=ORIENTED_EDGE('',*,*,#11440,.F.);
#11741=ORIENTED_EDGE('',*,*,#11672,.F.);
#11742=CARTESIAN_POINT('',(4.300000000000001,-0.9,-0.375));
#11743=VERTEX_POINT('',#11742);
#11744=CARTESIAN_POINT('',(4.300000000000001,-0.9,-0.375));
#11745=DIRECTION('',(1.0,0.0,0.0));
#11746=VECTOR('',#11745,2.0);
#11747=LINE('',#11744,#11746);
#11748=EDGE_CURVE('',#11743,#11661,#11747,.T.);
#11749=ORIENTED_EDGE('',*,*,#11748,.F.);
#11750=CARTESIAN_POINT('',(4.300000000000001,-0.9,0.375));
#11751=VERTEX_POINT('',#11750);
#11752=CARTESIAN_POINT('',(4.300000000000001,-0.9,0.375));
#11753=DIRECTION('',(0.0,0.0,-1.0));
#11754=VECTOR('',#11753,0.75);
#11755=LINE('',#11752,#11754);
#11756=EDGE_CURVE('',#11751,#11743,#11755,.T.);
#11757=ORIENTED_EDGE('',*,*,#11756,.F.);
#11758=CARTESIAN_POINT('',(6.300000000000001,-0.9,0.375));
#11759=DIRECTION('',(-1.0,0.0,0.0));
#11760=VECTOR('',#11759,2.0);
#11761=LINE('',#11758,#11760);
#11762=EDGE_CURVE('',#11653,#11751,#11761,.T.);
#11763=ORIENTED_EDGE('',*,*,#11762,.F.);
#11764=ORIENTED_EDGE('',*,*,#11658,.F.);
#11765=ORIENTED_EDGE('',*,*,#11634,.F.);
#11766=EDGE_LOOP('',(#11716,#11724,#11732,#11738,#11739,#11740,#11741,#11749,#11757,#11763,#11764,#11765));
#11767=FACE_OUTER_BOUND('',#11766,.T.);
#11768=CARTESIAN_POINT('',(-1.0,-0.9,-0.375));
#11769=VERTEX_POINT('',#11768);
#11770=CARTESIAN_POINT('',(1.0,-0.9,-0.375));
#11771=VERTEX_POINT('',#11770);
#11772=CARTESIAN_POINT('',(-1.0,-0.9,-0.375));
#11773=DIRECTION('',(1.0,0.0,0.0));
#11774=VECTOR('',#11773,2.0);
#11775=LINE('',#11772,#11774);
#11776=EDGE_CURVE('',#11769,#11771,#11775,.T.);
#11777=ORIENTED_EDGE('',*,*,#11776,.F.);
#11778=CARTESIAN_POINT('',(-1.0,-0.9,0.375));
#11779=VERTEX_POINT('',#11778);
#11780=CARTESIAN_POINT('',(-1.0,-0.9,0.375));
#11781=DIRECTION('',(0.0,0.0,-1.0));
#11782=VECTOR('',#11781,0.75);
#11783=LINE('',#11780,#11782);
#11784=EDGE_CURVE('',#11779,#11769,#11783,.T.);
#11785=ORIENTED_EDGE('',*,*,#11784,.F.);
#11786=CARTESIAN_POINT('',(1.0,-0.9,0.375));
#11787=VERTEX_POINT('',#11786);
#11788=CARTESIAN_POINT('',(1.0,-0.9,0.375));
#11789=DIRECTION('',(-1.0,0.0,0.0));
#11790=VECTOR('',#11789,2.0);
#11791=LINE('',#11788,#11790);
#11792=EDGE_CURVE('',#11787,#11779,#11791,.T.);
#11793=ORIENTED_EDGE('',*,*,#11792,.F.);
#11794=CARTESIAN_POINT('',(1.0,-0.9,-0.375));
#11795=DIRECTION('',(0.0,0.0,1.0));
#11796=VECTOR('',#11795,0.75);
#11797=LINE('',#11794,#11796);
#11798=EDGE_CURVE('',#11771,#11787,#11797,.T.);
#11799=ORIENTED_EDGE('',*,*,#11798,.F.);
#11800=EDGE_LOOP('',(#11777,#11785,#11793,#11799));
#11801=FACE_BOUND('',#11800,.T.);
#11802=ADVANCED_FACE('',(#11767,#11801),#11715,.F.);
#11803=CARTESIAN_POINT('',(7.1,0.0,1.2));
#11804=DIRECTION('',(1.0,0.0,0.0));
#11805=DIRECTION('',(0.0,0.0,-1.0));
#11806=AXIS2_PLACEMENT_3D('',#11803,#11804,#11805);
#11807=PLANE('',#11806);
#11808=ORIENTED_EDGE('',*,*,#11344,.F.);
#11809=CARTESIAN_POINT('',(7.1,0.0,-0.4));
#11810=DIRECTION('',(0.0,0.0,1.0));
#11811=VECTOR('',#11810,0.799999999999999);
#11812=LINE('',#11809,#11811);
#11813=EDGE_CURVE('',#11332,#11486,#11812,.T.);
#11814=ORIENTED_EDGE('',*,*,#11813,.T.);
#11815=ORIENTED_EDGE('',*,*,#11507,.F.);
#11816=ORIENTED_EDGE('',*,*,#11649,.F.);
#11817=EDGE_LOOP('',(#11808,#11814,#11815,#11816));
#11818=FACE_OUTER_BOUND('',#11817,.T.);
#11819=ADVANCED_FACE('',(#11818),#11807,.T.);
#11820=CARTESIAN_POINT('',(-7.1,0.0,1.2));
#11821=DIRECTION('',(0.0,0.0,1.0));
#11822=DIRECTION('',(1.0,0.0,0.0));
#11823=AXIS2_PLACEMENT_3D('',#11820,#11821,#11822);
#11824=PLANE('',#11823);
#11825=ORIENTED_EDGE('',*,*,#11500,.F.);
#11826=CARTESIAN_POINT('',(6.299999999999999,0.0,1.2));
#11827=DIRECTION('',(-1.0,0.0,0.0));
#11828=VECTOR('',#11827,12.599999999999998);
#11829=LINE('',#11826,#11828);
#11830=EDGE_CURVE('',#11488,#11553,#11829,.T.);
#11831=ORIENTED_EDGE('',*,*,#11830,.T.);
#11832=ORIENTED_EDGE('',*,*,#11574,.F.);
#11833=ORIENTED_EDGE('',*,*,#11627,.F.);
#11834=EDGE_LOOP('',(#11825,#11831,#11832,#11833));
#11835=FACE_OUTER_BOUND('',#11834,.T.);
#11836=ADVANCED_FACE('',(#11835),#11824,.T.);
#11837=CARTESIAN_POINT('',(2.153287E-017,-1.788921683307166,0.375));
#11838=DIRECTION('',(0.0,0.0,1.0));
#11839=DIRECTION('',(1.0,0.0,0.0));
#11840=AXIS2_PLACEMENT_3D('',#11837,#11838,#11839);
#11841=PLANE('',#11840);
#11842=ORIENTED_EDGE('',*,*,#11792,.T.);
#11843=CARTESIAN_POINT('',(-1.0,-1.2,0.375));
#11844=VERTEX_POINT('',#11843);
#11845=CARTESIAN_POINT('',(-1.0,-1.2,0.375));
#11846=DIRECTION('',(0.0,1.0,0.0));
#11847=VECTOR('',#11846,0.3);
#11848=LINE('',#11845,#11847);
#11849=EDGE_CURVE('',#11844,#11779,#11848,.T.);
#11850=ORIENTED_EDGE('',*,*,#11849,.F.);
#11851=CARTESIAN_POINT('',(-0.499999999999999,-1.200000000000001,0.375));
#11852=VERTEX_POINT('',#11851);
#11853=CARTESIAN_POINT('',(-0.499999999999999,-1.200000000000001,0.375));
#11854=DIRECTION('',(-1.0,0.0,0.0));
#11855=VECTOR('',#11854,0.500000000000001);
#11856=LINE('',#11853,#11855);
#11857=EDGE_CURVE('',#11852,#11844,#11856,.T.);
#11858=ORIENTED_EDGE('',*,*,#11857,.F.);
#11859=CARTESIAN_POINT('',(-0.5,-3.8,0.375));
#11860=VERTEX_POINT('',#11859);
#11861=CARTESIAN_POINT('',(-0.5,-3.8,0.375));
#11862=DIRECTION('',(0.0,1.0,0.0));
#11863=VECTOR('',#11862,2.599999999999999);
#11864=LINE('',#11861,#11863);
#11865=EDGE_CURVE('',#11860,#11852,#11864,.T.);
#11866=ORIENTED_EDGE('',*,*,#11865,.F.);
#11867=CARTESIAN_POINT('',(-0.1,-4.199999999999999,0.375));
#11868=VERTEX_POINT('',#11867);
#11869=CARTESIAN_POINT('',(-0.1,-3.8,0.375));
#11870=DIRECTION('',(0.0,0.0,-1.0));
#11871=DIRECTION('',(-1.0,0.0,0.0));
#11872=AXIS2_PLACEMENT_3D('',#11869,#11870,#11871);
#11873=CIRCLE('',#11872,0.4);
#11874=EDGE_CURVE('',#11868,#11860,#11873,.T.);
#11875=ORIENTED_EDGE('',*,*,#11874,.F.);
#11876=CARTESIAN_POINT('',(0.1,-4.2,0.375));
#11877=VERTEX_POINT('',#11876);
#11878=CARTESIAN_POINT('',(0.1,-4.2,0.375));
#11879=DIRECTION('',(-1.0,0.0,0.0));
#11880=VECTOR('',#11879,0.199999999999999);
#11881=LINE('',#11878,#11880);
#11882=EDGE_CURVE('',#11877,#11868,#11881,.T.);
#11883=ORIENTED_EDGE('',*,*,#11882,.F.);
#11884=CARTESIAN_POINT('',(0.5,-3.8,0.375));
#11885=VERTEX_POINT('',#11884);
#11886=CARTESIAN_POINT('',(0.1,-3.8,0.375));
#11887=DIRECTION('',(0.0,0.0,-1.0));
#11888=DIRECTION('',(0.0,-1.0,0.0));
#11889=AXIS2_PLACEMENT_3D('',#11886,#11887,#11888);
#11890=CIRCLE('',#11889,0.4);
#11891=EDGE_CURVE('',#11885,#11877,#11890,.T.);
#11892=ORIENTED_EDGE('',*,*,#11891,.F.);
#11893=CARTESIAN_POINT('',(0.499999999999999,-1.200000000000001,0.375));
#11894=VERTEX_POINT('',#11893);
#11895=CARTESIAN_POINT('',(0.499999999999999,-1.200000000000001,0.375));
#11896=DIRECTION('',(0.0,-1.0,0.0));
#11897=VECTOR('',#11896,2.599999999999999);
#11898=LINE('',#11895,#11897);
#11899=EDGE_CURVE('',#11894,#11885,#11898,.T.);
#11900=ORIENTED_EDGE('',*,*,#11899,.F.);
#11901=CARTESIAN_POINT('',(1.0,-1.2,0.375));
#11902=VERTEX_POINT('',#11901);
#11903=CARTESIAN_POINT('',(1.0,-1.2,0.375));
#11904=DIRECTION('',(-1.0,0.0,0.0));
#11905=VECTOR('',#11904,0.500000000000001);
#11906=LINE('',#11903,#11905);
#11907=EDGE_CURVE('',#11902,#11894,#11906,.T.);
#11908=ORIENTED_EDGE('',*,*,#11907,.F.);
#11909=CARTESIAN_POINT('',(1.0,-0.9,0.375));
#11910=DIRECTION('',(0.0,-1.0,0.0));
#11911=VECTOR('',#11910,0.3);
#11912=LINE('',#11909,#11911);
#11913=EDGE_CURVE('',#11787,#11902,#11912,.T.);
#11914=ORIENTED_EDGE('',*,*,#11913,.F.);
#11915=EDGE_LOOP('',(#11842,#11850,#11858,#11866,#11875,#11883,#11892,#11900,#11908,#11914));
#11916=FACE_OUTER_BOUND('',#11915,.T.);
#11917=ADVANCED_FACE('',(#11916),#11841,.T.);
#11918=CARTESIAN_POINT('',(-1.0,-1.2,0.0));
#11919=DIRECTION('',(-1.0,0.0,0.0));
#11920=DIRECTION('',(0.0,0.0,1.0));
#11921=AXIS2_PLACEMENT_3D('',#11918,#11919,#11920);
#11922=PLANE('',#11921);
#11923=ORIENTED_EDGE('',*,*,#11784,.T.);
#11924=CARTESIAN_POINT('',(-1.0,-1.2,-0.375));
#11925=VERTEX_POINT('',#11924);
#11926=CARTESIAN_POINT('',(-1.0,-0.9,-0.375));
#11927=DIRECTION('',(0.0,-1.0,0.0));
#11928=VECTOR('',#11927,0.3);
#11929=LINE('',#11926,#11928);
#11930=EDGE_CURVE('',#11769,#11925,#11929,.T.);
#11931=ORIENTED_EDGE('',*,*,#11930,.T.);
#11932=CARTESIAN_POINT('',(-1.0,-1.2,-0.375));
#11933=DIRECTION('',(0.0,0.0,1.0));
#11934=VECTOR('',#11933,0.75);
#11935=LINE('',#11932,#11934);
#11936=EDGE_CURVE('',#11925,#11844,#11935,.T.);
#11937=ORIENTED_EDGE('',*,*,#11936,.T.);
#11938=ORIENTED_EDGE('',*,*,#11849,.T.);
#11939=EDGE_LOOP('',(#11923,#11931,#11937,#11938));
#11940=FACE_OUTER_BOUND('',#11939,.T.);
#11941=ADVANCED_FACE('',(#11940),#11922,.T.);
#11942=CARTESIAN_POINT('',(1.301043E-017,-1.788921683307166,-0.375));
#11943=DIRECTION('',(0.0,0.0,1.0));
#11944=DIRECTION('',(1.0,0.0,0.0));
#11945=AXIS2_PLACEMENT_3D('',#11942,#11943,#11944);
#11946=PLANE('',#11945);
#11947=ORIENTED_EDGE('',*,*,#11776,.T.);
#11948=CARTESIAN_POINT('',(1.0,-1.2,-0.375));
#11949=VERTEX_POINT('',#11948);
#11950=CARTESIAN_POINT('',(1.0,-1.2,-0.375));
#11951=DIRECTION('',(0.0,1.0,0.0));
#11952=VECTOR('',#11951,0.3);
#11953=LINE('',#11950,#11952);
#11954=EDGE_CURVE('',#11949,#11771,#11953,.T.);
#11955=ORIENTED_EDGE('',*,*,#11954,.F.);
#11956=CARTESIAN_POINT('',(0.499999999999999,-1.200000000000001,-0.375));
#11957=VERTEX_POINT('',#11956);
#11958=CARTESIAN_POINT('',(0.499999999999999,-1.200000000000001,-0.375));
#11959=DIRECTION('',(1.0,0.0,0.0));
#11960=VECTOR('',#11959,0.500000000000001);
#11961=LINE('',#11958,#11960);
#11962=EDGE_CURVE('',#11957,#11949,#11961,.T.);
#11963=ORIENTED_EDGE('',*,*,#11962,.F.);
#11964=CARTESIAN_POINT('',(0.5,-3.8,-0.375));
#11965=VERTEX_POINT('',#11964);
#11966=CARTESIAN_POINT('',(0.5,-3.8,-0.375));
#11967=DIRECTION('',(0.0,1.0,0.0));
#11968=VECTOR('',#11967,2.599999999999999);
#11969=LINE('',#11966,#11968);
#11970=EDGE_CURVE('',#11965,#11957,#11969,.T.);
#11971=ORIENTED_EDGE('',*,*,#11970,.F.);
#11972=CARTESIAN_POINT('',(0.1,-4.2,-0.375));
#11973=VERTEX_POINT('',#11972);
#11974=CARTESIAN_POINT('',(0.1,-3.8,-0.375));
#11975=DIRECTION('',(0.0,0.0,1.0));
#11976=DIRECTION('',(0.0,-1.0,0.0));
#11977=AXIS2_PLACEMENT_3D('',#11974,#11975,#11976);
#11978=CIRCLE('',#11977,0.4);
#11979=EDGE_CURVE('',#11973,#11965,#11978,.T.);
#11980=ORIENTED_EDGE('',*,*,#11979,.F.);
#11981=CARTESIAN_POINT('',(-0.1,-4.199999999999999,-0.375));
#11982=VERTEX_POINT('',#11981);
#11983=CARTESIAN_POINT('',(-0.1,-4.199999999999999,-0.375));
#11984=DIRECTION('',(1.0,0.0,0.0));
#11985=VECTOR('',#11984,0.199999999999999);
#11986=LINE('',#11983,#11985);
#11987=EDGE_CURVE('',#11982,#11973,#11986,.T.);
#11988=ORIENTED_EDGE('',*,*,#11987,.F.);
#11989=CARTESIAN_POINT('',(-0.5,-3.8,-0.375));
#11990=VERTEX_POINT('',#11989);
#11991=CARTESIAN_POINT('',(-0.1,-3.8,-0.375));
#11992=DIRECTION('',(0.0,0.0,1.0));
#11993=DIRECTION('',(-1.0,0.0,0.0));
#11994=AXIS2_PLACEMENT_3D('',#11991,#11992,#11993);
#11995=CIRCLE('',#11994,0.4);
#11996=EDGE_CURVE('',#11990,#11982,#11995,.T.);
#11997=ORIENTED_EDGE('',*,*,#11996,.F.);
#11998=CARTESIAN_POINT('',(-0.499999999999999,-1.200000000000001,-0.375));
#11999=VERTEX_POINT('',#11998);
#12000=CARTESIAN_POINT('',(-0.499999999999999,-1.200000000000001,-0.375));
#12001=DIRECTION('',(0.0,-1.0,0.0));
#12002=VECTOR('',#12001,2.599999999999999);
#12003=LINE('',#12000,#12002);
#12004=EDGE_CURVE('',#11999,#11990,#12003,.T.);
#12005=ORIENTED_EDGE('',*,*,#12004,.F.);
#12006=CARTESIAN_POINT('',(-1.0,-1.2,-0.375));
#12007=DIRECTION('',(1.0,0.0,0.0));
#12008=VECTOR('',#12007,0.500000000000001);
#12009=LINE('',#12006,#12008);
#12010=EDGE_CURVE('',#11925,#11999,#12009,.T.);
#12011=ORIENTED_EDGE('',*,*,#12010,.F.);
#12012=ORIENTED_EDGE('',*,*,#11930,.F.);
#12013=EDGE_LOOP('',(#11947,#11955,#11963,#11971,#11980,#11988,#11997,#12005,#12011,#12012));
#12014=FACE_OUTER_BOUND('',#12013,.T.);
#12015=ADVANCED_FACE('',(#12014),#11946,.F.);
#12016=CARTESIAN_POINT('',(1.0,-4.286264E-016,0.0));
#12017=DIRECTION('',(1.0,0.0,0.0));
#12018=DIRECTION('',(0.0,0.0,-1.0));
#12019=AXIS2_PLACEMENT_3D('',#12016,#12017,#12018);
#12020=PLANE('',#12019);
#12021=ORIENTED_EDGE('',*,*,#11798,.T.);
#12022=ORIENTED_EDGE('',*,*,#11913,.T.);
#12023=CARTESIAN_POINT('',(1.0,-1.2,-0.375));
#12024=DIRECTION('',(0.0,0.0,1.0));
#12025=VECTOR('',#12024,0.75);
#12026=LINE('',#12023,#12025);
#12027=EDGE_CURVE('',#11949,#11902,#12026,.T.);
#12028=ORIENTED_EDGE('',*,*,#12027,.F.);
#12029=ORIENTED_EDGE('',*,*,#11954,.T.);
#12030=EDGE_LOOP('',(#12021,#12022,#12028,#12029));
#12031=FACE_OUTER_BOUND('',#12030,.T.);
#12032=ADVANCED_FACE('',(#12031),#12020,.T.);
#12033=CARTESIAN_POINT('',(1.0,-1.2,0.0));
#12034=DIRECTION('',(0.0,-1.0,0.0));
#12035=DIRECTION('',(0.0,0.0,-1.0));
#12036=AXIS2_PLACEMENT_3D('',#12033,#12034,#12035);
#12037=PLANE('',#12036);
#12038=ORIENTED_EDGE('',*,*,#11907,.T.);
#12039=CARTESIAN_POINT('',(0.499999999999999,-1.200000000000001,-0.375));
#12040=DIRECTION('',(0.0,0.0,1.0));
#12041=VECTOR('',#12040,0.75);
#12042=LINE('',#12039,#12041);
#12043=EDGE_CURVE('',#11957,#11894,#12042,.T.);
#12044=ORIENTED_EDGE('',*,*,#12043,.F.);
#12045=ORIENTED_EDGE('',*,*,#11962,.T.);
#12046=ORIENTED_EDGE('',*,*,#12027,.T.);
#12047=EDGE_LOOP('',(#12038,#12044,#12045,#12046));
#12048=FACE_OUTER_BOUND('',#12047,.T.);
#12049=ADVANCED_FACE('',(#12048),#12037,.T.);
#12050=CARTESIAN_POINT('',(0.499999999999999,-1.200000000000001,0.0));
#12051=DIRECTION('',(1.0,0.0,0.0));
#12052=DIRECTION('',(0.0,0.0,-1.0));
#12053=AXIS2_PLACEMENT_3D('',#12050,#12051,#12052);
#12054=PLANE('',#12053);
#12055=ORIENTED_EDGE('',*,*,#11899,.T.);
#12056=CARTESIAN_POINT('',(0.5,-3.8,-0.375));
#12057=DIRECTION('',(0.0,0.0,1.0));
#12058=VECTOR('',#12057,0.75);
#12059=LINE('',#12056,#12058);
#12060=EDGE_CURVE('',#11965,#11885,#12059,.T.);
#12061=ORIENTED_EDGE('',*,*,#12060,.F.);
#12062=ORIENTED_EDGE('',*,*,#11970,.T.);
#12063=ORIENTED_EDGE('',*,*,#12043,.T.);
#12064=EDGE_LOOP('',(#12055,#12061,#12062,#12063));
#12065=FACE_OUTER_BOUND('',#12064,.T.);
#12066=ADVANCED_FACE('',(#12065),#12054,.T.);
#12067=CARTESIAN_POINT('',(0.1,-3.8,0.0));
#12068=DIRECTION('',(0.0,0.0,1.0));
#12069=DIRECTION('',(0.0,-1.0,0.0));
#12070=AXIS2_PLACEMENT_3D('',#12067,#12068,#12069);
#12071=CYLINDRICAL_SURFACE('',#12070,0.4);
#12072=ORIENTED_EDGE('',*,*,#11891,.T.);
#12073=CARTESIAN_POINT('',(0.1,-4.2,-0.375));
#12074=DIRECTION('',(0.0,0.0,1.0));
#12075=VECTOR('',#12074,0.75);
#12076=LINE('',#12073,#12075);
#12077=EDGE_CURVE('',#11973,#11877,#12076,.T.);
#12078=ORIENTED_EDGE('',*,*,#12077,.F.);
#12079=ORIENTED_EDGE('',*,*,#11979,.T.);
#12080=ORIENTED_EDGE('',*,*,#12060,.T.);
#12081=EDGE_LOOP('',(#12072,#12078,#12079,#12080));
#12082=FACE_OUTER_BOUND('',#12081,.T.);
#12083=ADVANCED_FACE('',(#12082),#12071,.T.);
#12084=CARTESIAN_POINT('',(0.1,-4.2,0.0));
#12085=DIRECTION('',(0.0,-1.0,0.0));
#12086=DIRECTION('',(0.0,0.0,-1.0));
#12087=AXIS2_PLACEMENT_3D('',#12084,#12085,#12086);
#12088=PLANE('',#12087);
#12089=ORIENTED_EDGE('',*,*,#11882,.T.);
#12090=CARTESIAN_POINT('',(-0.1,-4.199999999999999,-0.375));
#12091=DIRECTION('',(0.0,0.0,1.0));
#12092=VECTOR('',#12091,0.75);
#12093=LINE('',#12090,#12092);
#12094=EDGE_CURVE('',#11982,#11868,#12093,.T.);
#12095=ORIENTED_EDGE('',*,*,#12094,.F.);
#12096=ORIENTED_EDGE('',*,*,#11987,.T.);
#12097=ORIENTED_EDGE('',*,*,#12077,.T.);
#12098=EDGE_LOOP('',(#12089,#12095,#12096,#12097));
#12099=FACE_OUTER_BOUND('',#12098,.T.);
#12100=ADVANCED_FACE('',(#12099),#12088,.T.);
#12101=CARTESIAN_POINT('',(-0.1,-3.8,0.0));
#12102=DIRECTION('',(0.0,0.0,1.0));
#12103=DIRECTION('',(-1.0,0.0,0.0));
#12104=AXIS2_PLACEMENT_3D('',#12101,#12102,#12103);
#12105=CYLINDRICAL_SURFACE('',#12104,0.4);
#12106=ORIENTED_EDGE('',*,*,#11874,.T.);
#12107=CARTESIAN_POINT('',(-0.5,-3.8,-0.375));
#12108=DIRECTION('',(0.0,0.0,1.0));
#12109=VECTOR('',#12108,0.75);
#12110=LINE('',#12107,#12109);
#12111=EDGE_CURVE('',#11990,#11860,#12110,.T.);
#12112=ORIENTED_EDGE('',*,*,#12111,.F.);
#12113=ORIENTED_EDGE('',*,*,#11996,.T.);
#12114=ORIENTED_EDGE('',*,*,#12094,.T.);
#12115=EDGE_LOOP('',(#12106,#12112,#12113,#12114));
#12116=FACE_OUTER_BOUND('',#12115,.T.);
#12117=ADVANCED_FACE('',(#12116),#12105,.T.);
#12118=CARTESIAN_POINT('',(-0.5,-3.8,0.0));
#12119=DIRECTION('',(-1.0,0.0,0.0));
#12120=DIRECTION('',(0.0,0.0,1.0));
#12121=AXIS2_PLACEMENT_3D('',#12118,#12119,#12120);
#12122=PLANE('',#12121);
#12123=ORIENTED_EDGE('',*,*,#11865,.T.);
#12124=CARTESIAN_POINT('',(-0.499999999999999,-1.200000000000001,-0.375));
#12125=DIRECTION('',(0.0,0.0,1.0));
#12126=VECTOR('',#12125,0.75);
#12127=LINE('',#12124,#12126);
#12128=EDGE_CURVE('',#11999,#11852,#12127,.T.);
#12129=ORIENTED_EDGE('',*,*,#12128,.F.);
#12130=ORIENTED_EDGE('',*,*,#12004,.T.);
#12131=ORIENTED_EDGE('',*,*,#12111,.T.);
#12132=EDGE_LOOP('',(#12123,#12129,#12130,#12131));
#12133=FACE_OUTER_BOUND('',#12132,.T.);
#12134=ADVANCED_FACE('',(#12133),#12122,.T.);
#12135=CARTESIAN_POINT('',(-0.499999999999999,-1.200000000000001,0.0));
#12136=DIRECTION('',(0.0,-1.0,0.0));
#12137=DIRECTION('',(0.0,0.0,-1.0));
#12138=AXIS2_PLACEMENT_3D('',#12135,#12136,#12137);
#12139=PLANE('',#12138);
#12140=ORIENTED_EDGE('',*,*,#11857,.T.);
#12141=ORIENTED_EDGE('',*,*,#11936,.F.);
#12142=ORIENTED_EDGE('',*,*,#12010,.T.);
#12143=ORIENTED_EDGE('',*,*,#12128,.T.);
#12144=EDGE_LOOP('',(#12140,#12141,#12142,#12143));
#12145=FACE_OUTER_BOUND('',#12144,.T.);
#12146=ADVANCED_FACE('',(#12145),#12139,.T.);
#12147=CARTESIAN_POINT('',(5.300000000000002,-1.788921683307166,0.375));
#12148=DIRECTION('',(0.0,0.0,1.0));
#12149=DIRECTION('',(1.0,0.0,0.0));
#12150=AXIS2_PLACEMENT_3D('',#12147,#12148,#12149);
#12151=PLANE('',#12150);
#12152=ORIENTED_EDGE('',*,*,#11762,.T.);
#12153=CARTESIAN_POINT('',(4.300000000000001,-1.2,0.375));
#12154=VERTEX_POINT('',#12153);
#12155=CARTESIAN_POINT('',(4.300000000000001,-1.2,0.375));
#12156=DIRECTION('',(0.0,1.0,0.0));
#12157=VECTOR('',#12156,0.3);
#12158=LINE('',#12155,#12157);
#12159=EDGE_CURVE('',#12154,#11751,#12158,.T.);
#12160=ORIENTED_EDGE('',*,*,#12159,.F.);
#12161=CARTESIAN_POINT('',(4.800000000000001,-1.200000000000001,0.375));
#12162=VERTEX_POINT('',#12161);
#12163=CARTESIAN_POINT('',(4.800000000000001,-1.200000000000001,0.375));
#12164=DIRECTION('',(-1.0,0.0,0.0));
#12165=VECTOR('',#12164,0.5);
#12166=LINE('',#12163,#12165);
#12167=EDGE_CURVE('',#12162,#12154,#12166,.T.);
#12168=ORIENTED_EDGE('',*,*,#12167,.F.);
#12169=CARTESIAN_POINT('',(4.800000000000001,-3.8,0.375));
#12170=VERTEX_POINT('',#12169);
#12171=CARTESIAN_POINT('',(4.800000000000001,-3.8,0.375));
#12172=DIRECTION('',(0.0,1.0,0.0));
#12173=VECTOR('',#12172,2.599999999999999);
#12174=LINE('',#12171,#12173);
#12175=EDGE_CURVE('',#12170,#12162,#12174,.T.);
#12176=ORIENTED_EDGE('',*,*,#12175,.F.);
#12177=CARTESIAN_POINT('',(5.200000000000001,-4.199999999999999,0.375));
#12178=VERTEX_POINT('',#12177);
#12179=CARTESIAN_POINT('',(5.2,-3.8,0.375));
#12180=DIRECTION('',(0.0,0.0,-1.0));
#12181=DIRECTION('',(1.0,0.0,0.0));
#12182=AXIS2_PLACEMENT_3D('',#12179,#12180,#12181);
#12183=CIRCLE('',#12182,0.4);
#12184=EDGE_CURVE('',#12178,#12170,#12183,.T.);
#12185=ORIENTED_EDGE('',*,*,#12184,.F.);
#12186=CARTESIAN_POINT('',(5.4,-4.2,0.375));
#12187=VERTEX_POINT('',#12186);
#12188=CARTESIAN_POINT('',(5.4,-4.2,0.375));
#12189=DIRECTION('',(-1.0,0.0,0.0));
#12190=VECTOR('',#12189,0.199999999999999);
#12191=LINE('',#12188,#12190);
#12192=EDGE_CURVE('',#12187,#12178,#12191,.T.);
#12193=ORIENTED_EDGE('',*,*,#12192,.F.);
#12194=CARTESIAN_POINT('',(5.800000000000001,-3.8,0.375));
#12195=VERTEX_POINT('',#12194);
#12196=CARTESIAN_POINT('',(5.4,-3.8,0.375));
#12197=DIRECTION('',(0.0,0.0,-1.0));
#12198=DIRECTION('',(0.0,1.0,0.0));
#12199=AXIS2_PLACEMENT_3D('',#12196,#12197,#12198);
#12200=CIRCLE('',#12199,0.4);
#12201=EDGE_CURVE('',#12195,#12187,#12200,.T.);
#12202=ORIENTED_EDGE('',*,*,#12201,.F.);
#12203=CARTESIAN_POINT('',(5.8,-1.200000000000001,0.375));
#12204=VERTEX_POINT('',#12203);
#12205=CARTESIAN_POINT('',(5.8,-1.200000000000001,0.375));
#12206=DIRECTION('',(0.0,-1.0,0.0));
#12207=VECTOR('',#12206,2.599999999999999);
#12208=LINE('',#12205,#12207);
#12209=EDGE_CURVE('',#12204,#12195,#12208,.T.);
#12210=ORIENTED_EDGE('',*,*,#12209,.F.);
#12211=CARTESIAN_POINT('',(6.3,-1.2,0.375));
#12212=VERTEX_POINT('',#12211);
#12213=CARTESIAN_POINT('',(6.3,-1.2,0.375));
#12214=DIRECTION('',(-1.0,0.0,0.0));
#12215=VECTOR('',#12214,0.500000000000001);
#12216=LINE('',#12213,#12215);
#12217=EDGE_CURVE('',#12212,#12204,#12216,.T.);
#12218=ORIENTED_EDGE('',*,*,#12217,.F.);
#12219=CARTESIAN_POINT('',(6.3,-0.9,0.375));
#12220=DIRECTION('',(0.0,-1.0,0.0));
#12221=VECTOR('',#12220,0.3);
#12222=LINE('',#12219,#12221);
#12223=EDGE_CURVE('',#11653,#12212,#12222,.T.);
#12224=ORIENTED_EDGE('',*,*,#12223,.F.);
#12225=EDGE_LOOP('',(#12152,#12160,#12168,#12176,#12185,#12193,#12202,#12210,#12218,#12224));
#12226=FACE_OUTER_BOUND('',#12225,.T.);
#12227=ADVANCED_FACE('',(#12226),#12151,.T.);
#12228=CARTESIAN_POINT('',(4.300000000000001,-1.2,0.0));
#12229=DIRECTION('',(-1.0,0.0,0.0));
#12230=DIRECTION('',(0.0,0.0,1.0));
#12231=AXIS2_PLACEMENT_3D('',#12228,#12229,#12230);
#12232=PLANE('',#12231);
#12233=ORIENTED_EDGE('',*,*,#11756,.T.);
#12234=CARTESIAN_POINT('',(4.300000000000001,-1.2,-0.375));
#12235=VERTEX_POINT('',#12234);
#12236=CARTESIAN_POINT('',(4.300000000000001,-0.9,-0.375));
#12237=DIRECTION('',(0.0,-1.0,0.0));
#12238=VECTOR('',#12237,0.3);
#12239=LINE('',#12236,#12238);
#12240=EDGE_CURVE('',#11743,#12235,#12239,.T.);
#12241=ORIENTED_EDGE('',*,*,#12240,.T.);
#12242=CARTESIAN_POINT('',(4.300000000000001,-1.2,0.375));
#12243=DIRECTION('',(0.0,0.0,-1.0));
#12244=VECTOR('',#12243,0.75);
#12245=LINE('',#12242,#12244);
#12246=EDGE_CURVE('',#12154,#12235,#12245,.T.);
#12247=ORIENTED_EDGE('',*,*,#12246,.F.);
#12248=ORIENTED_EDGE('',*,*,#12159,.T.);
#12249=EDGE_LOOP('',(#12233,#12241,#12247,#12248));
#12250=FACE_OUTER_BOUND('',#12249,.T.);
#12251=ADVANCED_FACE('',(#12250),#12232,.T.);
#12252=CARTESIAN_POINT('',(5.300000000000001,-1.788921683307166,-0.375));
#12253=DIRECTION('',(0.0,0.0,1.0));
#12254=DIRECTION('',(1.0,0.0,0.0));
#12255=AXIS2_PLACEMENT_3D('',#12252,#12253,#12254);
#12256=PLANE('',#12255);
#12257=ORIENTED_EDGE('',*,*,#11748,.T.);
#12258=CARTESIAN_POINT('',(6.3,-1.2,-0.375));
#12259=VERTEX_POINT('',#12258);
#12260=CARTESIAN_POINT('',(6.3,-1.2,-0.375));
#12261=DIRECTION('',(0.0,1.0,0.0));
#12262=VECTOR('',#12261,0.3);
#12263=LINE('',#12260,#12262);
#12264=EDGE_CURVE('',#12259,#11661,#12263,.T.);
#12265=ORIENTED_EDGE('',*,*,#12264,.F.);
#12266=CARTESIAN_POINT('',(5.8,-1.200000000000001,-0.375));
#12267=VERTEX_POINT('',#12266);
#12268=CARTESIAN_POINT('',(5.799999999999999,-1.200000000000001,-0.375));
#12269=DIRECTION('',(1.0,0.0,0.0));
#12270=VECTOR('',#12269,0.500000000000001);
#12271=LINE('',#12268,#12270);
#12272=EDGE_CURVE('',#12267,#12259,#12271,.T.);
#12273=ORIENTED_EDGE('',*,*,#12272,.F.);
#12274=CARTESIAN_POINT('',(5.800000000000001,-3.8,-0.375));
#12275=VERTEX_POINT('',#12274);
#12276=CARTESIAN_POINT('',(5.800000000000001,-3.8,-0.375));
#12277=DIRECTION('',(0.0,1.0,0.0));
#12278=VECTOR('',#12277,2.599999999999999);
#12279=LINE('',#12276,#12278);
#12280=EDGE_CURVE('',#12275,#12267,#12279,.T.);
#12281=ORIENTED_EDGE('',*,*,#12280,.F.);
#12282=CARTESIAN_POINT('',(5.4,-4.2,-0.375));
#12283=VERTEX_POINT('',#12282);
#12284=CARTESIAN_POINT('',(5.4,-3.8,-0.375));
#12285=DIRECTION('',(0.0,0.0,1.0));
#12286=DIRECTION('',(0.0,1.0,0.0));
#12287=AXIS2_PLACEMENT_3D('',#12284,#12285,#12286);
#12288=CIRCLE('',#12287,0.4);
#12289=EDGE_CURVE('',#12283,#12275,#12288,.T.);
#12290=ORIENTED_EDGE('',*,*,#12289,.F.);
#12291=CARTESIAN_POINT('',(5.200000000000001,-4.199999999999999,-0.375));
#12292=VERTEX_POINT('',#12291);
#12293=CARTESIAN_POINT('',(5.200000000000001,-4.199999999999999,-0.375));
#12294=DIRECTION('',(1.0,0.0,0.0));
#12295=VECTOR('',#12294,0.199999999999999);
#12296=LINE('',#12293,#12295);
#12297=EDGE_CURVE('',#12292,#12283,#12296,.T.);
#12298=ORIENTED_EDGE('',*,*,#12297,.F.);
#12299=CARTESIAN_POINT('',(4.800000000000001,-3.8,-0.375));
#12300=VERTEX_POINT('',#12299);
#12301=CARTESIAN_POINT('',(5.2,-3.8,-0.375));
#12302=DIRECTION('',(0.0,0.0,1.0));
#12303=DIRECTION('',(1.0,0.0,0.0));
#12304=AXIS2_PLACEMENT_3D('',#12301,#12302,#12303);
#12305=CIRCLE('',#12304,0.4);
#12306=EDGE_CURVE('',#12300,#12292,#12305,.T.);
#12307=ORIENTED_EDGE('',*,*,#12306,.F.);
#12308=CARTESIAN_POINT('',(4.800000000000001,-1.200000000000001,-0.375));
#12309=VERTEX_POINT('',#12308);
#12310=CARTESIAN_POINT('',(4.800000000000002,-1.200000000000001,-0.375));
#12311=DIRECTION('',(0.0,-1.0,0.0));
#12312=VECTOR('',#12311,2.599999999999999);
#12313=LINE('',#12310,#12312);
#12314=EDGE_CURVE('',#12309,#12300,#12313,.T.);
#12315=ORIENTED_EDGE('',*,*,#12314,.F.);
#12316=CARTESIAN_POINT('',(4.300000000000001,-1.2,-0.375));
#12317=DIRECTION('',(1.0,0.0,0.0));
#12318=VECTOR('',#12317,0.5);
#12319=LINE('',#12316,#12318);
#12320=EDGE_CURVE('',#12235,#12309,#12319,.T.);
#12321=ORIENTED_EDGE('',*,*,#12320,.F.);
#12322=ORIENTED_EDGE('',*,*,#12240,.F.);
#12323=EDGE_LOOP('',(#12257,#12265,#12273,#12281,#12290,#12298,#12307,#12315,#12321,#12322));
#12324=FACE_OUTER_BOUND('',#12323,.T.);
#12325=ADVANCED_FACE('',(#12324),#12256,.F.);
#12326=CARTESIAN_POINT('',(6.3,-4.286264E-016,0.0));
#12327=DIRECTION('',(1.0,0.0,0.0));
#12328=DIRECTION('',(0.0,0.0,-1.0));
#12329=AXIS2_PLACEMENT_3D('',#12326,#12327,#12328);
#12330=PLANE('',#12329);
#12331=ORIENTED_EDGE('',*,*,#11666,.T.);
#12332=ORIENTED_EDGE('',*,*,#12223,.T.);
#12333=CARTESIAN_POINT('',(6.3,-1.2,0.375));
#12334=DIRECTION('',(0.0,0.0,-1.0));
#12335=VECTOR('',#12334,0.75);
#12336=LINE('',#12333,#12335);
#12337=EDGE_CURVE('',#12212,#12259,#12336,.T.);
#12338=ORIENTED_EDGE('',*,*,#12337,.T.);
#12339=ORIENTED_EDGE('',*,*,#12264,.T.);
#12340=EDGE_LOOP('',(#12331,#12332,#12338,#12339));
#12341=FACE_OUTER_BOUND('',#12340,.T.);
#12342=ADVANCED_FACE('',(#12341),#12330,.T.);
#12343=CARTESIAN_POINT('',(6.3,-1.2,0.0));
#12344=DIRECTION('',(0.0,-1.0,0.0));
#12345=DIRECTION('',(0.0,0.0,-1.0));
#12346=AXIS2_PLACEMENT_3D('',#12343,#12344,#12345);
#12347=PLANE('',#12346);
#12348=ORIENTED_EDGE('',*,*,#12217,.T.);
#12349=CARTESIAN_POINT('',(5.8,-1.200000000000001,0.375));
#12350=DIRECTION('',(0.0,0.0,-1.0));
#12351=VECTOR('',#12350,0.75);
#12352=LINE('',#12349,#12351);
#12353=EDGE_CURVE('',#12204,#12267,#12352,.T.);
#12354=ORIENTED_EDGE('',*,*,#12353,.T.);
#12355=ORIENTED_EDGE('',*,*,#12272,.T.);
#12356=ORIENTED_EDGE('',*,*,#12337,.F.);
#12357=EDGE_LOOP('',(#12348,#12354,#12355,#12356));
#12358=FACE_OUTER_BOUND('',#12357,.T.);
#12359=ADVANCED_FACE('',(#12358),#12347,.T.);
#12360=CARTESIAN_POINT('',(5.8,-1.200000000000001,0.0));
#12361=DIRECTION('',(1.0,0.0,0.0));
#12362=DIRECTION('',(0.0,0.0,-1.0));
#12363=AXIS2_PLACEMENT_3D('',#12360,#12361,#12362);
#12364=PLANE('',#12363);
#12365=ORIENTED_EDGE('',*,*,#12209,.T.);
#12366=CARTESIAN_POINT('',(5.800000000000001,-3.8,0.375));
#12367=DIRECTION('',(0.0,0.0,-1.0));
#12368=VECTOR('',#12367,0.75);
#12369=LINE('',#12366,#12368);
#12370=EDGE_CURVE('',#12195,#12275,#12369,.T.);
#12371=ORIENTED_EDGE('',*,*,#12370,.T.);
#12372=ORIENTED_EDGE('',*,*,#12280,.T.);
#12373=ORIENTED_EDGE('',*,*,#12353,.F.);
#12374=EDGE_LOOP('',(#12365,#12371,#12372,#12373));
#12375=FACE_OUTER_BOUND('',#12374,.T.);
#12376=ADVANCED_FACE('',(#12375),#12364,.T.);
#12377=CARTESIAN_POINT('',(5.4,-3.8,0.0));
#12378=DIRECTION('',(0.0,0.0,1.0));
#12379=DIRECTION('',(0.0,1.0,0.0));
#12380=AXIS2_PLACEMENT_3D('',#12377,#12378,#12379);
#12381=CYLINDRICAL_SURFACE('',#12380,0.4);
#12382=ORIENTED_EDGE('',*,*,#12201,.T.);
#12383=CARTESIAN_POINT('',(5.4,-4.2,0.375));
#12384=DIRECTION('',(0.0,0.0,-1.0));
#12385=VECTOR('',#12384,0.75);
#12386=LINE('',#12383,#12385);
#12387=EDGE_CURVE('',#12187,#12283,#12386,.T.);
#12388=ORIENTED_EDGE('',*,*,#12387,.T.);
#12389=ORIENTED_EDGE('',*,*,#12289,.T.);
#12390=ORIENTED_EDGE('',*,*,#12370,.F.);
#12391=EDGE_LOOP('',(#12382,#12388,#12389,#12390));
#12392=FACE_OUTER_BOUND('',#12391,.T.);
#12393=ADVANCED_FACE('',(#12392),#12381,.T.);
#12394=CARTESIAN_POINT('',(5.4,-4.2,0.0));
#12395=DIRECTION('',(0.0,-1.0,0.0));
#12396=DIRECTION('',(0.0,0.0,-1.0));
#12397=AXIS2_PLACEMENT_3D('',#12394,#12395,#12396);
#12398=PLANE('',#12397);
#12399=ORIENTED_EDGE('',*,*,#12192,.T.);
#12400=CARTESIAN_POINT('',(5.200000000000001,-4.199999999999999,0.375));
#12401=DIRECTION('',(0.0,0.0,-1.0));
#12402=VECTOR('',#12401,0.75);
#12403=LINE('',#12400,#12402);
#12404=EDGE_CURVE('',#12178,#12292,#12403,.T.);
#12405=ORIENTED_EDGE('',*,*,#12404,.T.);
#12406=ORIENTED_EDGE('',*,*,#12297,.T.);
#12407=ORIENTED_EDGE('',*,*,#12387,.F.);
#12408=EDGE_LOOP('',(#12399,#12405,#12406,#12407));
#12409=FACE_OUTER_BOUND('',#12408,.T.);
#12410=ADVANCED_FACE('',(#12409),#12398,.T.);
#12411=CARTESIAN_POINT('',(5.2,-3.8,0.0));
#12412=DIRECTION('',(0.0,0.0,1.0));
#12413=DIRECTION('',(1.0,0.0,0.0));
#12414=AXIS2_PLACEMENT_3D('',#12411,#12412,#12413);
#12415=CYLINDRICAL_SURFACE('',#12414,0.4);
#12416=ORIENTED_EDGE('',*,*,#12184,.T.);
#12417=CARTESIAN_POINT('',(4.800000000000001,-3.8,0.375));
#12418=DIRECTION('',(0.0,0.0,-1.0));
#12419=VECTOR('',#12418,0.75);
#12420=LINE('',#12417,#12419);
#12421=EDGE_CURVE('',#12170,#12300,#12420,.T.);
#12422=ORIENTED_EDGE('',*,*,#12421,.T.);
#12423=ORIENTED_EDGE('',*,*,#12306,.T.);
#12424=ORIENTED_EDGE('',*,*,#12404,.F.);
#12425=EDGE_LOOP('',(#12416,#12422,#12423,#12424));
#12426=FACE_OUTER_BOUND('',#12425,.T.);
#12427=ADVANCED_FACE('',(#12426),#12415,.T.);
#12428=CARTESIAN_POINT('',(4.800000000000001,-3.8,0.0));
#12429=DIRECTION('',(-1.0,0.0,0.0));
#12430=DIRECTION('',(0.0,0.0,1.0));
#12431=AXIS2_PLACEMENT_3D('',#12428,#12429,#12430);
#12432=PLANE('',#12431);
#12433=ORIENTED_EDGE('',*,*,#12175,.T.);
#12434=CARTESIAN_POINT('',(4.800000000000001,-1.200000000000001,-0.375));
#12435=DIRECTION('',(0.0,0.0,1.0));
#12436=VECTOR('',#12435,0.75);
#12437=LINE('',#12434,#12436);
#12438=EDGE_CURVE('',#12309,#12162,#12437,.T.);
#12439=ORIENTED_EDGE('',*,*,#12438,.F.);
#12440=ORIENTED_EDGE('',*,*,#12314,.T.);
#12441=ORIENTED_EDGE('',*,*,#12421,.F.);
#12442=EDGE_LOOP('',(#12433,#12439,#12440,#12441));
#12443=FACE_OUTER_BOUND('',#12442,.T.);
#12444=ADVANCED_FACE('',(#12443),#12432,.T.);
#12445=CARTESIAN_POINT('',(4.800000000000001,-1.200000000000001,0.0));
#12446=DIRECTION('',(0.0,-1.0,0.0));
#12447=DIRECTION('',(0.0,0.0,-1.0));
#12448=AXIS2_PLACEMENT_3D('',#12445,#12446,#12447);
#12449=PLANE('',#12448);
#12450=ORIENTED_EDGE('',*,*,#12167,.T.);
#12451=ORIENTED_EDGE('',*,*,#12246,.T.);
#12452=ORIENTED_EDGE('',*,*,#12320,.T.);
#12453=ORIENTED_EDGE('',*,*,#12438,.T.);
#12454=EDGE_LOOP('',(#12450,#12451,#12452,#12453));
#12455=FACE_OUTER_BOUND('',#12454,.T.);
#12456=ADVANCED_FACE('',(#12455),#12449,.T.);
#12457=CARTESIAN_POINT('',(-5.300000000000003,-1.788921683307166,0.375));
#12458=DIRECTION('',(0.0,0.0,1.0));
#12459=DIRECTION('',(1.0,0.0,0.0));
#12460=AXIS2_PLACEMENT_3D('',#12457,#12458,#12459);
#12461=PLANE('',#12460);
#12462=ORIENTED_EDGE('',*,*,#11723,.T.);
#12463=CARTESIAN_POINT('',(-6.3,-1.2,0.375));
#12464=VERTEX_POINT('',#12463);
#12465=CARTESIAN_POINT('',(-6.3,-1.2,0.375));
#12466=DIRECTION('',(0.0,1.0,0.0));
#12467=VECTOR('',#12466,0.3);
#12468=LINE('',#12465,#12467);
#12469=EDGE_CURVE('',#12464,#11601,#12468,.T.);
#12470=ORIENTED_EDGE('',*,*,#12469,.F.);
#12471=CARTESIAN_POINT('',(-5.8,-1.200000000000001,0.375));
#12472=VERTEX_POINT('',#12471);
#12473=CARTESIAN_POINT('',(-5.8,-1.200000000000001,0.375));
#12474=DIRECTION('',(-1.0,0.0,0.0));
#12475=VECTOR('',#12474,0.500000000000001);
#12476=LINE('',#12473,#12475);
#12477=EDGE_CURVE('',#12472,#12464,#12476,.T.);
#12478=ORIENTED_EDGE('',*,*,#12477,.F.);
#12479=CARTESIAN_POINT('',(-5.8,-3.8,0.375));
#12480=VERTEX_POINT('',#12479);
#12481=CARTESIAN_POINT('',(-5.8,-3.8,0.375));
#12482=DIRECTION('',(0.0,1.0,0.0));
#12483=VECTOR('',#12482,2.599999999999999);
#12484=LINE('',#12481,#12483);
#12485=EDGE_CURVE('',#12480,#12472,#12484,.T.);
#12486=ORIENTED_EDGE('',*,*,#12485,.F.);
#12487=CARTESIAN_POINT('',(-5.4,-4.199999999999999,0.375));
#12488=VERTEX_POINT('',#12487);
#12489=CARTESIAN_POINT('',(-5.4,-3.8,0.375));
#12490=DIRECTION('',(0.0,0.0,-1.0));
#12491=DIRECTION('',(1.0,0.0,0.0));
#12492=AXIS2_PLACEMENT_3D('',#12489,#12490,#12491);
#12493=CIRCLE('',#12492,0.4);
#12494=EDGE_CURVE('',#12488,#12480,#12493,.T.);
#12495=ORIENTED_EDGE('',*,*,#12494,.F.);
#12496=CARTESIAN_POINT('',(-5.2,-4.2,0.375));
#12497=VERTEX_POINT('',#12496);
#12498=CARTESIAN_POINT('',(-5.2,-4.2,0.375));
#12499=DIRECTION('',(-1.0,0.0,0.0));
#12500=VECTOR('',#12499,0.199999999999999);
#12501=LINE('',#12498,#12500);
#12502=EDGE_CURVE('',#12497,#12488,#12501,.T.);
#12503=ORIENTED_EDGE('',*,*,#12502,.F.);
#12504=CARTESIAN_POINT('',(-4.800000000000001,-3.8,0.375));
#12505=VERTEX_POINT('',#12504);
#12506=CARTESIAN_POINT('',(-5.2,-3.8,0.375));
#12507=DIRECTION('',(0.0,0.0,-1.0));
#12508=DIRECTION('',(0.0,1.0,0.0));
#12509=AXIS2_PLACEMENT_3D('',#12506,#12507,#12508);
#12510=CIRCLE('',#12509,0.4);
#12511=EDGE_CURVE('',#12505,#12497,#12510,.T.);
#12512=ORIENTED_EDGE('',*,*,#12511,.F.);
#12513=CARTESIAN_POINT('',(-4.800000000000001,-1.200000000000001,0.375));
#12514=VERTEX_POINT('',#12513);
#12515=CARTESIAN_POINT('',(-4.800000000000001,-1.200000000000001,0.375));
#12516=DIRECTION('',(0.0,-1.0,0.0));
#12517=VECTOR('',#12516,2.599999999999999);
#12518=LINE('',#12515,#12517);
#12519=EDGE_CURVE('',#12514,#12505,#12518,.T.);
#12520=ORIENTED_EDGE('',*,*,#12519,.F.);
#12521=CARTESIAN_POINT('',(-4.300000000000001,-1.2,0.375));
#12522=VERTEX_POINT('',#12521);
#12523=CARTESIAN_POINT('',(-4.300000000000001,-1.2,0.375));
#12524=DIRECTION('',(-1.0,0.0,0.0));
#12525=VECTOR('',#12524,0.5);
#12526=LINE('',#12523,#12525);
#12527=EDGE_CURVE('',#12522,#12514,#12526,.T.);
#12528=ORIENTED_EDGE('',*,*,#12527,.F.);
#12529=CARTESIAN_POINT('',(-4.300000000000001,-0.9,0.375));
#12530=DIRECTION('',(0.0,-1.0,0.0));
#12531=VECTOR('',#12530,0.3);
#12532=LINE('',#12529,#12531);
#12533=EDGE_CURVE('',#11718,#12522,#12532,.T.);
#12534=ORIENTED_EDGE('',*,*,#12533,.F.);
#12535=EDGE_LOOP('',(#12462,#12470,#12478,#12486,#12495,#12503,#12512,#12520,#12528,#12534));
#12536=FACE_OUTER_BOUND('',#12535,.T.);
#12537=ADVANCED_FACE('',(#12536),#12461,.T.);
#12538=CARTESIAN_POINT('',(-6.3,-1.2,0.0));
#12539=DIRECTION('',(-1.0,0.0,0.0));
#12540=DIRECTION('',(0.0,0.0,1.0));
#12541=AXIS2_PLACEMENT_3D('',#12538,#12539,#12540);
#12542=PLANE('',#12541);
#12543=ORIENTED_EDGE('',*,*,#11606,.T.);
#12544=CARTESIAN_POINT('',(-6.3,-1.2,-0.375));
#12545=VERTEX_POINT('',#12544);
#12546=CARTESIAN_POINT('',(-6.3,-0.9,-0.375));
#12547=DIRECTION('',(0.0,-1.0,0.0));
#12548=VECTOR('',#12547,0.3);
#12549=LINE('',#12546,#12548);
#12550=EDGE_CURVE('',#11593,#12545,#12549,.T.);
#12551=ORIENTED_EDGE('',*,*,#12550,.T.);
#12552=CARTESIAN_POINT('',(-6.3,-1.2,0.375));
#12553=DIRECTION('',(0.0,0.0,-1.0));
#12554=VECTOR('',#12553,0.75);
#12555=LINE('',#12552,#12554);
#12556=EDGE_CURVE('',#12464,#12545,#12555,.T.);
#12557=ORIENTED_EDGE('',*,*,#12556,.F.);
#12558=ORIENTED_EDGE('',*,*,#12469,.T.);
#12559=EDGE_LOOP('',(#12543,#12551,#12557,#12558));
#12560=FACE_OUTER_BOUND('',#12559,.T.);
#12561=ADVANCED_FACE('',(#12560),#12542,.T.);
#12562=CARTESIAN_POINT('',(-5.300000000000001,-1.788921683307166,-0.375));
#12563=DIRECTION('',(0.0,0.0,1.0));
#12564=DIRECTION('',(1.0,0.0,0.0));
#12565=AXIS2_PLACEMENT_3D('',#12562,#12563,#12564);
#12566=PLANE('',#12565);
#12567=ORIENTED_EDGE('',*,*,#11737,.T.);
#12568=CARTESIAN_POINT('',(-4.300000000000001,-1.2,-0.375));
#12569=VERTEX_POINT('',#12568);
#12570=CARTESIAN_POINT('',(-4.300000000000001,-1.2,-0.375));
#12571=DIRECTION('',(0.0,1.0,0.0));
#12572=VECTOR('',#12571,0.3);
#12573=LINE('',#12570,#12572);
#12574=EDGE_CURVE('',#12569,#11726,#12573,.T.);
#12575=ORIENTED_EDGE('',*,*,#12574,.F.);
#12576=CARTESIAN_POINT('',(-4.800000000000001,-1.200000000000001,-0.375));
#12577=VERTEX_POINT('',#12576);
#12578=CARTESIAN_POINT('',(-4.800000000000001,-1.200000000000001,-0.375));
#12579=DIRECTION('',(1.0,0.0,0.0));
#12580=VECTOR('',#12579,0.5);
#12581=LINE('',#12578,#12580);
#12582=EDGE_CURVE('',#12577,#12569,#12581,.T.);
#12583=ORIENTED_EDGE('',*,*,#12582,.F.);
#12584=CARTESIAN_POINT('',(-4.800000000000001,-3.8,-0.375));
#12585=VERTEX_POINT('',#12584);
#12586=CARTESIAN_POINT('',(-4.8,-3.8,-0.375));
#12587=DIRECTION('',(0.0,1.0,0.0));
#12588=VECTOR('',#12587,2.599999999999999);
#12589=LINE('',#12586,#12588);
#12590=EDGE_CURVE('',#12585,#12577,#12589,.T.);
#12591=ORIENTED_EDGE('',*,*,#12590,.F.);
#12592=CARTESIAN_POINT('',(-5.2,-4.2,-0.375));
#12593=VERTEX_POINT('',#12592);
#12594=CARTESIAN_POINT('',(-5.2,-3.8,-0.375));
#12595=DIRECTION('',(0.0,0.0,1.0));
#12596=DIRECTION('',(0.0,1.0,0.0));
#12597=AXIS2_PLACEMENT_3D('',#12594,#12595,#12596);
#12598=CIRCLE('',#12597,0.4);
#12599=EDGE_CURVE('',#12593,#12585,#12598,.T.);
#12600=ORIENTED_EDGE('',*,*,#12599,.F.);
#12601=CARTESIAN_POINT('',(-5.4,-4.199999999999999,-0.375));
#12602=VERTEX_POINT('',#12601);
#12603=CARTESIAN_POINT('',(-5.4,-4.199999999999999,-0.375));
#12604=DIRECTION('',(1.0,0.0,0.0));
#12605=VECTOR('',#12604,0.199999999999999);
#12606=LINE('',#12603,#12605);
#12607=EDGE_CURVE('',#12602,#12593,#12606,.T.);
#12608=ORIENTED_EDGE('',*,*,#12607,.F.);
#12609=CARTESIAN_POINT('',(-5.8,-3.8,-0.375));
#12610=VERTEX_POINT('',#12609);
#12611=CARTESIAN_POINT('',(-5.4,-3.8,-0.375));
#12612=DIRECTION('',(0.0,0.0,1.0));
#12613=DIRECTION('',(1.0,0.0,0.0));
#12614=AXIS2_PLACEMENT_3D('',#12611,#12612,#12613);
#12615=CIRCLE('',#12614,0.4);
#12616=EDGE_CURVE('',#12610,#12602,#12615,.T.);
#12617=ORIENTED_EDGE('',*,*,#12616,.F.);
#12618=CARTESIAN_POINT('',(-5.8,-1.200000000000001,-0.375));
#12619=VERTEX_POINT('',#12618);
#12620=CARTESIAN_POINT('',(-5.8,-1.200000000000001,-0.375));
#12621=DIRECTION('',(0.0,-1.0,0.0));
#12622=VECTOR('',#12621,2.599999999999999);
#12623=LINE('',#12620,#12622);
#12624=EDGE_CURVE('',#12619,#12610,#12623,.T.);
#12625=ORIENTED_EDGE('',*,*,#12624,.F.);
#12626=CARTESIAN_POINT('',(-6.300000000000001,-1.2,-0.375));
#12627=DIRECTION('',(1.0,0.0,0.0));
#12628=VECTOR('',#12627,0.500000000000001);
#12629=LINE('',#12626,#12628);
#12630=EDGE_CURVE('',#12545,#12619,#12629,.T.);
#12631=ORIENTED_EDGE('',*,*,#12630,.F.);
#12632=ORIENTED_EDGE('',*,*,#12550,.F.);
#12633=EDGE_LOOP('',(#12567,#12575,#12583,#12591,#12600,#12608,#12617,#12625,#12631,#12632));
#12634=FACE_OUTER_BOUND('',#12633,.T.);
#12635=ADVANCED_FACE('',(#12634),#12566,.F.);
#12636=CARTESIAN_POINT('',(-6.3,-4.286264E-016,0.0));
#12637=DIRECTION('',(0.0,1.0,0.0));
#12638=DIRECTION('',(0.0,0.0,1.0));
#12639=AXIS2_PLACEMENT_3D('',#12636,#12637,#12638);
#12640=PLANE('',#12639);
#12641=ORIENTED_EDGE('',*,*,#11338,.F.);
#12642=ORIENTED_EDGE('',*,*,#11689,.F.);
#12643=ORIENTED_EDGE('',*,*,#11405,.F.);
#12644=ORIENTED_EDGE('',*,*,#11706,.F.);
#12645=ORIENTED_EDGE('',*,*,#11561,.F.);
#12646=ORIENTED_EDGE('',*,*,#11830,.F.);
#12647=ORIENTED_EDGE('',*,*,#11494,.F.);
#12648=ORIENTED_EDGE('',*,*,#11813,.F.);
#12649=EDGE_LOOP('',(#12641,#12642,#12643,#12644,#12645,#12646,#12647,#12648));
#12650=FACE_OUTER_BOUND('',#12649,.T.);
#12651=ADVANCED_FACE('',(#12650),#12640,.T.);
#12652=CARTESIAN_POINT('',(-4.300000000000001,-4.286264E-016,0.0));
#12653=DIRECTION('',(1.0,0.0,0.0));
#12654=DIRECTION('',(0.0,0.0,-1.0));
#12655=AXIS2_PLACEMENT_3D('',#12652,#12653,#12654);
#12656=PLANE('',#12655);
#12657=ORIENTED_EDGE('',*,*,#11731,.T.);
#12658=ORIENTED_EDGE('',*,*,#12533,.T.);
#12659=CARTESIAN_POINT('',(-4.300000000000001,-1.2,0.375));
#12660=DIRECTION('',(0.0,0.0,-1.0));
#12661=VECTOR('',#12660,0.75);
#12662=LINE('',#12659,#12661);
#12663=EDGE_CURVE('',#12522,#12569,#12662,.T.);
#12664=ORIENTED_EDGE('',*,*,#12663,.T.);
#12665=ORIENTED_EDGE('',*,*,#12574,.T.);
#12666=EDGE_LOOP('',(#12657,#12658,#12664,#12665));
#12667=FACE_OUTER_BOUND('',#12666,.T.);
#12668=ADVANCED_FACE('',(#12667),#12656,.T.);
#12669=CARTESIAN_POINT('',(-4.300000000000001,-1.2,0.0));
#12670=DIRECTION('',(0.0,-1.0,0.0));
#12671=DIRECTION('',(0.0,0.0,-1.0));
#12672=AXIS2_PLACEMENT_3D('',#12669,#12670,#12671);
#12673=PLANE('',#12672);
#12674=ORIENTED_EDGE('',*,*,#12527,.T.);
#12675=CARTESIAN_POINT('',(-4.800000000000001,-1.200000000000001,0.375));
#12676=DIRECTION('',(0.0,0.0,-1.0));
#12677=VECTOR('',#12676,0.75);
#12678=LINE('',#12675,#12677);
#12679=EDGE_CURVE('',#12514,#12577,#12678,.T.);
#12680=ORIENTED_EDGE('',*,*,#12679,.T.);
#12681=ORIENTED_EDGE('',*,*,#12582,.T.);
#12682=ORIENTED_EDGE('',*,*,#12663,.F.);
#12683=EDGE_LOOP('',(#12674,#12680,#12681,#12682));
#12684=FACE_OUTER_BOUND('',#12683,.T.);
#12685=ADVANCED_FACE('',(#12684),#12673,.T.);
#12686=CARTESIAN_POINT('',(-4.800000000000001,-1.200000000000001,0.0));
#12687=DIRECTION('',(1.0,0.0,0.0));
#12688=DIRECTION('',(0.0,0.0,-1.0));
#12689=AXIS2_PLACEMENT_3D('',#12686,#12687,#12688);
#12690=PLANE('',#12689);
#12691=ORIENTED_EDGE('',*,*,#12519,.T.);
#12692=CARTESIAN_POINT('',(-4.800000000000001,-3.8,0.375));
#12693=DIRECTION('',(0.0,0.0,-1.0));
#12694=VECTOR('',#12693,0.75);
#12695=LINE('',#12692,#12694);
#12696=EDGE_CURVE('',#12505,#12585,#12695,.T.);
#12697=ORIENTED_EDGE('',*,*,#12696,.T.);
#12698=ORIENTED_EDGE('',*,*,#12590,.T.);
#12699=ORIENTED_EDGE('',*,*,#12679,.F.);
#12700=EDGE_LOOP('',(#12691,#12697,#12698,#12699));
#12701=FACE_OUTER_BOUND('',#12700,.T.);
#12702=ADVANCED_FACE('',(#12701),#12690,.T.);
#12703=CARTESIAN_POINT('',(-5.2,-3.8,0.0));
#12704=DIRECTION('',(0.0,0.0,1.0));
#12705=DIRECTION('',(0.0,1.0,0.0));
#12706=AXIS2_PLACEMENT_3D('',#12703,#12704,#12705);
#12707=CYLINDRICAL_SURFACE('',#12706,0.4);
#12708=ORIENTED_EDGE('',*,*,#12511,.T.);
#12709=CARTESIAN_POINT('',(-5.2,-4.2,0.375));
#12710=DIRECTION('',(0.0,0.0,-1.0));
#12711=VECTOR('',#12710,0.75);
#12712=LINE('',#12709,#12711);
#12713=EDGE_CURVE('',#12497,#12593,#12712,.T.);
#12714=ORIENTED_EDGE('',*,*,#12713,.T.);
#12715=ORIENTED_EDGE('',*,*,#12599,.T.);
#12716=ORIENTED_EDGE('',*,*,#12696,.F.);
#12717=EDGE_LOOP('',(#12708,#12714,#12715,#12716));
#12718=FACE_OUTER_BOUND('',#12717,.T.);
#12719=ADVANCED_FACE('',(#12718),#12707,.T.);
#12720=CARTESIAN_POINT('',(-5.2,-4.2,0.0));
#12721=DIRECTION('',(0.0,-1.0,0.0));
#12722=DIRECTION('',(0.0,0.0,-1.0));
#12723=AXIS2_PLACEMENT_3D('',#12720,#12721,#12722);
#12724=PLANE('',#12723);
#12725=ORIENTED_EDGE('',*,*,#12502,.T.);
#12726=CARTESIAN_POINT('',(-5.4,-4.199999999999999,0.375));
#12727=DIRECTION('',(0.0,0.0,-1.0));
#12728=VECTOR('',#12727,0.75);
#12729=LINE('',#12726,#12728);
#12730=EDGE_CURVE('',#12488,#12602,#12729,.T.);
#12731=ORIENTED_EDGE('',*,*,#12730,.T.);
#12732=ORIENTED_EDGE('',*,*,#12607,.T.);
#12733=ORIENTED_EDGE('',*,*,#12713,.F.);
#12734=EDGE_LOOP('',(#12725,#12731,#12732,#12733));
#12735=FACE_OUTER_BOUND('',#12734,.T.);
#12736=ADVANCED_FACE('',(#12735),#12724,.T.);
#12737=CARTESIAN_POINT('',(-5.4,-3.8,0.0));
#12738=DIRECTION('',(0.0,0.0,1.0));
#12739=DIRECTION('',(1.0,0.0,0.0));
#12740=AXIS2_PLACEMENT_3D('',#12737,#12738,#12739);
#12741=CYLINDRICAL_SURFACE('',#12740,0.4);
#12742=ORIENTED_EDGE('',*,*,#12494,.T.);
#12743=CARTESIAN_POINT('',(-5.8,-3.8,0.375));
#12744=DIRECTION('',(0.0,0.0,-1.0));
#12745=VECTOR('',#12744,0.75);
#12746=LINE('',#12743,#12745);
#12747=EDGE_CURVE('',#12480,#12610,#12746,.T.);
#12748=ORIENTED_EDGE('',*,*,#12747,.T.);
#12749=ORIENTED_EDGE('',*,*,#12616,.T.);
#12750=ORIENTED_EDGE('',*,*,#12730,.F.);
#12751=EDGE_LOOP('',(#12742,#12748,#12749,#12750));
#12752=FACE_OUTER_BOUND('',#12751,.T.);
#12753=ADVANCED_FACE('',(#12752),#12741,.T.);
#12754=CARTESIAN_POINT('',(-5.8,-3.8,0.0));
#12755=DIRECTION('',(-1.0,0.0,0.0));
#12756=DIRECTION('',(0.0,0.0,1.0));
#12757=AXIS2_PLACEMENT_3D('',#12754,#12755,#12756);
#12758=PLANE('',#12757);
#12759=ORIENTED_EDGE('',*,*,#12485,.T.);
#12760=CARTESIAN_POINT('',(-5.8,-1.200000000000001,-0.375));
#12761=DIRECTION('',(0.0,0.0,1.0));
#12762=VECTOR('',#12761,0.75);
#12763=LINE('',#12760,#12762);
#12764=EDGE_CURVE('',#12619,#12472,#12763,.T.);
#12765=ORIENTED_EDGE('',*,*,#12764,.F.);
#12766=ORIENTED_EDGE('',*,*,#12624,.T.);
#12767=ORIENTED_EDGE('',*,*,#12747,.F.);
#12768=EDGE_LOOP('',(#12759,#12765,#12766,#12767));
#12769=FACE_OUTER_BOUND('',#12768,.T.);
#12770=ADVANCED_FACE('',(#12769),#12758,.T.);
#12771=CARTESIAN_POINT('',(-5.8,-1.200000000000001,0.0));
#12772=DIRECTION('',(0.0,-1.0,0.0));
#12773=DIRECTION('',(0.0,0.0,-1.0));
#12774=AXIS2_PLACEMENT_3D('',#12771,#12772,#12773);
#12775=PLANE('',#12774);
#12776=ORIENTED_EDGE('',*,*,#12477,.T.);
#12777=ORIENTED_EDGE('',*,*,#12556,.T.);
#12778=ORIENTED_EDGE('',*,*,#12630,.T.);
#12779=ORIENTED_EDGE('',*,*,#12764,.T.);
#12780=EDGE_LOOP('',(#12776,#12777,#12778,#12779));
#12781=FACE_OUTER_BOUND('',#12780,.T.);
#12782=ADVANCED_FACE('',(#12781),#12775,.T.);
#12783=CLOSED_SHELL('',(#11323,#11355,#11390,#11422,#11444,#11479,#11511,#11546,#11578,#11616,#11638,#11676,#11693,#11710,#11802,#11819,#11836,#11917,#11941,#12015,#12032,#12049,#12066,#12083,#12100,#12117,#12134,#12146,#12227,#12251,#12325,#12342,#12359,#12376,#12393,#12410,#12427,#12444,#12456,#12537,#12561,#12635,#12651,#12668,#12685,#12702,#12719,#12736,#12753,#12770,#12782));
#12784=MANIFOLD_SOLID_BREP('Solid1',#12783);
#12785=STYLED_ITEM('',(#9708),#11323);
#12786=STYLED_ITEM('',(#9708),#11355);
#12787=STYLED_ITEM('',(#9708),#11390);
#12788=STYLED_ITEM('',(#9708),#11422);
#12789=STYLED_ITEM('',(#9708),#11444);
#12790=STYLED_ITEM('',(#9708),#11479);
#12791=STYLED_ITEM('',(#9708),#11511);
#12792=STYLED_ITEM('',(#9708),#11546);
#12793=STYLED_ITEM('',(#9708),#11578);
#12794=STYLED_ITEM('',(#9708),#11616);
#12795=STYLED_ITEM('',(#9708),#11638);
#12796=STYLED_ITEM('',(#9708),#11676);
#12797=STYLED_ITEM('',(#9708),#11693);
#12798=STYLED_ITEM('',(#9708),#11710);
#12799=STYLED_ITEM('',(#9708),#11802);
#12800=STYLED_ITEM('',(#9708),#11819);
#12801=STYLED_ITEM('',(#9708),#11836);
#12802=MECHANICAL_DESIGN_GEOMETRIC_PRESENTATION_REPRESENTATION('',(#12785,#12786,#12787,#12788,#12789,#12790,#12791,#12792,#12793,#12794,#12795,#12796,#12797,#12798,#12799,#12800,#12801),#11288);
#12803=COLOUR_RGB('Si Nitride (Polished)',0.784313976764679,0.776471018791199,0.741176009178162);
#12804=FILL_AREA_STYLE_COLOUR('Si Nitride (Polished)',#12803);
#12805=FILL_AREA_STYLE('Si Nitride (Polished)',(#12804));
#12806=SURFACE_STYLE_FILL_AREA(#12805);
#12807=SURFACE_SIDE_STYLE('Si Nitride (Polished)',(#12806));
#12808=SURFACE_STYLE_USAGE(.BOTH.,#12807);
#12809=PRESENTATION_STYLE_ASSIGNMENT((#12808));
#12810=STYLED_ITEM('',(#12809),#9701);
#12811=STYLED_ITEM('',(#12809),#11246);
#12812=STYLED_ITEM('',(#12809),#12784);
#12813=ADVANCED_BREP_SHAPE_REPRESENTATION('ABSR',(#9701,#11246,#12784),#8174);
#12814=SHAPE_REPRESENTATION_RELATIONSHIP('SRR','None',#12813,#8179);
#12815=AXIS2_PLACEMENT_3D('',#12816,#12817,#12818);
#12816=CARTESIAN_POINT('',(0.0,0.0,0.0));
#12817=DIRECTION('',(0.0,-1.0,0.0));
#12818=DIRECTION('',(1.0,0.0,0.0));
#12819=NEXT_ASSEMBLY_USAGE_OCCURRENCE('FS5700 3P M2 Terminal:1','FS5700 3P M2 Terminal:1','FS5700 3P M2 Terminal:1',#12,#8150,'FS5700 3P M2 Terminal:1');
#12820=PRODUCT_DEFINITION_SHAPE('FS5700 3P M2 Terminal:1','FS5700 3P M2 Terminal:1',#12819);
#12821=ITEM_DEFINED_TRANSFORMATION('FS5700 3P M2 Terminal:1','FS5700 3P M2 Terminal:1',#8175,#12815);
#12825=(REPRESENTATION_RELATIONSHIP('FS5700 3P M2 Terminal:1','FS5700 3P M2 Terminal:1',#8179,#41)REPRESENTATION_RELATIONSHIP_WITH_TRANSFORMATION(#12821)SHAPE_REPRESENTATION_RELATIONSHIP());
#12826=CONTEXT_DEPENDENT_SHAPE_REPRESENTATION(#12825,#12820);
#12827=APPLICATION_CONTEXT('automotive design');
#12828=APPLICATION_PROTOCOL_DEFINITION('International Standard','automotive_design',2001,#12827);
#12829=PRODUCT_CONTEXT('',#12827,'mechanical');
#12830=PRODUCT('FS5700 3P Bushing','FS5700 3P Bushing',$,(#12829));
#12831=PRODUCT_RELATED_PRODUCT_CATEGORY('part',$,(#12830));
#12832=PRODUCT_DEFINITION_FORMATION('',$,#12830);
#12833=PRODUCT_DEFINITION_CONTEXT('part definition',#12827,'design');
#12834=PRODUCT_DEFINITION('',$,#12832,#12833);
#12840=(NAMED_UNIT(*)PLANE_ANGLE_UNIT()SI_UNIT($,.RADIAN.));
#12841=DIMENSIONAL_EXPONENTS(0.0,0.0,0.0,0.0,0.0,0.0,0.0);
#12842=PLANE_ANGLE_MEASURE_WITH_UNIT(PLANE_ANGLE_MEASURE(0.0174532925),#12840);
#12846=(CONVERSION_BASED_UNIT('DEGREE',#12842)NAMED_UNIT(#12841)PLANE_ANGLE_UNIT());
#12850=(NAMED_UNIT(*)SI_UNIT($,.STERADIAN.)SOLID_ANGLE_UNIT());
#12854=(LENGTH_UNIT()NAMED_UNIT(*)SI_UNIT(.MILLI.,.METRE.));
#12856=UNCERTAINTY_MEASURE_WITH_UNIT(LENGTH_MEASURE(0.01),#12854,'DISTANCE_ACCURACY_VALUE','');
#12858=(GEOMETRIC_REPRESENTATION_CONTEXT(3)GLOBAL_UNCERTAINTY_ASSIGNED_CONTEXT((#12856))GLOBAL_UNIT_ASSIGNED_CONTEXT((#12846,#12850,#12854))REPRESENTATION_CONTEXT('None','None'));
#12859=AXIS2_PLACEMENT_3D('',#12860,#12861,#12862);
#12860=CARTESIAN_POINT('',(0.0,0.0,0.0));
#12861=DIRECTION('',(0.0,0.0,1.0));
#12862=DIRECTION('',(1.0,0.0,0.0));
#12863=SHAPE_REPRESENTATION('',(#12859),#12858);
#12864=PRODUCT_DEFINITION_SHAPE('','',#12834);
#12865=SHAPE_DEFINITION_REPRESENTATION(#12864,#12863);
#12871=(NAMED_UNIT(*)PLANE_ANGLE_UNIT()SI_UNIT($,.RADIAN.));
#12872=DIMENSIONAL_EXPONENTS(0.0,0.0,0.0,0.0,0.0,0.0,0.0);
#12873=PLANE_ANGLE_MEASURE_WITH_UNIT(PLANE_ANGLE_MEASURE(0.0174532925),#12871);
#12877=(CONVERSION_BASED_UNIT('DEGREE',#12873)NAMED_UNIT(#12872)PLANE_ANGLE_UNIT());
#12881=(NAMED_UNIT(*)SI_UNIT($,.STERADIAN.)SOLID_ANGLE_UNIT());
#12885=(LENGTH_UNIT()NAMED_UNIT(*)SI_UNIT(.MILLI.,.METRE.));
#12887=UNCERTAINTY_MEASURE_WITH_UNIT(LENGTH_MEASURE(0.000001),#12885,'DISTANCE_ACCURACY_VALUE','');
#12889=(GEOMETRIC_REPRESENTATION_CONTEXT(3)GLOBAL_UNCERTAINTY_ASSIGNED_CONTEXT((#12887))GLOBAL_UNIT_ASSIGNED_CONTEXT((#12877,#12881,#12885))REPRESENTATION_CONTEXT('','3D'));
#12890=CARTESIAN_POINT('',(-1.0,11.500000000000002,5.0));
#12891=DIRECTION('',(-1.0,0.0,0.0));
#12892=DIRECTION('',(0.0,0.0,1.0));
#12893=AXIS2_PLACEMENT_3D('',#12890,#12891,#12892);
#12894=PLANE('',#12893);
#12895=CARTESIAN_POINT('',(-1.0,0.999999999999999,5.916079783099617));
#12896=VERTEX_POINT('',#12895);
#12897=CARTESIAN_POINT('',(-1.0,11.0,5.916079783099617));
#12898=VERTEX_POINT('',#12897);
#12899=CARTESIAN_POINT('',(-1.0,0.999999999999998,5.916079783099617));
#12900=DIRECTION('',(0.0,1.0,0.0));
#12901=VECTOR('',#12900,10.000000000000002);
#12902=LINE('',#12899,#12901);
#12903=EDGE_CURVE('',#12896,#12898,#12902,.T.);
#12904=ORIENTED_EDGE('',*,*,#12903,.F.);
#12905=CARTESIAN_POINT('',(-1.0,0.999999999999999,5.0));
#12906=VERTEX_POINT('',#12905);
#12907=CARTESIAN_POINT('',(-1.0,0.999999999999999,5.916079783099617));
#12908=DIRECTION('',(0.0,0.0,-1.0));
#12909=VECTOR('',#12908,0.916079783099617);
#12910=LINE('',#12907,#12909);
#12911=EDGE_CURVE('',#12896,#12906,#12910,.T.);
#12912=ORIENTED_EDGE('',*,*,#12911,.T.);
#12913=CARTESIAN_POINT('',(-1.0,11.500000000000002,5.0));
#12914=VERTEX_POINT('',#12913);
#12915=CARTESIAN_POINT('',(-1.0,11.500000000000002,5.0));
#12916=DIRECTION('',(0.0,-1.0,0.0));
#12917=VECTOR('',#12916,10.500000000000004);
#12918=LINE('',#12915,#12917);
#12919=EDGE_CURVE('',#12914,#12906,#12918,.T.);
#12920=ORIENTED_EDGE('',*,*,#12919,.F.);
#12921=CARTESIAN_POINT('',(-1.0,11.500000000000002,5.408326913195984));
#12922=VERTEX_POINT('',#12921);
#12923=CARTESIAN_POINT('',(-1.0,11.500000000000002,5.408326913195984));
#12924=DIRECTION('',(0.0,0.0,-1.0));
#12925=VECTOR('',#12924,0.408326913195983);
#12926=LINE('',#12923,#12925);
#12927=EDGE_CURVE('',#12922,#12914,#12926,.T.);
#12928=ORIENTED_EDGE('',*,*,#12927,.F.);
#12929=CARTESIAN_POINT('',(-1.0,11.0,5.916079783099615));
#12930=CARTESIAN_POINT('',(-1.0,11.261209259830597,5.651165242315281));
#12931=CARTESIAN_POINT('',(-1.0,11.500000000000002,5.408326913195984));
#12939=(BOUNDED_CURVE()B_SPLINE_CURVE(2,(#12929,#12930,#12931),.UNSPECIFIED.,.F.,.U.)B_SPLINE_CURVE_WITH_KNOTS((3,3),(0.0,0.071261001646418),.UNSPECIFIED.)CURVE()GEOMETRIC_REPRESENTATION_ITEM()RATIONAL_B_SPLINE_CURVE((1.0,1.000976145697657,1.0))REPRESENTATION_ITEM(''));
#12940=EDGE_CURVE('',#12898,#12922,#12939,.T.);
#12941=ORIENTED_EDGE('',*,*,#12940,.F.);
#12942=EDGE_LOOP('',(#12904,#12912,#12920,#12928,#12941));
#12943=FACE_OUTER_BOUND('',#12942,.T.);
#12944=ADVANCED_FACE('',(#12943),#12894,.F.);
#12945=CARTESIAN_POINT('',(1.0,11.500000000000002,5.0));
#12946=DIRECTION('',(0.0,0.0,-1.0));
#12947=DIRECTION('',(-1.0,0.0,0.0));
#12948=AXIS2_PLACEMENT_3D('',#12945,#12946,#12947);
#12949=PLANE('',#12948);
#12950=CARTESIAN_POINT('',(1.0,0.999999999999999,5.0));
#12951=VERTEX_POINT('',#12950);
#12952=CARTESIAN_POINT('',(-1.0,0.999999999999999,5.0));
#12953=DIRECTION('',(1.0,0.0,0.0));
#12954=VECTOR('',#12953,2.0);
#12955=LINE('',#12952,#12954);
#12956=EDGE_CURVE('',#12906,#12951,#12955,.T.);
#12957=ORIENTED_EDGE('',*,*,#12956,.T.);
#12958=CARTESIAN_POINT('',(1.0,11.500000000000002,5.0));
#12959=VERTEX_POINT('',#12958);
#12960=CARTESIAN_POINT('',(1.0,11.500000000000002,5.0));
#12961=DIRECTION('',(0.0,-1.0,0.0));
#12962=VECTOR('',#12961,10.500000000000004);
#12963=LINE('',#12960,#12962);
#12964=EDGE_CURVE('',#12959,#12951,#12963,.T.);
#12965=ORIENTED_EDGE('',*,*,#12964,.F.);
#12966=CARTESIAN_POINT('',(-1.0,11.500000000000002,5.0));
#12967=DIRECTION('',(1.0,0.0,0.0));
#12968=VECTOR('',#12967,2.0);
#12969=LINE('',#12966,#12968);
#12970=EDGE_CURVE('',#12914,#12959,#12969,.T.);
#12971=ORIENTED_EDGE('',*,*,#12970,.F.);
#12972=ORIENTED_EDGE('',*,*,#12919,.T.);
#12973=EDGE_LOOP('',(#12957,#12965,#12971,#12972));
#12974=FACE_OUTER_BOUND('',#12973,.T.);
#12975=ADVANCED_FACE('',(#12974),#12949,.F.);
#12976=CARTESIAN_POINT('',(1.0,11.500000000000002,6.5));
#12977=DIRECTION('',(1.0,0.0,0.0));
#12978=DIRECTION('',(0.0,0.0,-1.0));
#12979=AXIS2_PLACEMENT_3D('',#12976,#12977,#12978);
#12980=PLANE('',#12979);
#12981=CARTESIAN_POINT('',(1.0,11.0,5.916079783099617));
#12982=VERTEX_POINT('',#12981);
#12983=CARTESIAN_POINT('',(1.0,0.999999999999999,5.916079783099617));
#12984=VERTEX_POINT('',#12983);
#12985=CARTESIAN_POINT('',(1.0,11.0,5.916079783099617));
#12986=DIRECTION('',(0.0,-1.0,0.0));
#12987=VECTOR('',#12986,10.000000000000002);
#12988=LINE('',#12985,#12987);
#12989=EDGE_CURVE('',#12982,#12984,#12988,.T.);
#12990=ORIENTED_EDGE('',*,*,#12989,.F.);
#12991=CARTESIAN_POINT('',(1.0,11.500000000000002,5.408326913195984));
#12992=VERTEX_POINT('',#12991);
#12993=CARTESIAN_POINT('',(1.0,11.500000000000002,5.408326913195984));
#12994=CARTESIAN_POINT('',(1.0,11.261209259830597,5.651165242315281));
#12995=CARTESIAN_POINT('',(1.0,11.0,5.916079783099615));
#13003=(BOUNDED_CURVE()B_SPLINE_CURVE(2,(#12993,#12994,#12995),.UNSPECIFIED.,.F.,.U.)B_SPLINE_CURVE_WITH_KNOTS((3,3),(0.0,0.071261001646418),.UNSPECIFIED.)CURVE()GEOMETRIC_REPRESENTATION_ITEM()RATIONAL_B_SPLINE_CURVE((1.0,1.000976145697657,1.0))REPRESENTATION_ITEM(''));
#13004=EDGE_CURVE('',#12992,#12982,#13003,.T.);
#13005=ORIENTED_EDGE('',*,*,#13004,.F.);
#13006=CARTESIAN_POINT('',(1.0,11.500000000000002,5.0));
#13007=DIRECTION('',(0.0,0.0,1.0));
#13008=VECTOR('',#13007,0.408326913195983);
#13009=LINE('',#13006,#13008);
#13010=EDGE_CURVE('',#12959,#12992,#13009,.T.);
#13011=ORIENTED_EDGE('',*,*,#13010,.F.);
#13012=ORIENTED_EDGE('',*,*,#12964,.T.);
#13013=CARTESIAN_POINT('',(1.0,0.999999999999999,5.0));
#13014=DIRECTION('',(0.0,0.0,1.0));
#13015=VECTOR('',#13014,0.916079783099617);
#13016=LINE('',#13013,#13015);
#13017=EDGE_CURVE('',#12951,#12984,#13016,.T.);
#13018=ORIENTED_EDGE('',*,*,#13017,.T.);
#13019=EDGE_LOOP('',(#12990,#13005,#13011,#13012,#13018));
#13020=FACE_OUTER_BOUND('',#13019,.T.);
#13021=ADVANCED_FACE('',(#13020),#12980,.F.);
#13022=CARTESIAN_POINT('',(6.050000000000001,1.0,0.0));
#13023=DIRECTION('',(0.0,1.0,0.0));
#13024=DIRECTION('',(0.0,0.0,1.0));
#13025=AXIS2_PLACEMENT_3D('',#13022,#13023,#13024);
#13026=PLANE('',#13025);
#13027=CARTESIAN_POINT('',(6.1,1.0,0.0));
#13028=VERTEX_POINT('',#13027);
#13029=CARTESIAN_POINT('',(0.0,1.0,0.0));
#13030=DIRECTION('',(0.0,-1.0,0.0));
#13031=DIRECTION('',(1.0,0.0,0.0));
#13032=AXIS2_PLACEMENT_3D('',#13029,#13030,#13031);
#13033=CIRCLE('',#13032,6.1);
#13034=EDGE_CURVE('',#13028,#13028,#13033,.T.);
#13035=ORIENTED_EDGE('',*,*,#13034,.F.);
#13036=EDGE_LOOP('',(#13035));
#13037=FACE_OUTER_BOUND('',#13036,.T.);
#13038=CARTESIAN_POINT('',(0.0,0.999999999999999,0.0));
#13039=DIRECTION('',(0.0,-1.0,0.0));
#13040=DIRECTION('',(1.0,0.0,0.0));
#13041=AXIS2_PLACEMENT_3D('',#13038,#13039,#13040);
#13042=CIRCLE('',#13041,6.000000000000002);
#13043=EDGE_CURVE('',#12896,#12984,#13042,.T.);
#13044=ORIENTED_EDGE('',*,*,#13043,.T.);
#13045=ORIENTED_EDGE('',*,*,#13017,.F.);
#13046=ORIENTED_EDGE('',*,*,#12956,.F.);
#13047=ORIENTED_EDGE('',*,*,#12911,.F.);
#13048=EDGE_LOOP('',(#13044,#13045,#13046,#13047));
#13049=FACE_BOUND('',#13048,.T.);
#13050=ADVANCED_FACE('',(#13037,#13049),#13026,.T.);
#13051=CARTESIAN_POINT('',(3.0,11.500000000000002,0.0));
#13052=DIRECTION('',(0.0,1.0,0.0));
#13053=DIRECTION('',(0.0,0.0,1.0));
#13054=AXIS2_PLACEMENT_3D('',#13051,#13052,#13053);
#13055=PLANE('',#13054);
#13056=ORIENTED_EDGE('',*,*,#12927,.T.);
#13057=ORIENTED_EDGE('',*,*,#12970,.T.);
#13058=ORIENTED_EDGE('',*,*,#13010,.T.);
#13059=CARTESIAN_POINT('',(0.0,11.500000000000002,0.0));
#13060=DIRECTION('',(0.0,-1.0,0.0));
#13061=DIRECTION('',(-1.0,0.0,0.0));
#13062=AXIS2_PLACEMENT_3D('',#13059,#13060,#13061);
#13063=CIRCLE('',#13062,5.5);
#13064=EDGE_CURVE('',#12922,#12992,#13063,.T.);
#13065=ORIENTED_EDGE('',*,*,#13064,.F.);
#13066=EDGE_LOOP('',(#13056,#13057,#13058,#13065));
#13067=FACE_OUTER_BOUND('',#13066,.T.);
#13068=CARTESIAN_POINT('',(3.5,11.500000000000002,4.286264E-016));
#13069=VERTEX_POINT('',#13068);
#13070=CARTESIAN_POINT('',(0.0,11.500000000000002,0.0));
#13071=DIRECTION('',(0.0,-1.0,0.0));
#13072=DIRECTION('',(-1.0,0.0,0.0));
#13073=AXIS2_PLACEMENT_3D('',#13070,#13071,#13072);
#13074=CIRCLE('',#13073,3.5);
#13075=EDGE_CURVE('',#13069,#13069,#13074,.T.);
#13076=ORIENTED_EDGE('',*,*,#13075,.T.);
#13077=EDGE_LOOP('',(#13076));
#13078=FACE_BOUND('',#13077,.T.);
#13079=ADVANCED_FACE('',(#13067,#13078),#13055,.T.);
#13080=CARTESIAN_POINT('',(0.0,11.25,0.0));
#13081=DIRECTION('',(0.0,-1.0,0.0));
#13082=DIRECTION('',(-1.0,0.0,0.0));
#13083=AXIS2_PLACEMENT_3D('',#13080,#13081,#13082);
#13084=CONICAL_SURFACE('',#13083,5.750000000000001,44.999999999999993);
#13085=ORIENTED_EDGE('',*,*,#12940,.T.);
#13086=ORIENTED_EDGE('',*,*,#13064,.T.);
#13087=ORIENTED_EDGE('',*,*,#13004,.T.);
#13088=CARTESIAN_POINT('',(0.0,11.0,0.0));
#13089=DIRECTION('',(0.0,1.0,0.0));
#13090=DIRECTION('',(-1.0,0.0,0.0));
#13091=AXIS2_PLACEMENT_3D('',#13088,#13089,#13090);
#13092=CIRCLE('',#13091,6.000000000000001);
#13093=EDGE_CURVE('',#12982,#12898,#13092,.T.);
#13094=ORIENTED_EDGE('',*,*,#13093,.T.);
#13095=EDGE_LOOP('',(#13085,#13086,#13087,#13094));
#13096=FACE_OUTER_BOUND('',#13095,.T.);
#13097=ADVANCED_FACE('',(#13096),#13084,.T.);
#13098=CARTESIAN_POINT('',(0.0,10.5,0.0));
#13099=DIRECTION('',(0.0,1.0,0.0));
#13100=DIRECTION('',(-1.0,0.0,0.0));
#13101=AXIS2_PLACEMENT_3D('',#13098,#13099,#13100);
#13102=CYLINDRICAL_SURFACE('',#13101,3.5);
#13103=ORIENTED_EDGE('',*,*,#13075,.F.);
#13104=EDGE_LOOP('',(#13103));
#13105=FACE_OUTER_BOUND('',#13104,.T.);
#13106=CARTESIAN_POINT('',(3.5,10.5,4.286264E-016));
#13107=VERTEX_POINT('',#13106);
#13108=CARTESIAN_POINT('',(0.0,10.5,0.0));
#13109=DIRECTION('',(0.0,1.0,0.0));
#13110=DIRECTION('',(-1.0,0.0,0.0));
#13111=AXIS2_PLACEMENT_3D('',#13108,#13109,#13110);
#13112=CIRCLE('',#13111,3.5);
#13113=EDGE_CURVE('',#13107,#13107,#13112,.T.);
#13114=ORIENTED_EDGE('',*,*,#13113,.F.);
#13115=EDGE_LOOP('',(#13114));
#13116=FACE_BOUND('',#13115,.T.);
#13117=ADVANCED_FACE('',(#13105,#13116),#13102,.F.);
#13118=CARTESIAN_POINT('',(0.0,6.25,0.0));
#13119=DIRECTION('',(0.0,-1.0,0.0));
#13120=DIRECTION('',(1.0,0.0,0.0));
#13121=AXIS2_PLACEMENT_3D('',#13118,#13119,#13120);
#13122=CYLINDRICAL_SURFACE('',#13121,6.000000000000001);
#13123=ORIENTED_EDGE('',*,*,#12903,.T.);
#13124=ORIENTED_EDGE('',*,*,#13093,.F.);
#13125=ORIENTED_EDGE('',*,*,#12989,.T.);
#13126=ORIENTED_EDGE('',*,*,#13043,.F.);
#13127=EDGE_LOOP('',(#13123,#13124,#13125,#13126));
#13128=FACE_OUTER_BOUND('',#13127,.T.);
#13129=ADVANCED_FACE('',(#13128),#13122,.T.);
#13130=CARTESIAN_POINT('',(0.0,0.0,0.0));
#13131=DIRECTION('',(0.0,1.0,0.0));
#13132=DIRECTION('',(-1.0,0.0,0.0));
#13133=AXIS2_PLACEMENT_3D('',#13130,#13131,#13132);
#13134=CYLINDRICAL_SURFACE('',#13133,4.5);
#13135=CARTESIAN_POINT('',(4.5,10.5,5.510911E-016));
#13136=VERTEX_POINT('',#13135);
#13137=CARTESIAN_POINT('',(0.0,10.5,0.0));
#13138=DIRECTION('',(0.0,-1.0,0.0));
#13139=DIRECTION('',(-1.0,0.0,0.0));
#13140=AXIS2_PLACEMENT_3D('',#13137,#13138,#13139);
#13141=CIRCLE('',#13140,4.5);
#13142=EDGE_CURVE('',#13136,#13136,#13141,.T.);
#13143=ORIENTED_EDGE('',*,*,#13142,.F.);
#13144=EDGE_LOOP('',(#13143));
#13145=FACE_OUTER_BOUND('',#13144,.T.);
#13146=CARTESIAN_POINT('',(4.5,0.0,0.0));
#13147=VERTEX_POINT('',#13146);
#13148=CARTESIAN_POINT('',(0.0,0.0,0.0));
#13149=DIRECTION('',(0.0,-1.0,0.0));
#13150=DIRECTION('',(1.0,0.0,0.0));
#13151=AXIS2_PLACEMENT_3D('',#13148,#13149,#13150);
#13152=CIRCLE('',#13151,4.5);
#13153=EDGE_CURVE('',#13147,#13147,#13152,.T.);
#13154=ORIENTED_EDGE('',*,*,#13153,.T.);
#13155=EDGE_LOOP('',(#13154));
#13156=FACE_BOUND('',#13155,.T.);
#13157=ADVANCED_FACE('',(#13145,#13156),#13134,.F.);
#13158=CARTESIAN_POINT('',(0.0,10.5,0.0));
#13159=DIRECTION('',(0.0,1.0,0.0));
#13160=DIRECTION('',(0.0,0.0,1.0));
#13161=AXIS2_PLACEMENT_3D('',#13158,#13159,#13160);
#13162=PLANE('',#13161);
#13163=ORIENTED_EDGE('',*,*,#13142,.T.);
#13164=EDGE_LOOP('',(#13163));
#13165=FACE_OUTER_BOUND('',#13164,.T.);
#13166=ORIENTED_EDGE('',*,*,#13113,.T.);
#13167=EDGE_LOOP('',(#13166));
#13168=FACE_BOUND('',#13167,.T.);
#13169=ADVANCED_FACE('',(#13165,#13168),#13162,.F.);
#13170=CARTESIAN_POINT('',(0.0,0.5,0.0));
#13171=DIRECTION('',(0.0,-1.0,0.0));
#13172=DIRECTION('',(1.0,0.0,0.0));
#13173=AXIS2_PLACEMENT_3D('',#13170,#13171,#13172);
#13174=CYLINDRICAL_SURFACE('',#13173,6.1);
#13175=CARTESIAN_POINT('',(6.1,0.0,0.0));
#13176=VERTEX_POINT('',#13175);
#13177=CARTESIAN_POINT('',(0.0,0.0,0.0));
#13178=DIRECTION('',(0.0,-1.0,0.0));
#13179=DIRECTION('',(1.0,0.0,0.0));
#13180=AXIS2_PLACEMENT_3D('',#13177,#13178,#13179);
#13181=CIRCLE('',#13180,6.1);
#13182=EDGE_CURVE('',#13176,#13176,#13181,.T.);
#13183=ORIENTED_EDGE('',*,*,#13182,.F.);
#13184=EDGE_LOOP('',(#13183));
#13185=FACE_OUTER_BOUND('',#13184,.T.);
#13186=ORIENTED_EDGE('',*,*,#13034,.T.);
#13187=EDGE_LOOP('',(#13186));
#13188=FACE_BOUND('',#13187,.T.);
#13189=ADVANCED_FACE('',(#13185,#13188),#13174,.T.);
#13190=CARTESIAN_POINT('',(5.949999999999999,-8.239937E-017,0.0));
#13191=DIRECTION('',(0.0,-1.0,0.0));
#13192=DIRECTION('',(0.0,0.0,-1.0));
#13193=AXIS2_PLACEMENT_3D('',#13190,#13191,#13192);
#13194=PLANE('',#13193);
#13195=ORIENTED_EDGE('',*,*,#13182,.T.);
#13196=EDGE_LOOP('',(#13195));
#13197=FACE_OUTER_BOUND('',#13196,.T.);
#13198=CARTESIAN_POINT('',(5.8,-1.647987E-016,0.0));
#13199=VERTEX_POINT('',#13198);
#13200=CARTESIAN_POINT('',(0.0,-1.647987E-016,0.0));
#13201=DIRECTION('',(0.0,-1.0,0.0));
#13202=DIRECTION('',(1.0,0.0,0.0));
#13203=AXIS2_PLACEMENT_3D('',#13200,#13201,#13202);
#13204=CIRCLE('',#13203,5.8);
#13205=EDGE_CURVE('',#13199,#13199,#13204,.T.);
#13206=ORIENTED_EDGE('',*,*,#13205,.F.);
#13207=EDGE_LOOP('',(#13206));
#13208=FACE_BOUND('',#13207,.T.);
#13209=ADVANCED_FACE('',(#13197,#13208),#13194,.T.);
#13210=CARTESIAN_POINT('',(0.0,-0.225968516503599,0.0));
#13211=DIRECTION('',(0.0,-1.0,0.0));
#13212=DIRECTION('',(1.0,0.0,0.0));
#13213=AXIS2_PLACEMENT_3D('',#13210,#13211,#13212);
#13214=CYLINDRICAL_SURFACE('',#13213,5.8);
#13215=CARTESIAN_POINT('',(5.8,-0.451937033007198,0.0));
#13216=VERTEX_POINT('',#13215);
#13217=CARTESIAN_POINT('',(0.0,-0.451937033007198,0.0));
#13218=DIRECTION('',(0.0,-1.0,0.0));
#13219=DIRECTION('',(1.0,0.0,0.0));
#13220=AXIS2_PLACEMENT_3D('',#13217,#13218,#13219);
#13221=CIRCLE('',#13220,5.8);
#13222=EDGE_CURVE('',#13216,#13216,#13221,.T.);
#13223=ORIENTED_EDGE('',*,*,#13222,.F.);
#13224=EDGE_LOOP('',(#13223));
#13225=FACE_OUTER_BOUND('',#13224,.T.);
#13226=ORIENTED_EDGE('',*,*,#13205,.T.);
#13227=EDGE_LOOP('',(#13226));
#13228=FACE_BOUND('',#13227,.T.);
#13229=ADVANCED_FACE('',(#13225,#13228),#13214,.T.);
#13230=CARTESIAN_POINT('',(0.0,-1.656884885851946,0.0));
#13231=DIRECTION('',(0.0,-1.0,0.0));
#13232=DIRECTION('',(1.0,0.0,0.0));
#13233=AXIS2_PLACEMENT_3D('',#13230,#13231,#13232);
#13234=CONICAL_SURFACE('',#13233,7.004308111412501,44.9847859738734);
#13235=CARTESIAN_POINT('',(8.208616222825002,-2.861832738696694,0.0));
#13236=VERTEX_POINT('',#13235);
#13237=CARTESIAN_POINT('',(0.0,-2.861832738696694,0.0));
#13238=DIRECTION('',(0.0,-1.0,0.0));
#13239=DIRECTION('',(1.0,0.0,0.0));
#13240=AXIS2_PLACEMENT_3D('',#13237,#13238,#13239);
#13241=CIRCLE('',#13240,8.208616222825002);
#13242=EDGE_CURVE('',#13236,#13236,#13241,.T.);
#13243=ORIENTED_EDGE('',*,*,#13242,.F.);
#13244=EDGE_LOOP('',(#13243));
#13245=FACE_OUTER_BOUND('',#13244,.T.);
#13246=ORIENTED_EDGE('',*,*,#13222,.T.);
#13247=EDGE_LOOP('',(#13246));
#13248=FACE_BOUND('',#13247,.T.);
#13249=ADVANCED_FACE('',(#13245,#13248),#13234,.T.);
#13250=CARTESIAN_POINT('',(0.0,-3.073908437127155,0.0));
#13251=DIRECTION('',(0.0,1.0,0.0));
#13252=DIRECTION('',(1.0,0.0,0.0));
#13253=AXIS2_PLACEMENT_3D('',#13250,#13251,#13252);
#13254=CONICAL_SURFACE('',#13253,7.996427867500699,45.015214026126635);
#13255=CARTESIAN_POINT('',(7.784239512176398,-3.285984135557618,0.0));
#13256=VERTEX_POINT('',#13255);
#13257=CARTESIAN_POINT('',(0.0,-3.285984135557618,0.0));
#13258=DIRECTION('',(0.0,-1.0,0.0));
#13259=DIRECTION('',(1.0,0.0,0.0));
#13260=AXIS2_PLACEMENT_3D('',#13257,#13258,#13259);
#13261=CIRCLE('',#13260,7.784239512176398);
#13262=EDGE_CURVE('',#13256,#13256,#13261,.T.);
#13263=ORIENTED_EDGE('',*,*,#13262,.F.);
#13264=EDGE_LOOP('',(#13263));
#13265=FACE_OUTER_BOUND('',#13264,.T.);
#13266=ORIENTED_EDGE('',*,*,#13242,.T.);
#13267=EDGE_LOOP('',(#13266));
#13268=FACE_BOUND('',#13267,.T.);
#13269=ADVANCED_FACE('',(#13265,#13268),#13254,.T.);
#13270=CARTESIAN_POINT('',(0.0,-1.642992067778809,0.0));
#13271=DIRECTION('',(0.0,-1.0,0.0));
#13272=DIRECTION('',(1.0,0.0,0.0));
#13273=AXIS2_PLACEMENT_3D('',#13270,#13271,#13272);
#13274=CONICAL_SURFACE('',#13273,6.142119756088199,44.984785973873379);
#13275=ORIENTED_EDGE('',*,*,#13153,.F.);
#13276=EDGE_LOOP('',(#13275));
#13277=FACE_OUTER_BOUND('',#13276,.T.);
#13278=ORIENTED_EDGE('',*,*,#13262,.T.);
#13279=EDGE_LOOP('',(#13278));
#13280=FACE_BOUND('',#13279,.T.);
#13281=ADVANCED_FACE('',(#13277,#13280),#13274,.F.);
#13282=CLOSED_SHELL('',(#12944,#12975,#13021,#13050,#13079,#13097,#13117,#13129,#13157,#13169,#13189,#13209,#13229,#13249,#13269,#13281));
#13283=MANIFOLD_SOLID_BREP('Solid1',#13282);
#13284=STYLED_ITEM('',(#8127),#13283);
#13285=ADVANCED_BREP_SHAPE_REPRESENTATION('ABSR',(#13283),#12858);
#13286=SHAPE_REPRESENTATION_RELATIONSHIP('SRR','None',#13285,#12863);
#13287=AXIS2_PLACEMENT_3D('',#13288,#13289,#13290);
#13288=CARTESIAN_POINT('',(-5.067520E-038,-2.984970E-060,15.5));
#13289=DIRECTION('',(-1.283965E-099,-1.0,-1.950961E-061));
#13290=DIRECTION('',(1.0,0.0,3.290597E-039));
#13291=NEXT_ASSEMBLY_USAGE_OCCURRENCE('FS5700 3P Bushing:1','FS5700 3P Bushing:1','FS5700 3P Bushing:1',#12,#12834,'FS5700 3P Bushing:1');
#13292=PRODUCT_DEFINITION_SHAPE('FS5700 3P Bushing:1','FS5700 3P Bushing:1',#13291);
#13293=ITEM_DEFINED_TRANSFORMATION('FS5700 3P Bushing:1','FS5700 3P Bushing:1',#12859,#13287);
#13297=(REPRESENTATION_RELATIONSHIP('FS5700 3P Bushing:1','FS5700 3P Bushing:1',#12863,#41)REPRESENTATION_RELATIONSHIP_WITH_TRANSFORMATION(#13293)SHAPE_REPRESENTATION_RELATIONSHIP());
#13298=CONTEXT_DEPENDENT_SHAPE_REPRESENTATION(#13297,#13292);
#13299=APPLICATION_CONTEXT('automotive design');
#13300=APPLICATION_PROTOCOL_DEFINITION('International Standard','automotive_design',2001,#13299);
#13301=PRODUCT_CONTEXT('',#13299,'mechanical');
#13302=PRODUCT('FS5700 3P Actuator','FS5700 3P Actuator',$,(#13301));
#13303=PRODUCT_RELATED_PRODUCT_CATEGORY('part',$,(#13302));
#13304=PRODUCT_DEFINITION_FORMATION('',$,#13302);
#13305=PRODUCT_DEFINITION_CONTEXT('part definition',#13299,'design');
#13306=PRODUCT_DEFINITION('',$,#13304,#13305);
#13312=(NAMED_UNIT(*)PLANE_ANGLE_UNIT()SI_UNIT($,.RADIAN.));
#13313=DIMENSIONAL_EXPONENTS(0.0,0.0,0.0,0.0,0.0,0.0,0.0);
#13314=PLANE_ANGLE_MEASURE_WITH_UNIT(PLANE_ANGLE_MEASURE(0.0174532925),#13312);
#13318=(CONVERSION_BASED_UNIT('DEGREE',#13314)NAMED_UNIT(#13313)PLANE_ANGLE_UNIT());
#13322=(NAMED_UNIT(*)SI_UNIT($,.STERADIAN.)SOLID_ANGLE_UNIT());
#13326=(LENGTH_UNIT()NAMED_UNIT(*)SI_UNIT(.MILLI.,.METRE.));
#13328=UNCERTAINTY_MEASURE_WITH_UNIT(LENGTH_MEASURE(0.01),#13326,'DISTANCE_ACCURACY_VALUE','');
#13330=(GEOMETRIC_REPRESENTATION_CONTEXT(3)GLOBAL_UNCERTAINTY_ASSIGNED_CONTEXT((#13328))GLOBAL_UNIT_ASSIGNED_CONTEXT((#13318,#13322,#13326))REPRESENTATION_CONTEXT('None','None'));
#13331=AXIS2_PLACEMENT_3D('',#13332,#13333,#13334);
#13332=CARTESIAN_POINT('',(0.0,0.0,0.0));
#13333=DIRECTION('',(0.0,0.0,1.0));
#13334=DIRECTION('',(1.0,0.0,0.0));
#13335=SHAPE_REPRESENTATION('',(#13331),#13330);
#13336=PRODUCT_DEFINITION_SHAPE('','',#13306);
#13337=SHAPE_DEFINITION_REPRESENTATION(#13336,#13335);
#13343=(NAMED_UNIT(*)PLANE_ANGLE_UNIT()SI_UNIT($,.RADIAN.));
#13344=DIMENSIONAL_EXPONENTS(0.0,0.0,0.0,0.0,0.0,0.0,0.0);
#13345=PLANE_ANGLE_MEASURE_WITH_UNIT(PLANE_ANGLE_MEASURE(0.0174532925),#13343);
#13349=(CONVERSION_BASED_UNIT('DEGREE',#13345)NAMED_UNIT(#13344)PLANE_ANGLE_UNIT());
#13353=(NAMED_UNIT(*)SI_UNIT($,.STERADIAN.)SOLID_ANGLE_UNIT());
#13357=(LENGTH_UNIT()NAMED_UNIT(*)SI_UNIT(.MILLI.,.METRE.));
#13359=UNCERTAINTY_MEASURE_WITH_UNIT(LENGTH_MEASURE(0.000001),#13357,'DISTANCE_ACCURACY_VALUE','');
#13361=(GEOMETRIC_REPRESENTATION_CONTEXT(3)GLOBAL_UNCERTAINTY_ASSIGNED_CONTEXT((#13359))GLOBAL_UNIT_ASSIGNED_CONTEXT((#13349,#13353,#13357))REPRESENTATION_CONTEXT('','3D'));
#13362=CARTESIAN_POINT('',(4.0,0.0,0.0));
#13363=DIRECTION('',(0.0,1.0,0.0));
#13364=DIRECTION('',(0.0,0.0,1.0));
#13365=AXIS2_PLACEMENT_3D('',#13362,#13363,#13364);
#13366=PLANE('',#13365);
#13367=CARTESIAN_POINT('',(4.5,0.0,0.0));
#13368=VERTEX_POINT('',#13367);
#13369=CARTESIAN_POINT('',(0.0,0.0,0.0));
#13370=DIRECTION('',(0.0,-1.0,0.0));
#13371=DIRECTION('',(1.0,0.0,0.0));
#13372=AXIS2_PLACEMENT_3D('',#13369,#13370,#13371);
#13373=CIRCLE('',#13372,4.5);
#13374=EDGE_CURVE('',#13368,#13368,#13373,.T.);
#13375=ORIENTED_EDGE('',*,*,#13374,.F.);
#13376=EDGE_LOOP('',(#13375));
#13377=FACE_OUTER_BOUND('',#13376,.T.);
#13378=CARTESIAN_POINT('',(3.500000000000001,0.0,0.0));
#13379=VERTEX_POINT('',#13378);
#13380=CARTESIAN_POINT('',(0.0,0.0,0.0));
#13381=DIRECTION('',(0.0,-1.0,0.0));
#13382=DIRECTION('',(1.0,0.0,0.0));
#13383=AXIS2_PLACEMENT_3D('',#13380,#13381,#13382);
#13384=CIRCLE('',#13383,3.500000000000001);
#13385=EDGE_CURVE('',#13379,#13379,#13384,.T.);
#13386=ORIENTED_EDGE('',*,*,#13385,.T.);
#13387=EDGE_LOOP('',(#13386));
#13388=FACE_BOUND('',#13387,.T.);
#13389=ADVANCED_FACE('',(#13377,#13388),#13366,.T.);
#13390=CARTESIAN_POINT('',(0.0,-0.75,0.0));
#13391=DIRECTION('',(0.0,-1.0,0.0));
#13392=DIRECTION('',(1.0,0.0,0.0));
#13393=AXIS2_PLACEMENT_3D('',#13390,#13391,#13392);
#13394=CYLINDRICAL_SURFACE('',#13393,4.5);
#13395=CARTESIAN_POINT('',(4.5,-1.5,0.0));
#13396=VERTEX_POINT('',#13395);
#13397=CARTESIAN_POINT('',(0.0,-1.5,0.0));
#13398=DIRECTION('',(0.0,-1.0,0.0));
#13399=DIRECTION('',(1.0,0.0,0.0));
#13400=AXIS2_PLACEMENT_3D('',#13397,#13398,#13399);
#13401=CIRCLE('',#13400,4.5);
#13402=EDGE_CURVE('',#13396,#13396,#13401,.T.);
#13403=ORIENTED_EDGE('',*,*,#13402,.F.);
#13404=EDGE_LOOP('',(#13403));
#13405=FACE_OUTER_BOUND('',#13404,.T.);
#13406=ORIENTED_EDGE('',*,*,#13374,.T.);
#13407=EDGE_LOOP('',(#13406));
#13408=FACE_BOUND('',#13407,.T.);
#13409=ADVANCED_FACE('',(#13405,#13408),#13394,.T.);
#13410=CARTESIAN_POINT('',(2.25,-1.5,0.0));
#13411=DIRECTION('',(0.0,-1.0,0.0));
#13412=DIRECTION('',(0.0,0.0,-1.0));
#13413=AXIS2_PLACEMENT_3D('',#13410,#13411,#13412);
#13414=PLANE('',#13413);
#13415=ORIENTED_EDGE('',*,*,#13402,.T.);
#13416=EDGE_LOOP('',(#13415));
#13417=FACE_OUTER_BOUND('',#13416,.T.);
#13418=ADVANCED_FACE('',(#13417),#13414,.T.);
#13419=CARTESIAN_POINT('',(1.75,10.0,0.0));
#13420=DIRECTION('',(0.0,1.0,0.0));
#13421=DIRECTION('',(0.0,0.0,1.0));
#13422=AXIS2_PLACEMENT_3D('',#13419,#13420,#13421);
#13423=PLANE('',#13422);
#13424=CARTESIAN_POINT('',(3.5,10.0,0.0));
#13425=VERTEX_POINT('',#13424);
#13426=CARTESIAN_POINT('',(0.0,10.0,0.0));
#13427=DIRECTION('',(0.0,-1.0,0.0));
#13428=DIRECTION('',(1.0,0.0,0.0));
#13429=AXIS2_PLACEMENT_3D('',#13426,#13427,#13428);
#13430=CIRCLE('',#13429,3.5);
#13431=EDGE_CURVE('',#13425,#13425,#13430,.T.);
#13432=ORIENTED_EDGE('',*,*,#13431,.F.);
#13433=EDGE_LOOP('',(#13432));
#13434=FACE_OUTER_BOUND('',#13433,.T.);
#13435=ADVANCED_FACE('',(#13434),#13423,.T.);
#13436=CARTESIAN_POINT('',(0.0,5.0,0.0));
#13437=DIRECTION('',(0.0,-1.0,0.0));
#13438=DIRECTION('',(1.0,0.0,0.0));
#13439=AXIS2_PLACEMENT_3D('',#13436,#13437,#13438);
#13440=CYLINDRICAL_SURFACE('',#13439,3.5);
#13441=ORIENTED_EDGE('',*,*,#13385,.F.);
#13442=EDGE_LOOP('',(#13441));
#13443=FACE_OUTER_BOUND('',#13442,.T.);
#13444=ORIENTED_EDGE('',*,*,#13431,.T.);
#13445=EDGE_LOOP('',(#13444));
#13446=FACE_BOUND('',#13445,.T.);
#13447=ADVANCED_FACE('',(#13443,#13446),#13440,.T.);
#13448=CLOSED_SHELL('',(#13389,#13409,#13418,#13435,#13447));
#13449=MANIFOLD_SOLID_BREP('Solid1',#13448);
#13450=STYLED_ITEM('',(#8127),#13449);
#13451=ADVANCED_BREP_SHAPE_REPRESENTATION('ABSR',(#13449),#13330);
#13452=SHAPE_REPRESENTATION_RELATIONSHIP('SRR','None',#13451,#13335);
#13453=AXIS2_PLACEMENT_3D('',#13454,#13455,#13456);
#13454=CARTESIAN_POINT('',(-1.197777E-037,5.462691E-061,25.999999999999996));
#13455=DIRECTION('',(6.419827E-100,1.0,1.950961E-061));
#13456=DIRECTION('',(-1.0,-4.808612E-093,-6.581195E-039));
#13457=NEXT_ASSEMBLY_USAGE_OCCURRENCE('FS5700 3P Actuator:1','FS5700 3P Actuator:1','FS5700 3P Actuator:1',#12,#13306,'FS5700 3P Actuator:1');
#13458=PRODUCT_DEFINITION_SHAPE('FS5700 3P Actuator:1','FS5700 3P Actuator:1',#13457);
#13459=ITEM_DEFINED_TRANSFORMATION('FS5700 3P Actuator:1','FS5700 3P Actuator:1',#13331,#13453);
#13463=(REPRESENTATION_RELATIONSHIP('FS5700 3P Actuator:1','FS5700 3P Actuator:1',#13335,#41)REPRESENTATION_RELATIONSHIP_WITH_TRANSFORMATION(#13459)SHAPE_REPRESENTATION_RELATIONSHIP());
#13464=CONTEXT_DEPENDENT_SHAPE_REPRESENTATION(#13463,#13458);
#13465=APPLICATION_CONTEXT('automotive design');
#13466=APPLICATION_PROTOCOL_DEFINITION('International Standard','automotive_design',2001,#13465);
#13467=PRODUCT_CONTEXT('',#13465,'mechanical');
#13468=PRODUCT('FS5700 3P T2 Button','FS5700 3P T2 Button',$,(#13467));
#13469=PRODUCT_RELATED_PRODUCT_CATEGORY('part',$,(#13468));
#13470=PRODUCT_DEFINITION_FORMATION('',$,#13468);
#13471=PRODUCT_DEFINITION_CONTEXT('part definition',#13465,'design');
#13472=PRODUCT_DEFINITION('',$,#13470,#13471);
#13478=(NAMED_UNIT(*)PLANE_ANGLE_UNIT()SI_UNIT($,.RADIAN.));
#13479=DIMENSIONAL_EXPONENTS(0.0,0.0,0.0,0.0,0.0,0.0,0.0);
#13480=PLANE_ANGLE_MEASURE_WITH_UNIT(PLANE_ANGLE_MEASURE(0.0174532925),#13478);
#13484=(CONVERSION_BASED_UNIT('DEGREE',#13480)NAMED_UNIT(#13479)PLANE_ANGLE_UNIT());
#13488=(NAMED_UNIT(*)SI_UNIT($,.STERADIAN.)SOLID_ANGLE_UNIT());
#13492=(LENGTH_UNIT()NAMED_UNIT(*)SI_UNIT(.MILLI.,.METRE.));
#13494=UNCERTAINTY_MEASURE_WITH_UNIT(LENGTH_MEASURE(0.01),#13492,'DISTANCE_ACCURACY_VALUE','');
#13496=(GEOMETRIC_REPRESENTATION_CONTEXT(3)GLOBAL_UNCERTAINTY_ASSIGNED_CONTEXT((#13494))GLOBAL_UNIT_ASSIGNED_CONTEXT((#13484,#13488,#13492))REPRESENTATION_CONTEXT('None','None'));
#13497=AXIS2_PLACEMENT_3D('',#13498,#13499,#13500);
#13498=CARTESIAN_POINT('',(0.0,0.0,0.0));
#13499=DIRECTION('',(0.0,0.0,1.0));
#13500=DIRECTION('',(1.0,0.0,0.0));
#13501=SHAPE_REPRESENTATION('',(#13497),#13496);
#13502=PRODUCT_DEFINITION_SHAPE('','',#13472);
#13503=SHAPE_DEFINITION_REPRESENTATION(#13502,#13501);
#13509=(NAMED_UNIT(*)PLANE_ANGLE_UNIT()SI_UNIT($,.RADIAN.));
#13510=DIMENSIONAL_EXPONENTS(0.0,0.0,0.0,0.0,0.0,0.0,0.0);
#13511=PLANE_ANGLE_MEASURE_WITH_UNIT(PLANE_ANGLE_MEASURE(0.0174532925),#13509);
#13515=(CONVERSION_BASED_UNIT('DEGREE',#13511)NAMED_UNIT(#13510)PLANE_ANGLE_UNIT());
#13519=(NAMED_UNIT(*)SI_UNIT($,.STERADIAN.)SOLID_ANGLE_UNIT());
#13523=(LENGTH_UNIT()NAMED_UNIT(*)SI_UNIT(.MILLI.,.METRE.));
#13525=UNCERTAINTY_MEASURE_WITH_UNIT(LENGTH_MEASURE(0.000001),#13523,'DISTANCE_ACCURACY_VALUE','');
#13527=(GEOMETRIC_REPRESENTATION_CONTEXT(3)GLOBAL_UNCERTAINTY_ASSIGNED_CONTEXT((#13525))GLOBAL_UNIT_ASSIGNED_CONTEXT((#13515,#13519,#13523))REPRESENTATION_CONTEXT('','3D'));
#13528=CARTESIAN_POINT('',(0.0,0.0,0.0));
#13529=DIRECTION('',(0.0,0.0,1.0));
#13530=DIRECTION('',(1.0,0.0,0.0));
#13531=AXIS2_PLACEMENT_3D('',#13528,#13529,#13530);
#13532=CYLINDRICAL_SURFACE('',#13531,3.5);
#13533=CARTESIAN_POINT('',(-3.5,4.286264E-016,4.0));
#13534=VERTEX_POINT('',#13533);
#13535=CARTESIAN_POINT('',(0.0,0.0,4.0));
#13536=DIRECTION('',(0.0,0.0,-1.0));
#13537=DIRECTION('',(1.0,0.0,0.0));
#13538=AXIS2_PLACEMENT_3D('',#13535,#13536,#13537);
#13539=CIRCLE('',#13538,3.5);
#13540=EDGE_CURVE('',#13534,#13534,#13539,.T.);
#13541=ORIENTED_EDGE('',*,*,#13540,.F.);
#13542=EDGE_LOOP('',(#13541));
#13543=FACE_OUTER_BOUND('',#13542,.T.);
#13544=CARTESIAN_POINT('',(-3.5,4.286264E-016,0.0));
#13545=VERTEX_POINT('',#13544);
#13546=CARTESIAN_POINT('',(0.0,0.0,0.0));
#13547=DIRECTION('',(0.0,0.0,1.0));
#13548=DIRECTION('',(1.0,0.0,0.0));
#13549=AXIS2_PLACEMENT_3D('',#13546,#13547,#13548);
#13550=CIRCLE('',#13549,3.5);
#13551=EDGE_CURVE('',#13545,#13545,#13550,.T.);
#13552=ORIENTED_EDGE('',*,*,#13551,.F.);
#13553=EDGE_LOOP('',(#13552));
#13554=FACE_BOUND('',#13553,.T.);
#13555=ADVANCED_FACE('',(#13543,#13554),#13532,.F.);
#13556=CARTESIAN_POINT('',(0.0,0.0,4.0));
#13557=DIRECTION('',(0.0,0.0,1.0));
#13558=DIRECTION('',(1.0,0.0,0.0));
#13559=AXIS2_PLACEMENT_3D('',#13556,#13557,#13558);
#13560=PLANE('',#13559);
#13561=ORIENTED_EDGE('',*,*,#13540,.T.);
#13562=EDGE_LOOP('',(#13561));
#13563=FACE_OUTER_BOUND('',#13562,.T.);
#13564=ADVANCED_FACE('',(#13563),#13560,.F.);
#13565=CARTESIAN_POINT('',(0.0,0.0,4.5));
#13566=DIRECTION('',(0.0,0.0,-1.0));
#13567=DIRECTION('',(-1.0,0.0,0.0));
#13568=AXIS2_PLACEMENT_3D('',#13565,#13566,#13567);
#13569=TOROIDAL_SURFACE('',#13568,4.5,0.5);
#13570=CARTESIAN_POINT('',(4.5,-5.510911E-016,5.0));
#13571=VERTEX_POINT('',#13570);
#13572=CARTESIAN_POINT('',(0.0,0.0,5.0));
#13573=DIRECTION('',(0.0,0.0,-1.0));
#13574=DIRECTION('',(-1.0,0.0,0.0));
#13575=AXIS2_PLACEMENT_3D('',#13572,#13573,#13574);
#13576=CIRCLE('',#13575,4.5);
#13577=EDGE_CURVE('',#13571,#13571,#13576,.T.);
#13578=ORIENTED_EDGE('',*,*,#13577,.T.);
#13579=EDGE_LOOP('',(#13578));
#13580=FACE_OUTER_BOUND('',#13579,.T.);
#13581=CARTESIAN_POINT('',(5.0,6.123234E-016,4.5));
#13582=VERTEX_POINT('',#13581);
#13583=CARTESIAN_POINT('',(0.0,0.0,4.5));
#13584=DIRECTION('',(0.0,0.0,1.0));
#13585=DIRECTION('',(-1.0,0.0,0.0));
#13586=AXIS2_PLACEMENT_3D('',#13583,#13584,#13585);
#13587=CIRCLE('',#13586,5.0);
#13588=EDGE_CURVE('',#13582,#13582,#13587,.T.);
#13589=ORIENTED_EDGE('',*,*,#13588,.T.);
#13590=EDGE_LOOP('',(#13589));
#13591=FACE_BOUND('',#13590,.T.);
#13592=ADVANCED_FACE('',(#13580,#13591),#13569,.T.);
#13593=CARTESIAN_POINT('',(0.0,0.0,0.0));
#13594=DIRECTION('',(0.0,0.0,1.0));
#13595=DIRECTION('',(-1.0,0.0,0.0));
#13596=AXIS2_PLACEMENT_3D('',#13593,#13594,#13595);
#13597=CYLINDRICAL_SURFACE('',#13596,5.0);
#13598=CARTESIAN_POINT('',(5.0,-6.123234E-016,0.25));
#13599=VERTEX_POINT('',#13598);
#13600=CARTESIAN_POINT('',(0.0,0.0,0.25));
#13601=DIRECTION('',(0.0,0.0,-1.0));
#13602=DIRECTION('',(-1.0,0.0,0.0));
#13603=AXIS2_PLACEMENT_3D('',#13600,#13601,#13602);
#13604=CIRCLE('',#13603,5.0);
#13605=EDGE_CURVE('',#13599,#13599,#13604,.T.);
#13606=ORIENTED_EDGE('',*,*,#13605,.F.);
#13607=EDGE_LOOP('',(#13606));
#13608=FACE_OUTER_BOUND('',#13607,.T.);
#13609=ORIENTED_EDGE('',*,*,#13588,.F.);
#13610=EDGE_LOOP('',(#13609));
#13611=FACE_BOUND('',#13610,.T.);
#13612=ADVANCED_FACE('',(#13608,#13611),#13597,.T.);
#13613=CARTESIAN_POINT('',(0.0,0.0,5.0));
#13614=DIRECTION('',(0.0,0.0,-1.0));
#13615=DIRECTION('',(-1.0,0.0,0.0));
#13616=AXIS2_PLACEMENT_3D('',#13613,#13614,#13615);
#13617=PLANE('',#13616);
#13618=ORIENTED_EDGE('',*,*,#13577,.F.);
#13619=EDGE_LOOP('',(#13618));
#13620=FACE_OUTER_BOUND('',#13619,.T.);
#13621=ADVANCED_FACE('',(#13620),#13617,.F.);
#13622=CARTESIAN_POINT('',(0.0,0.0,0.125));
#13623=DIRECTION('',(0.0,0.0,1.0));
#13624=DIRECTION('',(-1.0,0.0,0.0));
#13625=AXIS2_PLACEMENT_3D('',#13622,#13623,#13624);
#13626=CONICAL_SURFACE('',#13625,4.875,45.000000000000028);
#13627=ORIENTED_EDGE('',*,*,#13605,.T.);
#13628=EDGE_LOOP('',(#13627));
#13629=FACE_OUTER_BOUND('',#13628,.T.);
#13630=CARTESIAN_POINT('',(4.75,5.817072E-016,0.0));
#13631=VERTEX_POINT('',#13630);
#13632=CARTESIAN_POINT('',(0.0,0.0,0.0));
#13633=DIRECTION('',(0.0,0.0,1.0));
#13634=DIRECTION('',(-1.0,0.0,0.0));
#13635=AXIS2_PLACEMENT_3D('',#13632,#13633,#13634);
#13636=CIRCLE('',#13635,4.75);
#13637=EDGE_CURVE('',#13631,#13631,#13636,.T.);
#13638=ORIENTED_EDGE('',*,*,#13637,.T.);
#13639=EDGE_LOOP('',(#13638));
#13640=FACE_BOUND('',#13639,.T.);
#13641=ADVANCED_FACE('',(#13629,#13640),#13626,.T.);
#13642=CARTESIAN_POINT('',(0.0,0.0,0.0));
#13643=DIRECTION('',(0.0,0.0,-1.0));
#13644=DIRECTION('',(-1.0,0.0,0.0));
#13645=AXIS2_PLACEMENT_3D('',#13642,#13643,#13644);
#13646=PLANE('',#13645);
#13647=ORIENTED_EDGE('',*,*,#13637,.F.);
#13648=EDGE_LOOP('',(#13647));
#13649=FACE_OUTER_BOUND('',#13648,.T.);
#13650=ORIENTED_EDGE('',*,*,#13551,.T.);
#13651=EDGE_LOOP('',(#13650));
#13652=FACE_BOUND('',#13651,.T.);
#13653=ADVANCED_FACE('',(#13649,#13652),#13646,.T.);
#13654=CLOSED_SHELL('',(#13555,#13564,#13592,#13612,#13621,#13641,#13653));
#13655=MANIFOLD_SOLID_BREP('Solid1',#13654);
#13656=STYLED_ITEM('',(#8127),#13655);
#13657=ADVANCED_BREP_SHAPE_REPRESENTATION('ABSR',(#13655),#13496);
#13658=SHAPE_REPRESENTATION_RELATIONSHIP('SRR','None',#13657,#13501);
#13659=AXIS2_PLACEMENT_3D('',#13660,#13661,#13662);
#13660=CARTESIAN_POINT('',(-1.987521E-037,0.0,31.999999999999996));
#13661=DIRECTION('',(-1.316239E-038,5.462691E-060,1.0));
#13662=DIRECTION('',(-1.0,-4.808648E-093,-1.316239E-038));
#13663=NEXT_ASSEMBLY_USAGE_OCCURRENCE('FS5700 3P T2 Button:1','FS5700 3P T2 Button:1','FS5700 3P T2 Button:1',#12,#13472,'FS5700 3P T2 Button:1');
#13664=PRODUCT_DEFINITION_SHAPE('FS5700 3P T2 Button:1','FS5700 3P T2 Button:1',#13663);
#13665=ITEM_DEFINED_TRANSFORMATION('FS5700 3P T2 Button:1','FS5700 3P T2 Button:1',#13497,#13659);
#13669=(REPRESENTATION_RELATIONSHIP('FS5700 3P T2 Button:1','FS5700 3P T2 Button:1',#13501,#41)REPRESENTATION_RELATIONSHIP_WITH_TRANSFORMATION(#13665)SHAPE_REPRESENTATION_RELATIONSHIP());
#13670=CONTEXT_DEPENDENT_SHAPE_REPRESENTATION(#13669,#13664);
ENDSEC;
END-ISO-10303-21;
