ISO-10303-21;
HEADER;
FILE_DESCRIPTION(('STEP AP203'),'1');
FILE_NAME('pf_53_g.stp','2026-05-02T00:23:12',('TraceParts'),('TraceParts S.A.S.'),'Spatial InterOp 3D',' ',' ');
FILE_SCHEMA(('CONFIG_CONTROL_DESIGN'));
ENDSEC;
DATA;
#1=DESIGN_CONTEXT('',#33,'design');
#2=APPLICATION_PROTOCOL_DEFINITION('INTERNATIONAL STANDARD','config_control_design',1994,#33);
#3=PRODUCT_CATEGORY_RELATIONSHIP('NONE','NONE',#34,#35);
#4=DATE_AND_TIME(#36,#37);
#5=DATE_TIME_ROLE('creation_date');
#6=DATE_TIME_ROLE('classification_date');
#7=PERSON_AND_ORGANIZATION_ROLE('creator');
#8=PERSON_AND_ORGANIZATION_ROLE('design_supplier');
#9=PERSON_AND_ORGANIZATION_ROLE('classification_officer');
#10=PERSON_AND_ORGANIZATION_ROLE('design_owner');
#11=APPROVAL_PERSON_ORGANIZATION(#38,#39,#40);
#12=APPROVAL_DATE_TIME(#4,#39);
#13=CC_DESIGN_APPROVAL(#39,(#41,#42,#43));
#14=CC_DESIGN_DATE_AND_TIME_ASSIGNMENT(#4,#5,(#43));
#15=CC_DESIGN_DATE_AND_TIME_ASSIGNMENT(#4,#6,(#41));
#16=CC_DESIGN_PERSON_AND_ORGANIZATION_ASSIGNMENT(#38,#10,(#44));
#17=CC_DESIGN_PERSON_AND_ORGANIZATION_ASSIGNMENT(#38,#7,(#43));
#18=CC_DESIGN_PERSON_AND_ORGANIZATION_ASSIGNMENT(#38,#7,(#42));
#19=CC_DESIGN_PERSON_AND_ORGANIZATION_ASSIGNMENT(#38,#8,(#42));
#20=CC_DESIGN_SECURITY_CLASSIFICATION(#41,(#42));
#21=CC_DESIGN_PERSON_AND_ORGANIZATION_ASSIGNMENT(#38,#9,(#41));
#22=SHAPE_DEFINITION_REPRESENTATION(#45,#46);
#23=SHAPE_DEFINITION_REPRESENTATION(#45,#47);
#24=SHAPE_DEFINITION_REPRESENTATION(#45,#48);
#25=SHAPE_DEFINITION_REPRESENTATION(#45,#49);
#26=SHAPE_DEFINITION_REPRESENTATION(#45,#50);
#27=SHAPE_DEFINITION_REPRESENTATION(#45,#51);
#28=SHAPE_DEFINITION_REPRESENTATION(#45,#52);
#29= (GEOMETRIC_REPRESENTATION_CONTEXT(3)GLOBAL_UNCERTAINTY_ASSIGNED_CONTEXT((#55))GLOBAL_UNIT_ASSIGNED_CONTEXT((#57,#58,#59))REPRESENTATION_CONTEXT('NONE','WORKSPACE'));
#33=APPLICATION_CONTEXT('CONFIGURATION CONTROLLED 3D DESIGNS OF MECHANICAL PARTS AND ASSEMBLIES');
#34=PRODUCT_CATEGORY('part','NONE');
#35=PRODUCT_RELATED_PRODUCT_CATEGORY('detail',' ',(#44));
#36=CALENDAR_DATE(2026,2,4);
#37=LOCAL_TIME(2,23,12.0,#61);
#38=PERSON_AND_ORGANIZATION(#62,#63);
#39=APPROVAL(#64,'SOLID MODEL');
#40=APPROVAL_ROLE('APPROVED');
#41=SECURITY_CLASSIFICATION('','',#65);
#42=PRODUCT_DEFINITION_FORMATION_WITH_SPECIFIED_SOURCE(' ','NONE',#44,.NOT_KNOWN.);
#43=PRODUCT_DEFINITION('','NONE',#42,#1);
#44=PRODUCT('1','','PART--DESC',(#66));
#45=PRODUCT_DEFINITION_SHAPE('NONE','NONE',#43);
#46=ADVANCED_BREP_SHAPE_REPRESENTATION('1',(#67,#68),#29);
#47=ADVANCED_BREP_SHAPE_REPRESENTATION('2',(#69,#70),#29);
#48=ADVANCED_BREP_SHAPE_REPRESENTATION('3',(#71,#72),#29);
#49=ADVANCED_BREP_SHAPE_REPRESENTATION('4',(#73,#74),#29);
#50=ADVANCED_BREP_SHAPE_REPRESENTATION('5',(#75,#76),#29);
#51=ADVANCED_BREP_SHAPE_REPRESENTATION('6',(#77,#78),#29);
#52=ADVANCED_BREP_SHAPE_REPRESENTATION('7',(#79,#80),#29);
#55=UNCERTAINTY_MEASURE_WITH_UNIT(LENGTH_MEASURE(1.0E-06),#57,'','');
#57= (CONVERSION_BASED_UNIT('MILLIMETRE',#83)LENGTH_UNIT()NAMED_UNIT(#86));
#58= (NAMED_UNIT(#88)PLANE_ANGLE_UNIT()SI_UNIT($,.RADIAN.));
#59= (NAMED_UNIT(#88)SOLID_ANGLE_UNIT()SI_UNIT($,.STERADIAN.));
#61=COORDINATED_UNIVERSAL_TIME_OFFSET(1,0,.AHEAD.);
#62=PERSON('','UNSPECIFIED',$,$,$,$);
#63=ORGANIZATION('UNSPECIFIED','UNSPECIFIED','UNSPECIFIED');
#64=APPROVAL_STATUS('approved');
#65=SECURITY_CLASSIFICATION_LEVEL('unclassified');
#66=MECHANICAL_CONTEXT('',#33,'mechanical');
#67=MANIFOLD_SOLID_BREP('1',#94);
#68=AXIS2_PLACEMENT_3D('',#95,#96,#97);
#69=MANIFOLD_SOLID_BREP('2',#98);
#70=AXIS2_PLACEMENT_3D('',#99,#100,#101);
#71=MANIFOLD_SOLID_BREP('3',#102);
#72=AXIS2_PLACEMENT_3D('',#103,#104,#105);
#73=MANIFOLD_SOLID_BREP('4',#106);
#74=AXIS2_PLACEMENT_3D('',#107,#108,#109);
#75=MANIFOLD_SOLID_BREP('5',#110);
#76=AXIS2_PLACEMENT_3D('',#111,#112,#113);
#77=MANIFOLD_SOLID_BREP('6',#114);
#78=AXIS2_PLACEMENT_3D('',#115,#116,#117);
#79=MANIFOLD_SOLID_BREP('7',#118);
#80=AXIS2_PLACEMENT_3D('',#119,#120,#121);
#83=LENGTH_MEASURE_WITH_UNIT(LENGTH_MEASURE(1.0),#122);
#86=DIMENSIONAL_EXPONENTS(1.0,0.0,0.0,0.0,0.0,0.0,0.0);
#88=DIMENSIONAL_EXPONENTS(0.0,0.0,0.0,0.0,0.0,0.0,0.0);
#94=CLOSED_SHELL('',(#123,#124,#125,#126,#127,#128,#129,#130,#131,#132,#133,#134,#135,#136,#137,#138,#139,#140,#141,#142,#143,#144,#145,#146));
#95=CARTESIAN_POINT('',(0.0,0.0,0.0));
#96=DIRECTION('',(0.0,0.0,1.0));
#97=DIRECTION('',(1.0,0.0,0.0));
#98=CLOSED_SHELL('',(#147,#148,#149,#150,#151,#152,#153,#154,#155,#156,#157,#158,#159,#160,#161,#162,#163,#164,#165,#166,#167,#168,#169,#170,#171,#172,#173,#174,#175,#176,#177,#178,#179,#180,#181));
#99=CARTESIAN_POINT('',(0.0,0.0,0.0));
#100=DIRECTION('',(0.0,0.0,1.0));
#101=DIRECTION('',(1.0,0.0,0.0));
#102=CLOSED_SHELL('',(#182,#183,#184,#185,#186,#187,#188,#189,#190,#191,#192,#193,#194,#195,#196,#197,#198,#199,#200,#201,#202,#203,#204,#205));
#103=CARTESIAN_POINT('',(0.0,0.0,0.0));
#104=DIRECTION('',(0.0,0.0,1.0));
#105=DIRECTION('',(1.0,0.0,0.0));
#106=CLOSED_SHELL('',(#206,#207,#208,#209,#210,#211,#212,#213,#214,#215,#216,#217,#218,#219,#220,#221,#222,#223,#224,#225,#226,#227,#228,#229,#230,#231,#232,#233,#234,#235,#236,#237,#238,#239,#240));
#107=CARTESIAN_POINT('',(0.0,0.0,0.0));
#108=DIRECTION('',(0.0,0.0,1.0));
#109=DIRECTION('',(1.0,0.0,0.0));
#110=CLOSED_SHELL('',(#241,#242,#243,#244,#245,#246,#247,#248,#249,#250,#251,#252,#253,#254,#255,#256,#257,#258,#259,#260,#261,#262,#263,#264));
#111=CARTESIAN_POINT('',(0.0,0.0,0.0));
#112=DIRECTION('',(0.0,0.0,1.0));
#113=DIRECTION('',(1.0,0.0,0.0));
#114=CLOSED_SHELL('',(#265,#266,#267,#268,#269,#270,#271,#272,#273,#274,#275,#276,#277,#278,#279,#280,#281,#282,#283,#284,#285,#286,#287,#288,#289,#290,#291,#292,#293,#294,#295,#296,#297,#298,#299));
#115=CARTESIAN_POINT('',(0.0,0.0,0.0));
#116=DIRECTION('',(0.0,0.0,1.0));
#117=DIRECTION('',(1.0,0.0,0.0));
#118=CLOSED_SHELL('',(#300,#301,#302,#303,#304,#305,#306,#307,#308,#309,#310,#311,#312,#313,#314,#315,#316,#317,#318,#319,#320,#321,#322,#323,#324));
#119=CARTESIAN_POINT('',(0.0,0.0,0.0));
#120=DIRECTION('',(0.0,0.0,1.0));
#121=DIRECTION('',(1.0,0.0,0.0));
#122= (NAMED_UNIT(#86)LENGTH_UNIT()SI_UNIT(.MILLI.,.METRE.));
#123=ADVANCED_FACE('',(#326),#327,.F.);
#124=ADVANCED_FACE('',(#328),#329,.F.);
#125=ADVANCED_FACE('',(#330),#331,.F.);
#126=ADVANCED_FACE('',(#332),#333,.T.);
#127=ADVANCED_FACE('',(#334),#335,.T.);
#128=ADVANCED_FACE('',(#336),#337,.T.);
#129=ADVANCED_FACE('',(#338),#339,.T.);
#130=ADVANCED_FACE('',(#340),#341,.T.);
#131=ADVANCED_FACE('',(#342),#343,.T.);
#132=ADVANCED_FACE('',(#344),#345,.F.);
#133=ADVANCED_FACE('',(#346),#347,.F.);
#134=ADVANCED_FACE('',(#348),#349,.T.);
#135=ADVANCED_FACE('',(#350),#351,.T.);
#136=ADVANCED_FACE('',(#352,#353),#354,.T.);
#137=ADVANCED_FACE('',(#355),#356,.T.);
#138=ADVANCED_FACE('',(#357,#358),#359,.T.);
#139=ADVANCED_FACE('',(#360),#361,.T.);
#140=ADVANCED_FACE('',(#362),#363,.T.);
#141=ADVANCED_FACE('',(#364),#365,.T.);
#142=ADVANCED_FACE('',(#366),#367,.T.);
#143=ADVANCED_FACE('',(#368),#369,.F.);
#144=ADVANCED_FACE('',(#370),#371,.F.);
#145=ADVANCED_FACE('',(#372),#373,.F.);
#146=ADVANCED_FACE('',(#374,#375),#376,.T.);
#147=ADVANCED_FACE('',(#377),#378,.F.);
#148=ADVANCED_FACE('',(#379),#380,.F.);
#149=ADVANCED_FACE('',(#381),#382,.F.);
#150=ADVANCED_FACE('',(#383),#384,.T.);
#151=ADVANCED_FACE('',(#385),#386,.F.);
#152=ADVANCED_FACE('',(#387),#388,.F.);
#153=ADVANCED_FACE('',(#389),#390,.F.);
#154=ADVANCED_FACE('',(#391),#392,.F.);
#155=ADVANCED_FACE('',(#393),#394,.F.);
#156=ADVANCED_FACE('',(#395),#396,.F.);
#157=ADVANCED_FACE('',(#397),#398,.F.);
#158=ADVANCED_FACE('',(#399),#400,.F.);
#159=ADVANCED_FACE('',(#401),#402,.F.);
#160=ADVANCED_FACE('',(#403),#404,.F.);
#161=ADVANCED_FACE('',(#405),#406,.F.);
#162=ADVANCED_FACE('',(#407),#408,.F.);
#163=ADVANCED_FACE('',(#409),#410,.T.);
#164=ADVANCED_FACE('',(#411,#412),#413,.F.);
#165=ADVANCED_FACE('',(#414),#415,.T.);
#166=ADVANCED_FACE('',(#416),#417,.F.);
#167=ADVANCED_FACE('',(#418),#419,.F.);
#168=ADVANCED_FACE('',(#420),#421,.F.);
#169=ADVANCED_FACE('',(#422),#423,.F.);
#170=ADVANCED_FACE('',(#424),#425,.F.);
#171=ADVANCED_FACE('',(#426),#427,.F.);
#172=ADVANCED_FACE('',(#428),#429,.T.);
#173=ADVANCED_FACE('',(#430),#431,.T.);
#174=ADVANCED_FACE('',(#432),#433,.F.);
#175=ADVANCED_FACE('',(#434),#435,.F.);
#176=ADVANCED_FACE('',(#436),#437,.F.);
#177=ADVANCED_FACE('',(#438),#439,.F.);
#178=ADVANCED_FACE('',(#440),#441,.T.);
#179=ADVANCED_FACE('',(#442),#443,.F.);
#180=ADVANCED_FACE('',(#444),#445,.F.);
#181=ADVANCED_FACE('',(#446),#447,.F.);
#182=ADVANCED_FACE('',(#448),#449,.F.);
#183=ADVANCED_FACE('',(#450),#451,.F.);
#184=ADVANCED_FACE('',(#452),#453,.F.);
#185=ADVANCED_FACE('',(#454),#455,.T.);
#186=ADVANCED_FACE('',(#456),#457,.T.);
#187=ADVANCED_FACE('',(#458),#459,.T.);
#188=ADVANCED_FACE('',(#460),#461,.T.);
#189=ADVANCED_FACE('',(#462),#463,.T.);
#190=ADVANCED_FACE('',(#464),#465,.T.);
#191=ADVANCED_FACE('',(#466),#467,.F.);
#192=ADVANCED_FACE('',(#468),#469,.F.);
#193=ADVANCED_FACE('',(#470),#471,.T.);
#194=ADVANCED_FACE('',(#472),#473,.T.);
#195=ADVANCED_FACE('',(#474,#475),#476,.T.);
#196=ADVANCED_FACE('',(#477),#478,.T.);
#197=ADVANCED_FACE('',(#479,#480),#481,.T.);
#198=ADVANCED_FACE('',(#482),#483,.T.);
#199=ADVANCED_FACE('',(#484),#485,.T.);
#200=ADVANCED_FACE('',(#486),#487,.T.);
#201=ADVANCED_FACE('',(#488),#489,.T.);
#202=ADVANCED_FACE('',(#490),#491,.F.);
#203=ADVANCED_FACE('',(#492),#493,.F.);
#204=ADVANCED_FACE('',(#494),#495,.F.);
#205=ADVANCED_FACE('',(#496,#497),#498,.T.);
#206=ADVANCED_FACE('',(#499),#500,.F.);
#207=ADVANCED_FACE('',(#501),#502,.F.);
#208=ADVANCED_FACE('',(#503),#504,.F.);
#209=ADVANCED_FACE('',(#505),#506,.T.);
#210=ADVANCED_FACE('',(#507),#508,.F.);
#211=ADVANCED_FACE('',(#509),#510,.F.);
#212=ADVANCED_FACE('',(#511),#512,.F.);
#213=ADVANCED_FACE('',(#513),#514,.F.);
#214=ADVANCED_FACE('',(#515),#516,.F.);
#215=ADVANCED_FACE('',(#517),#518,.F.);
#216=ADVANCED_FACE('',(#519),#520,.F.);
#217=ADVANCED_FACE('',(#521),#522,.F.);
#218=ADVANCED_FACE('',(#523),#524,.F.);
#219=ADVANCED_FACE('',(#525),#526,.F.);
#220=ADVANCED_FACE('',(#527),#528,.F.);
#221=ADVANCED_FACE('',(#529),#530,.F.);
#222=ADVANCED_FACE('',(#531),#532,.T.);
#223=ADVANCED_FACE('',(#533,#534),#535,.F.);
#224=ADVANCED_FACE('',(#536),#537,.T.);
#225=ADVANCED_FACE('',(#538),#539,.F.);
#226=ADVANCED_FACE('',(#540),#541,.F.);
#227=ADVANCED_FACE('',(#542),#543,.F.);
#228=ADVANCED_FACE('',(#544),#545,.F.);
#229=ADVANCED_FACE('',(#546),#547,.F.);
#230=ADVANCED_FACE('',(#548),#549,.F.);
#231=ADVANCED_FACE('',(#550),#551,.T.);
#232=ADVANCED_FACE('',(#552),#553,.T.);
#233=ADVANCED_FACE('',(#554),#555,.F.);
#234=ADVANCED_FACE('',(#556),#557,.F.);
#235=ADVANCED_FACE('',(#558),#559,.F.);
#236=ADVANCED_FACE('',(#560),#561,.F.);
#237=ADVANCED_FACE('',(#562),#563,.T.);
#238=ADVANCED_FACE('',(#564),#565,.F.);
#239=ADVANCED_FACE('',(#566),#567,.F.);
#240=ADVANCED_FACE('',(#568),#569,.F.);
#241=ADVANCED_FACE('',(#570),#571,.F.);
#242=ADVANCED_FACE('',(#572),#573,.F.);
#243=ADVANCED_FACE('',(#574),#575,.F.);
#244=ADVANCED_FACE('',(#576),#577,.T.);
#245=ADVANCED_FACE('',(#578),#579,.T.);
#246=ADVANCED_FACE('',(#580),#581,.T.);
#247=ADVANCED_FACE('',(#582),#583,.T.);
#248=ADVANCED_FACE('',(#584),#585,.T.);
#249=ADVANCED_FACE('',(#586),#587,.T.);
#250=ADVANCED_FACE('',(#588),#589,.F.);
#251=ADVANCED_FACE('',(#590),#591,.F.);
#252=ADVANCED_FACE('',(#592),#593,.T.);
#253=ADVANCED_FACE('',(#594),#595,.T.);
#254=ADVANCED_FACE('',(#596,#597),#598,.T.);
#255=ADVANCED_FACE('',(#599),#600,.T.);
#256=ADVANCED_FACE('',(#601,#602),#603,.T.);
#257=ADVANCED_FACE('',(#604),#605,.T.);
#258=ADVANCED_FACE('',(#606),#607,.T.);
#259=ADVANCED_FACE('',(#608),#609,.T.);
#260=ADVANCED_FACE('',(#610),#611,.T.);
#261=ADVANCED_FACE('',(#612),#613,.F.);
#262=ADVANCED_FACE('',(#614),#615,.F.);
#263=ADVANCED_FACE('',(#616),#617,.F.);
#264=ADVANCED_FACE('',(#618,#619),#620,.T.);
#265=ADVANCED_FACE('',(#621),#622,.F.);
#266=ADVANCED_FACE('',(#623),#624,.F.);
#267=ADVANCED_FACE('',(#625),#626,.F.);
#268=ADVANCED_FACE('',(#627),#628,.T.);
#269=ADVANCED_FACE('',(#629),#630,.F.);
#270=ADVANCED_FACE('',(#631),#632,.F.);
#271=ADVANCED_FACE('',(#633),#634,.F.);
#272=ADVANCED_FACE('',(#635),#636,.F.);
#273=ADVANCED_FACE('',(#637),#638,.F.);
#274=ADVANCED_FACE('',(#639),#640,.F.);
#275=ADVANCED_FACE('',(#641),#642,.F.);
#276=ADVANCED_FACE('',(#643),#644,.F.);
#277=ADVANCED_FACE('',(#645),#646,.F.);
#278=ADVANCED_FACE('',(#647),#648,.F.);
#279=ADVANCED_FACE('',(#649),#650,.F.);
#280=ADVANCED_FACE('',(#651),#652,.F.);
#281=ADVANCED_FACE('',(#653),#654,.T.);
#282=ADVANCED_FACE('',(#655,#656),#657,.F.);
#283=ADVANCED_FACE('',(#658),#659,.T.);
#284=ADVANCED_FACE('',(#660),#661,.F.);
#285=ADVANCED_FACE('',(#662),#663,.F.);
#286=ADVANCED_FACE('',(#664),#665,.F.);
#287=ADVANCED_FACE('',(#666),#667,.F.);
#288=ADVANCED_FACE('',(#668),#669,.F.);
#289=ADVANCED_FACE('',(#670),#671,.F.);
#290=ADVANCED_FACE('',(#672),#673,.T.);
#291=ADVANCED_FACE('',(#674),#675,.T.);
#292=ADVANCED_FACE('',(#676),#677,.F.);
#293=ADVANCED_FACE('',(#678),#679,.F.);
#294=ADVANCED_FACE('',(#680),#681,.F.);
#295=ADVANCED_FACE('',(#682),#683,.F.);
#296=ADVANCED_FACE('',(#684),#685,.T.);
#297=ADVANCED_FACE('',(#686),#687,.F.);
#298=ADVANCED_FACE('',(#688),#689,.F.);
#299=ADVANCED_FACE('',(#690),#691,.F.);
#300=ADVANCED_FACE('',(#692),#693,.T.);
#301=ADVANCED_FACE('',(#694),#695,.T.);
#302=ADVANCED_FACE('',(#696),#697,.F.);
#303=ADVANCED_FACE('',(#698),#699,.F.);
#304=ADVANCED_FACE('',(#700),#701,.F.);
#305=ADVANCED_FACE('',(#702),#703,.F.);
#306=ADVANCED_FACE('',(#704),#705,.F.);
#307=ADVANCED_FACE('',(#706),#707,.F.);
#308=ADVANCED_FACE('',(#708,#709),#710,.T.);
#309=ADVANCED_FACE('',(#711),#712,.F.);
#310=ADVANCED_FACE('',(#713),#714,.F.);
#311=ADVANCED_FACE('',(#715,#716),#717,.T.);
#312=ADVANCED_FACE('',(#718),#719,.F.);
#313=ADVANCED_FACE('',(#720),#721,.F.);
#314=ADVANCED_FACE('',(#722,#723),#724,.T.);
#315=ADVANCED_FACE('',(#725),#726,.F.);
#316=ADVANCED_FACE('',(#727),#728,.F.);
#317=ADVANCED_FACE('',(#729),#730,.T.);
#318=ADVANCED_FACE('',(#731),#732,.T.);
#319=ADVANCED_FACE('',(#733),#734,.T.);
#320=ADVANCED_FACE('',(#735),#736,.F.);
#321=ADVANCED_FACE('',(#737),#738,.T.);
#322=ADVANCED_FACE('',(#739),#740,.F.);
#323=ADVANCED_FACE('',(#741,#742,#743,#744),#745,.T.);
#324=ADVANCED_FACE('',(#746,#747,#748,#749,#750),#751,.F.);
#326=FACE_OUTER_BOUND('',#752,.T.);
#327=CONICAL_SURFACE('',#753,0.650000000000004,0.698131700799995);
#328=FACE_OUTER_BOUND('',#754,.T.);
#329=CYLINDRICAL_SURFACE('',#755,0.550000000000002);
#330=FACE_OUTER_BOUND('',#756,.T.);
#331=CONICAL_SURFACE('',#757,0.274999999999999,1.0471975512);
#332=FACE_OUTER_BOUND('',#758,.T.);
#333=CONICAL_SURFACE('',#759,0.648852968954761,0.174532925200009);
#334=FACE_OUTER_BOUND('',#760,.T.);
#335=CYLINDRICAL_SURFACE('',#761,0.684999999999998);
#336=FACE_OUTER_BOUND('',#762,.T.);
#337=CONICAL_SURFACE('',#763,0.724999999999998,0.261799387799998);
#338=FACE_OUTER_BOUND('',#764,.T.);
#339=CYLINDRICAL_SURFACE('',#765,0.692499999999998);
#340=FACE_OUTER_BOUND('',#766,.T.);
#341=CYLINDRICAL_SURFACE('',#767,0.899999999999999);
#342=FACE_OUTER_BOUND('',#768,.T.);
#343=CYLINDRICAL_SURFACE('',#769,0.250000000000004);
#344=FACE_OUTER_BOUND('',#770,.T.);
#345=TOROIDAL_SURFACE('',#771,0.750000000000002,0.5);
#346=FACE_OUTER_BOUND('',#772,.T.);
#347=TOROIDAL_SURFACE('',#773,0.750000000000002,0.5);
#348=FACE_OUTER_BOUND('',#774,.T.);
#349=CYLINDRICAL_SURFACE('',#775,0.250000000000004);
#350=FACE_OUTER_BOUND('',#776,.T.);
#351=CYLINDRICAL_SURFACE('',#777,0.899999999999999);
#352=FACE_OUTER_BOUND('',#778,.T.);
#353=FACE_BOUND('',#779,.T.);
#354=PLANE('',#780);
#355=FACE_OUTER_BOUND('',#781,.T.);
#356=CYLINDRICAL_SURFACE('',#782,0.692499999999998);
#357=FACE_OUTER_BOUND('',#783,.T.);
#358=FACE_BOUND('',#784,.T.);
#359=PLANE('',#785);
#360=FACE_OUTER_BOUND('',#786,.T.);
#361=CONICAL_SURFACE('',#787,0.724999999999998,0.261799387799998);
#362=FACE_OUTER_BOUND('',#788,.T.);
#363=CYLINDRICAL_SURFACE('',#789,0.684999999999998);
#364=FACE_OUTER_BOUND('',#790,.T.);
#365=CONICAL_SURFACE('',#791,0.648852968954761,0.174532925200009);
#366=FACE_OUTER_BOUND('',#792,.T.);
#367=SPHERICAL_SURFACE('',#793,0.250000000000004);
#368=FACE_OUTER_BOUND('',#794,.T.);
#369=CONICAL_SURFACE('',#795,0.274999999999999,1.0471975512);
#370=FACE_OUTER_BOUND('',#796,.T.);
#371=CYLINDRICAL_SURFACE('',#797,0.550000000000002);
#372=FACE_OUTER_BOUND('',#798,.T.);
#373=CONICAL_SURFACE('',#799,0.650000000000004,0.698131700799995);
#374=FACE_OUTER_BOUND('',#800,.T.);
#375=FACE_BOUND('',#801,.T.);
#376=PLANE('',#802);
#377=FACE_OUTER_BOUND('',#803,.T.);
#378=CYLINDRICAL_SURFACE('',#804,0.075);
#379=FACE_OUTER_BOUND('',#805,.T.);
#380=CYLINDRICAL_SURFACE('',#806,0.43);
#381=FACE_OUTER_BOUND('',#807,.T.);
#382=CYLINDRICAL_SURFACE('',#808,0.075);
#383=FACE_OUTER_BOUND('',#809,.T.);
#384=CYLINDRICAL_SURFACE('',#810,0.55);
#385=FACE_OUTER_BOUND('',#811,.T.);
#386=CONICAL_SURFACE('',#812,0.48,0.7853981634);
#387=FACE_OUTER_BOUND('',#813,.T.);
#388=CYLINDRICAL_SURFACE('',#814,0.075);
#389=FACE_OUTER_BOUND('',#815,.T.);
#390=CYLINDRICAL_SURFACE('',#816,0.075);
#391=FACE_OUTER_BOUND('',#817,.T.);
#392=PLANE('',#818);
#393=FACE_OUTER_BOUND('',#819,.T.);
#394=CONICAL_SURFACE('',#820,0.1625,1.42190637919002);
#395=FACE_OUTER_BOUND('',#821,.T.);
#396=PLANE('',#822);
#397=FACE_OUTER_BOUND('',#823,.T.);
#398=CONICAL_SURFACE('',#824,0.1625,1.42190637919002);
#399=FACE_OUTER_BOUND('',#825,.T.);
#400=PLANE('',#826);
#401=FACE_OUTER_BOUND('',#827,.T.);
#402=CYLINDRICAL_SURFACE('',#828,0.075);
#403=FACE_OUTER_BOUND('',#829,.T.);
#404=CONICAL_SURFACE('',#830,0.1625,1.42190637919002);
#405=FACE_OUTER_BOUND('',#831,.T.);
#406=PLANE('',#832);
#407=FACE_OUTER_BOUND('',#833,.T.);
#408=CYLINDRICAL_SURFACE('',#834,0.075);
#409=FACE_OUTER_BOUND('',#835,.T.);
#410=CONICAL_SURFACE('',#836,0.4375,0.148889947609981);
#411=FACE_OUTER_BOUND('',#837,.T.);
#412=FACE_BOUND('',#838,.T.);
#413=PLANE('',#839);
#414=FACE_OUTER_BOUND('',#840,.T.);
#415=CONICAL_SURFACE('',#841,0.4375,0.148889947609981);
#416=FACE_OUTER_BOUND('',#842,.T.);
#417=PLANE('',#843);
#418=FACE_OUTER_BOUND('',#844,.T.);
#419=CONICAL_SURFACE('',#845,0.48,0.7853981634);
#420=FACE_OUTER_BOUND('',#846,.T.);
#421=CONICAL_SURFACE('',#847,0.3175,0.148889947609981);
#422=FACE_OUTER_BOUND('',#848,.T.);
#423=CONICAL_SURFACE('',#849,0.3175,0.148889947609981);
#424=FACE_OUTER_BOUND('',#850,.T.);
#425=CONICAL_SURFACE('',#851,0.3175,0.148889947609981);
#426=FACE_OUTER_BOUND('',#852,.T.);
#427=PLANE('',#853);
#428=FACE_OUTER_BOUND('',#854,.T.);
#429=CONICAL_SURFACE('',#855,0.4375,0.148889947609981);
#430=FACE_OUTER_BOUND('',#856,.T.);
#431=CYLINDRICAL_SURFACE('',#857,0.55);
#432=FACE_OUTER_BOUND('',#858,.T.);
#433=PLANE('',#859);
#434=FACE_OUTER_BOUND('',#860,.T.);
#435=CYLINDRICAL_SURFACE('',#861,0.075);
#436=FACE_OUTER_BOUND('',#862,.T.);
#437=CYLINDRICAL_SURFACE('',#863,0.43);
#438=FACE_OUTER_BOUND('',#864,.T.);
#439=CYLINDRICAL_SURFACE('',#865,0.075);
#440=FACE_OUTER_BOUND('',#866,.T.);
#441=CONICAL_SURFACE('',#867,0.4375,0.148889947609981);
#442=FACE_OUTER_BOUND('',#868,.T.);
#443=CONICAL_SURFACE('',#869,0.1625,1.42190637919002);
#444=FACE_OUTER_BOUND('',#870,.T.);
#445=CONICAL_SURFACE('',#871,0.3175,0.148889947609981);
#446=FACE_OUTER_BOUND('',#872,.T.);
#447=PLANE('',#873);
#448=FACE_OUTER_BOUND('',#874,.T.);
#449=CONICAL_SURFACE('',#875,0.650000000000004,0.698131700799995);
#450=FACE_OUTER_BOUND('',#876,.T.);
#451=CYLINDRICAL_SURFACE('',#877,0.550000000000002);
#452=FACE_OUTER_BOUND('',#878,.T.);
#453=CONICAL_SURFACE('',#879,0.274999999999999,1.0471975512);
#454=FACE_OUTER_BOUND('',#880,.T.);
#455=CONICAL_SURFACE('',#881,0.648852968954761,0.174532925200009);
#456=FACE_OUTER_BOUND('',#882,.T.);
#457=CYLINDRICAL_SURFACE('',#883,0.684999999999998);
#458=FACE_OUTER_BOUND('',#884,.T.);
#459=CONICAL_SURFACE('',#885,0.724999999999998,0.261799387799998);
#460=FACE_OUTER_BOUND('',#886,.T.);
#461=CYLINDRICAL_SURFACE('',#887,0.692499999999998);
#462=FACE_OUTER_BOUND('',#888,.T.);
#463=CYLINDRICAL_SURFACE('',#889,0.899999999999999);
#464=FACE_OUTER_BOUND('',#890,.T.);
#465=CYLINDRICAL_SURFACE('',#891,0.250000000000004);
#466=FACE_OUTER_BOUND('',#892,.T.);
#467=TOROIDAL_SURFACE('',#893,0.750000000000002,0.5);
#468=FACE_OUTER_BOUND('',#894,.T.);
#469=TOROIDAL_SURFACE('',#895,0.750000000000002,0.5);
#470=FACE_OUTER_BOUND('',#896,.T.);
#471=CYLINDRICAL_SURFACE('',#897,0.250000000000004);
#472=FACE_OUTER_BOUND('',#898,.T.);
#473=CYLINDRICAL_SURFACE('',#899,0.899999999999999);
#474=FACE_OUTER_BOUND('',#900,.T.);
#475=FACE_BOUND('',#901,.T.);
#476=PLANE('',#902);
#477=FACE_OUTER_BOUND('',#903,.T.);
#478=CYLINDRICAL_SURFACE('',#904,0.692499999999998);
#479=FACE_OUTER_BOUND('',#905,.T.);
#480=FACE_BOUND('',#906,.T.);
#481=PLANE('',#907);
#482=FACE_OUTER_BOUND('',#908,.T.);
#483=CONICAL_SURFACE('',#909,0.724999999999998,0.261799387799998);
#484=FACE_OUTER_BOUND('',#910,.T.);
#485=CYLINDRICAL_SURFACE('',#911,0.684999999999998);
#486=FACE_OUTER_BOUND('',#912,.T.);
#487=CONICAL_SURFACE('',#913,0.648852968954761,0.174532925200009);
#488=FACE_OUTER_BOUND('',#914,.T.);
#489=SPHERICAL_SURFACE('',#915,0.250000000000004);
#490=FACE_OUTER_BOUND('',#916,.T.);
#491=CONICAL_SURFACE('',#917,0.274999999999999,1.0471975512);
#492=FACE_OUTER_BOUND('',#918,.T.);
#493=CYLINDRICAL_SURFACE('',#919,0.550000000000002);
#494=FACE_OUTER_BOUND('',#920,.T.);
#495=CONICAL_SURFACE('',#921,0.650000000000004,0.698131700799995);
#496=FACE_OUTER_BOUND('',#922,.T.);
#497=FACE_BOUND('',#923,.T.);
#498=PLANE('',#924);
#499=FACE_OUTER_BOUND('',#925,.T.);
#500=CYLINDRICAL_SURFACE('',#926,0.075);
#501=FACE_OUTER_BOUND('',#927,.T.);
#502=CYLINDRICAL_SURFACE('',#928,0.43);
#503=FACE_OUTER_BOUND('',#929,.T.);
#504=CYLINDRICAL_SURFACE('',#930,0.075);
#505=FACE_OUTER_BOUND('',#931,.T.);
#506=CYLINDRICAL_SURFACE('',#932,0.55);
#507=FACE_OUTER_BOUND('',#933,.T.);
#508=CONICAL_SURFACE('',#934,0.48,0.7853981634);
#509=FACE_OUTER_BOUND('',#935,.T.);
#510=CYLINDRICAL_SURFACE('',#936,0.075);
#511=FACE_OUTER_BOUND('',#937,.T.);
#512=CYLINDRICAL_SURFACE('',#938,0.075);
#513=FACE_OUTER_BOUND('',#939,.T.);
#514=PLANE('',#940);
#515=FACE_OUTER_BOUND('',#941,.T.);
#516=CONICAL_SURFACE('',#942,0.1625,1.42190637919002);
#517=FACE_OUTER_BOUND('',#943,.T.);
#518=PLANE('',#944);
#519=FACE_OUTER_BOUND('',#945,.T.);
#520=CONICAL_SURFACE('',#946,0.1625,1.42190637919002);
#521=FACE_OUTER_BOUND('',#947,.T.);
#522=PLANE('',#948);
#523=FACE_OUTER_BOUND('',#949,.T.);
#524=CYLINDRICAL_SURFACE('',#950,0.075);
#525=FACE_OUTER_BOUND('',#951,.T.);
#526=CONICAL_SURFACE('',#952,0.1625,1.42190637919002);
#527=FACE_OUTER_BOUND('',#953,.T.);
#528=PLANE('',#954);
#529=FACE_OUTER_BOUND('',#955,.T.);
#530=CYLINDRICAL_SURFACE('',#956,0.075);
#531=FACE_OUTER_BOUND('',#957,.T.);
#532=CONICAL_SURFACE('',#958,0.4375,0.148889947609981);
#533=FACE_OUTER_BOUND('',#959,.T.);
#534=FACE_BOUND('',#960,.T.);
#535=PLANE('',#961);
#536=FACE_OUTER_BOUND('',#962,.T.);
#537=CONICAL_SURFACE('',#963,0.4375,0.148889947609981);
#538=FACE_OUTER_BOUND('',#964,.T.);
#539=PLANE('',#965);
#540=FACE_OUTER_BOUND('',#966,.T.);
#541=CONICAL_SURFACE('',#967,0.48,0.7853981634);
#542=FACE_OUTER_BOUND('',#968,.T.);
#543=CONICAL_SURFACE('',#969,0.3175,0.148889947609981);
#544=FACE_OUTER_BOUND('',#970,.T.);
#545=CONICAL_SURFACE('',#971,0.3175,0.148889947609981);
#546=FACE_OUTER_BOUND('',#972,.T.);
#547=CONICAL_SURFACE('',#973,0.3175,0.148889947609981);
#548=FACE_OUTER_BOUND('',#974,.T.);
#549=PLANE('',#975);
#550=FACE_OUTER_BOUND('',#976,.T.);
#551=CONICAL_SURFACE('',#977,0.4375,0.148889947609981);
#552=FACE_OUTER_BOUND('',#978,.T.);
#553=CYLINDRICAL_SURFACE('',#979,0.55);
#554=FACE_OUTER_BOUND('',#980,.T.);
#555=PLANE('',#981);
#556=FACE_OUTER_BOUND('',#982,.T.);
#557=CYLINDRICAL_SURFACE('',#983,0.075);
#558=FACE_OUTER_BOUND('',#984,.T.);
#559=CYLINDRICAL_SURFACE('',#985,0.43);
#560=FACE_OUTER_BOUND('',#986,.T.);
#561=CYLINDRICAL_SURFACE('',#987,0.075);
#562=FACE_OUTER_BOUND('',#988,.T.);
#563=CONICAL_SURFACE('',#989,0.4375,0.148889947609981);
#564=FACE_OUTER_BOUND('',#990,.T.);
#565=CONICAL_SURFACE('',#991,0.1625,1.42190637919002);
#566=FACE_OUTER_BOUND('',#992,.T.);
#567=CONICAL_SURFACE('',#993,0.3175,0.148889947609981);
#568=FACE_OUTER_BOUND('',#994,.T.);
#569=PLANE('',#995);
#570=FACE_OUTER_BOUND('',#996,.T.);
#571=CONICAL_SURFACE('',#997,0.650000000000004,0.698131700799995);
#572=FACE_OUTER_BOUND('',#998,.T.);
#573=CYLINDRICAL_SURFACE('',#999,0.550000000000002);
#574=FACE_OUTER_BOUND('',#1000,.T.);
#575=CONICAL_SURFACE('',#1001,0.274999999999999,1.0471975512);
#576=FACE_OUTER_BOUND('',#1002,.T.);
#577=CONICAL_SURFACE('',#1003,0.648852968954761,0.174532925200009);
#578=FACE_OUTER_BOUND('',#1004,.T.);
#579=CYLINDRICAL_SURFACE('',#1005,0.684999999999998);
#580=FACE_OUTER_BOUND('',#1006,.T.);
#581=CONICAL_SURFACE('',#1007,0.724999999999998,0.261799387799998);
#582=FACE_OUTER_BOUND('',#1008,.T.);
#583=CYLINDRICAL_SURFACE('',#1009,0.692499999999998);
#584=FACE_OUTER_BOUND('',#1010,.T.);
#585=CYLINDRICAL_SURFACE('',#1011,0.899999999999999);
#586=FACE_OUTER_BOUND('',#1012,.T.);
#587=CYLINDRICAL_SURFACE('',#1013,0.250000000000004);
#588=FACE_OUTER_BOUND('',#1014,.T.);
#589=TOROIDAL_SURFACE('',#1015,0.750000000000002,0.5);
#590=FACE_OUTER_BOUND('',#1016,.T.);
#591=TOROIDAL_SURFACE('',#1017,0.750000000000002,0.5);
#592=FACE_OUTER_BOUND('',#1018,.T.);
#593=CYLINDRICAL_SURFACE('',#1019,0.250000000000004);
#594=FACE_OUTER_BOUND('',#1020,.T.);
#595=CYLINDRICAL_SURFACE('',#1021,0.899999999999999);
#596=FACE_OUTER_BOUND('',#1022,.T.);
#597=FACE_BOUND('',#1023,.T.);
#598=PLANE('',#1024);
#599=FACE_OUTER_BOUND('',#1025,.T.);
#600=CYLINDRICAL_SURFACE('',#1026,0.692499999999998);
#601=FACE_OUTER_BOUND('',#1027,.T.);
#602=FACE_BOUND('',#1028,.T.);
#603=PLANE('',#1029);
#604=FACE_OUTER_BOUND('',#1030,.T.);
#605=CONICAL_SURFACE('',#1031,0.724999999999998,0.261799387799998);
#606=FACE_OUTER_BOUND('',#1032,.T.);
#607=CYLINDRICAL_SURFACE('',#1033,0.684999999999998);
#608=FACE_OUTER_BOUND('',#1034,.T.);
#609=CONICAL_SURFACE('',#1035,0.648852968954761,0.174532925200009);
#610=FACE_OUTER_BOUND('',#1036,.T.);
#611=SPHERICAL_SURFACE('',#1037,0.250000000000004);
#612=FACE_OUTER_BOUND('',#1038,.T.);
#613=CONICAL_SURFACE('',#1039,0.274999999999999,1.0471975512);
#614=FACE_OUTER_BOUND('',#1040,.T.);
#615=CYLINDRICAL_SURFACE('',#1041,0.550000000000002);
#616=FACE_OUTER_BOUND('',#1042,.T.);
#617=CONICAL_SURFACE('',#1043,0.650000000000004,0.698131700799995);
#618=FACE_OUTER_BOUND('',#1044,.T.);
#619=FACE_BOUND('',#1045,.T.);
#620=PLANE('',#1046);
#621=FACE_OUTER_BOUND('',#1047,.T.);
#622=CYLINDRICAL_SURFACE('',#1048,0.075);
#623=FACE_OUTER_BOUND('',#1049,.T.);
#624=CYLINDRICAL_SURFACE('',#1050,0.43);
#625=FACE_OUTER_BOUND('',#1051,.T.);
#626=CYLINDRICAL_SURFACE('',#1052,0.075);
#627=FACE_OUTER_BOUND('',#1053,.T.);
#628=CYLINDRICAL_SURFACE('',#1054,0.55);
#629=FACE_OUTER_BOUND('',#1055,.T.);
#630=CONICAL_SURFACE('',#1056,0.48,0.7853981634);
#631=FACE_OUTER_BOUND('',#1057,.T.);
#632=CYLINDRICAL_SURFACE('',#1058,0.075);
#633=FACE_OUTER_BOUND('',#1059,.T.);
#634=CYLINDRICAL_SURFACE('',#1060,0.075);
#635=FACE_OUTER_BOUND('',#1061,.T.);
#636=PLANE('',#1062);
#637=FACE_OUTER_BOUND('',#1063,.T.);
#638=CONICAL_SURFACE('',#1064,0.1625,1.42190637919002);
#639=FACE_OUTER_BOUND('',#1065,.T.);
#640=PLANE('',#1066);
#641=FACE_OUTER_BOUND('',#1067,.T.);
#642=CONICAL_SURFACE('',#1068,0.1625,1.42190637919002);
#643=FACE_OUTER_BOUND('',#1069,.T.);
#644=PLANE('',#1070);
#645=FACE_OUTER_BOUND('',#1071,.T.);
#646=CYLINDRICAL_SURFACE('',#1072,0.075);
#647=FACE_OUTER_BOUND('',#1073,.T.);
#648=CONICAL_SURFACE('',#1074,0.1625,1.42190637919002);
#649=FACE_OUTER_BOUND('',#1075,.T.);
#650=PLANE('',#1076);
#651=FACE_OUTER_BOUND('',#1077,.T.);
#652=CYLINDRICAL_SURFACE('',#1078,0.075);
#653=FACE_OUTER_BOUND('',#1079,.T.);
#654=CONICAL_SURFACE('',#1080,0.4375,0.148889947609981);
#655=FACE_OUTER_BOUND('',#1081,.T.);
#656=FACE_BOUND('',#1082,.T.);
#657=PLANE('',#1083);
#658=FACE_OUTER_BOUND('',#1084,.T.);
#659=CONICAL_SURFACE('',#1085,0.4375,0.148889947609981);
#660=FACE_OUTER_BOUND('',#1086,.T.);
#661=PLANE('',#1087);
#662=FACE_OUTER_BOUND('',#1088,.T.);
#663=CONICAL_SURFACE('',#1089,0.48,0.7853981634);
#664=FACE_OUTER_BOUND('',#1090,.T.);
#665=CONICAL_SURFACE('',#1091,0.3175,0.148889947609981);
#666=FACE_OUTER_BOUND('',#1092,.T.);
#667=CONICAL_SURFACE('',#1093,0.3175,0.148889947609981);
#668=FACE_OUTER_BOUND('',#1094,.T.);
#669=CONICAL_SURFACE('',#1095,0.3175,0.148889947609981);
#670=FACE_OUTER_BOUND('',#1096,.T.);
#671=PLANE('',#1097);
#672=FACE_OUTER_BOUND('',#1098,.T.);
#673=CONICAL_SURFACE('',#1099,0.4375,0.148889947609981);
#674=FACE_OUTER_BOUND('',#1100,.T.);
#675=CYLINDRICAL_SURFACE('',#1101,0.55);
#676=FACE_OUTER_BOUND('',#1102,.T.);
#677=PLANE('',#1103);
#678=FACE_OUTER_BOUND('',#1104,.T.);
#679=CYLINDRICAL_SURFACE('',#1105,0.075);
#680=FACE_OUTER_BOUND('',#1106,.T.);
#681=CYLINDRICAL_SURFACE('',#1107,0.43);
#682=FACE_OUTER_BOUND('',#1108,.T.);
#683=CYLINDRICAL_SURFACE('',#1109,0.075);
#684=FACE_OUTER_BOUND('',#1110,.T.);
#685=CONICAL_SURFACE('',#1111,0.4375,0.148889947609981);
#686=FACE_OUTER_BOUND('',#1112,.T.);
#687=CONICAL_SURFACE('',#1113,0.1625,1.42190637919002);
#688=FACE_OUTER_BOUND('',#1114,.T.);
#689=CONICAL_SURFACE('',#1115,0.3175,0.148889947609981);
#690=FACE_OUTER_BOUND('',#1116,.T.);
#691=PLANE('',#1117);
#692=FACE_OUTER_BOUND('',#1118,.T.);
#693=CYLINDRICAL_SURFACE('',#1119,4.75);
#694=FACE_OUTER_BOUND('',#1120,.T.);
#695=CYLINDRICAL_SURFACE('',#1121,1.6);
#696=FACE_OUTER_BOUND('',#1122,.T.);
#697=CYLINDRICAL_SURFACE('',#1123,0.7);
#698=FACE_OUTER_BOUND('',#1124,.T.);
#699=CYLINDRICAL_SURFACE('',#1125,0.95);
#700=FACE_OUTER_BOUND('',#1126,.T.);
#701=CYLINDRICAL_SURFACE('',#1127,0.7);
#702=FACE_OUTER_BOUND('',#1128,.T.);
#703=CYLINDRICAL_SURFACE('',#1129,0.95);
#704=FACE_OUTER_BOUND('',#1130,.T.);
#705=CYLINDRICAL_SURFACE('',#1131,0.7);
#706=FACE_OUTER_BOUND('',#1132,.T.);
#707=CYLINDRICAL_SURFACE('',#1133,0.95);
#708=FACE_OUTER_BOUND('',#1134,.T.);
#709=FACE_BOUND('',#1135,.T.);
#710=PLANE('',#1136);
#711=FACE_OUTER_BOUND('',#1137,.T.);
#712=CYLINDRICAL_SURFACE('',#1138,0.95);
#713=FACE_OUTER_BOUND('',#1139,.T.);
#714=CYLINDRICAL_SURFACE('',#1140,0.7);
#715=FACE_OUTER_BOUND('',#1141,.T.);
#716=FACE_BOUND('',#1142,.T.);
#717=PLANE('',#1143);
#718=FACE_OUTER_BOUND('',#1144,.T.);
#719=CYLINDRICAL_SURFACE('',#1145,0.95);
#720=FACE_OUTER_BOUND('',#1146,.T.);
#721=CYLINDRICAL_SURFACE('',#1147,0.7);
#722=FACE_OUTER_BOUND('',#1148,.T.);
#723=FACE_BOUND('',#1149,.T.);
#724=PLANE('',#1150);
#725=FACE_OUTER_BOUND('',#1151,.T.);
#726=CYLINDRICAL_SURFACE('',#1152,0.95);
#727=FACE_OUTER_BOUND('',#1153,.T.);
#728=CYLINDRICAL_SURFACE('',#1154,0.7);
#729=FACE_OUTER_BOUND('',#1155,.T.);
#730=CYLINDRICAL_SURFACE('',#1156,1.6);
#731=FACE_OUTER_BOUND('',#1157,.T.);
#732=PLANE('',#1158);
#733=FACE_OUTER_BOUND('',#1159,.T.);
#734=CYLINDRICAL_SURFACE('',#1160,1.5);
#735=FACE_OUTER_BOUND('',#1161,.T.);
#736=CYLINDRICAL_SURFACE('',#1162,0.5);
#737=FACE_OUTER_BOUND('',#1163,.T.);
#738=CYLINDRICAL_SURFACE('',#1164,4.75);
#739=FACE_OUTER_BOUND('',#1165,.T.);
#740=CYLINDRICAL_SURFACE('',#1166,0.5);
#741=FACE_OUTER_BOUND('',#1167,.T.);
#742=FACE_BOUND('',#1168,.T.);
#743=FACE_BOUND('',#1169,.T.);
#744=FACE_BOUND('',#1170,.T.);
#745=PLANE('',#1171);
#746=FACE_OUTER_BOUND('',#1172,.T.);
#747=FACE_BOUND('',#1173,.T.);
#748=FACE_BOUND('',#1174,.T.);
#749=FACE_BOUND('',#1175,.T.);
#750=FACE_BOUND('',#1176,.T.);
#751=PLANE('',#1177);
#752=EDGE_LOOP('',(#1178,#1179,#1180,#1181));
#753=AXIS2_PLACEMENT_3D('',#1182,#1183,#1184);
#754=EDGE_LOOP('',(#1185,#1186,#1187,#1188));
#755=AXIS2_PLACEMENT_3D('',#1189,#1190,#1191);
#756=EDGE_LOOP('',(#1192,#1193,#1194));
#757=AXIS2_PLACEMENT_3D('',#1195,#1196,#1197);
#758=EDGE_LOOP('',(#1198,#1199,#1200,#1201));
#759=AXIS2_PLACEMENT_3D('',#1202,#1203,#1204);
#760=EDGE_LOOP('',(#1205,#1206,#1207,#1208));
#761=AXIS2_PLACEMENT_3D('',#1209,#1210,#1211);
#762=EDGE_LOOP('',(#1212,#1213,#1214,#1215));
#763=AXIS2_PLACEMENT_3D('',#1216,#1217,#1218);
#764=EDGE_LOOP('',(#1219,#1220,#1221,#1222));
#765=AXIS2_PLACEMENT_3D('',#1223,#1224,#1225);
#766=EDGE_LOOP('',(#1226,#1227,#1228,#1229));
#767=AXIS2_PLACEMENT_3D('',#1230,#1231,#1232);
#768=EDGE_LOOP('',(#1233,#1234,#1235,#1236,#1237));
#769=AXIS2_PLACEMENT_3D('',#1238,#1239,#1240);
#770=EDGE_LOOP('',(#1241,#1242,#1243,#1244));
#771=AXIS2_PLACEMENT_3D('',#1245,#1246,#1247);
#772=EDGE_LOOP('',(#1248,#1249,#1250,#1251));
#773=AXIS2_PLACEMENT_3D('',#1252,#1253,#1254);
#774=EDGE_LOOP('',(#1255,#1256,#1257,#1258,#1259));
#775=AXIS2_PLACEMENT_3D('',#1260,#1261,#1262);
#776=EDGE_LOOP('',(#1263,#1264,#1265,#1266));
#777=AXIS2_PLACEMENT_3D('',#1267,#1268,#1269);
#778=EDGE_LOOP('',(#1270,#1271));
#779=EDGE_LOOP('',(#1272,#1273));
#780=AXIS2_PLACEMENT_3D('',#1274,#1275,#1276);
#781=EDGE_LOOP('',(#1277,#1278,#1279,#1280));
#782=AXIS2_PLACEMENT_3D('',#1281,#1282,#1283);
#783=EDGE_LOOP('',(#1284,#1285));
#784=EDGE_LOOP('',(#1286,#1287));
#785=AXIS2_PLACEMENT_3D('',#1288,#1289,#1290);
#786=EDGE_LOOP('',(#1291,#1292,#1293,#1294));
#787=AXIS2_PLACEMENT_3D('',#1295,#1296,#1297);
#788=EDGE_LOOP('',(#1298,#1299,#1300,#1301));
#789=AXIS2_PLACEMENT_3D('',#1302,#1303,#1304);
#790=EDGE_LOOP('',(#1305,#1306,#1307,#1308));
#791=AXIS2_PLACEMENT_3D('',#1309,#1310,#1311);
#792=EDGE_LOOP('',(#1312,#1313,#1314,#1315));
#793=AXIS2_PLACEMENT_3D('',#1316,#1317,#1318);
#794=EDGE_LOOP('',(#1319,#1320,#1321));
#795=AXIS2_PLACEMENT_3D('',#1322,#1323,#1324);
#796=EDGE_LOOP('',(#1325,#1326,#1327,#1328));
#797=AXIS2_PLACEMENT_3D('',#1329,#1330,#1331);
#798=EDGE_LOOP('',(#1332,#1333,#1334,#1335));
#799=AXIS2_PLACEMENT_3D('',#1336,#1337,#1338);
#800=EDGE_LOOP('',(#1339,#1340));
#801=EDGE_LOOP('',(#1341,#1342));
#802=AXIS2_PLACEMENT_3D('',#1343,#1344,#1345);
#803=EDGE_LOOP('',(#1346,#1347,#1348,#1349));
#804=AXIS2_PLACEMENT_3D('',#1350,#1351,#1352);
#805=EDGE_LOOP('',(#1353,#1354,#1355,#1356,#1357));
#806=AXIS2_PLACEMENT_3D('',#1358,#1359,#1360);
#807=EDGE_LOOP('',(#1361,#1362,#1363,#1364));
#808=AXIS2_PLACEMENT_3D('',#1365,#1366,#1367);
#809=EDGE_LOOP('',(#1368,#1369,#1370,#1371,#1372));
#810=AXIS2_PLACEMENT_3D('',#1373,#1374,#1375);
#811=EDGE_LOOP('',(#1376,#1377,#1378,#1379));
#812=AXIS2_PLACEMENT_3D('',#1380,#1381,#1382);
#813=EDGE_LOOP('',(#1383,#1384,#1385,#1386));
#814=AXIS2_PLACEMENT_3D('',#1387,#1388,#1389);
#815=EDGE_LOOP('',(#1390,#1391,#1392,#1393));
#816=AXIS2_PLACEMENT_3D('',#1394,#1395,#1396);
#817=EDGE_LOOP('',(#1397,#1398,#1399,#1400));
#818=AXIS2_PLACEMENT_3D('',#1401,#1402,#1403);
#819=EDGE_LOOP('',(#1404,#1405,#1406,#1407));
#820=AXIS2_PLACEMENT_3D('',#1408,#1409,#1410);
#821=EDGE_LOOP('',(#1411,#1412,#1413,#1414));
#822=AXIS2_PLACEMENT_3D('',#1415,#1416,#1417);
#823=EDGE_LOOP('',(#1418,#1419,#1420,#1421));
#824=AXIS2_PLACEMENT_3D('',#1422,#1423,#1424);
#825=EDGE_LOOP('',(#1425,#1426,#1427,#1428));
#826=AXIS2_PLACEMENT_3D('',#1429,#1430,#1431);
#827=EDGE_LOOP('',(#1432,#1433,#1434,#1435,#1436,#1437));
#828=AXIS2_PLACEMENT_3D('',#1438,#1439,#1440);
#829=EDGE_LOOP('',(#1441,#1442,#1443,#1444));
#830=AXIS2_PLACEMENT_3D('',#1445,#1446,#1447);
#831=EDGE_LOOP('',(#1448,#1449,#1450,#1451));
#832=AXIS2_PLACEMENT_3D('',#1452,#1453,#1454);
#833=EDGE_LOOP('',(#1455,#1456,#1457,#1458,#1459,#1460));
#834=AXIS2_PLACEMENT_3D('',#1461,#1462,#1463);
#835=EDGE_LOOP('',(#1464,#1465,#1466,#1467,#1468,#1469,#1470,#1471));
#836=AXIS2_PLACEMENT_3D('',#1472,#1473,#1474);
#837=EDGE_LOOP('',(#1475,#1476));
#838=EDGE_LOOP('',(#1477,#1478));
#839=AXIS2_PLACEMENT_3D('',#1479,#1480,#1481);
#840=EDGE_LOOP('',(#1482,#1483,#1484,#1485,#1486,#1487,#1488));
#841=AXIS2_PLACEMENT_3D('',#1489,#1490,#1491);
#842=EDGE_LOOP('',(#1492,#1493,#1494,#1495));
#843=AXIS2_PLACEMENT_3D('',#1496,#1497,#1498);
#844=EDGE_LOOP('',(#1499,#1500,#1501,#1502));
#845=AXIS2_PLACEMENT_3D('',#1503,#1504,#1505);
#846=EDGE_LOOP('',(#1506,#1507,#1508,#1509,#1510,#1511,#1512,#1513));
#847=AXIS2_PLACEMENT_3D('',#1514,#1515,#1516);
#848=EDGE_LOOP('',(#1517,#1518,#1519,#1520,#1521,#1522,#1523));
#849=AXIS2_PLACEMENT_3D('',#1524,#1525,#1526);
#850=EDGE_LOOP('',(#1527,#1528,#1529,#1530,#1531,#1532,#1533));
#851=AXIS2_PLACEMENT_3D('',#1534,#1535,#1536);
#852=EDGE_LOOP('',(#1537,#1538,#1539,#1540));
#853=AXIS2_PLACEMENT_3D('',#1541,#1542,#1543);
#854=EDGE_LOOP('',(#1544,#1545,#1546,#1547,#1548,#1549,#1550));
#855=AXIS2_PLACEMENT_3D('',#1551,#1552,#1553);
#856=EDGE_LOOP('',(#1554,#1555,#1556,#1557,#1558));
#857=AXIS2_PLACEMENT_3D('',#1559,#1560,#1561);
#858=EDGE_LOOP('',(#1562,#1563,#1564,#1565));
#859=AXIS2_PLACEMENT_3D('',#1566,#1567,#1568);
#860=EDGE_LOOP('',(#1569,#1570,#1571,#1572,#1573,#1574));
#861=AXIS2_PLACEMENT_3D('',#1575,#1576,#1577);
#862=EDGE_LOOP('',(#1578,#1579,#1580,#1581,#1582));
#863=AXIS2_PLACEMENT_3D('',#1583,#1584,#1585);
#864=EDGE_LOOP('',(#1586,#1587,#1588,#1589,#1590,#1591));
#865=AXIS2_PLACEMENT_3D('',#1592,#1593,#1594);
#866=EDGE_LOOP('',(#1595,#1596,#1597,#1598,#1599,#1600));
#867=AXIS2_PLACEMENT_3D('',#1601,#1602,#1603);
#868=EDGE_LOOP('',(#1604,#1605,#1606,#1607));
#869=AXIS2_PLACEMENT_3D('',#1608,#1609,#1610);
#870=EDGE_LOOP('',(#1611,#1612,#1613,#1614,#1615,#1616));
#871=AXIS2_PLACEMENT_3D('',#1617,#1618,#1619);
#872=EDGE_LOOP('',(#1620,#1621,#1622,#1623));
#873=AXIS2_PLACEMENT_3D('',#1624,#1625,#1626);
#874=EDGE_LOOP('',(#1627,#1628,#1629,#1630));
#875=AXIS2_PLACEMENT_3D('',#1631,#1632,#1633);
#876=EDGE_LOOP('',(#1634,#1635,#1636,#1637));
#877=AXIS2_PLACEMENT_3D('',#1638,#1639,#1640);
#878=EDGE_LOOP('',(#1641,#1642,#1643));
#879=AXIS2_PLACEMENT_3D('',#1644,#1645,#1646);
#880=EDGE_LOOP('',(#1647,#1648,#1649,#1650));
#881=AXIS2_PLACEMENT_3D('',#1651,#1652,#1653);
#882=EDGE_LOOP('',(#1654,#1655,#1656,#1657));
#883=AXIS2_PLACEMENT_3D('',#1658,#1659,#1660);
#884=EDGE_LOOP('',(#1661,#1662,#1663,#1664));
#885=AXIS2_PLACEMENT_3D('',#1665,#1666,#1667);
#886=EDGE_LOOP('',(#1668,#1669,#1670,#1671));
#887=AXIS2_PLACEMENT_3D('',#1672,#1673,#1674);
#888=EDGE_LOOP('',(#1675,#1676,#1677,#1678));
#889=AXIS2_PLACEMENT_3D('',#1679,#1680,#1681);
#890=EDGE_LOOP('',(#1682,#1683,#1684,#1685,#1686));
#891=AXIS2_PLACEMENT_3D('',#1687,#1688,#1689);
#892=EDGE_LOOP('',(#1690,#1691,#1692,#1693));
#893=AXIS2_PLACEMENT_3D('',#1694,#1695,#1696);
#894=EDGE_LOOP('',(#1697,#1698,#1699,#1700));
#895=AXIS2_PLACEMENT_3D('',#1701,#1702,#1703);
#896=EDGE_LOOP('',(#1704,#1705,#1706,#1707,#1708));
#897=AXIS2_PLACEMENT_3D('',#1709,#1710,#1711);
#898=EDGE_LOOP('',(#1712,#1713,#1714,#1715));
#899=AXIS2_PLACEMENT_3D('',#1716,#1717,#1718);
#900=EDGE_LOOP('',(#1719,#1720));
#901=EDGE_LOOP('',(#1721,#1722));
#902=AXIS2_PLACEMENT_3D('',#1723,#1724,#1725);
#903=EDGE_LOOP('',(#1726,#1727,#1728,#1729));
#904=AXIS2_PLACEMENT_3D('',#1730,#1731,#1732);
#905=EDGE_LOOP('',(#1733,#1734));
#906=EDGE_LOOP('',(#1735,#1736));
#907=AXIS2_PLACEMENT_3D('',#1737,#1738,#1739);
#908=EDGE_LOOP('',(#1740,#1741,#1742,#1743));
#909=AXIS2_PLACEMENT_3D('',#1744,#1745,#1746);
#910=EDGE_LOOP('',(#1747,#1748,#1749,#1750));
#911=AXIS2_PLACEMENT_3D('',#1751,#1752,#1753);
#912=EDGE_LOOP('',(#1754,#1755,#1756,#1757));
#913=AXIS2_PLACEMENT_3D('',#1758,#1759,#1760);
#914=EDGE_LOOP('',(#1761,#1762,#1763,#1764));
#915=AXIS2_PLACEMENT_3D('',#1765,#1766,#1767);
#916=EDGE_LOOP('',(#1768,#1769,#1770));
#917=AXIS2_PLACEMENT_3D('',#1771,#1772,#1773);
#918=EDGE_LOOP('',(#1774,#1775,#1776,#1777));
#919=AXIS2_PLACEMENT_3D('',#1778,#1779,#1780);
#920=EDGE_LOOP('',(#1781,#1782,#1783,#1784));
#921=AXIS2_PLACEMENT_3D('',#1785,#1786,#1787);
#922=EDGE_LOOP('',(#1788,#1789));
#923=EDGE_LOOP('',(#1790,#1791));
#924=AXIS2_PLACEMENT_3D('',#1792,#1793,#1794);
#925=EDGE_LOOP('',(#1795,#1796,#1797,#1798));
#926=AXIS2_PLACEMENT_3D('',#1799,#1800,#1801);
#927=EDGE_LOOP('',(#1802,#1803,#1804,#1805,#1806));
#928=AXIS2_PLACEMENT_3D('',#1807,#1808,#1809);
#929=EDGE_LOOP('',(#1810,#1811,#1812,#1813));
#930=AXIS2_PLACEMENT_3D('',#1814,#1815,#1816);
#931=EDGE_LOOP('',(#1817,#1818,#1819,#1820,#1821));
#932=AXIS2_PLACEMENT_3D('',#1822,#1823,#1824);
#933=EDGE_LOOP('',(#1825,#1826,#1827,#1828));
#934=AXIS2_PLACEMENT_3D('',#1829,#1830,#1831);
#935=EDGE_LOOP('',(#1832,#1833,#1834,#1835));
#936=AXIS2_PLACEMENT_3D('',#1836,#1837,#1838);
#937=EDGE_LOOP('',(#1839,#1840,#1841,#1842));
#938=AXIS2_PLACEMENT_3D('',#1843,#1844,#1845);
#939=EDGE_LOOP('',(#1846,#1847,#1848,#1849));
#940=AXIS2_PLACEMENT_3D('',#1850,#1851,#1852);
#941=EDGE_LOOP('',(#1853,#1854,#1855,#1856));
#942=AXIS2_PLACEMENT_3D('',#1857,#1858,#1859);
#943=EDGE_LOOP('',(#1860,#1861,#1862,#1863));
#944=AXIS2_PLACEMENT_3D('',#1864,#1865,#1866);
#945=EDGE_LOOP('',(#1867,#1868,#1869,#1870));
#946=AXIS2_PLACEMENT_3D('',#1871,#1872,#1873);
#947=EDGE_LOOP('',(#1874,#1875,#1876,#1877));
#948=AXIS2_PLACEMENT_3D('',#1878,#1879,#1880);
#949=EDGE_LOOP('',(#1881,#1882,#1883,#1884,#1885,#1886));
#950=AXIS2_PLACEMENT_3D('',#1887,#1888,#1889);
#951=EDGE_LOOP('',(#1890,#1891,#1892,#1893));
#952=AXIS2_PLACEMENT_3D('',#1894,#1895,#1896);
#953=EDGE_LOOP('',(#1897,#1898,#1899,#1900));
#954=AXIS2_PLACEMENT_3D('',#1901,#1902,#1903);
#955=EDGE_LOOP('',(#1904,#1905,#1906,#1907,#1908,#1909));
#956=AXIS2_PLACEMENT_3D('',#1910,#1911,#1912);
#957=EDGE_LOOP('',(#1913,#1914,#1915,#1916,#1917,#1918,#1919,#1920));
#958=AXIS2_PLACEMENT_3D('',#1921,#1922,#1923);
#959=EDGE_LOOP('',(#1924,#1925));
#960=EDGE_LOOP('',(#1926,#1927));
#961=AXIS2_PLACEMENT_3D('',#1928,#1929,#1930);
#962=EDGE_LOOP('',(#1931,#1932,#1933,#1934,#1935,#1936,#1937));
#963=AXIS2_PLACEMENT_3D('',#1938,#1939,#1940);
#964=EDGE_LOOP('',(#1941,#1942,#1943,#1944));
#965=AXIS2_PLACEMENT_3D('',#1945,#1946,#1947);
#966=EDGE_LOOP('',(#1948,#1949,#1950,#1951));
#967=AXIS2_PLACEMENT_3D('',#1952,#1953,#1954);
#968=EDGE_LOOP('',(#1955,#1956,#1957,#1958,#1959,#1960,#1961,#1962));
#969=AXIS2_PLACEMENT_3D('',#1963,#1964,#1965);
#970=EDGE_LOOP('',(#1966,#1967,#1968,#1969,#1970,#1971,#1972));
#971=AXIS2_PLACEMENT_3D('',#1973,#1974,#1975);
#972=EDGE_LOOP('',(#1976,#1977,#1978,#1979,#1980,#1981,#1982));
#973=AXIS2_PLACEMENT_3D('',#1983,#1984,#1985);
#974=EDGE_LOOP('',(#1986,#1987,#1988,#1989));
#975=AXIS2_PLACEMENT_3D('',#1990,#1991,#1992);
#976=EDGE_LOOP('',(#1993,#1994,#1995,#1996,#1997,#1998,#1999));
#977=AXIS2_PLACEMENT_3D('',#2000,#2001,#2002);
#978=EDGE_LOOP('',(#2003,#2004,#2005,#2006,#2007));
#979=AXIS2_PLACEMENT_3D('',#2008,#2009,#2010);
#980=EDGE_LOOP('',(#2011,#2012,#2013,#2014));
#981=AXIS2_PLACEMENT_3D('',#2015,#2016,#2017);
#982=EDGE_LOOP('',(#2018,#2019,#2020,#2021,#2022,#2023));
#983=AXIS2_PLACEMENT_3D('',#2024,#2025,#2026);
#984=EDGE_LOOP('',(#2027,#2028,#2029,#2030,#2031));
#985=AXIS2_PLACEMENT_3D('',#2032,#2033,#2034);
#986=EDGE_LOOP('',(#2035,#2036,#2037,#2038,#2039,#2040));
#987=AXIS2_PLACEMENT_3D('',#2041,#2042,#2043);
#988=EDGE_LOOP('',(#2044,#2045,#2046,#2047,#2048,#2049));
#989=AXIS2_PLACEMENT_3D('',#2050,#2051,#2052);
#990=EDGE_LOOP('',(#2053,#2054,#2055,#2056));
#991=AXIS2_PLACEMENT_3D('',#2057,#2058,#2059);
#992=EDGE_LOOP('',(#2060,#2061,#2062,#2063,#2064,#2065));
#993=AXIS2_PLACEMENT_3D('',#2066,#2067,#2068);
#994=EDGE_LOOP('',(#2069,#2070,#2071,#2072));
#995=AXIS2_PLACEMENT_3D('',#2073,#2074,#2075);
#996=EDGE_LOOP('',(#2076,#2077,#2078,#2079));
#997=AXIS2_PLACEMENT_3D('',#2080,#2081,#2082);
#998=EDGE_LOOP('',(#2083,#2084,#2085,#2086));
#999=AXIS2_PLACEMENT_3D('',#2087,#2088,#2089);
#1000=EDGE_LOOP('',(#2090,#2091,#2092));
#1001=AXIS2_PLACEMENT_3D('',#2093,#2094,#2095);
#1002=EDGE_LOOP('',(#2096,#2097,#2098,#2099));
#1003=AXIS2_PLACEMENT_3D('',#2100,#2101,#2102);
#1004=EDGE_LOOP('',(#2103,#2104,#2105,#2106));
#1005=AXIS2_PLACEMENT_3D('',#2107,#2108,#2109);
#1006=EDGE_LOOP('',(#2110,#2111,#2112,#2113));
#1007=AXIS2_PLACEMENT_3D('',#2114,#2115,#2116);
#1008=EDGE_LOOP('',(#2117,#2118,#2119,#2120));
#1009=AXIS2_PLACEMENT_3D('',#2121,#2122,#2123);
#1010=EDGE_LOOP('',(#2124,#2125,#2126,#2127));
#1011=AXIS2_PLACEMENT_3D('',#2128,#2129,#2130);
#1012=EDGE_LOOP('',(#2131,#2132,#2133,#2134,#2135));
#1013=AXIS2_PLACEMENT_3D('',#2136,#2137,#2138);
#1014=EDGE_LOOP('',(#2139,#2140,#2141,#2142));
#1015=AXIS2_PLACEMENT_3D('',#2143,#2144,#2145);
#1016=EDGE_LOOP('',(#2146,#2147,#2148,#2149));
#1017=AXIS2_PLACEMENT_3D('',#2150,#2151,#2152);
#1018=EDGE_LOOP('',(#2153,#2154,#2155,#2156,#2157));
#1019=AXIS2_PLACEMENT_3D('',#2158,#2159,#2160);
#1020=EDGE_LOOP('',(#2161,#2162,#2163,#2164));
#1021=AXIS2_PLACEMENT_3D('',#2165,#2166,#2167);
#1022=EDGE_LOOP('',(#2168,#2169));
#1023=EDGE_LOOP('',(#2170,#2171));
#1024=AXIS2_PLACEMENT_3D('',#2172,#2173,#2174);
#1025=EDGE_LOOP('',(#2175,#2176,#2177,#2178));
#1026=AXIS2_PLACEMENT_3D('',#2179,#2180,#2181);
#1027=EDGE_LOOP('',(#2182,#2183));
#1028=EDGE_LOOP('',(#2184,#2185));
#1029=AXIS2_PLACEMENT_3D('',#2186,#2187,#2188);
#1030=EDGE_LOOP('',(#2189,#2190,#2191,#2192));
#1031=AXIS2_PLACEMENT_3D('',#2193,#2194,#2195);
#1032=EDGE_LOOP('',(#2196,#2197,#2198,#2199));
#1033=AXIS2_PLACEMENT_3D('',#2200,#2201,#2202);
#1034=EDGE_LOOP('',(#2203,#2204,#2205,#2206));
#1035=AXIS2_PLACEMENT_3D('',#2207,#2208,#2209);
#1036=EDGE_LOOP('',(#2210,#2211,#2212,#2213));
#1037=AXIS2_PLACEMENT_3D('',#2214,#2215,#2216);
#1038=EDGE_LOOP('',(#2217,#2218,#2219));
#1039=AXIS2_PLACEMENT_3D('',#2220,#2221,#2222);
#1040=EDGE_LOOP('',(#2223,#2224,#2225,#2226));
#1041=AXIS2_PLACEMENT_3D('',#2227,#2228,#2229);
#1042=EDGE_LOOP('',(#2230,#2231,#2232,#2233));
#1043=AXIS2_PLACEMENT_3D('',#2234,#2235,#2236);
#1044=EDGE_LOOP('',(#2237,#2238));
#1045=EDGE_LOOP('',(#2239,#2240));
#1046=AXIS2_PLACEMENT_3D('',#2241,#2242,#2243);
#1047=EDGE_LOOP('',(#2244,#2245,#2246,#2247));
#1048=AXIS2_PLACEMENT_3D('',#2248,#2249,#2250);
#1049=EDGE_LOOP('',(#2251,#2252,#2253,#2254,#2255));
#1050=AXIS2_PLACEMENT_3D('',#2256,#2257,#2258);
#1051=EDGE_LOOP('',(#2259,#2260,#2261,#2262));
#1052=AXIS2_PLACEMENT_3D('',#2263,#2264,#2265);
#1053=EDGE_LOOP('',(#2266,#2267,#2268,#2269,#2270));
#1054=AXIS2_PLACEMENT_3D('',#2271,#2272,#2273);
#1055=EDGE_LOOP('',(#2274,#2275,#2276,#2277));
#1056=AXIS2_PLACEMENT_3D('',#2278,#2279,#2280);
#1057=EDGE_LOOP('',(#2281,#2282,#2283,#2284));
#1058=AXIS2_PLACEMENT_3D('',#2285,#2286,#2287);
#1059=EDGE_LOOP('',(#2288,#2289,#2290,#2291));
#1060=AXIS2_PLACEMENT_3D('',#2292,#2293,#2294);
#1061=EDGE_LOOP('',(#2295,#2296,#2297,#2298));
#1062=AXIS2_PLACEMENT_3D('',#2299,#2300,#2301);
#1063=EDGE_LOOP('',(#2302,#2303,#2304,#2305));
#1064=AXIS2_PLACEMENT_3D('',#2306,#2307,#2308);
#1065=EDGE_LOOP('',(#2309,#2310,#2311,#2312));
#1066=AXIS2_PLACEMENT_3D('',#2313,#2314,#2315);
#1067=EDGE_LOOP('',(#2316,#2317,#2318,#2319));
#1068=AXIS2_PLACEMENT_3D('',#2320,#2321,#2322);
#1069=EDGE_LOOP('',(#2323,#2324,#2325,#2326));
#1070=AXIS2_PLACEMENT_3D('',#2327,#2328,#2329);
#1071=EDGE_LOOP('',(#2330,#2331,#2332,#2333,#2334,#2335));
#1072=AXIS2_PLACEMENT_3D('',#2336,#2337,#2338);
#1073=EDGE_LOOP('',(#2339,#2340,#2341,#2342));
#1074=AXIS2_PLACEMENT_3D('',#2343,#2344,#2345);
#1075=EDGE_LOOP('',(#2346,#2347,#2348,#2349));
#1076=AXIS2_PLACEMENT_3D('',#2350,#2351,#2352);
#1077=EDGE_LOOP('',(#2353,#2354,#2355,#2356,#2357,#2358));
#1078=AXIS2_PLACEMENT_3D('',#2359,#2360,#2361);
#1079=EDGE_LOOP('',(#2362,#2363,#2364,#2365,#2366,#2367,#2368,#2369));
#1080=AXIS2_PLACEMENT_3D('',#2370,#2371,#2372);
#1081=EDGE_LOOP('',(#2373,#2374));
#1082=EDGE_LOOP('',(#2375,#2376));
#1083=AXIS2_PLACEMENT_3D('',#2377,#2378,#2379);
#1084=EDGE_LOOP('',(#2380,#2381,#2382,#2383,#2384,#2385,#2386));
#1085=AXIS2_PLACEMENT_3D('',#2387,#2388,#2389);
#1086=EDGE_LOOP('',(#2390,#2391,#2392,#2393));
#1087=AXIS2_PLACEMENT_3D('',#2394,#2395,#2396);
#1088=EDGE_LOOP('',(#2397,#2398,#2399,#2400));
#1089=AXIS2_PLACEMENT_3D('',#2401,#2402,#2403);
#1090=EDGE_LOOP('',(#2404,#2405,#2406,#2407,#2408,#2409,#2410,#2411));
#1091=AXIS2_PLACEMENT_3D('',#2412,#2413,#2414);
#1092=EDGE_LOOP('',(#2415,#2416,#2417,#2418,#2419,#2420,#2421));
#1093=AXIS2_PLACEMENT_3D('',#2422,#2423,#2424);
#1094=EDGE_LOOP('',(#2425,#2426,#2427,#2428,#2429,#2430,#2431));
#1095=AXIS2_PLACEMENT_3D('',#2432,#2433,#2434);
#1096=EDGE_LOOP('',(#2435,#2436,#2437,#2438));
#1097=AXIS2_PLACEMENT_3D('',#2439,#2440,#2441);
#1098=EDGE_LOOP('',(#2442,#2443,#2444,#2445,#2446,#2447,#2448));
#1099=AXIS2_PLACEMENT_3D('',#2449,#2450,#2451);
#1100=EDGE_LOOP('',(#2452,#2453,#2454,#2455,#2456));
#1101=AXIS2_PLACEMENT_3D('',#2457,#2458,#2459);
#1102=EDGE_LOOP('',(#2460,#2461,#2462,#2463));
#1103=AXIS2_PLACEMENT_3D('',#2464,#2465,#2466);
#1104=EDGE_LOOP('',(#2467,#2468,#2469,#2470,#2471,#2472));
#1105=AXIS2_PLACEMENT_3D('',#2473,#2474,#2475);
#1106=EDGE_LOOP('',(#2476,#2477,#2478,#2479,#2480));
#1107=AXIS2_PLACEMENT_3D('',#2481,#2482,#2483);
#1108=EDGE_LOOP('',(#2484,#2485,#2486,#2487,#2488,#2489));
#1109=AXIS2_PLACEMENT_3D('',#2490,#2491,#2492);
#1110=EDGE_LOOP('',(#2493,#2494,#2495,#2496,#2497,#2498));
#1111=AXIS2_PLACEMENT_3D('',#2499,#2500,#2501);
#1112=EDGE_LOOP('',(#2502,#2503,#2504,#2505));
#1113=AXIS2_PLACEMENT_3D('',#2506,#2507,#2508);
#1114=EDGE_LOOP('',(#2509,#2510,#2511,#2512,#2513,#2514));
#1115=AXIS2_PLACEMENT_3D('',#2515,#2516,#2517);
#1116=EDGE_LOOP('',(#2518,#2519,#2520,#2521));
#1117=AXIS2_PLACEMENT_3D('',#2522,#2523,#2524);
#1118=EDGE_LOOP('',(#2525,#2526,#2527,#2528));
#1119=AXIS2_PLACEMENT_3D('',#2529,#2530,#2531);
#1120=EDGE_LOOP('',(#2532,#2533,#2534,#2535));
#1121=AXIS2_PLACEMENT_3D('',#2536,#2537,#2538);
#1122=EDGE_LOOP('',(#2539,#2540,#2541,#2542));
#1123=AXIS2_PLACEMENT_3D('',#2543,#2544,#2545);
#1124=EDGE_LOOP('',(#2546,#2547,#2548,#2549));
#1125=AXIS2_PLACEMENT_3D('',#2550,#2551,#2552);
#1126=EDGE_LOOP('',(#2553,#2554,#2555,#2556));
#1127=AXIS2_PLACEMENT_3D('',#2557,#2558,#2559);
#1128=EDGE_LOOP('',(#2560,#2561,#2562,#2563));
#1129=AXIS2_PLACEMENT_3D('',#2564,#2565,#2566);
#1130=EDGE_LOOP('',(#2567,#2568,#2569,#2570));
#1131=AXIS2_PLACEMENT_3D('',#2571,#2572,#2573);
#1132=EDGE_LOOP('',(#2574,#2575,#2576,#2577));
#1133=AXIS2_PLACEMENT_3D('',#2578,#2579,#2580);
#1134=EDGE_LOOP('',(#2581,#2582));
#1135=EDGE_LOOP('',(#2583,#2584));
#1136=AXIS2_PLACEMENT_3D('',#2585,#2586,#2587);
#1137=EDGE_LOOP('',(#2588,#2589,#2590,#2591));
#1138=AXIS2_PLACEMENT_3D('',#2592,#2593,#2594);
#1139=EDGE_LOOP('',(#2595,#2596,#2597,#2598));
#1140=AXIS2_PLACEMENT_3D('',#2599,#2600,#2601);
#1141=EDGE_LOOP('',(#2602,#2603));
#1142=EDGE_LOOP('',(#2604,#2605));
#1143=AXIS2_PLACEMENT_3D('',#2606,#2607,#2608);
#1144=EDGE_LOOP('',(#2609,#2610,#2611,#2612));
#1145=AXIS2_PLACEMENT_3D('',#2613,#2614,#2615);
#1146=EDGE_LOOP('',(#2616,#2617,#2618,#2619));
#1147=AXIS2_PLACEMENT_3D('',#2620,#2621,#2622);
#1148=EDGE_LOOP('',(#2623,#2624));
#1149=EDGE_LOOP('',(#2625,#2626));
#1150=AXIS2_PLACEMENT_3D('',#2627,#2628,#2629);
#1151=EDGE_LOOP('',(#2630,#2631,#2632,#2633));
#1152=AXIS2_PLACEMENT_3D('',#2634,#2635,#2636);
#1153=EDGE_LOOP('',(#2637,#2638,#2639,#2640));
#1154=AXIS2_PLACEMENT_3D('',#2641,#2642,#2643);
#1155=EDGE_LOOP('',(#2644,#2645,#2646,#2647));
#1156=AXIS2_PLACEMENT_3D('',#2648,#2649,#2650);
#1157=EDGE_LOOP('',(#2651,#2652));
#1158=AXIS2_PLACEMENT_3D('',#2653,#2654,#2655);
#1159=EDGE_LOOP('',(#2656,#2657,#2658,#2659));
#1160=AXIS2_PLACEMENT_3D('',#2660,#2661,#2662);
#1161=EDGE_LOOP('',(#2663,#2664,#2665,#2666));
#1162=AXIS2_PLACEMENT_3D('',#2667,#2668,#2669);
#1163=EDGE_LOOP('',(#2670,#2671,#2672,#2673));
#1164=AXIS2_PLACEMENT_3D('',#2674,#2675,#2676);
#1165=EDGE_LOOP('',(#2677,#2678,#2679,#2680));
#1166=AXIS2_PLACEMENT_3D('',#2681,#2682,#2683);
#1167=EDGE_LOOP('',(#2684,#2685,#2686,#2687,#2688));
#1168=EDGE_LOOP('',(#2689,#2690));
#1169=EDGE_LOOP('',(#2691,#2692));
#1170=EDGE_LOOP('',(#2693,#2694));
#1171=AXIS2_PLACEMENT_3D('',#2695,#2696,#2697);
#1172=EDGE_LOOP('',(#2698,#2699,#2700,#2701,#2702));
#1173=EDGE_LOOP('',(#2703,#2704));
#1174=EDGE_LOOP('',(#2705,#2706));
#1175=EDGE_LOOP('',(#2707,#2708));
#1176=EDGE_LOOP('',(#2709,#2710));
#1177=AXIS2_PLACEMENT_3D('',#2711,#2712,#2713);
#1178=ORIENTED_EDGE('',*,*,#2714,.F.);
#1179=ORIENTED_EDGE('',*,*,#2715,.F.);
#1180=ORIENTED_EDGE('',*,*,#2716,.F.);
#1181=ORIENTED_EDGE('',*,*,#2717,.T.);
#1182=CARTESIAN_POINT('',(-19.442758293121,14.7090521710046,2.7808246407407));
#1183=DIRECTION('',(1.33820860829246E-16,-5.55111512312546E-17,1.0));
#1184=DIRECTION('',(1.0,4.87704449928515E-16,-1.33820860829246E-16));
#1185=ORIENTED_EDGE('',*,*,#2718,.F.);
#1186=ORIENTED_EDGE('',*,*,#2719,.T.);
#1187=ORIENTED_EDGE('',*,*,#2720,.F.);
#1188=ORIENTED_EDGE('',*,*,#2721,.F.);
#1189=CARTESIAN_POINT('',(-19.442758293121,14.7090521710046,1.0808246407407));
#1190=DIRECTION('',(1.33820860829246E-16,-5.55111512312546E-17,1.0));
#1191=DIRECTION('',(1.0,4.87704449928515E-16,-1.33820860829246E-16));
#1192=ORIENTED_EDGE('',*,*,#2722,.F.);
#1193=ORIENTED_EDGE('',*,*,#2723,.F.);
#1194=ORIENTED_EDGE('',*,*,#2724,.F.);
#1195=CARTESIAN_POINT('',(-19.442758293121,14.7090521710046,-0.658771324027001));
#1196=DIRECTION('',(1.33820860829246E-16,-5.55111512312546E-17,1.0));
#1197=DIRECTION('',(1.0,4.87704449928515E-16,-1.33820860829246E-16));
#1198=ORIENTED_EDGE('',*,*,#2725,.F.);
#1199=ORIENTED_EDGE('',*,*,#2726,.F.);
#1200=ORIENTED_EDGE('',*,*,#2727,.F.);
#1201=ORIENTED_EDGE('',*,*,#2728,.T.);
#1202=CARTESIAN_POINT('',(-19.442758293121,14.7090521710046,-0.794999999999902));
#1203=DIRECTION('',(1.33820860829246E-16,-5.55111512312546E-17,1.0));
#1204=DIRECTION('',(1.0,4.87704449928515E-16,-1.33820860829246E-16));
#1205=ORIENTED_EDGE('',*,*,#2729,.F.);
#1206=ORIENTED_EDGE('',*,*,#2730,.T.);
#1207=ORIENTED_EDGE('',*,*,#2731,.F.);
#1208=ORIENTED_EDGE('',*,*,#2732,.F.);
#1209=CARTESIAN_POINT('',(-19.442758293121,14.7090521710046,0.255717967697301));
#1210=DIRECTION('',(1.33820860829246E-16,-5.55111512312546E-17,1.0));
#1211=DIRECTION('',(1.0,4.87704449928515E-16,-1.33820860829246E-16));
#1212=ORIENTED_EDGE('',*,*,#2733,.F.);
#1213=ORIENTED_EDGE('',*,*,#2734,.F.);
#1214=ORIENTED_EDGE('',*,*,#2735,.F.);
#1215=ORIENTED_EDGE('',*,*,#2736,.T.);
#1216=CARTESIAN_POINT('',(-19.442758293121,14.7090521710046,1.2507179676973));
#1217=DIRECTION('',(1.33820860829246E-16,-5.55111512312546E-17,1.0));
#1218=DIRECTION('',(1.0,4.87704449928515E-16,-1.33820860829246E-16));
#1219=ORIENTED_EDGE('',*,*,#2737,.F.);
#1220=ORIENTED_EDGE('',*,*,#2738,.T.);
#1221=ORIENTED_EDGE('',*,*,#2739,.F.);
#1222=ORIENTED_EDGE('',*,*,#2740,.F.);
#1223=CARTESIAN_POINT('',(-19.442758293121,14.7090521710046,1.7750000000001));
#1224=DIRECTION('',(1.33820860829246E-16,-5.55111512312546E-17,1.0));
#1225=DIRECTION('',(1.0,4.87704449928515E-16,-1.33820860829246E-16));
#1226=ORIENTED_EDGE('',*,*,#2741,.F.);
#1227=ORIENTED_EDGE('',*,*,#2742,.T.);
#1228=ORIENTED_EDGE('',*,*,#2743,.F.);
#1229=ORIENTED_EDGE('',*,*,#2744,.F.);
#1230=CARTESIAN_POINT('',(-19.442758293121,14.7090521710046,2.5250000000001));
#1231=DIRECTION('',(1.33820860829246E-16,-5.55111512312546E-17,1.0));
#1232=DIRECTION('',(1.0,4.87704449928515E-16,-1.33820860829246E-16));
#1233=ORIENTED_EDGE('',*,*,#2745,.F.);
#1234=ORIENTED_EDGE('',*,*,#2746,.F.);
#1235=ORIENTED_EDGE('',*,*,#2747,.F.);
#1236=ORIENTED_EDGE('',*,*,#2748,.F.);
#1237=ORIENTED_EDGE('',*,*,#2749,.F.);
#1238=CARTESIAN_POINT('',(-19.442758293121,14.7090521710046,-2.6249999999999));
#1239=DIRECTION('',(1.33820860829246E-16,-5.55111512312546E-17,1.0));
#1240=DIRECTION('',(1.0,4.87704449928515E-16,-1.33820860829246E-16));
#1241=ORIENTED_EDGE('',*,*,#2750,.F.);
#1242=ORIENTED_EDGE('',*,*,#2751,.T.);
#1243=ORIENTED_EDGE('',*,*,#2752,.F.);
#1244=ORIENTED_EDGE('',*,*,#2726,.T.);
#1245=CARTESIAN_POINT('',(-19.442758293121,14.7090521710046,-1.4807809693765));
#1246=DIRECTION('',(1.33820860829246E-16,-5.55111512312546E-17,1.0));
#1247=DIRECTION('',(1.0,5.65330103769931E-16,-1.33820860829246E-16));
#1248=ORIENTED_EDGE('',*,*,#2750,.T.);
#1249=ORIENTED_EDGE('',*,*,#2753,.T.);
#1250=ORIENTED_EDGE('',*,*,#2752,.T.);
#1251=ORIENTED_EDGE('',*,*,#2746,.T.);
#1252=CARTESIAN_POINT('',(-19.442758293121,14.7090521710046,-1.4807809693765));
#1253=DIRECTION('',(1.33820860829246E-16,-5.55111512312546E-17,1.0));
#1254=DIRECTION('',(1.0,5.65330103769931E-16,-1.33820860829246E-16));
#1255=ORIENTED_EDGE('',*,*,#2745,.T.);
#1256=ORIENTED_EDGE('',*,*,#2754,.F.);
#1257=ORIENTED_EDGE('',*,*,#2755,.F.);
#1258=ORIENTED_EDGE('',*,*,#2747,.T.);
#1259=ORIENTED_EDGE('',*,*,#2751,.F.);
#1260=CARTESIAN_POINT('',(-19.442758293121,14.7090521710046,-2.6249999999999));
#1261=DIRECTION('',(1.33820860829246E-16,-5.55111512312546E-17,1.0));
#1262=DIRECTION('',(1.0,4.87704449928515E-16,-1.33820860829246E-16));
#1263=ORIENTED_EDGE('',*,*,#2741,.T.);
#1264=ORIENTED_EDGE('',*,*,#2756,.F.);
#1265=ORIENTED_EDGE('',*,*,#2743,.T.);
#1266=ORIENTED_EDGE('',*,*,#2757,.T.);
#1267=CARTESIAN_POINT('',(-19.442758293121,14.7090521710046,2.5250000000001));
#1268=DIRECTION('',(1.33820860829246E-16,-5.55111512312546E-17,1.0));
#1269=DIRECTION('',(1.0,4.87704449928515E-16,-1.33820860829246E-16));
#1270=ORIENTED_EDGE('',*,*,#2744,.T.);
#1271=ORIENTED_EDGE('',*,*,#2756,.T.);
#1272=ORIENTED_EDGE('',*,*,#2738,.F.);
#1273=ORIENTED_EDGE('',*,*,#2758,.F.);
#1274=CARTESIAN_POINT('',(-18.646508293121,14.7090521710046,2.1500000000001));
#1275=DIRECTION('',(-2.46519032881566E-32,5.55111512312547E-17,-1.0));
#1276=DIRECTION('',(-4.87704449928515E-16,1.0,5.55111512312547E-17));
#1277=ORIENTED_EDGE('',*,*,#2737,.T.);
#1278=ORIENTED_EDGE('',*,*,#2759,.F.);
#1279=ORIENTED_EDGE('',*,*,#2739,.T.);
#1280=ORIENTED_EDGE('',*,*,#2758,.T.);
#1281=CARTESIAN_POINT('',(-19.442758293121,14.7090521710046,1.7750000000001));
#1282=DIRECTION('',(1.33820860829246E-16,-5.55111512312546E-17,1.0));
#1283=DIRECTION('',(1.0,4.87704449928515E-16,-1.33820860829246E-16));
#1284=ORIENTED_EDGE('',*,*,#2760,.F.);
#1285=ORIENTED_EDGE('',*,*,#2736,.F.);
#1286=ORIENTED_EDGE('',*,*,#2740,.T.);
#1287=ORIENTED_EDGE('',*,*,#2759,.T.);
#1288=CARTESIAN_POINT('',(-18.714008293121,14.7090521710046,1.4000000000001));
#1289=DIRECTION('',(2.46519032881566E-32,-5.55111512312547E-17,1.0));
#1290=DIRECTION('',(1.0,4.87704449928515E-16,2.42113218798107E-33));
#1291=ORIENTED_EDGE('',*,*,#2733,.T.);
#1292=ORIENTED_EDGE('',*,*,#2760,.T.);
#1293=ORIENTED_EDGE('',*,*,#2735,.T.);
#1294=ORIENTED_EDGE('',*,*,#2730,.F.);
#1295=CARTESIAN_POINT('',(-19.442758293121,14.7090521710046,1.2507179676973));
#1296=DIRECTION('',(1.33820860829246E-16,-5.55111512312546E-17,1.0));
#1297=DIRECTION('',(1.0,4.87704449928515E-16,-1.33820860829246E-16));
#1298=ORIENTED_EDGE('',*,*,#2729,.T.);
#1299=ORIENTED_EDGE('',*,*,#2728,.F.);
#1300=ORIENTED_EDGE('',*,*,#2731,.T.);
#1301=ORIENTED_EDGE('',*,*,#2734,.T.);
#1302=CARTESIAN_POINT('',(-19.442758293121,14.7090521710046,0.255717967697301));
#1303=DIRECTION('',(1.33820860829246E-16,-5.55111512312546E-17,1.0));
#1304=DIRECTION('',(1.0,4.87704449928515E-16,-1.33820860829246E-16));
#1305=ORIENTED_EDGE('',*,*,#2725,.T.);
#1306=ORIENTED_EDGE('',*,*,#2732,.T.);
#1307=ORIENTED_EDGE('',*,*,#2727,.T.);
#1308=ORIENTED_EDGE('',*,*,#2753,.F.);
#1309=CARTESIAN_POINT('',(-19.442758293121,14.7090521710046,-0.794999999999902));
#1310=DIRECTION('',(1.33820860829246E-16,-5.55111512312546E-17,1.0));
#1311=DIRECTION('',(1.0,4.87704449928515E-16,-1.33820860829246E-16));
#1312=ORIENTED_EDGE('',*,*,#2749,.T.);
#1313=ORIENTED_EDGE('',*,*,#2748,.T.);
#1314=ORIENTED_EDGE('',*,*,#2755,.T.);
#1315=ORIENTED_EDGE('',*,*,#2754,.T.);
#1316=CARTESIAN_POINT('',(-19.442758293121,14.7090521710046,-4.2499999999999));
#1317=DIRECTION('',(4.87704449928515E-16,-1.0,-5.55111512312547E-17));
#1318=DIRECTION('',(1.0,4.87704449928515E-16,-1.33820860829246E-16));
#1319=ORIENTED_EDGE('',*,*,#2722,.T.);
#1320=ORIENTED_EDGE('',*,*,#2719,.F.);
#1321=ORIENTED_EDGE('',*,*,#2723,.T.);
#1322=CARTESIAN_POINT('',(-19.442758293121,14.7090521710046,-0.658771324027001));
#1323=DIRECTION('',(1.33820860829246E-16,-5.55111512312546E-17,1.0));
#1324=DIRECTION('',(1.0,4.87704449928515E-16,-1.33820860829246E-16));
#1325=ORIENTED_EDGE('',*,*,#2718,.T.);
#1326=ORIENTED_EDGE('',*,*,#2717,.F.);
#1327=ORIENTED_EDGE('',*,*,#2720,.T.);
#1328=ORIENTED_EDGE('',*,*,#2724,.T.);
#1329=CARTESIAN_POINT('',(-19.442758293121,14.7090521710046,1.0808246407407));
#1330=DIRECTION('',(1.33820860829246E-16,-5.55111512312546E-17,1.0));
#1331=DIRECTION('',(1.0,4.87704449928515E-16,-1.33820860829246E-16));
#1332=ORIENTED_EDGE('',*,*,#2714,.T.);
#1333=ORIENTED_EDGE('',*,*,#2721,.T.);
#1334=ORIENTED_EDGE('',*,*,#2716,.T.);
#1335=ORIENTED_EDGE('',*,*,#2761,.F.);
#1336=CARTESIAN_POINT('',(-19.442758293121,14.7090521710046,2.7808246407407));
#1337=DIRECTION('',(1.33820860829246E-16,-5.55111512312546E-17,1.0));
#1338=DIRECTION('',(1.0,4.87704449928515E-16,-1.33820860829246E-16));
#1339=ORIENTED_EDGE('',*,*,#2742,.F.);
#1340=ORIENTED_EDGE('',*,*,#2757,.F.);
#1341=ORIENTED_EDGE('',*,*,#2761,.T.);
#1342=ORIENTED_EDGE('',*,*,#2715,.T.);
#1343=CARTESIAN_POINT('',(-18.617758293121,14.7090521710046,2.9000000000001));
#1344=DIRECTION('',(2.46519032881566E-32,-5.55111512312547E-17,1.0));
#1345=DIRECTION('',(1.0,4.87704449928515E-16,2.42113218798107E-33));
#1346=ORIENTED_EDGE('',*,*,#2762,.F.);
#1347=ORIENTED_EDGE('',*,*,#2763,.F.);
#1348=ORIENTED_EDGE('',*,*,#2764,.F.);
#1349=ORIENTED_EDGE('',*,*,#2765,.F.);
#1350=CARTESIAN_POINT('',(-19.442758293121,14.7090521710046,1.9866492814813));
#1351=DIRECTION('',(0.999968752568556,0.00790530748846081,6.3809815359824E-16));
#1352=DIRECTION('',(-0.00789435071605936,0.998582793825469,-0.0526315789473671));
#1353=ORIENTED_EDGE('',*,*,#2766,.F.);
#1354=ORIENTED_EDGE('',*,*,#2767,.F.);
#1355=ORIENTED_EDGE('',*,*,#2768,.F.);
#1356=ORIENTED_EDGE('',*,*,#2769,.F.);
#1357=ORIENTED_EDGE('',*,*,#2770,.F.);
#1358=CARTESIAN_POINT('',(-19.442758293121,14.7090521710046,2.6616492814813));
#1359=DIRECTION('',(-6.38030276880471E-16,-1.858660453839E-17,1.0));
#1360=DIRECTION('',(0.999968752568555,0.00790530748846103,6.38157272897177E-16));
#1361=ORIENTED_EDGE('',*,*,#2771,.F.);
#1362=ORIENTED_EDGE('',*,*,#2772,.F.);
#1363=ORIENTED_EDGE('',*,*,#2773,.F.);
#1364=ORIENTED_EDGE('',*,*,#2774,.F.);
#1365=CARTESIAN_POINT('',(-19.442758293121,14.7090521710046,1.9866492814813));
#1366=DIRECTION('',(0.00790530748846103,-0.999968752568556,-1.34772353385351E-17));
#1367=DIRECTION('',(0.998582793825469,0.00789435071605962,-0.0526315789473665));
#1368=ORIENTED_EDGE('',*,*,#2775,.F.);
#1369=ORIENTED_EDGE('',*,*,#2776,.F.);
#1370=ORIENTED_EDGE('',*,*,#2777,.F.);
#1371=ORIENTED_EDGE('',*,*,#2778,.F.);
#1372=ORIENTED_EDGE('',*,*,#2779,.T.);
#1373=CARTESIAN_POINT('',(-19.442758293121,14.7090521710046,0.561649281481301));
#1374=DIRECTION('',(6.38030276880471E-16,1.858660453839E-17,-1.0));
#1375=DIRECTION('',(0.999968752568555,0.00790530748846103,6.38157272897177E-16));
#1376=ORIENTED_EDGE('',*,*,#2780,.F.);
#1377=ORIENTED_EDGE('',*,*,#2781,.T.);
#1378=ORIENTED_EDGE('',*,*,#2782,.F.);
#1379=ORIENTED_EDGE('',*,*,#2783,.T.);
#1380=CARTESIAN_POINT('',(-19.442758293121,14.7090521710046,2.6116492814813));
#1381=DIRECTION('',(-6.38030276880471E-16,-1.858660453839E-17,1.0));
#1382=DIRECTION('',(0.999968752568555,0.00790530748846103,6.38157272897177E-16));
#1383=ORIENTED_EDGE('',*,*,#2784,.F.);
#1384=ORIENTED_EDGE('',*,*,#2785,.F.);
#1385=ORIENTED_EDGE('',*,*,#2786,.F.);
#1386=ORIENTED_EDGE('',*,*,#2787,.F.);
#1387=CARTESIAN_POINT('',(-19.442758293121,14.7090521710046,1.9866492814813));
#1388=DIRECTION('',(0.00790530748846103,-0.999968752568556,-1.34772353385351E-17));
#1389=DIRECTION('',(0.998582793825469,0.00789435071605962,-0.0526315789473665));
#1390=ORIENTED_EDGE('',*,*,#2788,.F.);
#1391=ORIENTED_EDGE('',*,*,#2789,.F.);
#1392=ORIENTED_EDGE('',*,*,#2790,.F.);
#1393=ORIENTED_EDGE('',*,*,#2791,.F.);
#1394=CARTESIAN_POINT('',(-19.442758293121,14.7090521710046,1.9866492814813));
#1395=DIRECTION('',(0.999968752568556,0.00790530748846081,6.3809815359824E-16));
#1396=DIRECTION('',(-0.00789435071605936,0.998582793825469,-0.0526315789473671));
#1397=ORIENTED_EDGE('',*,*,#2792,.F.);
#1398=ORIENTED_EDGE('',*,*,#2793,.F.);
#1399=ORIENTED_EDGE('',*,*,#2794,.F.);
#1400=ORIENTED_EDGE('',*,*,#2790,.T.);
#1401=CARTESIAN_POINT('',(-19.4421662168173,14.6341584614677,1.98270191306025));
#1402=DIRECTION('',(0.00789435071605943,-0.998582793825469,-0.0526315789473685));
#1403=DIRECTION('',(0.999968752568555,0.00790530748846103,-3.57480081095528E-15));
#1404=ORIENTED_EDGE('',*,*,#2793,.T.);
#1405=ORIENTED_EDGE('',*,*,#2795,.F.);
#1406=ORIENTED_EDGE('',*,*,#2796,.T.);
#1407=ORIENTED_EDGE('',*,*,#2797,.F.);
#1408=CARTESIAN_POINT('',(-19.442758293121,14.7090521710046,0.586024281481301));
#1409=DIRECTION('',(6.38030276880471E-16,1.858660453839E-17,-1.0));
#1410=DIRECTION('',(0.999968752568555,0.00790530748846103,6.38157272897177E-16));
#1411=ORIENTED_EDGE('',*,*,#2798,.F.);
#1412=ORIENTED_EDGE('',*,*,#2796,.F.);
#1413=ORIENTED_EDGE('',*,*,#2799,.F.);
#1414=ORIENTED_EDGE('',*,*,#2786,.T.);
#1415=CARTESIAN_POINT('',(-19.5176520026579,14.7084600947009,1.98270191306025));
#1416=DIRECTION('',(-0.998582793825469,-0.00789435071605962,-0.0526315789473692));
#1417=DIRECTION('',(-0.00790530748846103,0.999968752568555,1.3504685214566E-17));
#1418=ORIENTED_EDGE('',*,*,#2800,.T.);
#1419=ORIENTED_EDGE('',*,*,#2801,.F.);
#1420=ORIENTED_EDGE('',*,*,#2802,.T.);
#1421=ORIENTED_EDGE('',*,*,#2803,.F.);
#1422=CARTESIAN_POINT('',(-19.442758293121,14.7090521710046,0.586024281481301));
#1423=DIRECTION('',(6.38030276880471E-16,1.858660453839E-17,-1.0));
#1424=DIRECTION('',(0.999968752568555,0.00790530748846103,6.38157272897177E-16));
#1425=ORIENTED_EDGE('',*,*,#2804,.F.);
#1426=ORIENTED_EDGE('',*,*,#2805,.F.);
#1427=ORIENTED_EDGE('',*,*,#2806,.F.);
#1428=ORIENTED_EDGE('',*,*,#2800,.F.);
#1429=CARTESIAN_POINT('',(-19.442758293121,14.7090521710046,0.561649281481301));
#1430=DIRECTION('',(-0.00789435071605936,0.998582793825469,-0.0526315789473683));
#1431=DIRECTION('',(0.000416068815182796,-0.0526299343457133,-0.998613997947909));
#1432=ORIENTED_EDGE('',*,*,#2788,.T.);
#1433=ORIENTED_EDGE('',*,*,#2807,.F.);
#1434=ORIENTED_EDGE('',*,*,#2808,.F.);
#1435=ORIENTED_EDGE('',*,*,#2805,.T.);
#1436=ORIENTED_EDGE('',*,*,#2809,.F.);
#1437=ORIENTED_EDGE('',*,*,#2810,.F.);
#1438=CARTESIAN_POINT('',(-19.442758293121,14.7090521710046,1.9866492814813));
#1439=DIRECTION('',(0.999968752568556,0.00790530748846081,6.3809815359824E-16));
#1440=DIRECTION('',(-0.00789435071605936,0.998582793825469,-0.0526315789473671));
#1441=ORIENTED_EDGE('',*,*,#2811,.T.);
#1442=ORIENTED_EDGE('',*,*,#2812,.F.);
#1443=ORIENTED_EDGE('',*,*,#2813,.T.);
#1444=ORIENTED_EDGE('',*,*,#2814,.F.);
#1445=CARTESIAN_POINT('',(-19.442758293121,14.7090521710046,0.586024281481301));
#1446=DIRECTION('',(6.38030276880471E-16,1.858660453839E-17,-1.0));
#1447=DIRECTION('',(0.999968752568555,0.00790530748846103,6.38157272897177E-16));
#1448=ORIENTED_EDGE('',*,*,#2815,.F.);
#1449=ORIENTED_EDGE('',*,*,#2813,.F.);
#1450=ORIENTED_EDGE('',*,*,#2816,.F.);
#1451=ORIENTED_EDGE('',*,*,#2817,.F.);
#1452=CARTESIAN_POINT('',(-19.442758293121,14.7090521710046,0.561649281481301));
#1453=DIRECTION('',(0.998582793825469,0.00789435071605962,-0.0526315789473677));
#1454=DIRECTION('',(0.0526299343457127,0.00041606881518214,0.998613997947909));
#1455=ORIENTED_EDGE('',*,*,#2784,.T.);
#1456=ORIENTED_EDGE('',*,*,#2818,.F.);
#1457=ORIENTED_EDGE('',*,*,#2819,.F.);
#1458=ORIENTED_EDGE('',*,*,#2817,.T.);
#1459=ORIENTED_EDGE('',*,*,#2820,.F.);
#1460=ORIENTED_EDGE('',*,*,#2821,.F.);
#1461=CARTESIAN_POINT('',(-19.442758293121,14.7090521710046,1.9866492814813));
#1462=DIRECTION('',(0.00790530748846103,-0.999968752568556,-1.34772353385351E-17));
#1463=DIRECTION('',(0.998582793825469,0.00789435071605962,-0.0526315789473665));
#1464=ORIENTED_EDGE('',*,*,#2794,.T.);
#1465=ORIENTED_EDGE('',*,*,#2797,.T.);
#1466=ORIENTED_EDGE('',*,*,#2798,.T.);
#1467=ORIENTED_EDGE('',*,*,#2785,.T.);
#1468=ORIENTED_EDGE('',*,*,#2821,.T.);
#1469=ORIENTED_EDGE('',*,*,#2822,.T.);
#1470=ORIENTED_EDGE('',*,*,#2807,.T.);
#1471=ORIENTED_EDGE('',*,*,#2791,.T.);
#1472=CARTESIAN_POINT('',(-19.442758293121,14.7090521710046,1.3116492814813));
#1473=DIRECTION('',(-6.38030276880471E-16,-1.858660453839E-17,1.0));
#1474=DIRECTION('',(0.999968752568556,0.00790530748846103,6.38157272897177E-16));
#1475=ORIENTED_EDGE('',*,*,#2779,.F.);
#1476=ORIENTED_EDGE('',*,*,#2823,.F.);
#1477=ORIENTED_EDGE('',*,*,#2824,.F.);
#1478=ORIENTED_EDGE('',*,*,#2781,.F.);
#1479=CARTESIAN_POINT('',(-19.442758293121,14.7090521710046,2.6616492814813));
#1480=DIRECTION('',(6.38030276880471E-16,1.858660453839E-17,-1.0));
#1481=DIRECTION('',(-0.00790530748846103,0.999968752568555,1.35421982290509E-17));
#1482=ORIENTED_EDGE('',*,*,#2806,.T.);
#1483=ORIENTED_EDGE('',*,*,#2808,.T.);
#1484=ORIENTED_EDGE('',*,*,#2777,.T.);
#1485=ORIENTED_EDGE('',*,*,#2825,.T.);
#1486=ORIENTED_EDGE('',*,*,#2774,.T.);
#1487=ORIENTED_EDGE('',*,*,#2826,.T.);
#1488=ORIENTED_EDGE('',*,*,#2801,.T.);
#1489=CARTESIAN_POINT('',(-19.442758293121,14.7090521710046,1.3116492814813));
#1490=DIRECTION('',(-6.38030276880471E-16,-1.858660453839E-17,1.0));
#1491=DIRECTION('',(0.999968752568556,0.00790530748846103,6.38157272897177E-16));
#1492=ORIENTED_EDGE('',*,*,#2827,.F.);
#1493=ORIENTED_EDGE('',*,*,#2802,.F.);
#1494=ORIENTED_EDGE('',*,*,#2826,.F.);
#1495=ORIENTED_EDGE('',*,*,#2773,.T.);
#1496=CARTESIAN_POINT('',(-19.5176520026579,14.7084600947009,1.98270191306025));
#1497=DIRECTION('',(-0.998582793825469,-0.00789435071605962,-0.0526315789473692));
#1498=DIRECTION('',(-0.00790530748846103,0.999968752568555,1.3504685214566E-17));
#1499=ORIENTED_EDGE('',*,*,#2780,.T.);
#1500=ORIENTED_EDGE('',*,*,#2770,.T.);
#1501=ORIENTED_EDGE('',*,*,#2782,.T.);
#1502=ORIENTED_EDGE('',*,*,#2824,.T.);
#1503=CARTESIAN_POINT('',(-19.442758293121,14.7090521710046,2.6116492814813));
#1504=DIRECTION('',(-6.38030276880471E-16,-1.858660453839E-17,1.0));
#1505=DIRECTION('',(0.999968752568555,0.00790530748846103,6.38157272897177E-16));
#1506=ORIENTED_EDGE('',*,*,#2789,.T.);
#1507=ORIENTED_EDGE('',*,*,#2810,.T.);
#1508=ORIENTED_EDGE('',*,*,#2768,.T.);
#1509=ORIENTED_EDGE('',*,*,#2818,.T.);
#1510=ORIENTED_EDGE('',*,*,#2787,.T.);
#1511=ORIENTED_EDGE('',*,*,#2799,.T.);
#1512=ORIENTED_EDGE('',*,*,#2795,.T.);
#1513=ORIENTED_EDGE('',*,*,#2792,.T.);
#1514=CARTESIAN_POINT('',(-19.442758293121,14.7090521710046,1.3116492814813));
#1515=DIRECTION('',(-6.38030276880471E-16,-1.858660453839E-17,1.0));
#1516=DIRECTION('',(0.999968752568555,0.00790530748846103,6.38157272897177E-16));
#1517=ORIENTED_EDGE('',*,*,#2809,.T.);
#1518=ORIENTED_EDGE('',*,*,#2804,.T.);
#1519=ORIENTED_EDGE('',*,*,#2803,.T.);
#1520=ORIENTED_EDGE('',*,*,#2827,.T.);
#1521=ORIENTED_EDGE('',*,*,#2772,.T.);
#1522=ORIENTED_EDGE('',*,*,#2828,.T.);
#1523=ORIENTED_EDGE('',*,*,#2829,.T.);
#1524=CARTESIAN_POINT('',(-19.442758293121,14.7090521710046,1.3116492814813));
#1525=DIRECTION('',(-6.38030276880471E-16,-1.858660453839E-17,1.0));
#1526=DIRECTION('',(0.999968752568555,0.00790530748846103,6.38157272897177E-16));
#1527=ORIENTED_EDGE('',*,*,#2830,.T.);
#1528=ORIENTED_EDGE('',*,*,#2765,.T.);
#1529=ORIENTED_EDGE('',*,*,#2831,.T.);
#1530=ORIENTED_EDGE('',*,*,#2814,.T.);
#1531=ORIENTED_EDGE('',*,*,#2815,.T.);
#1532=ORIENTED_EDGE('',*,*,#2819,.T.);
#1533=ORIENTED_EDGE('',*,*,#2767,.T.);
#1534=CARTESIAN_POINT('',(-19.442758293121,14.7090521710046,1.3116492814813));
#1535=DIRECTION('',(-6.38030276880471E-16,-1.858660453839E-17,1.0));
#1536=DIRECTION('',(0.999968752568555,0.00790530748846103,6.38157272897177E-16));
#1537=ORIENTED_EDGE('',*,*,#2831,.F.);
#1538=ORIENTED_EDGE('',*,*,#2764,.T.);
#1539=ORIENTED_EDGE('',*,*,#2832,.F.);
#1540=ORIENTED_EDGE('',*,*,#2811,.F.);
#1541=CARTESIAN_POINT('',(-19.4421662168173,14.6341584614677,1.98270191306025));
#1542=DIRECTION('',(0.00789435071605943,-0.998582793825469,-0.0526315789473685));
#1543=DIRECTION('',(0.999968752568555,0.00790530748846103,-3.57480081095528E-15));
#1544=ORIENTED_EDGE('',*,*,#2832,.T.);
#1545=ORIENTED_EDGE('',*,*,#2763,.T.);
#1546=ORIENTED_EDGE('',*,*,#2833,.T.);
#1547=ORIENTED_EDGE('',*,*,#2834,.T.);
#1548=ORIENTED_EDGE('',*,*,#2820,.T.);
#1549=ORIENTED_EDGE('',*,*,#2816,.T.);
#1550=ORIENTED_EDGE('',*,*,#2812,.T.);
#1551=CARTESIAN_POINT('',(-19.442758293121,14.7090521710046,1.3116492814813));
#1552=DIRECTION('',(-6.38030276880471E-16,-1.858660453839E-17,1.0));
#1553=DIRECTION('',(0.999968752568556,0.00790530748846103,6.38157272897177E-16));
#1554=ORIENTED_EDGE('',*,*,#2775,.T.);
#1555=ORIENTED_EDGE('',*,*,#2823,.T.);
#1556=ORIENTED_EDGE('',*,*,#2778,.T.);
#1557=ORIENTED_EDGE('',*,*,#2822,.F.);
#1558=ORIENTED_EDGE('',*,*,#2834,.F.);
#1559=CARTESIAN_POINT('',(-19.442758293121,14.7090521710046,0.561649281481301));
#1560=DIRECTION('',(6.38030276880471E-16,1.858660453839E-17,-1.0));
#1561=DIRECTION('',(0.999968752568555,0.00790530748846103,6.38157272897177E-16));
#1562=ORIENTED_EDGE('',*,*,#2835,.F.);
#1563=ORIENTED_EDGE('',*,*,#2836,.F.);
#1564=ORIENTED_EDGE('',*,*,#2837,.F.);
#1565=ORIENTED_EDGE('',*,*,#2838,.F.);
#1566=CARTESIAN_POINT('',(-19.442758293121,14.7090521710046,0.561649281481301));
#1567=DIRECTION('',(0.998582793825469,0.00789435071605962,-0.0526315789473677));
#1568=DIRECTION('',(0.0526299343457127,0.00041606881518214,0.998613997947909));
#1569=ORIENTED_EDGE('',*,*,#2771,.T.);
#1570=ORIENTED_EDGE('',*,*,#2825,.F.);
#1571=ORIENTED_EDGE('',*,*,#2839,.F.);
#1572=ORIENTED_EDGE('',*,*,#2836,.T.);
#1573=ORIENTED_EDGE('',*,*,#2840,.F.);
#1574=ORIENTED_EDGE('',*,*,#2828,.F.);
#1575=CARTESIAN_POINT('',(-19.442758293121,14.7090521710046,1.9866492814813));
#1576=DIRECTION('',(0.00790530748846103,-0.999968752568556,-1.34772353385351E-17));
#1577=DIRECTION('',(0.998582793825469,0.00789435071605962,-0.0526315789473665));
#1578=ORIENTED_EDGE('',*,*,#2766,.T.);
#1579=ORIENTED_EDGE('',*,*,#2783,.F.);
#1580=ORIENTED_EDGE('',*,*,#2769,.T.);
#1581=ORIENTED_EDGE('',*,*,#2829,.F.);
#1582=ORIENTED_EDGE('',*,*,#2841,.F.);
#1583=CARTESIAN_POINT('',(-19.442758293121,14.7090521710046,2.6616492814813));
#1584=DIRECTION('',(-6.38030276880471E-16,-1.858660453839E-17,1.0));
#1585=DIRECTION('',(0.999968752568555,0.00790530748846103,6.38157272897177E-16));
#1586=ORIENTED_EDGE('',*,*,#2762,.T.);
#1587=ORIENTED_EDGE('',*,*,#2830,.F.);
#1588=ORIENTED_EDGE('',*,*,#2842,.F.);
#1589=ORIENTED_EDGE('',*,*,#2843,.T.);
#1590=ORIENTED_EDGE('',*,*,#2844,.F.);
#1591=ORIENTED_EDGE('',*,*,#2833,.F.);
#1592=CARTESIAN_POINT('',(-19.442758293121,14.7090521710046,1.9866492814813));
#1593=DIRECTION('',(0.999968752568556,0.00790530748846081,6.3809815359824E-16));
#1594=DIRECTION('',(-0.00789435071605936,0.998582793825469,-0.0526315789473671));
#1595=ORIENTED_EDGE('',*,*,#2845,.T.);
#1596=ORIENTED_EDGE('',*,*,#2846,.T.);
#1597=ORIENTED_EDGE('',*,*,#2837,.T.);
#1598=ORIENTED_EDGE('',*,*,#2839,.T.);
#1599=ORIENTED_EDGE('',*,*,#2776,.T.);
#1600=ORIENTED_EDGE('',*,*,#2844,.T.);
#1601=CARTESIAN_POINT('',(-19.442758293121,14.7090521710046,1.3116492814813));
#1602=DIRECTION('',(-6.38030276880471E-16,-1.858660453839E-17,1.0));
#1603=DIRECTION('',(0.999968752568556,0.00790530748846103,6.38157272897177E-16));
#1604=ORIENTED_EDGE('',*,*,#2847,.T.);
#1605=ORIENTED_EDGE('',*,*,#2848,.F.);
#1606=ORIENTED_EDGE('',*,*,#2838,.T.);
#1607=ORIENTED_EDGE('',*,*,#2846,.F.);
#1608=CARTESIAN_POINT('',(-19.442758293121,14.7090521710046,0.586024281481301));
#1609=DIRECTION('',(6.38030276880471E-16,1.858660453839E-17,-1.0));
#1610=DIRECTION('',(0.999968752568555,0.00790530748846103,6.38157272897177E-16));
#1611=ORIENTED_EDGE('',*,*,#2842,.T.);
#1612=ORIENTED_EDGE('',*,*,#2841,.T.);
#1613=ORIENTED_EDGE('',*,*,#2840,.T.);
#1614=ORIENTED_EDGE('',*,*,#2835,.T.);
#1615=ORIENTED_EDGE('',*,*,#2848,.T.);
#1616=ORIENTED_EDGE('',*,*,#2849,.T.);
#1617=CARTESIAN_POINT('',(-19.442758293121,14.7090521710046,1.3116492814813));
#1618=DIRECTION('',(-6.38030276880471E-16,-1.858660453839E-17,1.0));
#1619=DIRECTION('',(0.999968752568555,0.00790530748846103,6.38157272897177E-16));
#1620=ORIENTED_EDGE('',*,*,#2849,.F.);
#1621=ORIENTED_EDGE('',*,*,#2847,.F.);
#1622=ORIENTED_EDGE('',*,*,#2845,.F.);
#1623=ORIENTED_EDGE('',*,*,#2843,.F.);
#1624=CARTESIAN_POINT('',(-19.442758293121,14.7090521710046,0.561649281481301));
#1625=DIRECTION('',(-0.00789435071605936,0.998582793825469,-0.0526315789473683));
#1626=DIRECTION('',(0.000416068815182796,-0.0526299343457133,-0.998613997947909));
#1627=ORIENTED_EDGE('',*,*,#2850,.F.);
#1628=ORIENTED_EDGE('',*,*,#2851,.F.);
#1629=ORIENTED_EDGE('',*,*,#2852,.F.);
#1630=ORIENTED_EDGE('',*,*,#2853,.T.);
#1631=CARTESIAN_POINT('',(-21.982758293121,12.1690521710046,2.7808246407407));
#1632=DIRECTION('',(-5.55111512312546E-17,-1.33820860829246E-16,1.0));
#1633=DIRECTION('',(7.09749054853546E-16,-1.0,-1.33820860829246E-16));
#1634=ORIENTED_EDGE('',*,*,#2854,.F.);
#1635=ORIENTED_EDGE('',*,*,#2855,.T.);
#1636=ORIENTED_EDGE('',*,*,#2856,.F.);
#1637=ORIENTED_EDGE('',*,*,#2857,.F.);
#1638=CARTESIAN_POINT('',(-21.982758293121,12.1690521710046,1.0808246407407));
#1639=DIRECTION('',(-5.55111512312546E-17,-1.33820860829246E-16,1.0));
#1640=DIRECTION('',(7.09749054853546E-16,-1.0,-1.33820860829246E-16));
#1641=ORIENTED_EDGE('',*,*,#2858,.F.);
#1642=ORIENTED_EDGE('',*,*,#2859,.F.);
#1643=ORIENTED_EDGE('',*,*,#2860,.F.);
#1644=CARTESIAN_POINT('',(-21.982758293121,12.1690521710046,-0.658771324027001));
#1645=DIRECTION('',(-5.55111512312546E-17,-1.33820860829246E-16,1.0));
#1646=DIRECTION('',(7.09749054853546E-16,-1.0,-1.33820860829246E-16));
#1647=ORIENTED_EDGE('',*,*,#2861,.F.);
#1648=ORIENTED_EDGE('',*,*,#2862,.F.);
#1649=ORIENTED_EDGE('',*,*,#2863,.F.);
#1650=ORIENTED_EDGE('',*,*,#2864,.T.);
#1651=CARTESIAN_POINT('',(-21.982758293121,12.1690521710046,-0.794999999999902));
#1652=DIRECTION('',(-5.55111512312546E-17,-1.33820860829246E-16,1.0));
#1653=DIRECTION('',(7.09749054853546E-16,-1.0,-1.33820860829246E-16));
#1654=ORIENTED_EDGE('',*,*,#2865,.F.);
#1655=ORIENTED_EDGE('',*,*,#2866,.T.);
#1656=ORIENTED_EDGE('',*,*,#2867,.F.);
#1657=ORIENTED_EDGE('',*,*,#2868,.F.);
#1658=CARTESIAN_POINT('',(-21.982758293121,12.1690521710046,0.255717967697301));
#1659=DIRECTION('',(-5.55111512312546E-17,-1.33820860829246E-16,1.0));
#1660=DIRECTION('',(7.09749054853546E-16,-1.0,-1.33820860829246E-16));
#1661=ORIENTED_EDGE('',*,*,#2869,.F.);
#1662=ORIENTED_EDGE('',*,*,#2870,.F.);
#1663=ORIENTED_EDGE('',*,*,#2871,.F.);
#1664=ORIENTED_EDGE('',*,*,#2872,.T.);
#1665=CARTESIAN_POINT('',(-21.982758293121,12.1690521710046,1.2507179676973));
#1666=DIRECTION('',(-5.55111512312546E-17,-1.33820860829246E-16,1.0));
#1667=DIRECTION('',(7.09749054853546E-16,-1.0,-1.33820860829246E-16));
#1668=ORIENTED_EDGE('',*,*,#2873,.F.);
#1669=ORIENTED_EDGE('',*,*,#2874,.T.);
#1670=ORIENTED_EDGE('',*,*,#2875,.F.);
#1671=ORIENTED_EDGE('',*,*,#2876,.F.);
#1672=CARTESIAN_POINT('',(-21.982758293121,12.1690521710046,1.7750000000001));
#1673=DIRECTION('',(-5.55111512312546E-17,-1.33820860829246E-16,1.0));
#1674=DIRECTION('',(7.09749054853546E-16,-1.0,-1.33820860829246E-16));
#1675=ORIENTED_EDGE('',*,*,#2877,.F.);
#1676=ORIENTED_EDGE('',*,*,#2878,.T.);
#1677=ORIENTED_EDGE('',*,*,#2879,.F.);
#1678=ORIENTED_EDGE('',*,*,#2880,.F.);
#1679=CARTESIAN_POINT('',(-21.982758293121,12.1690521710046,2.5250000000001));
#1680=DIRECTION('',(-5.55111512312546E-17,-1.33820860829246E-16,1.0));
#1681=DIRECTION('',(7.09749054853546E-16,-1.0,-1.33820860829246E-16));
#1682=ORIENTED_EDGE('',*,*,#2881,.F.);
#1683=ORIENTED_EDGE('',*,*,#2882,.F.);
#1684=ORIENTED_EDGE('',*,*,#2883,.F.);
#1685=ORIENTED_EDGE('',*,*,#2884,.F.);
#1686=ORIENTED_EDGE('',*,*,#2885,.F.);
#1687=CARTESIAN_POINT('',(-21.982758293121,12.1690521710046,-2.6249999999999));
#1688=DIRECTION('',(-5.55111512312546E-17,-1.33820860829246E-16,1.0));
#1689=DIRECTION('',(7.09749054853546E-16,-1.0,-1.33820860829246E-16));
#1690=ORIENTED_EDGE('',*,*,#2886,.F.);
#1691=ORIENTED_EDGE('',*,*,#2887,.T.);
#1692=ORIENTED_EDGE('',*,*,#2888,.F.);
#1693=ORIENTED_EDGE('',*,*,#2862,.T.);
#1694=CARTESIAN_POINT('',(-21.982758293121,12.1690521710046,-1.4807809693765));
#1695=DIRECTION('',(-5.55111512312546E-17,-1.33820860829246E-16,1.0));
#1696=DIRECTION('',(7.87374708694961E-16,-1.0,-1.33820860829246E-16));
#1697=ORIENTED_EDGE('',*,*,#2886,.T.);
#1698=ORIENTED_EDGE('',*,*,#2889,.T.);
#1699=ORIENTED_EDGE('',*,*,#2888,.T.);
#1700=ORIENTED_EDGE('',*,*,#2882,.T.);
#1701=CARTESIAN_POINT('',(-21.982758293121,12.1690521710046,-1.4807809693765));
#1702=DIRECTION('',(-5.55111512312546E-17,-1.33820860829246E-16,1.0));
#1703=DIRECTION('',(7.87374708694961E-16,-1.0,-1.33820860829246E-16));
#1704=ORIENTED_EDGE('',*,*,#2881,.T.);
#1705=ORIENTED_EDGE('',*,*,#2890,.F.);
#1706=ORIENTED_EDGE('',*,*,#2891,.F.);
#1707=ORIENTED_EDGE('',*,*,#2883,.T.);
#1708=ORIENTED_EDGE('',*,*,#2887,.F.);
#1709=CARTESIAN_POINT('',(-21.982758293121,12.1690521710046,-2.6249999999999));
#1710=DIRECTION('',(-5.55111512312546E-17,-1.33820860829246E-16,1.0));
#1711=DIRECTION('',(7.09749054853546E-16,-1.0,-1.33820860829246E-16));
#1712=ORIENTED_EDGE('',*,*,#2877,.T.);
#1713=ORIENTED_EDGE('',*,*,#2892,.F.);
#1714=ORIENTED_EDGE('',*,*,#2879,.T.);
#1715=ORIENTED_EDGE('',*,*,#2893,.T.);
#1716=CARTESIAN_POINT('',(-21.982758293121,12.1690521710046,2.5250000000001));
#1717=DIRECTION('',(-5.55111512312546E-17,-1.33820860829246E-16,1.0));
#1718=DIRECTION('',(7.09749054853546E-16,-1.0,-1.33820860829246E-16));
#1719=ORIENTED_EDGE('',*,*,#2880,.T.);
#1720=ORIENTED_EDGE('',*,*,#2892,.T.);
#1721=ORIENTED_EDGE('',*,*,#2874,.F.);
#1722=ORIENTED_EDGE('',*,*,#2894,.F.);
#1723=CARTESIAN_POINT('',(-21.982758293121,11.3728021710046,2.1500000000001));
#1724=DIRECTION('',(5.55111512312547E-17,4.93038065763132E-32,-1.0));
#1725=DIRECTION('',(1.0,7.09749054853546E-16,5.55111512312547E-17));
#1726=ORIENTED_EDGE('',*,*,#2873,.T.);
#1727=ORIENTED_EDGE('',*,*,#2895,.F.);
#1728=ORIENTED_EDGE('',*,*,#2875,.T.);
#1729=ORIENTED_EDGE('',*,*,#2894,.T.);
#1730=CARTESIAN_POINT('',(-21.982758293121,12.1690521710046,1.7750000000001));
#1731=DIRECTION('',(-5.55111512312546E-17,-1.33820860829246E-16,1.0));
#1732=DIRECTION('',(7.09749054853546E-16,-1.0,-1.33820860829246E-16));
#1733=ORIENTED_EDGE('',*,*,#2896,.F.);
#1734=ORIENTED_EDGE('',*,*,#2872,.F.);
#1735=ORIENTED_EDGE('',*,*,#2876,.T.);
#1736=ORIENTED_EDGE('',*,*,#2895,.T.);
#1737=CARTESIAN_POINT('',(-21.982758293121,11.4403021710046,1.4000000000001));
#1738=DIRECTION('',(-5.55111512312547E-17,-4.93038065763132E-32,1.0));
#1739=DIRECTION('',(7.09749054853546E-16,-1.0,-9.90481945609795E-33));
#1740=ORIENTED_EDGE('',*,*,#2869,.T.);
#1741=ORIENTED_EDGE('',*,*,#2896,.T.);
#1742=ORIENTED_EDGE('',*,*,#2871,.T.);
#1743=ORIENTED_EDGE('',*,*,#2866,.F.);
#1744=CARTESIAN_POINT('',(-21.982758293121,12.1690521710046,1.2507179676973));
#1745=DIRECTION('',(-5.55111512312546E-17,-1.33820860829246E-16,1.0));
#1746=DIRECTION('',(7.09749054853546E-16,-1.0,-1.33820860829246E-16));
#1747=ORIENTED_EDGE('',*,*,#2865,.T.);
#1748=ORIENTED_EDGE('',*,*,#2864,.F.);
#1749=ORIENTED_EDGE('',*,*,#2867,.T.);
#1750=ORIENTED_EDGE('',*,*,#2870,.T.);
#1751=CARTESIAN_POINT('',(-21.982758293121,12.1690521710046,0.255717967697301));
#1752=DIRECTION('',(-5.55111512312546E-17,-1.33820860829246E-16,1.0));
#1753=DIRECTION('',(7.09749054853546E-16,-1.0,-1.33820860829246E-16));
#1754=ORIENTED_EDGE('',*,*,#2861,.T.);
#1755=ORIENTED_EDGE('',*,*,#2868,.T.);
#1756=ORIENTED_EDGE('',*,*,#2863,.T.);
#1757=ORIENTED_EDGE('',*,*,#2889,.F.);
#1758=CARTESIAN_POINT('',(-21.982758293121,12.1690521710046,-0.794999999999902));
#1759=DIRECTION('',(-5.55111512312546E-17,-1.33820860829246E-16,1.0));
#1760=DIRECTION('',(7.09749054853546E-16,-1.0,-1.33820860829246E-16));
#1761=ORIENTED_EDGE('',*,*,#2885,.T.);
#1762=ORIENTED_EDGE('',*,*,#2884,.T.);
#1763=ORIENTED_EDGE('',*,*,#2891,.T.);
#1764=ORIENTED_EDGE('',*,*,#2890,.T.);
#1765=CARTESIAN_POINT('',(-21.982758293121,12.1690521710046,-4.2499999999999));
#1766=DIRECTION('',(-1.0,-7.09749054853546E-16,-5.55111512312547E-17));
#1767=DIRECTION('',(7.09749054853546E-16,-1.0,-1.33820860829246E-16));
#1768=ORIENTED_EDGE('',*,*,#2858,.T.);
#1769=ORIENTED_EDGE('',*,*,#2855,.F.);
#1770=ORIENTED_EDGE('',*,*,#2859,.T.);
#1771=CARTESIAN_POINT('',(-21.982758293121,12.1690521710046,-0.658771324027001));
#1772=DIRECTION('',(-5.55111512312546E-17,-1.33820860829246E-16,1.0));
#1773=DIRECTION('',(7.09749054853546E-16,-1.0,-1.33820860829246E-16));
#1774=ORIENTED_EDGE('',*,*,#2854,.T.);
#1775=ORIENTED_EDGE('',*,*,#2853,.F.);
#1776=ORIENTED_EDGE('',*,*,#2856,.T.);
#1777=ORIENTED_EDGE('',*,*,#2860,.T.);
#1778=CARTESIAN_POINT('',(-21.982758293121,12.1690521710046,1.0808246407407));
#1779=DIRECTION('',(-5.55111512312546E-17,-1.33820860829246E-16,1.0));
#1780=DIRECTION('',(7.09749054853546E-16,-1.0,-1.33820860829246E-16));
#1781=ORIENTED_EDGE('',*,*,#2850,.T.);
#1782=ORIENTED_EDGE('',*,*,#2857,.T.);
#1783=ORIENTED_EDGE('',*,*,#2852,.T.);
#1784=ORIENTED_EDGE('',*,*,#2897,.F.);
#1785=CARTESIAN_POINT('',(-21.982758293121,12.1690521710046,2.7808246407407));
#1786=DIRECTION('',(-5.55111512312546E-17,-1.33820860829246E-16,1.0));
#1787=DIRECTION('',(7.09749054853546E-16,-1.0,-1.33820860829246E-16));
#1788=ORIENTED_EDGE('',*,*,#2878,.F.);
#1789=ORIENTED_EDGE('',*,*,#2893,.F.);
#1790=ORIENTED_EDGE('',*,*,#2897,.T.);
#1791=ORIENTED_EDGE('',*,*,#2851,.T.);
#1792=CARTESIAN_POINT('',(-21.982758293121,11.3440521710046,2.9000000000001));
#1793=DIRECTION('',(-5.55111512312547E-17,-4.93038065763132E-32,1.0));
#1794=DIRECTION('',(7.09749054853546E-16,-1.0,-9.90481945609795E-33));
#1795=ORIENTED_EDGE('',*,*,#2898,.F.);
#1796=ORIENTED_EDGE('',*,*,#2899,.F.);
#1797=ORIENTED_EDGE('',*,*,#2900,.F.);
#1798=ORIENTED_EDGE('',*,*,#2901,.F.);
#1799=CARTESIAN_POINT('',(-21.982758293121,12.1690521710046,1.9866492814813));
#1800=DIRECTION('',(0.00790530748846103,-0.999968752568556,6.3809815359824E-16));
#1801=DIRECTION('',(0.998582793825469,0.00789435071605958,-0.0526315789473671));
#1802=ORIENTED_EDGE('',*,*,#2902,.F.);
#1803=ORIENTED_EDGE('',*,*,#2903,.F.);
#1804=ORIENTED_EDGE('',*,*,#2904,.F.);
#1805=ORIENTED_EDGE('',*,*,#2905,.F.);
#1806=ORIENTED_EDGE('',*,*,#2906,.F.);
#1807=CARTESIAN_POINT('',(-21.982758293121,12.1690521710046,2.6616492814813));
#1808=DIRECTION('',(-1.85866045383902E-17,6.38030276880471E-16,1.0));
#1809=DIRECTION('',(0.00790530748846125,-0.999968752568555,6.38157272897177E-16));
#1810=ORIENTED_EDGE('',*,*,#2907,.F.);
#1811=ORIENTED_EDGE('',*,*,#2908,.F.);
#1812=ORIENTED_EDGE('',*,*,#2909,.F.);
#1813=ORIENTED_EDGE('',*,*,#2910,.F.);
#1814=CARTESIAN_POINT('',(-21.982758293121,12.1690521710046,1.9866492814813));
#1815=DIRECTION('',(-0.999968752568556,-0.00790530748846125,-1.35525271560688E-17));
#1816=DIRECTION('',(0.00789435071605984,-0.998582793825469,-0.0526315789473665));
#1817=ORIENTED_EDGE('',*,*,#2911,.F.);
#1818=ORIENTED_EDGE('',*,*,#2912,.F.);
#1819=ORIENTED_EDGE('',*,*,#2913,.F.);
#1820=ORIENTED_EDGE('',*,*,#2914,.F.);
#1821=ORIENTED_EDGE('',*,*,#2915,.T.);
#1822=CARTESIAN_POINT('',(-21.982758293121,12.1690521710046,0.561649281481301));
#1823=DIRECTION('',(1.85866045383902E-17,-6.38030276880471E-16,-1.0));
#1824=DIRECTION('',(0.00790530748846125,-0.999968752568555,6.38157272897177E-16));
#1825=ORIENTED_EDGE('',*,*,#2916,.F.);
#1826=ORIENTED_EDGE('',*,*,#2917,.T.);
#1827=ORIENTED_EDGE('',*,*,#2918,.F.);
#1828=ORIENTED_EDGE('',*,*,#2919,.T.);
#1829=CARTESIAN_POINT('',(-21.982758293121,12.1690521710046,2.6116492814813));
#1830=DIRECTION('',(-1.85866045383902E-17,6.38030276880471E-16,1.0));
#1831=DIRECTION('',(0.00790530748846125,-0.999968752568555,6.38157272897177E-16));
#1832=ORIENTED_EDGE('',*,*,#2920,.F.);
#1833=ORIENTED_EDGE('',*,*,#2921,.F.);
#1834=ORIENTED_EDGE('',*,*,#2922,.F.);
#1835=ORIENTED_EDGE('',*,*,#2923,.F.);
#1836=CARTESIAN_POINT('',(-21.982758293121,12.1690521710046,1.9866492814813));
#1837=DIRECTION('',(-0.999968752568556,-0.00790530748846125,-1.35525271560688E-17));
#1838=DIRECTION('',(0.00789435071605984,-0.998582793825469,-0.0526315789473665));
#1839=ORIENTED_EDGE('',*,*,#2924,.F.);
#1840=ORIENTED_EDGE('',*,*,#2925,.F.);
#1841=ORIENTED_EDGE('',*,*,#2926,.F.);
#1842=ORIENTED_EDGE('',*,*,#2927,.F.);
#1843=CARTESIAN_POINT('',(-21.982758293121,12.1690521710046,1.9866492814813));
#1844=DIRECTION('',(0.00790530748846103,-0.999968752568556,6.3809815359824E-16));
#1845=DIRECTION('',(0.998582793825469,0.00789435071605958,-0.0526315789473671));
#1846=ORIENTED_EDGE('',*,*,#2928,.F.);
#1847=ORIENTED_EDGE('',*,*,#2929,.F.);
#1848=ORIENTED_EDGE('',*,*,#2930,.F.);
#1849=ORIENTED_EDGE('',*,*,#2926,.T.);
#1850=CARTESIAN_POINT('',(-22.0576520026579,12.1684600947009,1.98270191306025));
#1851=DIRECTION('',(-0.998582793825469,-0.00789435071605965,-0.0526315789473685));
#1852=DIRECTION('',(0.00790530748846125,-0.999968752568555,-3.57480081095528E-15));
#1853=ORIENTED_EDGE('',*,*,#2929,.T.);
#1854=ORIENTED_EDGE('',*,*,#2931,.F.);
#1855=ORIENTED_EDGE('',*,*,#2932,.T.);
#1856=ORIENTED_EDGE('',*,*,#2933,.F.);
#1857=CARTESIAN_POINT('',(-21.982758293121,12.1690521710046,0.586024281481301));
#1858=DIRECTION('',(1.85866045383902E-17,-6.38030276880471E-16,-1.0));
#1859=DIRECTION('',(0.00790530748846125,-0.999968752568555,6.38157272897177E-16));
#1860=ORIENTED_EDGE('',*,*,#2934,.F.);
#1861=ORIENTED_EDGE('',*,*,#2932,.F.);
#1862=ORIENTED_EDGE('',*,*,#2935,.F.);
#1863=ORIENTED_EDGE('',*,*,#2922,.T.);
#1864=CARTESIAN_POINT('',(-21.9833503694247,12.2439458805415,1.98270191306025));
#1865=DIRECTION('',(-0.00789435071605984,0.998582793825469,-0.0526315789473692));
#1866=DIRECTION('',(0.999968752568555,0.00790530748846125,1.3504685214566E-17));
#1867=ORIENTED_EDGE('',*,*,#2936,.T.);
#1868=ORIENTED_EDGE('',*,*,#2937,.F.);
#1869=ORIENTED_EDGE('',*,*,#2938,.T.);
#1870=ORIENTED_EDGE('',*,*,#2939,.F.);
#1871=CARTESIAN_POINT('',(-21.982758293121,12.1690521710046,0.586024281481301));
#1872=DIRECTION('',(1.85866045383902E-17,-6.38030276880471E-16,-1.0));
#1873=DIRECTION('',(0.00790530748846125,-0.999968752568555,6.38157272897177E-16));
#1874=ORIENTED_EDGE('',*,*,#2940,.F.);
#1875=ORIENTED_EDGE('',*,*,#2941,.F.);
#1876=ORIENTED_EDGE('',*,*,#2942,.F.);
#1877=ORIENTED_EDGE('',*,*,#2936,.F.);
#1878=CARTESIAN_POINT('',(-21.982758293121,12.1690521710046,0.561649281481301));
#1879=DIRECTION('',(0.998582793825469,0.00789435071605958,-0.0526315789473683));
#1880=DIRECTION('',(-0.0526299343457133,-0.000416068815182808,-0.998613997947909));
#1881=ORIENTED_EDGE('',*,*,#2924,.T.);
#1882=ORIENTED_EDGE('',*,*,#2943,.F.);
#1883=ORIENTED_EDGE('',*,*,#2944,.F.);
#1884=ORIENTED_EDGE('',*,*,#2941,.T.);
#1885=ORIENTED_EDGE('',*,*,#2945,.F.);
#1886=ORIENTED_EDGE('',*,*,#2946,.F.);
#1887=CARTESIAN_POINT('',(-21.982758293121,12.1690521710046,1.9866492814813));
#1888=DIRECTION('',(0.00790530748846103,-0.999968752568556,6.3809815359824E-16));
#1889=DIRECTION('',(0.998582793825469,0.00789435071605958,-0.0526315789473671));
#1890=ORIENTED_EDGE('',*,*,#2947,.T.);
#1891=ORIENTED_EDGE('',*,*,#2948,.F.);
#1892=ORIENTED_EDGE('',*,*,#2949,.T.);
#1893=ORIENTED_EDGE('',*,*,#2950,.F.);
#1894=CARTESIAN_POINT('',(-21.982758293121,12.1690521710046,0.586024281481301));
#1895=DIRECTION('',(1.85866045383902E-17,-6.38030276880471E-16,-1.0));
#1896=DIRECTION('',(0.00790530748846125,-0.999968752568555,6.38157272897177E-16));
#1897=ORIENTED_EDGE('',*,*,#2951,.F.);
#1898=ORIENTED_EDGE('',*,*,#2949,.F.);
#1899=ORIENTED_EDGE('',*,*,#2952,.F.);
#1900=ORIENTED_EDGE('',*,*,#2953,.F.);
#1901=CARTESIAN_POINT('',(-21.982758293121,12.1690521710046,0.561649281481301));
#1902=DIRECTION('',(0.00789435071605984,-0.998582793825469,-0.0526315789473677));
#1903=DIRECTION('',(0.000416068815182152,-0.0526299343457127,0.998613997947909));
#1904=ORIENTED_EDGE('',*,*,#2920,.T.);
#1905=ORIENTED_EDGE('',*,*,#2954,.F.);
#1906=ORIENTED_EDGE('',*,*,#2955,.F.);
#1907=ORIENTED_EDGE('',*,*,#2953,.T.);
#1908=ORIENTED_EDGE('',*,*,#2956,.F.);
#1909=ORIENTED_EDGE('',*,*,#2957,.F.);
#1910=CARTESIAN_POINT('',(-21.982758293121,12.1690521710046,1.9866492814813));
#1911=DIRECTION('',(-0.999968752568556,-0.00790530748846125,-1.35525271560688E-17));
#1912=DIRECTION('',(0.00789435071605984,-0.998582793825469,-0.0526315789473665));
#1913=ORIENTED_EDGE('',*,*,#2930,.T.);
#1914=ORIENTED_EDGE('',*,*,#2933,.T.);
#1915=ORIENTED_EDGE('',*,*,#2934,.T.);
#1916=ORIENTED_EDGE('',*,*,#2921,.T.);
#1917=ORIENTED_EDGE('',*,*,#2957,.T.);
#1918=ORIENTED_EDGE('',*,*,#2958,.T.);
#1919=ORIENTED_EDGE('',*,*,#2943,.T.);
#1920=ORIENTED_EDGE('',*,*,#2927,.T.);
#1921=CARTESIAN_POINT('',(-21.982758293121,12.1690521710046,1.3116492814813));
#1922=DIRECTION('',(-1.85866045383902E-17,6.38030276880471E-16,1.0));
#1923=DIRECTION('',(0.00790530748846125,-0.999968752568556,6.38157272897177E-16));
#1924=ORIENTED_EDGE('',*,*,#2915,.F.);
#1925=ORIENTED_EDGE('',*,*,#2959,.F.);
#1926=ORIENTED_EDGE('',*,*,#2960,.F.);
#1927=ORIENTED_EDGE('',*,*,#2917,.F.);
#1928=CARTESIAN_POINT('',(-21.982758293121,12.1690521710046,2.6616492814813));
#1929=DIRECTION('',(1.85866045383902E-17,-6.38030276880471E-16,-1.0));
#1930=DIRECTION('',(0.999968752568555,0.00790530748846125,1.35421982290509E-17));
#1931=ORIENTED_EDGE('',*,*,#2942,.T.);
#1932=ORIENTED_EDGE('',*,*,#2944,.T.);
#1933=ORIENTED_EDGE('',*,*,#2913,.T.);
#1934=ORIENTED_EDGE('',*,*,#2961,.T.);
#1935=ORIENTED_EDGE('',*,*,#2910,.T.);
#1936=ORIENTED_EDGE('',*,*,#2962,.T.);
#1937=ORIENTED_EDGE('',*,*,#2937,.T.);
#1938=CARTESIAN_POINT('',(-21.982758293121,12.1690521710046,1.3116492814813));
#1939=DIRECTION('',(-1.85866045383902E-17,6.38030276880471E-16,1.0));
#1940=DIRECTION('',(0.00790530748846125,-0.999968752568556,6.38157272897177E-16));
#1941=ORIENTED_EDGE('',*,*,#2963,.F.);
#1942=ORIENTED_EDGE('',*,*,#2938,.F.);
#1943=ORIENTED_EDGE('',*,*,#2962,.F.);
#1944=ORIENTED_EDGE('',*,*,#2909,.T.);
#1945=CARTESIAN_POINT('',(-21.9833503694247,12.2439458805415,1.98270191306025));
#1946=DIRECTION('',(-0.00789435071605984,0.998582793825469,-0.0526315789473692));
#1947=DIRECTION('',(0.999968752568555,0.00790530748846125,1.3504685214566E-17));
#1948=ORIENTED_EDGE('',*,*,#2916,.T.);
#1949=ORIENTED_EDGE('',*,*,#2906,.T.);
#1950=ORIENTED_EDGE('',*,*,#2918,.T.);
#1951=ORIENTED_EDGE('',*,*,#2960,.T.);
#1952=CARTESIAN_POINT('',(-21.982758293121,12.1690521710046,2.6116492814813));
#1953=DIRECTION('',(-1.85866045383902E-17,6.38030276880471E-16,1.0));
#1954=DIRECTION('',(0.00790530748846125,-0.999968752568555,6.38157272897177E-16));
#1955=ORIENTED_EDGE('',*,*,#2925,.T.);
#1956=ORIENTED_EDGE('',*,*,#2946,.T.);
#1957=ORIENTED_EDGE('',*,*,#2904,.T.);
#1958=ORIENTED_EDGE('',*,*,#2954,.T.);
#1959=ORIENTED_EDGE('',*,*,#2923,.T.);
#1960=ORIENTED_EDGE('',*,*,#2935,.T.);
#1961=ORIENTED_EDGE('',*,*,#2931,.T.);
#1962=ORIENTED_EDGE('',*,*,#2928,.T.);
#1963=CARTESIAN_POINT('',(-21.982758293121,12.1690521710046,1.3116492814813));
#1964=DIRECTION('',(-1.85866045383902E-17,6.38030276880471E-16,1.0));
#1965=DIRECTION('',(0.00790530748846125,-0.999968752568555,6.38157272897177E-16));
#1966=ORIENTED_EDGE('',*,*,#2945,.T.);
#1967=ORIENTED_EDGE('',*,*,#2940,.T.);
#1968=ORIENTED_EDGE('',*,*,#2939,.T.);
#1969=ORIENTED_EDGE('',*,*,#2963,.T.);
#1970=ORIENTED_EDGE('',*,*,#2908,.T.);
#1971=ORIENTED_EDGE('',*,*,#2964,.T.);
#1972=ORIENTED_EDGE('',*,*,#2965,.T.);
#1973=CARTESIAN_POINT('',(-21.982758293121,12.1690521710046,1.3116492814813));
#1974=DIRECTION('',(-1.85866045383902E-17,6.38030276880471E-16,1.0));
#1975=DIRECTION('',(0.00790530748846125,-0.999968752568555,6.38157272897177E-16));
#1976=ORIENTED_EDGE('',*,*,#2966,.T.);
#1977=ORIENTED_EDGE('',*,*,#2901,.T.);
#1978=ORIENTED_EDGE('',*,*,#2967,.T.);
#1979=ORIENTED_EDGE('',*,*,#2950,.T.);
#1980=ORIENTED_EDGE('',*,*,#2951,.T.);
#1981=ORIENTED_EDGE('',*,*,#2955,.T.);
#1982=ORIENTED_EDGE('',*,*,#2903,.T.);
#1983=CARTESIAN_POINT('',(-21.982758293121,12.1690521710046,1.3116492814813));
#1984=DIRECTION('',(-1.85866045383902E-17,6.38030276880471E-16,1.0));
#1985=DIRECTION('',(0.00790530748846125,-0.999968752568555,6.38157272897177E-16));
#1986=ORIENTED_EDGE('',*,*,#2967,.F.);
#1987=ORIENTED_EDGE('',*,*,#2900,.T.);
#1988=ORIENTED_EDGE('',*,*,#2968,.F.);
#1989=ORIENTED_EDGE('',*,*,#2947,.F.);
#1990=CARTESIAN_POINT('',(-22.0576520026579,12.1684600947009,1.98270191306025));
#1991=DIRECTION('',(-0.998582793825469,-0.00789435071605965,-0.0526315789473685));
#1992=DIRECTION('',(0.00790530748846125,-0.999968752568555,-3.57480081095528E-15));
#1993=ORIENTED_EDGE('',*,*,#2968,.T.);
#1994=ORIENTED_EDGE('',*,*,#2899,.T.);
#1995=ORIENTED_EDGE('',*,*,#2969,.T.);
#1996=ORIENTED_EDGE('',*,*,#2970,.T.);
#1997=ORIENTED_EDGE('',*,*,#2956,.T.);
#1998=ORIENTED_EDGE('',*,*,#2952,.T.);
#1999=ORIENTED_EDGE('',*,*,#2948,.T.);
#2000=CARTESIAN_POINT('',(-21.982758293121,12.1690521710046,1.3116492814813));
#2001=DIRECTION('',(-1.85866045383902E-17,6.38030276880471E-16,1.0));
#2002=DIRECTION('',(0.00790530748846125,-0.999968752568556,6.38157272897177E-16));
#2003=ORIENTED_EDGE('',*,*,#2911,.T.);
#2004=ORIENTED_EDGE('',*,*,#2959,.T.);
#2005=ORIENTED_EDGE('',*,*,#2914,.T.);
#2006=ORIENTED_EDGE('',*,*,#2958,.F.);
#2007=ORIENTED_EDGE('',*,*,#2970,.F.);
#2008=CARTESIAN_POINT('',(-21.982758293121,12.1690521710046,0.561649281481301));
#2009=DIRECTION('',(1.85866045383902E-17,-6.38030276880471E-16,-1.0));
#2010=DIRECTION('',(0.00790530748846125,-0.999968752568555,6.38157272897177E-16));
#2011=ORIENTED_EDGE('',*,*,#2971,.F.);
#2012=ORIENTED_EDGE('',*,*,#2972,.F.);
#2013=ORIENTED_EDGE('',*,*,#2973,.F.);
#2014=ORIENTED_EDGE('',*,*,#2974,.F.);
#2015=CARTESIAN_POINT('',(-21.982758293121,12.1690521710046,0.561649281481301));
#2016=DIRECTION('',(0.00789435071605984,-0.998582793825469,-0.0526315789473677));
#2017=DIRECTION('',(0.000416068815182152,-0.0526299343457127,0.998613997947909));
#2018=ORIENTED_EDGE('',*,*,#2907,.T.);
#2019=ORIENTED_EDGE('',*,*,#2961,.F.);
#2020=ORIENTED_EDGE('',*,*,#2975,.F.);
#2021=ORIENTED_EDGE('',*,*,#2972,.T.);
#2022=ORIENTED_EDGE('',*,*,#2976,.F.);
#2023=ORIENTED_EDGE('',*,*,#2964,.F.);
#2024=CARTESIAN_POINT('',(-21.982758293121,12.1690521710046,1.9866492814813));
#2025=DIRECTION('',(-0.999968752568556,-0.00790530748846125,-1.35525271560688E-17));
#2026=DIRECTION('',(0.00789435071605984,-0.998582793825469,-0.0526315789473665));
#2027=ORIENTED_EDGE('',*,*,#2902,.T.);
#2028=ORIENTED_EDGE('',*,*,#2919,.F.);
#2029=ORIENTED_EDGE('',*,*,#2905,.T.);
#2030=ORIENTED_EDGE('',*,*,#2965,.F.);
#2031=ORIENTED_EDGE('',*,*,#2977,.F.);
#2032=CARTESIAN_POINT('',(-21.982758293121,12.1690521710046,2.6616492814813));
#2033=DIRECTION('',(-1.85866045383902E-17,6.38030276880471E-16,1.0));
#2034=DIRECTION('',(0.00790530748846125,-0.999968752568555,6.38157272897177E-16));
#2035=ORIENTED_EDGE('',*,*,#2898,.T.);
#2036=ORIENTED_EDGE('',*,*,#2966,.F.);
#2037=ORIENTED_EDGE('',*,*,#2978,.F.);
#2038=ORIENTED_EDGE('',*,*,#2979,.T.);
#2039=ORIENTED_EDGE('',*,*,#2980,.F.);
#2040=ORIENTED_EDGE('',*,*,#2969,.F.);
#2041=CARTESIAN_POINT('',(-21.982758293121,12.1690521710046,1.9866492814813));
#2042=DIRECTION('',(0.00790530748846103,-0.999968752568556,6.3809815359824E-16));
#2043=DIRECTION('',(0.998582793825469,0.00789435071605958,-0.0526315789473671));
#2044=ORIENTED_EDGE('',*,*,#2981,.T.);
#2045=ORIENTED_EDGE('',*,*,#2982,.T.);
#2046=ORIENTED_EDGE('',*,*,#2973,.T.);
#2047=ORIENTED_EDGE('',*,*,#2975,.T.);
#2048=ORIENTED_EDGE('',*,*,#2912,.T.);
#2049=ORIENTED_EDGE('',*,*,#2980,.T.);
#2050=CARTESIAN_POINT('',(-21.982758293121,12.1690521710046,1.3116492814813));
#2051=DIRECTION('',(-1.85866045383902E-17,6.38030276880471E-16,1.0));
#2052=DIRECTION('',(0.00790530748846125,-0.999968752568556,6.38157272897177E-16));
#2053=ORIENTED_EDGE('',*,*,#2983,.T.);
#2054=ORIENTED_EDGE('',*,*,#2984,.F.);
#2055=ORIENTED_EDGE('',*,*,#2974,.T.);
#2056=ORIENTED_EDGE('',*,*,#2982,.F.);
#2057=CARTESIAN_POINT('',(-21.982758293121,12.1690521710046,0.586024281481301));
#2058=DIRECTION('',(1.85866045383902E-17,-6.38030276880471E-16,-1.0));
#2059=DIRECTION('',(0.00790530748846125,-0.999968752568555,6.38157272897177E-16));
#2060=ORIENTED_EDGE('',*,*,#2978,.T.);
#2061=ORIENTED_EDGE('',*,*,#2977,.T.);
#2062=ORIENTED_EDGE('',*,*,#2976,.T.);
#2063=ORIENTED_EDGE('',*,*,#2971,.T.);
#2064=ORIENTED_EDGE('',*,*,#2984,.T.);
#2065=ORIENTED_EDGE('',*,*,#2985,.T.);
#2066=CARTESIAN_POINT('',(-21.982758293121,12.1690521710046,1.3116492814813));
#2067=DIRECTION('',(-1.85866045383902E-17,6.38030276880471E-16,1.0));
#2068=DIRECTION('',(0.00790530748846125,-0.999968752568555,6.38157272897177E-16));
#2069=ORIENTED_EDGE('',*,*,#2985,.F.);
#2070=ORIENTED_EDGE('',*,*,#2983,.F.);
#2071=ORIENTED_EDGE('',*,*,#2981,.F.);
#2072=ORIENTED_EDGE('',*,*,#2979,.F.);
#2073=CARTESIAN_POINT('',(-21.982758293121,12.1690521710046,0.561649281481301));
#2074=DIRECTION('',(0.998582793825469,0.00789435071605958,-0.0526315789473683));
#2075=DIRECTION('',(-0.0526299343457133,-0.000416068815182808,-0.998613997947909));
#2076=ORIENTED_EDGE('',*,*,#2986,.F.);
#2077=ORIENTED_EDGE('',*,*,#2987,.F.);
#2078=ORIENTED_EDGE('',*,*,#2988,.F.);
#2079=ORIENTED_EDGE('',*,*,#2989,.T.);
#2080=CARTESIAN_POINT('',(-24.522758293121,14.7090521710046,2.7808246407407));
#2081=DIRECTION('',(-1.33820860829246E-16,5.55111512312546E-17,1.0));
#2082=DIRECTION('',(-1.0,-9.31793659778577E-16,-1.33820860829246E-16));
#2083=ORIENTED_EDGE('',*,*,#2990,.F.);
#2084=ORIENTED_EDGE('',*,*,#2991,.T.);
#2085=ORIENTED_EDGE('',*,*,#2992,.F.);
#2086=ORIENTED_EDGE('',*,*,#2993,.F.);
#2087=CARTESIAN_POINT('',(-24.522758293121,14.7090521710046,1.0808246407407));
#2088=DIRECTION('',(-1.33820860829246E-16,5.55111512312546E-17,1.0));
#2089=DIRECTION('',(-1.0,-9.31793659778577E-16,-1.33820860829246E-16));
#2090=ORIENTED_EDGE('',*,*,#2994,.F.);
#2091=ORIENTED_EDGE('',*,*,#2995,.F.);
#2092=ORIENTED_EDGE('',*,*,#2996,.F.);
#2093=CARTESIAN_POINT('',(-24.522758293121,14.7090521710046,-0.658771324027001));
#2094=DIRECTION('',(-1.33820860829246E-16,5.55111512312546E-17,1.0));
#2095=DIRECTION('',(-1.0,-9.31793659778577E-16,-1.33820860829246E-16));
#2096=ORIENTED_EDGE('',*,*,#2997,.F.);
#2097=ORIENTED_EDGE('',*,*,#2998,.F.);
#2098=ORIENTED_EDGE('',*,*,#2999,.F.);
#2099=ORIENTED_EDGE('',*,*,#3000,.T.);
#2100=CARTESIAN_POINT('',(-24.522758293121,14.7090521710046,-0.794999999999902));
#2101=DIRECTION('',(-1.33820860829246E-16,5.55111512312546E-17,1.0));
#2102=DIRECTION('',(-1.0,-9.31793659778577E-16,-1.33820860829246E-16));
#2103=ORIENTED_EDGE('',*,*,#3001,.F.);
#2104=ORIENTED_EDGE('',*,*,#3002,.T.);
#2105=ORIENTED_EDGE('',*,*,#3003,.F.);
#2106=ORIENTED_EDGE('',*,*,#3004,.F.);
#2107=CARTESIAN_POINT('',(-24.522758293121,14.7090521710046,0.255717967697301));
#2108=DIRECTION('',(-1.33820860829246E-16,5.55111512312546E-17,1.0));
#2109=DIRECTION('',(-1.0,-9.31793659778577E-16,-1.33820860829246E-16));
#2110=ORIENTED_EDGE('',*,*,#3005,.F.);
#2111=ORIENTED_EDGE('',*,*,#3006,.F.);
#2112=ORIENTED_EDGE('',*,*,#3007,.F.);
#2113=ORIENTED_EDGE('',*,*,#3008,.T.);
#2114=CARTESIAN_POINT('',(-24.522758293121,14.7090521710046,1.2507179676973));
#2115=DIRECTION('',(-1.33820860829246E-16,5.55111512312546E-17,1.0));
#2116=DIRECTION('',(-1.0,-9.31793659778577E-16,-1.33820860829246E-16));
#2117=ORIENTED_EDGE('',*,*,#3009,.F.);
#2118=ORIENTED_EDGE('',*,*,#3010,.T.);
#2119=ORIENTED_EDGE('',*,*,#3011,.F.);
#2120=ORIENTED_EDGE('',*,*,#3012,.F.);
#2121=CARTESIAN_POINT('',(-24.522758293121,14.7090521710046,1.7750000000001));
#2122=DIRECTION('',(-1.33820860829246E-16,5.55111512312546E-17,1.0));
#2123=DIRECTION('',(-1.0,-9.31793659778577E-16,-1.33820860829246E-16));
#2124=ORIENTED_EDGE('',*,*,#3013,.F.);
#2125=ORIENTED_EDGE('',*,*,#3014,.T.);
#2126=ORIENTED_EDGE('',*,*,#3015,.F.);
#2127=ORIENTED_EDGE('',*,*,#3016,.F.);
#2128=CARTESIAN_POINT('',(-24.522758293121,14.7090521710046,2.5250000000001));
#2129=DIRECTION('',(-1.33820860829246E-16,5.55111512312546E-17,1.0));
#2130=DIRECTION('',(-1.0,-9.31793659778577E-16,-1.33820860829246E-16));
#2131=ORIENTED_EDGE('',*,*,#3017,.F.);
#2132=ORIENTED_EDGE('',*,*,#3018,.F.);
#2133=ORIENTED_EDGE('',*,*,#3019,.F.);
#2134=ORIENTED_EDGE('',*,*,#3020,.F.);
#2135=ORIENTED_EDGE('',*,*,#3021,.F.);
#2136=CARTESIAN_POINT('',(-24.522758293121,14.7090521710046,-2.6249999999999));
#2137=DIRECTION('',(-1.33820860829246E-16,5.55111512312546E-17,1.0));
#2138=DIRECTION('',(-1.0,-9.31793659778577E-16,-1.33820860829246E-16));
#2139=ORIENTED_EDGE('',*,*,#3022,.F.);
#2140=ORIENTED_EDGE('',*,*,#3023,.T.);
#2141=ORIENTED_EDGE('',*,*,#3024,.F.);
#2142=ORIENTED_EDGE('',*,*,#2998,.T.);
#2143=CARTESIAN_POINT('',(-24.522758293121,14.7090521710046,-1.4807809693765));
#2144=DIRECTION('',(-1.33820860829246E-16,5.55111512312546E-17,1.0));
#2145=DIRECTION('',(-1.0,-1.00941931361999E-15,-1.33820860829246E-16));
#2146=ORIENTED_EDGE('',*,*,#3022,.T.);
#2147=ORIENTED_EDGE('',*,*,#3025,.T.);
#2148=ORIENTED_EDGE('',*,*,#3024,.T.);
#2149=ORIENTED_EDGE('',*,*,#3018,.T.);
#2150=CARTESIAN_POINT('',(-24.522758293121,14.7090521710046,-1.4807809693765));
#2151=DIRECTION('',(-1.33820860829246E-16,5.55111512312546E-17,1.0));
#2152=DIRECTION('',(-1.0,-1.00941931361999E-15,-1.33820860829246E-16));
#2153=ORIENTED_EDGE('',*,*,#3017,.T.);
#2154=ORIENTED_EDGE('',*,*,#3026,.F.);
#2155=ORIENTED_EDGE('',*,*,#3027,.F.);
#2156=ORIENTED_EDGE('',*,*,#3019,.T.);
#2157=ORIENTED_EDGE('',*,*,#3023,.F.);
#2158=CARTESIAN_POINT('',(-24.522758293121,14.7090521710046,-2.6249999999999));
#2159=DIRECTION('',(-1.33820860829246E-16,5.55111512312546E-17,1.0));
#2160=DIRECTION('',(-1.0,-9.31793659778577E-16,-1.33820860829246E-16));
#2161=ORIENTED_EDGE('',*,*,#3013,.T.);
#2162=ORIENTED_EDGE('',*,*,#3028,.F.);
#2163=ORIENTED_EDGE('',*,*,#3015,.T.);
#2164=ORIENTED_EDGE('',*,*,#3029,.T.);
#2165=CARTESIAN_POINT('',(-24.522758293121,14.7090521710046,2.5250000000001));
#2166=DIRECTION('',(-1.33820860829246E-16,5.55111512312546E-17,1.0));
#2167=DIRECTION('',(-1.0,-9.31793659778577E-16,-1.33820860829246E-16));
#2168=ORIENTED_EDGE('',*,*,#3016,.T.);
#2169=ORIENTED_EDGE('',*,*,#3028,.T.);
#2170=ORIENTED_EDGE('',*,*,#3010,.F.);
#2171=ORIENTED_EDGE('',*,*,#3030,.F.);
#2172=CARTESIAN_POINT('',(-25.319008293121,14.7090521710046,2.1500000000001));
#2173=DIRECTION('',(4.93038065763132E-32,-5.55111512312547E-17,-1.0));
#2174=DIRECTION('',(9.31793659778577E-16,-1.0,5.55111512312547E-17));
#2175=ORIENTED_EDGE('',*,*,#3009,.T.);
#2176=ORIENTED_EDGE('',*,*,#3031,.F.);
#2177=ORIENTED_EDGE('',*,*,#3011,.T.);
#2178=ORIENTED_EDGE('',*,*,#3030,.T.);
#2179=CARTESIAN_POINT('',(-24.522758293121,14.7090521710046,1.7750000000001));
#2180=DIRECTION('',(-1.33820860829246E-16,5.55111512312546E-17,1.0));
#2181=DIRECTION('',(-1.0,-9.31793659778577E-16,-1.33820860829246E-16));
#2182=ORIENTED_EDGE('',*,*,#3032,.F.);
#2183=ORIENTED_EDGE('',*,*,#3008,.F.);
#2184=ORIENTED_EDGE('',*,*,#3012,.T.);
#2185=ORIENTED_EDGE('',*,*,#3031,.T.);
#2186=CARTESIAN_POINT('',(-25.251508293121,14.7090521710046,1.4000000000001));
#2187=DIRECTION('',(-4.93038065763132E-32,5.55111512312547E-17,1.0));
#2188=DIRECTION('',(-1.0,-9.31793659778577E-16,2.42113218797964E-33));
#2189=ORIENTED_EDGE('',*,*,#3005,.T.);
#2190=ORIENTED_EDGE('',*,*,#3032,.T.);
#2191=ORIENTED_EDGE('',*,*,#3007,.T.);
#2192=ORIENTED_EDGE('',*,*,#3002,.F.);
#2193=CARTESIAN_POINT('',(-24.522758293121,14.7090521710046,1.2507179676973));
#2194=DIRECTION('',(-1.33820860829246E-16,5.55111512312546E-17,1.0));
#2195=DIRECTION('',(-1.0,-9.31793659778577E-16,-1.33820860829246E-16));
#2196=ORIENTED_EDGE('',*,*,#3001,.T.);
#2197=ORIENTED_EDGE('',*,*,#3000,.F.);
#2198=ORIENTED_EDGE('',*,*,#3003,.T.);
#2199=ORIENTED_EDGE('',*,*,#3006,.T.);
#2200=CARTESIAN_POINT('',(-24.522758293121,14.7090521710046,0.255717967697301));
#2201=DIRECTION('',(-1.33820860829246E-16,5.55111512312546E-17,1.0));
#2202=DIRECTION('',(-1.0,-9.31793659778577E-16,-1.33820860829246E-16));
#2203=ORIENTED_EDGE('',*,*,#2997,.T.);
#2204=ORIENTED_EDGE('',*,*,#3004,.T.);
#2205=ORIENTED_EDGE('',*,*,#2999,.T.);
#2206=ORIENTED_EDGE('',*,*,#3025,.F.);
#2207=CARTESIAN_POINT('',(-24.522758293121,14.7090521710046,-0.794999999999902));
#2208=DIRECTION('',(-1.33820860829246E-16,5.55111512312546E-17,1.0));
#2209=DIRECTION('',(-1.0,-9.31793659778577E-16,-1.33820860829246E-16));
#2210=ORIENTED_EDGE('',*,*,#3021,.T.);
#2211=ORIENTED_EDGE('',*,*,#3020,.T.);
#2212=ORIENTED_EDGE('',*,*,#3027,.T.);
#2213=ORIENTED_EDGE('',*,*,#3026,.T.);
#2214=CARTESIAN_POINT('',(-24.522758293121,14.7090521710046,-4.2499999999999));
#2215=DIRECTION('',(-9.31793659778577E-16,1.0,-5.55111512312547E-17));
#2216=DIRECTION('',(-1.0,-9.31793659778577E-16,-1.33820860829246E-16));
#2217=ORIENTED_EDGE('',*,*,#2994,.T.);
#2218=ORIENTED_EDGE('',*,*,#2991,.F.);
#2219=ORIENTED_EDGE('',*,*,#2995,.T.);
#2220=CARTESIAN_POINT('',(-24.522758293121,14.7090521710046,-0.658771324027001));
#2221=DIRECTION('',(-1.33820860829246E-16,5.55111512312546E-17,1.0));
#2222=DIRECTION('',(-1.0,-9.31793659778577E-16,-1.33820860829246E-16));
#2223=ORIENTED_EDGE('',*,*,#2990,.T.);
#2224=ORIENTED_EDGE('',*,*,#2989,.F.);
#2225=ORIENTED_EDGE('',*,*,#2992,.T.);
#2226=ORIENTED_EDGE('',*,*,#2996,.T.);
#2227=CARTESIAN_POINT('',(-24.522758293121,14.7090521710046,1.0808246407407));
#2228=DIRECTION('',(-1.33820860829246E-16,5.55111512312546E-17,1.0));
#2229=DIRECTION('',(-1.0,-9.31793659778577E-16,-1.33820860829246E-16));
#2230=ORIENTED_EDGE('',*,*,#2986,.T.);
#2231=ORIENTED_EDGE('',*,*,#2993,.T.);
#2232=ORIENTED_EDGE('',*,*,#2988,.T.);
#2233=ORIENTED_EDGE('',*,*,#3033,.F.);
#2234=CARTESIAN_POINT('',(-24.522758293121,14.7090521710046,2.7808246407407));
#2235=DIRECTION('',(-1.33820860829246E-16,5.55111512312546E-17,1.0));
#2236=DIRECTION('',(-1.0,-9.31793659778577E-16,-1.33820860829246E-16));
#2237=ORIENTED_EDGE('',*,*,#3014,.F.);
#2238=ORIENTED_EDGE('',*,*,#3029,.F.);
#2239=ORIENTED_EDGE('',*,*,#3033,.T.);
#2240=ORIENTED_EDGE('',*,*,#2987,.T.);
#2241=CARTESIAN_POINT('',(-25.347758293121,14.7090521710046,2.9000000000001));
#2242=DIRECTION('',(-4.93038065763132E-32,5.55111512312547E-17,1.0));
#2243=DIRECTION('',(-1.0,-9.31793659778577E-16,2.42113218797964E-33));
#2244=ORIENTED_EDGE('',*,*,#3034,.F.);
#2245=ORIENTED_EDGE('',*,*,#3035,.F.);
#2246=ORIENTED_EDGE('',*,*,#3036,.F.);
#2247=ORIENTED_EDGE('',*,*,#3037,.F.);
#2248=CARTESIAN_POINT('',(-24.522758293121,14.7090521710046,1.9866492814813));
#2249=DIRECTION('',(-0.999968752568556,-0.00790530748846125,6.38022861780706E-16));
#2250=DIRECTION('',(0.0078943507160598,-0.998582793825469,-0.0526315789473671));
#2251=ORIENTED_EDGE('',*,*,#3038,.F.);
#2252=ORIENTED_EDGE('',*,*,#3039,.F.);
#2253=ORIENTED_EDGE('',*,*,#3040,.F.);
#2254=ORIENTED_EDGE('',*,*,#3041,.F.);
#2255=ORIENTED_EDGE('',*,*,#3042,.F.);
#2256=CARTESIAN_POINT('',(-24.522758293121,14.7090521710046,2.6616492814813));
#2257=DIRECTION('',(6.38030276880471E-16,1.85866045383903E-17,1.0));
#2258=DIRECTION('',(-0.999968752568555,-0.00790530748846147,6.38157272897177E-16));
#2259=ORIENTED_EDGE('',*,*,#3043,.F.);
#2260=ORIENTED_EDGE('',*,*,#3044,.F.);
#2261=ORIENTED_EDGE('',*,*,#3045,.F.);
#2262=ORIENTED_EDGE('',*,*,#3046,.F.);
#2263=CARTESIAN_POINT('',(-24.522758293121,14.7090521710046,1.9866492814813));
#2264=DIRECTION('',(-0.00790530748846147,0.999968752568556,-1.34772353385351E-17));
#2265=DIRECTION('',(-0.998582793825469,-0.00789435071606006,-0.0526315789473665));
#2266=ORIENTED_EDGE('',*,*,#3047,.F.);
#2267=ORIENTED_EDGE('',*,*,#3048,.F.);
#2268=ORIENTED_EDGE('',*,*,#3049,.F.);
#2269=ORIENTED_EDGE('',*,*,#3050,.F.);
#2270=ORIENTED_EDGE('',*,*,#3051,.T.);
#2271=CARTESIAN_POINT('',(-24.522758293121,14.7090521710046,0.561649281481301));
#2272=DIRECTION('',(-6.38030276880471E-16,-1.85866045383903E-17,-1.0));
#2273=DIRECTION('',(-0.999968752568555,-0.00790530748846148,6.38157272897177E-16));
#2274=ORIENTED_EDGE('',*,*,#3052,.F.);
#2275=ORIENTED_EDGE('',*,*,#3053,.T.);
#2276=ORIENTED_EDGE('',*,*,#3054,.F.);
#2277=ORIENTED_EDGE('',*,*,#3055,.T.);
#2278=CARTESIAN_POINT('',(-24.522758293121,14.7090521710046,2.6116492814813));
#2279=DIRECTION('',(6.38030276880471E-16,1.85866045383903E-17,1.0));
#2280=DIRECTION('',(-0.999968752568555,-0.00790530748846147,6.38157272897177E-16));
#2281=ORIENTED_EDGE('',*,*,#3056,.F.);
#2282=ORIENTED_EDGE('',*,*,#3057,.F.);
#2283=ORIENTED_EDGE('',*,*,#3058,.F.);
#2284=ORIENTED_EDGE('',*,*,#3059,.F.);
#2285=CARTESIAN_POINT('',(-24.522758293121,14.7090521710046,1.9866492814813));
#2286=DIRECTION('',(-0.00790530748846147,0.999968752568556,-1.34772353385351E-17));
#2287=DIRECTION('',(-0.998582793825469,-0.00789435071606006,-0.0526315789473665));
#2288=ORIENTED_EDGE('',*,*,#3060,.F.);
#2289=ORIENTED_EDGE('',*,*,#3061,.F.);
#2290=ORIENTED_EDGE('',*,*,#3062,.F.);
#2291=ORIENTED_EDGE('',*,*,#3063,.F.);
#2292=CARTESIAN_POINT('',(-24.522758293121,14.7090521710046,1.9866492814813));
#2293=DIRECTION('',(-0.999968752568556,-0.00790530748846125,6.38022861780706E-16));
#2294=DIRECTION('',(0.0078943507160598,-0.998582793825469,-0.0526315789473671));
#2295=ORIENTED_EDGE('',*,*,#3064,.F.);
#2296=ORIENTED_EDGE('',*,*,#3065,.F.);
#2297=ORIENTED_EDGE('',*,*,#3066,.F.);
#2298=ORIENTED_EDGE('',*,*,#3062,.T.);
#2299=CARTESIAN_POINT('',(-24.5233503694247,14.7839458805415,1.98270191306025));
#2300=DIRECTION('',(-0.00789435071605987,0.998582793825469,-0.0526315789473685));
#2301=DIRECTION('',(-0.999968752568555,-0.00790530748846147,-3.57489211219086E-15));
#2302=ORIENTED_EDGE('',*,*,#3065,.T.);
#2303=ORIENTED_EDGE('',*,*,#3067,.F.);
#2304=ORIENTED_EDGE('',*,*,#3068,.T.);
#2305=ORIENTED_EDGE('',*,*,#3069,.F.);
#2306=CARTESIAN_POINT('',(-24.522758293121,14.7090521710046,0.586024281481301));
#2307=DIRECTION('',(-6.38030276880471E-16,-1.85866045383903E-17,-1.0));
#2308=DIRECTION('',(-0.999968752568555,-0.00790530748846147,6.38157272897177E-16));
#2309=ORIENTED_EDGE('',*,*,#3070,.F.);
#2310=ORIENTED_EDGE('',*,*,#3068,.F.);
#2311=ORIENTED_EDGE('',*,*,#3071,.F.);
#2312=ORIENTED_EDGE('',*,*,#3058,.T.);
#2313=CARTESIAN_POINT('',(-24.4478645835841,14.7096442473083,1.98270191306025));
#2314=DIRECTION('',(0.998582793825469,0.00789435071606006,-0.0526315789473692));
#2315=DIRECTION('',(0.00790530748846147,-0.999968752568555,1.3504685214566E-17));
#2316=ORIENTED_EDGE('',*,*,#3072,.T.);
#2317=ORIENTED_EDGE('',*,*,#3073,.F.);
#2318=ORIENTED_EDGE('',*,*,#3074,.T.);
#2319=ORIENTED_EDGE('',*,*,#3075,.F.);
#2320=CARTESIAN_POINT('',(-24.522758293121,14.7090521710046,0.586024281481301));
#2321=DIRECTION('',(-6.38030276880471E-16,-1.85866045383903E-17,-1.0));
#2322=DIRECTION('',(-0.999968752568555,-0.00790530748846147,6.38157272897177E-16));
#2323=ORIENTED_EDGE('',*,*,#3076,.F.);
#2324=ORIENTED_EDGE('',*,*,#3077,.F.);
#2325=ORIENTED_EDGE('',*,*,#3078,.F.);
#2326=ORIENTED_EDGE('',*,*,#3072,.F.);
#2327=CARTESIAN_POINT('',(-24.522758293121,14.7090521710046,0.561649281481301));
#2328=DIRECTION('',(0.0078943507160598,-0.998582793825469,-0.0526315789473683));
#2329=DIRECTION('',(-0.000416068815182819,0.0526299343457133,-0.998613997947909));
#2330=ORIENTED_EDGE('',*,*,#3060,.T.);
#2331=ORIENTED_EDGE('',*,*,#3079,.F.);
#2332=ORIENTED_EDGE('',*,*,#3080,.F.);
#2333=ORIENTED_EDGE('',*,*,#3077,.T.);
#2334=ORIENTED_EDGE('',*,*,#3081,.F.);
#2335=ORIENTED_EDGE('',*,*,#3082,.F.);
#2336=CARTESIAN_POINT('',(-24.522758293121,14.7090521710046,1.9866492814813));
#2337=DIRECTION('',(-0.999968752568556,-0.00790530748846125,6.38022861780706E-16));
#2338=DIRECTION('',(0.0078943507160598,-0.998582793825469,-0.0526315789473671));
#2339=ORIENTED_EDGE('',*,*,#3083,.T.);
#2340=ORIENTED_EDGE('',*,*,#3084,.F.);
#2341=ORIENTED_EDGE('',*,*,#3085,.T.);
#2342=ORIENTED_EDGE('',*,*,#3086,.F.);
#2343=CARTESIAN_POINT('',(-24.522758293121,14.7090521710046,0.586024281481301));
#2344=DIRECTION('',(-6.38030276880471E-16,-1.85866045383903E-17,-1.0));
#2345=DIRECTION('',(-0.999968752568555,-0.00790530748846147,6.38157272897177E-16));
#2346=ORIENTED_EDGE('',*,*,#3087,.F.);
#2347=ORIENTED_EDGE('',*,*,#3085,.F.);
#2348=ORIENTED_EDGE('',*,*,#3088,.F.);
#2349=ORIENTED_EDGE('',*,*,#3089,.F.);
#2350=CARTESIAN_POINT('',(-24.522758293121,14.7090521710046,0.561649281481301));
#2351=DIRECTION('',(-0.998582793825469,-0.00789435071606006,-0.0526315789473677));
#2352=DIRECTION('',(-0.0526299343457127,-0.000416068815182164,0.998613997947909));
#2353=ORIENTED_EDGE('',*,*,#3056,.T.);
#2354=ORIENTED_EDGE('',*,*,#3090,.F.);
#2355=ORIENTED_EDGE('',*,*,#3091,.F.);
#2356=ORIENTED_EDGE('',*,*,#3089,.T.);
#2357=ORIENTED_EDGE('',*,*,#3092,.F.);
#2358=ORIENTED_EDGE('',*,*,#3093,.F.);
#2359=CARTESIAN_POINT('',(-24.522758293121,14.7090521710046,1.9866492814813));
#2360=DIRECTION('',(-0.00790530748846147,0.999968752568556,-1.34772353385351E-17));
#2361=DIRECTION('',(-0.998582793825469,-0.00789435071606006,-0.0526315789473665));
#2362=ORIENTED_EDGE('',*,*,#3066,.T.);
#2363=ORIENTED_EDGE('',*,*,#3069,.T.);
#2364=ORIENTED_EDGE('',*,*,#3070,.T.);
#2365=ORIENTED_EDGE('',*,*,#3057,.T.);
#2366=ORIENTED_EDGE('',*,*,#3093,.T.);
#2367=ORIENTED_EDGE('',*,*,#3094,.T.);
#2368=ORIENTED_EDGE('',*,*,#3079,.T.);
#2369=ORIENTED_EDGE('',*,*,#3063,.T.);
#2370=CARTESIAN_POINT('',(-24.522758293121,14.7090521710046,1.3116492814813));
#2371=DIRECTION('',(6.38030276880471E-16,1.85866045383903E-17,1.0));
#2372=DIRECTION('',(-0.999968752568556,-0.00790530748846148,6.38157272897177E-16));
#2373=ORIENTED_EDGE('',*,*,#3051,.F.);
#2374=ORIENTED_EDGE('',*,*,#3095,.F.);
#2375=ORIENTED_EDGE('',*,*,#3096,.F.);
#2376=ORIENTED_EDGE('',*,*,#3053,.F.);
#2377=CARTESIAN_POINT('',(-24.522758293121,14.7090521710046,2.6616492814813));
#2378=DIRECTION('',(-6.38030276880471E-16,-1.85866045383903E-17,-1.0));
#2379=DIRECTION('',(0.00790530748846147,-0.999968752568555,1.35421982290509E-17));
#2380=ORIENTED_EDGE('',*,*,#3078,.T.);
#2381=ORIENTED_EDGE('',*,*,#3080,.T.);
#2382=ORIENTED_EDGE('',*,*,#3049,.T.);
#2383=ORIENTED_EDGE('',*,*,#3097,.T.);
#2384=ORIENTED_EDGE('',*,*,#3046,.T.);
#2385=ORIENTED_EDGE('',*,*,#3098,.T.);
#2386=ORIENTED_EDGE('',*,*,#3073,.T.);
#2387=CARTESIAN_POINT('',(-24.522758293121,14.7090521710046,1.3116492814813));
#2388=DIRECTION('',(6.38030276880471E-16,1.85866045383903E-17,1.0));
#2389=DIRECTION('',(-0.999968752568556,-0.00790530748846148,6.38157272897177E-16));
#2390=ORIENTED_EDGE('',*,*,#3099,.F.);
#2391=ORIENTED_EDGE('',*,*,#3074,.F.);
#2392=ORIENTED_EDGE('',*,*,#3098,.F.);
#2393=ORIENTED_EDGE('',*,*,#3045,.T.);
#2394=CARTESIAN_POINT('',(-24.4478645835841,14.7096442473083,1.98270191306025));
#2395=DIRECTION('',(0.998582793825469,0.00789435071606006,-0.0526315789473692));
#2396=DIRECTION('',(0.00790530748846147,-0.999968752568555,1.3504685214566E-17));
#2397=ORIENTED_EDGE('',*,*,#3052,.T.);
#2398=ORIENTED_EDGE('',*,*,#3042,.T.);
#2399=ORIENTED_EDGE('',*,*,#3054,.T.);
#2400=ORIENTED_EDGE('',*,*,#3096,.T.);
#2401=CARTESIAN_POINT('',(-24.522758293121,14.7090521710046,2.6116492814813));
#2402=DIRECTION('',(6.38030276880471E-16,1.85866045383903E-17,1.0));
#2403=DIRECTION('',(-0.999968752568555,-0.00790530748846147,6.38157272897177E-16));
#2404=ORIENTED_EDGE('',*,*,#3061,.T.);
#2405=ORIENTED_EDGE('',*,*,#3082,.T.);
#2406=ORIENTED_EDGE('',*,*,#3040,.T.);
#2407=ORIENTED_EDGE('',*,*,#3090,.T.);
#2408=ORIENTED_EDGE('',*,*,#3059,.T.);
#2409=ORIENTED_EDGE('',*,*,#3071,.T.);
#2410=ORIENTED_EDGE('',*,*,#3067,.T.);
#2411=ORIENTED_EDGE('',*,*,#3064,.T.);
#2412=CARTESIAN_POINT('',(-24.522758293121,14.7090521710046,1.3116492814813));
#2413=DIRECTION('',(6.38030276880471E-16,1.85866045383903E-17,1.0));
#2414=DIRECTION('',(-0.999968752568555,-0.00790530748846147,6.38157272897177E-16));
#2415=ORIENTED_EDGE('',*,*,#3081,.T.);
#2416=ORIENTED_EDGE('',*,*,#3076,.T.);
#2417=ORIENTED_EDGE('',*,*,#3075,.T.);
#2418=ORIENTED_EDGE('',*,*,#3099,.T.);
#2419=ORIENTED_EDGE('',*,*,#3044,.T.);
#2420=ORIENTED_EDGE('',*,*,#3100,.T.);
#2421=ORIENTED_EDGE('',*,*,#3101,.T.);
#2422=CARTESIAN_POINT('',(-24.522758293121,14.7090521710046,1.3116492814813));
#2423=DIRECTION('',(6.38030276880471E-16,1.85866045383903E-17,1.0));
#2424=DIRECTION('',(-0.999968752568555,-0.00790530748846147,6.38157272897177E-16));
#2425=ORIENTED_EDGE('',*,*,#3102,.T.);
#2426=ORIENTED_EDGE('',*,*,#3037,.T.);
#2427=ORIENTED_EDGE('',*,*,#3103,.T.);
#2428=ORIENTED_EDGE('',*,*,#3086,.T.);
#2429=ORIENTED_EDGE('',*,*,#3087,.T.);
#2430=ORIENTED_EDGE('',*,*,#3091,.T.);
#2431=ORIENTED_EDGE('',*,*,#3039,.T.);
#2432=CARTESIAN_POINT('',(-24.522758293121,14.7090521710046,1.3116492814813));
#2433=DIRECTION('',(6.38030276880471E-16,1.85866045383903E-17,1.0));
#2434=DIRECTION('',(-0.999968752568555,-0.00790530748846147,6.38157272897177E-16));
#2435=ORIENTED_EDGE('',*,*,#3103,.F.);
#2436=ORIENTED_EDGE('',*,*,#3036,.T.);
#2437=ORIENTED_EDGE('',*,*,#3104,.F.);
#2438=ORIENTED_EDGE('',*,*,#3083,.F.);
#2439=CARTESIAN_POINT('',(-24.5233503694247,14.7839458805415,1.98270191306025));
#2440=DIRECTION('',(-0.00789435071605987,0.998582793825469,-0.0526315789473685));
#2441=DIRECTION('',(-0.999968752568555,-0.00790530748846147,-3.57489211219086E-15));
#2442=ORIENTED_EDGE('',*,*,#3104,.T.);
#2443=ORIENTED_EDGE('',*,*,#3035,.T.);
#2444=ORIENTED_EDGE('',*,*,#3105,.T.);
#2445=ORIENTED_EDGE('',*,*,#3106,.T.);
#2446=ORIENTED_EDGE('',*,*,#3092,.T.);
#2447=ORIENTED_EDGE('',*,*,#3088,.T.);
#2448=ORIENTED_EDGE('',*,*,#3084,.T.);
#2449=CARTESIAN_POINT('',(-24.522758293121,14.7090521710046,1.3116492814813));
#2450=DIRECTION('',(6.38030276880471E-16,1.85866045383903E-17,1.0));
#2451=DIRECTION('',(-0.999968752568556,-0.00790530748846148,6.38157272897177E-16));
#2452=ORIENTED_EDGE('',*,*,#3047,.T.);
#2453=ORIENTED_EDGE('',*,*,#3095,.T.);
#2454=ORIENTED_EDGE('',*,*,#3050,.T.);
#2455=ORIENTED_EDGE('',*,*,#3094,.F.);
#2456=ORIENTED_EDGE('',*,*,#3106,.F.);
#2457=CARTESIAN_POINT('',(-24.522758293121,14.7090521710046,0.561649281481301));
#2458=DIRECTION('',(-6.38030276880471E-16,-1.85866045383903E-17,-1.0));
#2459=DIRECTION('',(-0.999968752568555,-0.00790530748846148,6.38157272897177E-16));
#2460=ORIENTED_EDGE('',*,*,#3107,.F.);
#2461=ORIENTED_EDGE('',*,*,#3108,.F.);
#2462=ORIENTED_EDGE('',*,*,#3109,.F.);
#2463=ORIENTED_EDGE('',*,*,#3110,.F.);
#2464=CARTESIAN_POINT('',(-24.522758293121,14.7090521710046,0.561649281481301));
#2465=DIRECTION('',(-0.998582793825469,-0.00789435071606006,-0.0526315789473677));
#2466=DIRECTION('',(-0.0526299343457127,-0.000416068815182164,0.998613997947909));
#2467=ORIENTED_EDGE('',*,*,#3043,.T.);
#2468=ORIENTED_EDGE('',*,*,#3097,.F.);
#2469=ORIENTED_EDGE('',*,*,#3111,.F.);
#2470=ORIENTED_EDGE('',*,*,#3108,.T.);
#2471=ORIENTED_EDGE('',*,*,#3112,.F.);
#2472=ORIENTED_EDGE('',*,*,#3100,.F.);
#2473=CARTESIAN_POINT('',(-24.522758293121,14.7090521710046,1.9866492814813));
#2474=DIRECTION('',(-0.00790530748846147,0.999968752568556,-1.34772353385351E-17));
#2475=DIRECTION('',(-0.998582793825469,-0.00789435071606006,-0.0526315789473665));
#2476=ORIENTED_EDGE('',*,*,#3038,.T.);
#2477=ORIENTED_EDGE('',*,*,#3055,.F.);
#2478=ORIENTED_EDGE('',*,*,#3041,.T.);
#2479=ORIENTED_EDGE('',*,*,#3101,.F.);
#2480=ORIENTED_EDGE('',*,*,#3113,.F.);
#2481=CARTESIAN_POINT('',(-24.522758293121,14.7090521710046,2.6616492814813));
#2482=DIRECTION('',(6.38030276880471E-16,1.85866045383903E-17,1.0));
#2483=DIRECTION('',(-0.999968752568555,-0.00790530748846147,6.38157272897177E-16));
#2484=ORIENTED_EDGE('',*,*,#3034,.T.);
#2485=ORIENTED_EDGE('',*,*,#3102,.F.);
#2486=ORIENTED_EDGE('',*,*,#3114,.F.);
#2487=ORIENTED_EDGE('',*,*,#3115,.T.);
#2488=ORIENTED_EDGE('',*,*,#3116,.F.);
#2489=ORIENTED_EDGE('',*,*,#3105,.F.);
#2490=CARTESIAN_POINT('',(-24.522758293121,14.7090521710046,1.9866492814813));
#2491=DIRECTION('',(-0.999968752568556,-0.00790530748846125,6.38022861780706E-16));
#2492=DIRECTION('',(0.0078943507160598,-0.998582793825469,-0.0526315789473671));
#2493=ORIENTED_EDGE('',*,*,#3117,.T.);
#2494=ORIENTED_EDGE('',*,*,#3118,.T.);
#2495=ORIENTED_EDGE('',*,*,#3109,.T.);
#2496=ORIENTED_EDGE('',*,*,#3111,.T.);
#2497=ORIENTED_EDGE('',*,*,#3048,.T.);
#2498=ORIENTED_EDGE('',*,*,#3116,.T.);
#2499=CARTESIAN_POINT('',(-24.522758293121,14.7090521710046,1.3116492814813));
#2500=DIRECTION('',(6.38030276880471E-16,1.85866045383903E-17,1.0));
#2501=DIRECTION('',(-0.999968752568556,-0.00790530748846148,6.38157272897177E-16));
#2502=ORIENTED_EDGE('',*,*,#3119,.T.);
#2503=ORIENTED_EDGE('',*,*,#3120,.F.);
#2504=ORIENTED_EDGE('',*,*,#3110,.T.);
#2505=ORIENTED_EDGE('',*,*,#3118,.F.);
#2506=CARTESIAN_POINT('',(-24.522758293121,14.7090521710046,0.586024281481301));
#2507=DIRECTION('',(-6.38030276880471E-16,-1.85866045383903E-17,-1.0));
#2508=DIRECTION('',(-0.999968752568555,-0.00790530748846147,6.38157272897177E-16));
#2509=ORIENTED_EDGE('',*,*,#3114,.T.);
#2510=ORIENTED_EDGE('',*,*,#3113,.T.);
#2511=ORIENTED_EDGE('',*,*,#3112,.T.);
#2512=ORIENTED_EDGE('',*,*,#3107,.T.);
#2513=ORIENTED_EDGE('',*,*,#3120,.T.);
#2514=ORIENTED_EDGE('',*,*,#3121,.T.);
#2515=CARTESIAN_POINT('',(-24.522758293121,14.7090521710046,1.3116492814813));
#2516=DIRECTION('',(6.38030276880471E-16,1.85866045383903E-17,1.0));
#2517=DIRECTION('',(-0.999968752568555,-0.00790530748846147,6.38157272897177E-16));
#2518=ORIENTED_EDGE('',*,*,#3121,.F.);
#2519=ORIENTED_EDGE('',*,*,#3119,.F.);
#2520=ORIENTED_EDGE('',*,*,#3117,.F.);
#2521=ORIENTED_EDGE('',*,*,#3115,.F.);
#2522=CARTESIAN_POINT('',(-24.522758293121,14.7090521710046,0.561649281481301));
#2523=DIRECTION('',(0.0078943507160598,-0.998582793825469,-0.0526315789473683));
#2524=DIRECTION('',(-0.000416068815182819,0.0526299343457133,-0.998613997947909));
#2525=ORIENTED_EDGE('',*,*,#3122,.F.);
#2526=ORIENTED_EDGE('',*,*,#3123,.F.);
#2527=ORIENTED_EDGE('',*,*,#3124,.T.);
#2528=ORIENTED_EDGE('',*,*,#3125,.T.);
#2529=CARTESIAN_POINT('',(-21.982758293121,14.7090521710046,0.0));
#2530=DIRECTION('',(0.0,-0.0,-1.0));
#2531=DIRECTION('',(0.91445676040263,-0.404683621306727,0.0));
#2532=ORIENTED_EDGE('',*,*,#3126,.F.);
#2533=ORIENTED_EDGE('',*,*,#3127,.F.);
#2534=ORIENTED_EDGE('',*,*,#3128,.F.);
#2535=ORIENTED_EDGE('',*,*,#3129,.T.);
#2536=CARTESIAN_POINT('',(-21.982758293121,14.7090521710046,0.0));
#2537=DIRECTION('',(0.0,0.0,1.0));
#2538=DIRECTION('',(-1.0,0.0,0.0));
#2539=ORIENTED_EDGE('',*,*,#3130,.F.);
#2540=ORIENTED_EDGE('',*,*,#3131,.T.);
#2541=ORIENTED_EDGE('',*,*,#3132,.F.);
#2542=ORIENTED_EDGE('',*,*,#3133,.F.);
#2543=CARTESIAN_POINT('',(-24.522758293121,14.7090521710046,-1.1));
#2544=DIRECTION('',(0.0,0.0,-1.0));
#2545=DIRECTION('',(1.0,0.0,0.0));
#2546=ORIENTED_EDGE('',*,*,#3134,.F.);
#2547=ORIENTED_EDGE('',*,*,#3135,.F.);
#2548=ORIENTED_EDGE('',*,*,#3136,.F.);
#2549=ORIENTED_EDGE('',*,*,#3137,.F.);
#2550=CARTESIAN_POINT('',(-24.522758293121,14.7090521710046,2.4));
#2551=DIRECTION('',(0.0,0.0,-1.0));
#2552=DIRECTION('',(1.0,0.0,0.0));
#2553=ORIENTED_EDGE('',*,*,#3138,.F.);
#2554=ORIENTED_EDGE('',*,*,#3139,.T.);
#2555=ORIENTED_EDGE('',*,*,#3140,.F.);
#2556=ORIENTED_EDGE('',*,*,#3141,.F.);
#2557=CARTESIAN_POINT('',(-21.982758293121,12.1690521710046,-1.1));
#2558=DIRECTION('',(0.0,0.0,-1.0));
#2559=DIRECTION('',(6.12303176911189E-17,1.0,0.0));
#2560=ORIENTED_EDGE('',*,*,#3142,.F.);
#2561=ORIENTED_EDGE('',*,*,#3143,.F.);
#2562=ORIENTED_EDGE('',*,*,#3144,.F.);
#2563=ORIENTED_EDGE('',*,*,#3145,.F.);
#2564=CARTESIAN_POINT('',(-21.982758293121,12.1690521710046,2.4));
#2565=DIRECTION('',(0.0,0.0,-1.0));
#2566=DIRECTION('',(6.12303176911189E-17,1.0,0.0));
#2567=ORIENTED_EDGE('',*,*,#3146,.F.);
#2568=ORIENTED_EDGE('',*,*,#3147,.T.);
#2569=ORIENTED_EDGE('',*,*,#3148,.F.);
#2570=ORIENTED_EDGE('',*,*,#3149,.F.);
#2571=CARTESIAN_POINT('',(-19.442758293121,14.7090521710046,-1.1));
#2572=DIRECTION('',(0.0,0.0,-1.0));
#2573=DIRECTION('',(-1.0,1.22460635382238E-16,0.0));
#2574=ORIENTED_EDGE('',*,*,#3150,.F.);
#2575=ORIENTED_EDGE('',*,*,#3151,.F.);
#2576=ORIENTED_EDGE('',*,*,#3152,.F.);
#2577=ORIENTED_EDGE('',*,*,#3153,.F.);
#2578=CARTESIAN_POINT('',(-19.442758293121,14.7090521710046,2.4));
#2579=DIRECTION('',(0.0,0.0,-1.0));
#2580=DIRECTION('',(-1.0,1.22460635382238E-16,0.0));
#2581=ORIENTED_EDGE('',*,*,#3153,.T.);
#2582=ORIENTED_EDGE('',*,*,#3154,.T.);
#2583=ORIENTED_EDGE('',*,*,#3155,.F.);
#2584=ORIENTED_EDGE('',*,*,#3147,.F.);
#2585=CARTESIAN_POINT('',(-19.442758293121,14.7090521710046,1.9));
#2586=DIRECTION('',(0.0,0.0,1.0));
#2587=DIRECTION('',(1.0,0.0,0.0));
#2588=ORIENTED_EDGE('',*,*,#3150,.T.);
#2589=ORIENTED_EDGE('',*,*,#3154,.F.);
#2590=ORIENTED_EDGE('',*,*,#3152,.T.);
#2591=ORIENTED_EDGE('',*,*,#3156,.F.);
#2592=CARTESIAN_POINT('',(-19.442758293121,14.7090521710046,2.4));
#2593=DIRECTION('',(0.0,0.0,-1.0));
#2594=DIRECTION('',(-1.0,1.22460635382238E-16,0.0));
#2595=ORIENTED_EDGE('',*,*,#3146,.T.);
#2596=ORIENTED_EDGE('',*,*,#3157,.F.);
#2597=ORIENTED_EDGE('',*,*,#3148,.T.);
#2598=ORIENTED_EDGE('',*,*,#3155,.T.);
#2599=CARTESIAN_POINT('',(-19.442758293121,14.7090521710046,-1.1));
#2600=DIRECTION('',(0.0,0.0,-1.0));
#2601=DIRECTION('',(-1.0,1.22460635382238E-16,0.0));
#2602=ORIENTED_EDGE('',*,*,#3145,.T.);
#2603=ORIENTED_EDGE('',*,*,#3158,.T.);
#2604=ORIENTED_EDGE('',*,*,#3159,.F.);
#2605=ORIENTED_EDGE('',*,*,#3139,.F.);
#2606=CARTESIAN_POINT('',(-21.982758293121,12.1690521710046,1.9));
#2607=DIRECTION('',(0.0,0.0,1.0));
#2608=DIRECTION('',(1.0,0.0,0.0));
#2609=ORIENTED_EDGE('',*,*,#3142,.T.);
#2610=ORIENTED_EDGE('',*,*,#3158,.F.);
#2611=ORIENTED_EDGE('',*,*,#3144,.T.);
#2612=ORIENTED_EDGE('',*,*,#3160,.F.);
#2613=CARTESIAN_POINT('',(-21.982758293121,12.1690521710046,2.4));
#2614=DIRECTION('',(0.0,0.0,-1.0));
#2615=DIRECTION('',(6.12303176911189E-17,1.0,0.0));
#2616=ORIENTED_EDGE('',*,*,#3138,.T.);
#2617=ORIENTED_EDGE('',*,*,#3161,.F.);
#2618=ORIENTED_EDGE('',*,*,#3140,.T.);
#2619=ORIENTED_EDGE('',*,*,#3159,.T.);
#2620=CARTESIAN_POINT('',(-21.982758293121,12.1690521710046,-1.1));
#2621=DIRECTION('',(0.0,0.0,-1.0));
#2622=DIRECTION('',(6.12303176911189E-17,1.0,0.0));
#2623=ORIENTED_EDGE('',*,*,#3137,.T.);
#2624=ORIENTED_EDGE('',*,*,#3162,.T.);
#2625=ORIENTED_EDGE('',*,*,#3163,.F.);
#2626=ORIENTED_EDGE('',*,*,#3131,.F.);
#2627=CARTESIAN_POINT('',(-24.522758293121,14.7090521710046,1.9));
#2628=DIRECTION('',(0.0,0.0,1.0));
#2629=DIRECTION('',(1.0,0.0,0.0));
#2630=ORIENTED_EDGE('',*,*,#3134,.T.);
#2631=ORIENTED_EDGE('',*,*,#3162,.F.);
#2632=ORIENTED_EDGE('',*,*,#3136,.T.);
#2633=ORIENTED_EDGE('',*,*,#3164,.F.);
#2634=CARTESIAN_POINT('',(-24.522758293121,14.7090521710046,2.4));
#2635=DIRECTION('',(0.0,0.0,-1.0));
#2636=DIRECTION('',(1.0,0.0,0.0));
#2637=ORIENTED_EDGE('',*,*,#3130,.T.);
#2638=ORIENTED_EDGE('',*,*,#3165,.F.);
#2639=ORIENTED_EDGE('',*,*,#3132,.T.);
#2640=ORIENTED_EDGE('',*,*,#3163,.T.);
#2641=CARTESIAN_POINT('',(-24.522758293121,14.7090521710046,-1.1));
#2642=DIRECTION('',(0.0,0.0,-1.0));
#2643=DIRECTION('',(1.0,0.0,0.0));
#2644=ORIENTED_EDGE('',*,*,#3126,.T.);
#2645=ORIENTED_EDGE('',*,*,#3166,.T.);
#2646=ORIENTED_EDGE('',*,*,#3128,.T.);
#2647=ORIENTED_EDGE('',*,*,#3167,.F.);
#2648=CARTESIAN_POINT('',(-21.982758293121,14.7090521710046,0.0));
#2649=DIRECTION('',(0.0,0.0,1.0));
#2650=DIRECTION('',(-1.0,0.0,0.0));
#2651=ORIENTED_EDGE('',*,*,#3129,.F.);
#2652=ORIENTED_EDGE('',*,*,#3166,.F.);
#2653=CARTESIAN_POINT('',(-21.982758293121,14.7090521710046,-0.7));
#2654=DIRECTION('',(0.0,0.0,-1.0));
#2655=DIRECTION('',(0.0,-1.0,0.0));
#2656=ORIENTED_EDGE('',*,*,#3168,.T.);
#2657=ORIENTED_EDGE('',*,*,#3169,.F.);
#2658=ORIENTED_EDGE('',*,*,#3170,.F.);
#2659=ORIENTED_EDGE('',*,*,#3171,.T.);
#2660=CARTESIAN_POINT('',(-24.9879621131638,17.7142559910474,0.0));
#2661=DIRECTION('',(0.0,-0.0,-1.0));
#2662=DIRECTION('',(-0.440307404091263,-0.897847086035486,0.0));
#2663=ORIENTED_EDGE('',*,*,#3172,.T.);
#2664=ORIENTED_EDGE('',*,*,#3124,.F.);
#2665=ORIENTED_EDGE('',*,*,#3173,.F.);
#2666=ORIENTED_EDGE('',*,*,#3169,.T.);
#2667=CARTESIAN_POINT('',(-24.1073473049813,19.5099501631185,0.0));
#2668=DIRECTION('',(0.0,-0.0,-1.0));
#2669=DIRECTION('',(-0.440307404091164,-0.897847086035535,0.0));
#2670=ORIENTED_EDGE('',*,*,#3122,.T.);
#2671=ORIENTED_EDGE('',*,*,#3174,.T.);
#2672=ORIENTED_EDGE('',*,*,#3175,.F.);
#2673=ORIENTED_EDGE('',*,*,#3176,.F.);
#2674=CARTESIAN_POINT('',(-21.982758293121,14.7090521710046,0.0));
#2675=DIRECTION('',(0.0,-0.0,-1.0));
#2676=DIRECTION('',(0.91445676040263,-0.404683621306727,0.0));
#2677=ORIENTED_EDGE('',*,*,#3177,.T.);
#2678=ORIENTED_EDGE('',*,*,#3171,.F.);
#2679=ORIENTED_EDGE('',*,*,#3178,.F.);
#2680=ORIENTED_EDGE('',*,*,#3175,.T.);
#2681=CARTESIAN_POINT('',(-26.7836562852349,16.8336411828649,0.0));
#2682=DIRECTION('',(0.0,-0.0,-1.0));
#2683=DIRECTION('',(0.914456760402654,-0.404683621306674,0.0));
#2684=ORIENTED_EDGE('',*,*,#3168,.F.);
#2685=ORIENTED_EDGE('',*,*,#3177,.F.);
#2686=ORIENTED_EDGE('',*,*,#3174,.F.);
#2687=ORIENTED_EDGE('',*,*,#3125,.F.);
#2688=ORIENTED_EDGE('',*,*,#3172,.F.);
#2689=ORIENTED_EDGE('',*,*,#3156,.T.);
#2690=ORIENTED_EDGE('',*,*,#3151,.T.);
#2691=ORIENTED_EDGE('',*,*,#3160,.T.);
#2692=ORIENTED_EDGE('',*,*,#3143,.T.);
#2693=ORIENTED_EDGE('',*,*,#3164,.T.);
#2694=ORIENTED_EDGE('',*,*,#3135,.T.);
#2695=CARTESIAN_POINT('',(-22.4405109608414,15.166804838725,2.9));
#2696=DIRECTION('',(0.0,0.0,1.0));
#2697=DIRECTION('',(1.0,0.0,0.0));
#2698=ORIENTED_EDGE('',*,*,#3178,.T.);
#2699=ORIENTED_EDGE('',*,*,#3170,.T.);
#2700=ORIENTED_EDGE('',*,*,#3173,.T.);
#2701=ORIENTED_EDGE('',*,*,#3123,.T.);
#2702=ORIENTED_EDGE('',*,*,#3176,.T.);
#2703=ORIENTED_EDGE('',*,*,#3157,.T.);
#2704=ORIENTED_EDGE('',*,*,#3149,.T.);
#2705=ORIENTED_EDGE('',*,*,#3161,.T.);
#2706=ORIENTED_EDGE('',*,*,#3141,.T.);
#2707=ORIENTED_EDGE('',*,*,#3165,.T.);
#2708=ORIENTED_EDGE('',*,*,#3133,.T.);
#2709=ORIENTED_EDGE('',*,*,#3127,.T.);
#2710=ORIENTED_EDGE('',*,*,#3167,.T.);
#2711=CARTESIAN_POINT('',(-22.4405109608414,15.166804838725,0.0));
#2712=DIRECTION('',(0.0,0.0,1.0));
#2713=DIRECTION('',(1.0,0.0,0.0));
#2714=EDGE_CURVE('',#3179,#3180,#3181,.T.);
#2715=EDGE_CURVE('',#3182,#3179,#3183,.T.);
#2716=EDGE_CURVE('',#3184,#3182,#3185,.T.);
#2717=EDGE_CURVE('',#3184,#3180,#3186,.T.);
#2718=EDGE_CURVE('',#3187,#3180,#3188,.T.);
#2719=EDGE_CURVE('',#3187,#3189,#3190,.T.);
#2720=EDGE_CURVE('',#3184,#3189,#3191,.T.);
#2721=EDGE_CURVE('',#3180,#3184,#3192,.T.);
#2722=EDGE_CURVE('',#3193,#3189,#3194,.T.);
#2723=EDGE_CURVE('',#3187,#3193,#3195,.T.);
#2724=EDGE_CURVE('',#3189,#3187,#3196,.T.);
#2725=EDGE_CURVE('',#3197,#3198,#3199,.T.);
#2726=EDGE_CURVE('',#3200,#3197,#3201,.T.);
#2727=EDGE_CURVE('',#3202,#3200,#3203,.T.);
#2728=EDGE_CURVE('',#3202,#3198,#3204,.T.);
#2729=EDGE_CURVE('',#3205,#3198,#3206,.T.);
#2730=EDGE_CURVE('',#3205,#3207,#3208,.T.);
#2731=EDGE_CURVE('',#3202,#3207,#3209,.T.);
#2732=EDGE_CURVE('',#3198,#3202,#3210,.T.);
#2733=EDGE_CURVE('',#3205,#3211,#3212,.T.);
#2734=EDGE_CURVE('',#3207,#3205,#3213,.T.);
#2735=EDGE_CURVE('',#3214,#3207,#3215,.T.);
#2736=EDGE_CURVE('',#3214,#3211,#3216,.T.);
#2737=EDGE_CURVE('',#3217,#3218,#3219,.T.);
#2738=EDGE_CURVE('',#3217,#3220,#3221,.T.);
#2739=EDGE_CURVE('',#3222,#3220,#3223,.T.);
#2740=EDGE_CURVE('',#3218,#3222,#3224,.T.);
#2741=EDGE_CURVE('',#3225,#3226,#3227,.T.);
#2742=EDGE_CURVE('',#3225,#3228,#3229,.T.);
#2743=EDGE_CURVE('',#3230,#3228,#3231,.T.);
#2744=EDGE_CURVE('',#3226,#3230,#3232,.T.);
#2745=EDGE_CURVE('',#3233,#3234,#3235,.T.);
#2746=EDGE_CURVE('',#3236,#3233,#3237,.T.);
#2747=EDGE_CURVE('',#3238,#3236,#3239,.T.);
#2748=EDGE_CURVE('',#3240,#3238,#3241,.T.);
#2749=EDGE_CURVE('',#3234,#3240,#3242,.T.);
#2750=EDGE_CURVE('',#3233,#3197,#3243,.T.);
#2751=EDGE_CURVE('',#3233,#3236,#3244,.T.);
#2752=EDGE_CURVE('',#3200,#3236,#3245,.T.);
#2753=EDGE_CURVE('',#3197,#3200,#3246,.T.);
#2754=EDGE_CURVE('',#3247,#3234,#3248,.T.);
#2755=EDGE_CURVE('',#3238,#3247,#3249,.T.);
#2756=EDGE_CURVE('',#3230,#3226,#3250,.T.);
#2757=EDGE_CURVE('',#3228,#3225,#3251,.T.);
#2758=EDGE_CURVE('',#3220,#3217,#3252,.T.);
#2759=EDGE_CURVE('',#3222,#3218,#3253,.T.);
#2760=EDGE_CURVE('',#3211,#3214,#3254,.T.);
#2761=EDGE_CURVE('',#3179,#3182,#3255,.T.);
#2762=EDGE_CURVE('',#3256,#3257,#3258,.T.);
#2763=EDGE_CURVE('',#3259,#3256,#3260,.T.);
#2764=EDGE_CURVE('',#3261,#3259,#3262,.T.);
#2765=EDGE_CURVE('',#3257,#3261,#3263,.T.);
#2766=EDGE_CURVE('',#3264,#3265,#3266,.T.);
#2767=EDGE_CURVE('',#3267,#3264,#3268,.T.);
#2768=EDGE_CURVE('',#3269,#3267,#3270,.T.);
#2769=EDGE_CURVE('',#3271,#3269,#3272,.T.);
#2770=EDGE_CURVE('',#3265,#3271,#3273,.T.);
#2771=EDGE_CURVE('',#3274,#3275,#3276,.T.);
#2772=EDGE_CURVE('',#3277,#3274,#3278,.T.);
#2773=EDGE_CURVE('',#3279,#3277,#3280,.T.);
#2774=EDGE_CURVE('',#3275,#3279,#3281,.T.);
#2775=EDGE_CURVE('',#3282,#3283,#3284,.T.);
#2776=EDGE_CURVE('',#3285,#3282,#3286,.T.);
#2777=EDGE_CURVE('',#3287,#3285,#3288,.T.);
#2778=EDGE_CURVE('',#3289,#3287,#3290,.T.);
#2779=EDGE_CURVE('',#3289,#3283,#3291,.T.);
#2780=EDGE_CURVE('',#3292,#3265,#3293,.T.);
#2781=EDGE_CURVE('',#3292,#3294,#3295,.T.);
#2782=EDGE_CURVE('',#3271,#3294,#3296,.T.);
#2783=EDGE_CURVE('',#3271,#3265,#3297,.T.);
#2784=EDGE_CURVE('',#3298,#3299,#3300,.T.);
#2785=EDGE_CURVE('',#3301,#3298,#3302,.T.);
#2786=EDGE_CURVE('',#3303,#3301,#3304,.T.);
#2787=EDGE_CURVE('',#3299,#3303,#3305,.T.);
#2788=EDGE_CURVE('',#3306,#3307,#3308,.T.);
#2789=EDGE_CURVE('',#3309,#3306,#3310,.T.);
#2790=EDGE_CURVE('',#3311,#3309,#3312,.T.);
#2791=EDGE_CURVE('',#3307,#3311,#3313,.T.);
#2792=EDGE_CURVE('',#3314,#3309,#3315,.T.);
#2793=EDGE_CURVE('',#3316,#3314,#3317,.T.);
#2794=EDGE_CURVE('',#3311,#3316,#3318,.T.);
#2795=EDGE_CURVE('',#3319,#3314,#3320,.T.);
#2796=EDGE_CURVE('',#3319,#3321,#3322,.T.);
#2797=EDGE_CURVE('',#3316,#3321,#3323,.T.);
#2798=EDGE_CURVE('',#3321,#3301,#3324,.T.);
#2799=EDGE_CURVE('',#3303,#3319,#3325,.T.);
#2800=EDGE_CURVE('',#3326,#3327,#3328,.T.);
#2801=EDGE_CURVE('',#3329,#3327,#3330,.T.);
#2802=EDGE_CURVE('',#3329,#3331,#3332,.T.);
#2803=EDGE_CURVE('',#3326,#3331,#3333,.T.);
#2804=EDGE_CURVE('',#3334,#3326,#3335,.T.);
#2805=EDGE_CURVE('',#3336,#3334,#3337,.T.);
#2806=EDGE_CURVE('',#3327,#3336,#3338,.T.);
#2807=EDGE_CURVE('',#3287,#3307,#3339,.T.);
#2808=EDGE_CURVE('',#3336,#3287,#3340,.T.);
#2809=EDGE_CURVE('',#3269,#3334,#3341,.T.);
#2810=EDGE_CURVE('',#3306,#3269,#3342,.T.);
#2811=EDGE_CURVE('',#3343,#3344,#3345,.T.);
#2812=EDGE_CURVE('',#3346,#3344,#3347,.T.);
#2813=EDGE_CURVE('',#3346,#3348,#3349,.T.);
#2814=EDGE_CURVE('',#3343,#3348,#3350,.T.);
#2815=EDGE_CURVE('',#3348,#3351,#3352,.T.);
#2816=EDGE_CURVE('',#3353,#3346,#3354,.T.);
#2817=EDGE_CURVE('',#3351,#3353,#3355,.T.);
#2818=EDGE_CURVE('',#3267,#3299,#3356,.T.);
#2819=EDGE_CURVE('',#3351,#3267,#3357,.T.);
#2820=EDGE_CURVE('',#3358,#3353,#3359,.T.);
#2821=EDGE_CURVE('',#3298,#3358,#3360,.T.);
#2822=EDGE_CURVE('',#3358,#3287,#3361,.T.);
#2823=EDGE_CURVE('',#3283,#3289,#3362,.T.);
#2824=EDGE_CURVE('',#3294,#3292,#3363,.T.);
#2825=EDGE_CURVE('',#3285,#3275,#3364,.T.);
#2826=EDGE_CURVE('',#3279,#3329,#3365,.T.);
#2827=EDGE_CURVE('',#3331,#3277,#3366,.T.);
#2828=EDGE_CURVE('',#3274,#3367,#3368,.T.);
#2829=EDGE_CURVE('',#3367,#3269,#3369,.T.);
#2830=EDGE_CURVE('',#3264,#3257,#3370,.T.);
#2831=EDGE_CURVE('',#3261,#3343,#3371,.T.);
#2832=EDGE_CURVE('',#3344,#3259,#3372,.T.);
#2833=EDGE_CURVE('',#3256,#3282,#3373,.T.);
#2834=EDGE_CURVE('',#3282,#3358,#3374,.T.);
#2835=EDGE_CURVE('',#3375,#3376,#3377,.T.);
#2836=EDGE_CURVE('',#3378,#3375,#3379,.T.);
#2837=EDGE_CURVE('',#3380,#3378,#3381,.T.);
#2838=EDGE_CURVE('',#3376,#3380,#3382,.T.);
#2839=EDGE_CURVE('',#3378,#3285,#3383,.T.);
#2840=EDGE_CURVE('',#3367,#3375,#3384,.T.);
#2841=EDGE_CURVE('',#3264,#3367,#3385,.T.);
#2842=EDGE_CURVE('',#3386,#3264,#3387,.T.);
#2843=EDGE_CURVE('',#3386,#3388,#3389,.T.);
#2844=EDGE_CURVE('',#3282,#3388,#3390,.T.);
#2845=EDGE_CURVE('',#3388,#3391,#3392,.T.);
#2846=EDGE_CURVE('',#3391,#3380,#3393,.T.);
#2847=EDGE_CURVE('',#3391,#3394,#3395,.T.);
#2848=EDGE_CURVE('',#3376,#3394,#3396,.T.);
#2849=EDGE_CURVE('',#3394,#3386,#3397,.T.);
#2850=EDGE_CURVE('',#3398,#3399,#3400,.T.);
#2851=EDGE_CURVE('',#3401,#3398,#3402,.T.);
#2852=EDGE_CURVE('',#3403,#3401,#3404,.T.);
#2853=EDGE_CURVE('',#3403,#3399,#3405,.T.);
#2854=EDGE_CURVE('',#3406,#3399,#3407,.T.);
#2855=EDGE_CURVE('',#3406,#3408,#3409,.T.);
#2856=EDGE_CURVE('',#3403,#3408,#3410,.T.);
#2857=EDGE_CURVE('',#3399,#3403,#3411,.T.);
#2858=EDGE_CURVE('',#3412,#3408,#3413,.T.);
#2859=EDGE_CURVE('',#3406,#3412,#3414,.T.);
#2860=EDGE_CURVE('',#3408,#3406,#3415,.T.);
#2861=EDGE_CURVE('',#3416,#3417,#3418,.T.);
#2862=EDGE_CURVE('',#3419,#3416,#3420,.T.);
#2863=EDGE_CURVE('',#3421,#3419,#3422,.T.);
#2864=EDGE_CURVE('',#3421,#3417,#3423,.T.);
#2865=EDGE_CURVE('',#3424,#3417,#3425,.T.);
#2866=EDGE_CURVE('',#3424,#3426,#3427,.T.);
#2867=EDGE_CURVE('',#3421,#3426,#3428,.T.);
#2868=EDGE_CURVE('',#3417,#3421,#3429,.T.);
#2869=EDGE_CURVE('',#3424,#3430,#3431,.T.);
#2870=EDGE_CURVE('',#3426,#3424,#3432,.T.);
#2871=EDGE_CURVE('',#3433,#3426,#3434,.T.);
#2872=EDGE_CURVE('',#3433,#3430,#3435,.T.);
#2873=EDGE_CURVE('',#3436,#3437,#3438,.T.);
#2874=EDGE_CURVE('',#3436,#3439,#3440,.T.);
#2875=EDGE_CURVE('',#3441,#3439,#3442,.T.);
#2876=EDGE_CURVE('',#3437,#3441,#3443,.T.);
#2877=EDGE_CURVE('',#3444,#3445,#3446,.T.);
#2878=EDGE_CURVE('',#3444,#3447,#3448,.T.);
#2879=EDGE_CURVE('',#3449,#3447,#3450,.T.);
#2880=EDGE_CURVE('',#3445,#3449,#3451,.T.);
#2881=EDGE_CURVE('',#3452,#3453,#3454,.T.);
#2882=EDGE_CURVE('',#3455,#3452,#3456,.T.);
#2883=EDGE_CURVE('',#3457,#3455,#3458,.T.);
#2884=EDGE_CURVE('',#3459,#3457,#3460,.T.);
#2885=EDGE_CURVE('',#3453,#3459,#3461,.T.);
#2886=EDGE_CURVE('',#3452,#3416,#3462,.T.);
#2887=EDGE_CURVE('',#3452,#3455,#3463,.T.);
#2888=EDGE_CURVE('',#3419,#3455,#3464,.T.);
#2889=EDGE_CURVE('',#3416,#3419,#3465,.T.);
#2890=EDGE_CURVE('',#3466,#3453,#3467,.T.);
#2891=EDGE_CURVE('',#3457,#3466,#3468,.T.);
#2892=EDGE_CURVE('',#3449,#3445,#3469,.T.);
#2893=EDGE_CURVE('',#3447,#3444,#3470,.T.);
#2894=EDGE_CURVE('',#3439,#3436,#3471,.T.);
#2895=EDGE_CURVE('',#3441,#3437,#3472,.T.);
#2896=EDGE_CURVE('',#3430,#3433,#3473,.T.);
#2897=EDGE_CURVE('',#3398,#3401,#3474,.T.);
#2898=EDGE_CURVE('',#3475,#3476,#3477,.T.);
#2899=EDGE_CURVE('',#3478,#3475,#3479,.T.);
#2900=EDGE_CURVE('',#3480,#3478,#3481,.T.);
#2901=EDGE_CURVE('',#3476,#3480,#3482,.T.);
#2902=EDGE_CURVE('',#3483,#3484,#3485,.T.);
#2903=EDGE_CURVE('',#3486,#3483,#3487,.T.);
#2904=EDGE_CURVE('',#3488,#3486,#3489,.T.);
#2905=EDGE_CURVE('',#3490,#3488,#3491,.T.);
#2906=EDGE_CURVE('',#3484,#3490,#3492,.T.);
#2907=EDGE_CURVE('',#3493,#3494,#3495,.T.);
#2908=EDGE_CURVE('',#3496,#3493,#3497,.T.);
#2909=EDGE_CURVE('',#3498,#3496,#3499,.T.);
#2910=EDGE_CURVE('',#3494,#3498,#3500,.T.);
#2911=EDGE_CURVE('',#3501,#3502,#3503,.T.);
#2912=EDGE_CURVE('',#3504,#3501,#3505,.T.);
#2913=EDGE_CURVE('',#3506,#3504,#3507,.T.);
#2914=EDGE_CURVE('',#3508,#3506,#3509,.T.);
#2915=EDGE_CURVE('',#3508,#3502,#3510,.T.);
#2916=EDGE_CURVE('',#3511,#3484,#3512,.T.);
#2917=EDGE_CURVE('',#3511,#3513,#3514,.T.);
#2918=EDGE_CURVE('',#3490,#3513,#3515,.T.);
#2919=EDGE_CURVE('',#3490,#3484,#3516,.T.);
#2920=EDGE_CURVE('',#3517,#3518,#3519,.T.);
#2921=EDGE_CURVE('',#3520,#3517,#3521,.T.);
#2922=EDGE_CURVE('',#3522,#3520,#3523,.T.);
#2923=EDGE_CURVE('',#3518,#3522,#3524,.T.);
#2924=EDGE_CURVE('',#3525,#3526,#3527,.T.);
#2925=EDGE_CURVE('',#3528,#3525,#3529,.T.);
#2926=EDGE_CURVE('',#3530,#3528,#3531,.T.);
#2927=EDGE_CURVE('',#3526,#3530,#3532,.T.);
#2928=EDGE_CURVE('',#3533,#3528,#3534,.T.);
#2929=EDGE_CURVE('',#3535,#3533,#3536,.T.);
#2930=EDGE_CURVE('',#3530,#3535,#3537,.T.);
#2931=EDGE_CURVE('',#3538,#3533,#3539,.T.);
#2932=EDGE_CURVE('',#3538,#3540,#3541,.T.);
#2933=EDGE_CURVE('',#3535,#3540,#3542,.T.);
#2934=EDGE_CURVE('',#3540,#3520,#3543,.T.);
#2935=EDGE_CURVE('',#3522,#3538,#3544,.T.);
#2936=EDGE_CURVE('',#3545,#3546,#3547,.T.);
#2937=EDGE_CURVE('',#3548,#3546,#3549,.T.);
#2938=EDGE_CURVE('',#3548,#3550,#3551,.T.);
#2939=EDGE_CURVE('',#3545,#3550,#3552,.T.);
#2940=EDGE_CURVE('',#3553,#3545,#3554,.T.);
#2941=EDGE_CURVE('',#3555,#3553,#3556,.T.);
#2942=EDGE_CURVE('',#3546,#3555,#3557,.T.);
#2943=EDGE_CURVE('',#3506,#3526,#3558,.T.);
#2944=EDGE_CURVE('',#3555,#3506,#3559,.T.);
#2945=EDGE_CURVE('',#3488,#3553,#3560,.T.);
#2946=EDGE_CURVE('',#3525,#3488,#3561,.T.);
#2947=EDGE_CURVE('',#3562,#3563,#3564,.T.);
#2948=EDGE_CURVE('',#3565,#3563,#3566,.T.);
#2949=EDGE_CURVE('',#3565,#3567,#3568,.T.);
#2950=EDGE_CURVE('',#3562,#3567,#3569,.T.);
#2951=EDGE_CURVE('',#3567,#3570,#3571,.T.);
#2952=EDGE_CURVE('',#3572,#3565,#3573,.T.);
#2953=EDGE_CURVE('',#3570,#3572,#3574,.T.);
#2954=EDGE_CURVE('',#3486,#3518,#3575,.T.);
#2955=EDGE_CURVE('',#3570,#3486,#3576,.T.);
#2956=EDGE_CURVE('',#3577,#3572,#3578,.T.);
#2957=EDGE_CURVE('',#3517,#3577,#3579,.T.);
#2958=EDGE_CURVE('',#3577,#3506,#3580,.T.);
#2959=EDGE_CURVE('',#3502,#3508,#3581,.T.);
#2960=EDGE_CURVE('',#3513,#3511,#3582,.T.);
#2961=EDGE_CURVE('',#3504,#3494,#3583,.T.);
#2962=EDGE_CURVE('',#3498,#3548,#3584,.T.);
#2963=EDGE_CURVE('',#3550,#3496,#3585,.T.);
#2964=EDGE_CURVE('',#3493,#3586,#3587,.T.);
#2965=EDGE_CURVE('',#3586,#3488,#3588,.T.);
#2966=EDGE_CURVE('',#3483,#3476,#3589,.T.);
#2967=EDGE_CURVE('',#3480,#3562,#3590,.T.);
#2968=EDGE_CURVE('',#3563,#3478,#3591,.T.);
#2969=EDGE_CURVE('',#3475,#3501,#3592,.T.);
#2970=EDGE_CURVE('',#3501,#3577,#3593,.T.);
#2971=EDGE_CURVE('',#3594,#3595,#3596,.T.);
#2972=EDGE_CURVE('',#3597,#3594,#3598,.T.);
#2973=EDGE_CURVE('',#3599,#3597,#3600,.T.);
#2974=EDGE_CURVE('',#3595,#3599,#3601,.T.);
#2975=EDGE_CURVE('',#3597,#3504,#3602,.T.);
#2976=EDGE_CURVE('',#3586,#3594,#3603,.T.);
#2977=EDGE_CURVE('',#3483,#3586,#3604,.T.);
#2978=EDGE_CURVE('',#3605,#3483,#3606,.T.);
#2979=EDGE_CURVE('',#3605,#3607,#3608,.T.);
#2980=EDGE_CURVE('',#3501,#3607,#3609,.T.);
#2981=EDGE_CURVE('',#3607,#3610,#3611,.T.);
#2982=EDGE_CURVE('',#3610,#3599,#3612,.T.);
#2983=EDGE_CURVE('',#3610,#3613,#3614,.T.);
#2984=EDGE_CURVE('',#3595,#3613,#3615,.T.);
#2985=EDGE_CURVE('',#3613,#3605,#3616,.T.);
#2986=EDGE_CURVE('',#3617,#3618,#3619,.T.);
#2987=EDGE_CURVE('',#3620,#3617,#3621,.T.);
#2988=EDGE_CURVE('',#3622,#3620,#3623,.T.);
#2989=EDGE_CURVE('',#3622,#3618,#3624,.T.);
#2990=EDGE_CURVE('',#3625,#3618,#3626,.T.);
#2991=EDGE_CURVE('',#3625,#3627,#3628,.T.);
#2992=EDGE_CURVE('',#3622,#3627,#3629,.T.);
#2993=EDGE_CURVE('',#3618,#3622,#3630,.T.);
#2994=EDGE_CURVE('',#3631,#3627,#3632,.T.);
#2995=EDGE_CURVE('',#3625,#3631,#3633,.T.);
#2996=EDGE_CURVE('',#3627,#3625,#3634,.T.);
#2997=EDGE_CURVE('',#3635,#3636,#3637,.T.);
#2998=EDGE_CURVE('',#3638,#3635,#3639,.T.);
#2999=EDGE_CURVE('',#3640,#3638,#3641,.T.);
#3000=EDGE_CURVE('',#3640,#3636,#3642,.T.);
#3001=EDGE_CURVE('',#3643,#3636,#3644,.T.);
#3002=EDGE_CURVE('',#3643,#3645,#3646,.T.);
#3003=EDGE_CURVE('',#3640,#3645,#3647,.T.);
#3004=EDGE_CURVE('',#3636,#3640,#3648,.T.);
#3005=EDGE_CURVE('',#3643,#3649,#3650,.T.);
#3006=EDGE_CURVE('',#3645,#3643,#3651,.T.);
#3007=EDGE_CURVE('',#3652,#3645,#3653,.T.);
#3008=EDGE_CURVE('',#3652,#3649,#3654,.T.);
#3009=EDGE_CURVE('',#3655,#3656,#3657,.T.);
#3010=EDGE_CURVE('',#3655,#3658,#3659,.T.);
#3011=EDGE_CURVE('',#3660,#3658,#3661,.T.);
#3012=EDGE_CURVE('',#3656,#3660,#3662,.T.);
#3013=EDGE_CURVE('',#3663,#3664,#3665,.T.);
#3014=EDGE_CURVE('',#3663,#3666,#3667,.T.);
#3015=EDGE_CURVE('',#3668,#3666,#3669,.T.);
#3016=EDGE_CURVE('',#3664,#3668,#3670,.T.);
#3017=EDGE_CURVE('',#3671,#3672,#3673,.T.);
#3018=EDGE_CURVE('',#3674,#3671,#3675,.T.);
#3019=EDGE_CURVE('',#3676,#3674,#3677,.T.);
#3020=EDGE_CURVE('',#3678,#3676,#3679,.T.);
#3021=EDGE_CURVE('',#3672,#3678,#3680,.T.);
#3022=EDGE_CURVE('',#3671,#3635,#3681,.T.);
#3023=EDGE_CURVE('',#3671,#3674,#3682,.T.);
#3024=EDGE_CURVE('',#3638,#3674,#3683,.T.);
#3025=EDGE_CURVE('',#3635,#3638,#3684,.T.);
#3026=EDGE_CURVE('',#3685,#3672,#3686,.T.);
#3027=EDGE_CURVE('',#3676,#3685,#3687,.T.);
#3028=EDGE_CURVE('',#3668,#3664,#3688,.T.);
#3029=EDGE_CURVE('',#3666,#3663,#3689,.T.);
#3030=EDGE_CURVE('',#3658,#3655,#3690,.T.);
#3031=EDGE_CURVE('',#3660,#3656,#3691,.T.);
#3032=EDGE_CURVE('',#3649,#3652,#3692,.T.);
#3033=EDGE_CURVE('',#3617,#3620,#3693,.T.);
#3034=EDGE_CURVE('',#3694,#3695,#3696,.T.);
#3035=EDGE_CURVE('',#3697,#3694,#3698,.T.);
#3036=EDGE_CURVE('',#3699,#3697,#3700,.T.);
#3037=EDGE_CURVE('',#3695,#3699,#3701,.T.);
#3038=EDGE_CURVE('',#3702,#3703,#3704,.T.);
#3039=EDGE_CURVE('',#3705,#3702,#3706,.T.);
#3040=EDGE_CURVE('',#3707,#3705,#3708,.T.);
#3041=EDGE_CURVE('',#3709,#3707,#3710,.T.);
#3042=EDGE_CURVE('',#3703,#3709,#3711,.T.);
#3043=EDGE_CURVE('',#3712,#3713,#3714,.T.);
#3044=EDGE_CURVE('',#3715,#3712,#3716,.T.);
#3045=EDGE_CURVE('',#3717,#3715,#3718,.T.);
#3046=EDGE_CURVE('',#3713,#3717,#3719,.T.);
#3047=EDGE_CURVE('',#3720,#3721,#3722,.T.);
#3048=EDGE_CURVE('',#3723,#3720,#3724,.T.);
#3049=EDGE_CURVE('',#3725,#3723,#3726,.T.);
#3050=EDGE_CURVE('',#3727,#3725,#3728,.T.);
#3051=EDGE_CURVE('',#3727,#3721,#3729,.T.);
#3052=EDGE_CURVE('',#3730,#3703,#3731,.T.);
#3053=EDGE_CURVE('',#3730,#3732,#3733,.T.);
#3054=EDGE_CURVE('',#3709,#3732,#3734,.T.);
#3055=EDGE_CURVE('',#3709,#3703,#3735,.T.);
#3056=EDGE_CURVE('',#3736,#3737,#3738,.T.);
#3057=EDGE_CURVE('',#3739,#3736,#3740,.T.);
#3058=EDGE_CURVE('',#3741,#3739,#3742,.T.);
#3059=EDGE_CURVE('',#3737,#3741,#3743,.T.);
#3060=EDGE_CURVE('',#3744,#3745,#3746,.T.);
#3061=EDGE_CURVE('',#3747,#3744,#3748,.T.);
#3062=EDGE_CURVE('',#3749,#3747,#3750,.T.);
#3063=EDGE_CURVE('',#3745,#3749,#3751,.T.);
#3064=EDGE_CURVE('',#3752,#3747,#3753,.T.);
#3065=EDGE_CURVE('',#3754,#3752,#3755,.T.);
#3066=EDGE_CURVE('',#3749,#3754,#3756,.T.);
#3067=EDGE_CURVE('',#3757,#3752,#3758,.T.);
#3068=EDGE_CURVE('',#3757,#3759,#3760,.T.);
#3069=EDGE_CURVE('',#3754,#3759,#3761,.T.);
#3070=EDGE_CURVE('',#3759,#3739,#3762,.T.);
#3071=EDGE_CURVE('',#3741,#3757,#3763,.T.);
#3072=EDGE_CURVE('',#3764,#3765,#3766,.T.);
#3073=EDGE_CURVE('',#3767,#3765,#3768,.T.);
#3074=EDGE_CURVE('',#3767,#3769,#3770,.T.);
#3075=EDGE_CURVE('',#3764,#3769,#3771,.T.);
#3076=EDGE_CURVE('',#3772,#3764,#3773,.T.);
#3077=EDGE_CURVE('',#3774,#3772,#3775,.T.);
#3078=EDGE_CURVE('',#3765,#3774,#3776,.T.);
#3079=EDGE_CURVE('',#3725,#3745,#3777,.T.);
#3080=EDGE_CURVE('',#3774,#3725,#3778,.T.);
#3081=EDGE_CURVE('',#3707,#3772,#3779,.T.);
#3082=EDGE_CURVE('',#3744,#3707,#3780,.T.);
#3083=EDGE_CURVE('',#3781,#3782,#3783,.T.);
#3084=EDGE_CURVE('',#3784,#3782,#3785,.T.);
#3085=EDGE_CURVE('',#3784,#3786,#3787,.T.);
#3086=EDGE_CURVE('',#3781,#3786,#3788,.T.);
#3087=EDGE_CURVE('',#3786,#3789,#3790,.T.);
#3088=EDGE_CURVE('',#3791,#3784,#3792,.T.);
#3089=EDGE_CURVE('',#3789,#3791,#3793,.T.);
#3090=EDGE_CURVE('',#3705,#3737,#3794,.T.);
#3091=EDGE_CURVE('',#3789,#3705,#3795,.T.);
#3092=EDGE_CURVE('',#3796,#3791,#3797,.T.);
#3093=EDGE_CURVE('',#3736,#3796,#3798,.T.);
#3094=EDGE_CURVE('',#3796,#3725,#3799,.T.);
#3095=EDGE_CURVE('',#3721,#3727,#3800,.T.);
#3096=EDGE_CURVE('',#3732,#3730,#3801,.T.);
#3097=EDGE_CURVE('',#3723,#3713,#3802,.T.);
#3098=EDGE_CURVE('',#3717,#3767,#3803,.T.);
#3099=EDGE_CURVE('',#3769,#3715,#3804,.T.);
#3100=EDGE_CURVE('',#3712,#3805,#3806,.T.);
#3101=EDGE_CURVE('',#3805,#3707,#3807,.T.);
#3102=EDGE_CURVE('',#3702,#3695,#3808,.T.);
#3103=EDGE_CURVE('',#3699,#3781,#3809,.T.);
#3104=EDGE_CURVE('',#3782,#3697,#3810,.T.);
#3105=EDGE_CURVE('',#3694,#3720,#3811,.T.);
#3106=EDGE_CURVE('',#3720,#3796,#3812,.T.);
#3107=EDGE_CURVE('',#3813,#3814,#3815,.T.);
#3108=EDGE_CURVE('',#3816,#3813,#3817,.T.);
#3109=EDGE_CURVE('',#3818,#3816,#3819,.T.);
#3110=EDGE_CURVE('',#3814,#3818,#3820,.T.);
#3111=EDGE_CURVE('',#3816,#3723,#3821,.T.);
#3112=EDGE_CURVE('',#3805,#3813,#3822,.T.);
#3113=EDGE_CURVE('',#3702,#3805,#3823,.T.);
#3114=EDGE_CURVE('',#3824,#3702,#3825,.T.);
#3115=EDGE_CURVE('',#3824,#3826,#3827,.T.);
#3116=EDGE_CURVE('',#3720,#3826,#3828,.T.);
#3117=EDGE_CURVE('',#3826,#3829,#3830,.T.);
#3118=EDGE_CURVE('',#3829,#3818,#3831,.T.);
#3119=EDGE_CURVE('',#3829,#3832,#3833,.T.);
#3120=EDGE_CURVE('',#3814,#3832,#3834,.T.);
#3121=EDGE_CURVE('',#3832,#3824,#3835,.T.);
#3122=EDGE_CURVE('',#3836,#3837,#3838,.T.);
#3123=EDGE_CURVE('',#3839,#3836,#3840,.T.);
#3124=EDGE_CURVE('',#3839,#3841,#3842,.T.);
#3125=EDGE_CURVE('',#3841,#3837,#3843,.T.);
#3126=EDGE_CURVE('',#3844,#3845,#3846,.T.);
#3127=EDGE_CURVE('',#3847,#3844,#3848,.T.);
#3128=EDGE_CURVE('',#3849,#3847,#3850,.T.);
#3129=EDGE_CURVE('',#3849,#3845,#3851,.T.);
#3130=EDGE_CURVE('',#3852,#3853,#3854,.T.);
#3131=EDGE_CURVE('',#3852,#3855,#3856,.T.);
#3132=EDGE_CURVE('',#3857,#3855,#3858,.T.);
#3133=EDGE_CURVE('',#3853,#3857,#3859,.T.);
#3134=EDGE_CURVE('',#3860,#3861,#3862,.T.);
#3135=EDGE_CURVE('',#3863,#3860,#3864,.T.);
#3136=EDGE_CURVE('',#3865,#3863,#3866,.T.);
#3137=EDGE_CURVE('',#3861,#3865,#3867,.T.);
#3138=EDGE_CURVE('',#3868,#3869,#3870,.T.);
#3139=EDGE_CURVE('',#3868,#3871,#3872,.T.);
#3140=EDGE_CURVE('',#3873,#3871,#3874,.T.);
#3141=EDGE_CURVE('',#3869,#3873,#3875,.T.);
#3142=EDGE_CURVE('',#3876,#3877,#3878,.T.);
#3143=EDGE_CURVE('',#3879,#3876,#3880,.T.);
#3144=EDGE_CURVE('',#3881,#3879,#3882,.T.);
#3145=EDGE_CURVE('',#3877,#3881,#3883,.T.);
#3146=EDGE_CURVE('',#3884,#3885,#3886,.T.);
#3147=EDGE_CURVE('',#3884,#3887,#3888,.T.);
#3148=EDGE_CURVE('',#3889,#3887,#3890,.T.);
#3149=EDGE_CURVE('',#3885,#3889,#3891,.T.);
#3150=EDGE_CURVE('',#3892,#3893,#3894,.T.);
#3151=EDGE_CURVE('',#3895,#3892,#3896,.T.);
#3152=EDGE_CURVE('',#3897,#3895,#3898,.T.);
#3153=EDGE_CURVE('',#3893,#3897,#3899,.T.);
#3154=EDGE_CURVE('',#3897,#3893,#3900,.T.);
#3155=EDGE_CURVE('',#3887,#3884,#3901,.T.);
#3156=EDGE_CURVE('',#3892,#3895,#3902,.T.);
#3157=EDGE_CURVE('',#3889,#3885,#3903,.T.);
#3158=EDGE_CURVE('',#3881,#3877,#3904,.T.);
#3159=EDGE_CURVE('',#3871,#3868,#3905,.T.);
#3160=EDGE_CURVE('',#3876,#3879,#3906,.T.);
#3161=EDGE_CURVE('',#3873,#3869,#3907,.T.);
#3162=EDGE_CURVE('',#3865,#3861,#3908,.T.);
#3163=EDGE_CURVE('',#3855,#3852,#3909,.T.);
#3164=EDGE_CURVE('',#3860,#3863,#3910,.T.);
#3165=EDGE_CURVE('',#3857,#3853,#3911,.T.);
#3166=EDGE_CURVE('',#3845,#3849,#3912,.T.);
#3167=EDGE_CURVE('',#3844,#3847,#3913,.T.);
#3168=EDGE_CURVE('',#3914,#3915,#3916,.T.);
#3169=EDGE_CURVE('',#3917,#3915,#3918,.T.);
#3170=EDGE_CURVE('',#3919,#3917,#3920,.T.);
#3171=EDGE_CURVE('',#3919,#3914,#3921,.T.);
#3172=EDGE_CURVE('',#3915,#3841,#3922,.T.);
#3173=EDGE_CURVE('',#3917,#3839,#3923,.T.);
#3174=EDGE_CURVE('',#3837,#3924,#3925,.T.);
#3175=EDGE_CURVE('',#3926,#3924,#3927,.T.);
#3176=EDGE_CURVE('',#3836,#3926,#3928,.T.);
#3177=EDGE_CURVE('',#3924,#3914,#3929,.T.);
#3178=EDGE_CURVE('',#3926,#3919,#3930,.T.);
#3179=VERTEX_POINT('',#3931);
#3180=VERTEX_POINT('',#3932);
#3181=LINE('',#3933,#3934);
#3182=VERTEX_POINT('',#3935);
#3183=CIRCLE('',#3936,0.750000000000002);
#3184=VERTEX_POINT('',#3937);
#3185=LINE('',#3938,#3939);
#3186=CIRCLE('',#3940,0.550000000000002);
#3187=VERTEX_POINT('',#3941);
#3188=LINE('',#3942,#3943);
#3189=VERTEX_POINT('',#3944);
#3190=CIRCLE('',#3945,0.550000000000002);
#3191=LINE('',#3946,#3947);
#3192=CIRCLE('',#3948,0.550000000000002);
#3193=VERTEX_POINT('',#3949);
#3194=LINE('',#3950,#3951);
#3195=LINE('',#3952,#3953);
#3196=CIRCLE('',#3954,0.550000000000002);
#3197=VERTEX_POINT('',#3955);
#3198=VERTEX_POINT('',#3956);
#3199=LINE('',#3957,#3958);
#3200=VERTEX_POINT('',#3959);
#3201=CIRCLE('',#3960,0.612705937909523);
#3202=VERTEX_POINT('',#3961);
#3203=LINE('',#3962,#3963);
#3204=CIRCLE('',#3964,0.684999999999998);
#3205=VERTEX_POINT('',#3965);
#3206=LINE('',#3966,#3967);
#3207=VERTEX_POINT('',#3968);
#3208=CIRCLE('',#3969,0.684999999999998);
#3209=LINE('',#3970,#3971);
#3210=CIRCLE('',#3972,0.684999999999998);
#3211=VERTEX_POINT('',#3973);
#3212=LINE('',#3974,#3975);
#3213=CIRCLE('',#3976,0.684999999999998);
#3214=VERTEX_POINT('',#3977);
#3215=LINE('',#3978,#3979);
#3216=CIRCLE('',#3980,0.765000000000002);
#3217=VERTEX_POINT('',#3981);
#3218=VERTEX_POINT('',#3982);
#3219=LINE('',#3983,#3984);
#3220=VERTEX_POINT('',#3985);
#3221=CIRCLE('',#3986,0.692499999999998);
#3222=VERTEX_POINT('',#3987);
#3223=LINE('',#3988,#3989);
#3224=CIRCLE('',#3990,0.692499999999998);
#3225=VERTEX_POINT('',#3991);
#3226=VERTEX_POINT('',#3992);
#3227=LINE('',#3993,#3994);
#3228=VERTEX_POINT('',#3995);
#3229=CIRCLE('',#3996,0.899999999999999);
#3230=VERTEX_POINT('',#3997);
#3231=LINE('',#3998,#3999);
#3232=CIRCLE('',#4000,0.899999999999999);
#3233=VERTEX_POINT('',#4001);
#3234=VERTEX_POINT('',#4002);
#3235=LINE('',#4003,#4004);
#3236=VERTEX_POINT('',#4005);
#3237=CIRCLE('',#4006,0.250000000000004);
#3238=VERTEX_POINT('',#4007);
#3239=LINE('',#4008,#4009);
#3240=VERTEX_POINT('',#4010);
#3241=CIRCLE('',#4011,0.250000000000004);
#3242=CIRCLE('',#4012,0.250000000000004);
#3243=CIRCLE('',#4013,0.5);
#3244=CIRCLE('',#4014,0.250000000000004);
#3245=CIRCLE('',#4015,0.5);
#3246=CIRCLE('',#4016,0.612705937909523);
#3247=VERTEX_POINT('',#4017);
#3248=CIRCLE('',#4018,0.250000000000004);
#3249=CIRCLE('',#4019,0.250000000000004);
#3250=CIRCLE('',#4020,0.899999999999999);
#3251=CIRCLE('',#4021,0.899999999999999);
#3252=CIRCLE('',#4022,0.692499999999998);
#3253=CIRCLE('',#4023,0.692499999999998);
#3254=CIRCLE('',#4024,0.765000000000002);
#3255=CIRCLE('',#4025,0.750000000000002);
#3256=VERTEX_POINT('',#4026);
#3257=VERTEX_POINT('',#4027);
#3258=LINE('',#4028,#4029);
#3259=VERTEX_POINT('',#4030);
#3260=B_SPLINE_CURVE_WITH_KNOTS('',3,(#4031,#4032,#4033,#4034,#4035,#4036,#4037,#4038,#4039,#4040,#4041,#4042),.UNSPECIFIED.,.F.,.F.,(4,2,2,2,2,4),(0.0,0.00296134735956145,0.0059863945283501,0.0089975913566429,0.0118988583025359,0.0123535190630179),.UNSPECIFIED.);
#3261=VERTEX_POINT('',#4043);
#3262=LINE('',#4044,#4045);
#3263=B_SPLINE_CURVE_WITH_KNOTS('',3,(#4046,#4047,#4048,#4049,#4050,#4051,#4052,#4053,#4054,#4055,#4056,#4057),.UNSPECIFIED.,.F.,.F.,(4,2,2,2,2,4),(0.0123784227205311,0.0147065063445683,0.0175496378901849,0.0205364837280637,0.0226422938495623,0.0247526369780732),.UNSPECIFIED.);
#3264=VERTEX_POINT('',#4058);
#3265=VERTEX_POINT('',#4059);
#3266=LINE('',#4060,#4061);
#3267=VERTEX_POINT('',#4062);
#3268=CIRCLE('',#4063,0.43);
#3269=VERTEX_POINT('',#4064);
#3270=CIRCLE('',#4065,0.43);
#3271=VERTEX_POINT('',#4066);
#3272=LINE('',#4067,#4068);
#3273=CIRCLE('',#4069,0.43);
#3274=VERTEX_POINT('',#4070);
#3275=VERTEX_POINT('',#4071);
#3276=LINE('',#4072,#4073);
#3277=VERTEX_POINT('',#4074);
#3278=B_SPLINE_CURVE_WITH_KNOTS('',3,(#4075,#4076,#4077,#4078,#4079,#4080,#4081,#4082,#4083,#4084,#4085,#4086),.UNSPECIFIED.,.F.,.F.,(4,2,2,2,2,4),(0.0,0.00294818182467461,0.00598334128014535,0.00901067093023986,0.011900622031883,0.0123783217249468),.UNSPECIFIED.);
#3279=VERTEX_POINT('',#4087);
#3280=LINE('',#4088,#4089);
#3281=B_SPLINE_CURVE_WITH_KNOTS('',3,(#4090,#4091,#4092,#4093,#4094,#4095,#4096,#4097,#4098,#4099,#4100,#4101),.UNSPECIFIED.,.F.,.F.,(4,2,2,2,2,4),(0.0123534566508533,0.0147171539184032,0.0175910788589742,0.0205757351838291,0.0226421537504101,0.024702398964525),.UNSPECIFIED.);
#3282=VERTEX_POINT('',#4102);
#3283=VERTEX_POINT('',#4103);
#3284=LINE('',#4104,#4105);
#3285=VERTEX_POINT('',#4106);
#3286=CIRCLE('',#4107,0.55);
#3287=VERTEX_POINT('',#4108);
#3288=CIRCLE('',#4109,0.55);
#3289=VERTEX_POINT('',#4110);
#3290=LINE('',#4111,#4112);
#3291=CIRCLE('',#4113,0.55);
#3292=VERTEX_POINT('',#4114);
#3293=LINE('',#4115,#4116);
#3294=VERTEX_POINT('',#4117);
#3295=CIRCLE('',#4118,0.53);
#3296=LINE('',#4119,#4120);
#3297=CIRCLE('',#4121,0.43);
#3298=VERTEX_POINT('',#4122);
#3299=VERTEX_POINT('',#4123);
#3300=LINE('',#4124,#4125);
#3301=VERTEX_POINT('',#4126);
#3302=B_SPLINE_CURVE_WITH_KNOTS('',3,(#4127,#4128,#4129,#4130,#4131,#4132,#4133,#4134,#4135,#4136,#4137,#4138),.UNSPECIFIED.,.F.,.F.,(4,2,2,2,2,4),(0.0,0.00296728240036503,0.00599322899156722,0.00899754591097785,0.0118921285133178,0.0123534566508535),.UNSPECIFIED.);
#3303=VERTEX_POINT('',#4139);
#3304=LINE('',#4140,#4141);
#3305=B_SPLINE_CURVE_WITH_KNOTS('',3,(#4142,#4143,#4144,#4145,#4146,#4147,#4148,#4149,#4150,#4151,#4152,#4153),.UNSPECIFIED.,.F.,.F.,(4,2,2,2,2,4),(0.0123783217249468,0.0146977532190088,0.0175540167111781,0.0205504591665086,0.0226552914460683,0.0247526234464318),.UNSPECIFIED.);
#3306=VERTEX_POINT('',#4154);
#3307=VERTEX_POINT('',#4155);
#3308=LINE('',#4156,#4157);
#3309=VERTEX_POINT('',#4158);
#3310=B_SPLINE_CURVE_WITH_KNOTS('',3,(#4159,#4160,#4161,#4162,#4163,#4164,#4165,#4166,#4167,#4168,#4169,#4170),.UNSPECIFIED.,.F.,.F.,(4,2,2,2,2,4),(0.0,0.00293559372482587,0.00596669836641567,0.00900703683154972,0.0119107981610536,0.0123784227205313),.UNSPECIFIED.);
#3311=VERTEX_POINT('',#4171);
#3312=LINE('',#4172,#4173);
#3313=B_SPLINE_CURVE_WITH_KNOTS('',3,(#4174,#4175,#4176,#4177,#4178,#4179,#4180,#4181,#4182,#4183,#4184,#4185),.UNSPECIFIED.,.F.,.F.,(4,2,2,2,2,4),(0.0123535190630178,0.0147231391345562,0.0175904500880402,0.0205699993318284,0.0226368197389425,0.0247024145515996),.UNSPECIFIED.);
#3314=VERTEX_POINT('',#4186);
#3315=(B_SPLINE_CURVE(2,(#4188,#4189,#4190),.UNSPECIFIED.,.F.,.F.)B_SPLINE_CURVE_WITH_KNOTS((3,3),(8.8956238706069E-17,0.142009212284495),.UNSPECIFIED.)RATIONAL_B_SPLINE_CURVE((1.0,1.0548971053164,1.0))BOUNDED_CURVE()REPRESENTATION_ITEM('')GEOMETRIC_REPRESENTATION_ITEM()CURVE());
#3316=VERTEX_POINT('',#4197);
#3317=LINE('',#4198,#4199);
#3318=(B_SPLINE_CURVE(2,(#4201,#4202,#4203),.UNSPECIFIED.,.F.,.F.)B_SPLINE_CURVE_WITH_KNOTS((3,3),(0.0,0.143813596402777),.UNSPECIFIED.)RATIONAL_B_SPLINE_CURVE((1.0,1.02820522505888,1.0))BOUNDED_CURVE()REPRESENTATION_ITEM('')GEOMETRIC_REPRESENTATION_ITEM()CURVE());
#3319=VERTEX_POINT('',#4210);
#3320=CIRCLE('',#4211,0.207640586797066);
#3321=VERTEX_POINT('',#4212);
#3322=LINE('',#4213,#4214);
#3323=CIRCLE('',#4215,0.325);
#3324=(B_SPLINE_CURVE(2,(#4217,#4218,#4219),.UNSPECIFIED.,.F.,.F.)B_SPLINE_CURVE_WITH_KNOTS((3,3),(1.1911351714449E-19,0.143813596402777),.UNSPECIFIED.)RATIONAL_B_SPLINE_CURVE((1.0,1.02820522505876,1.0))BOUNDED_CURVE()REPRESENTATION_ITEM('')GEOMETRIC_REPRESENTATION_ITEM()CURVE());
#3325=(B_SPLINE_CURVE(2,(#4227,#4228,#4229),.UNSPECIFIED.,.F.,.F.)B_SPLINE_CURVE_WITH_KNOTS((3,3),(0.0,0.142009212284495),.UNSPECIFIED.)RATIONAL_B_SPLINE_CURVE((1.0,1.05489710531613,1.0))BOUNDED_CURVE()REPRESENTATION_ITEM('')GEOMETRIC_REPRESENTATION_ITEM()CURVE());
#3326=VERTEX_POINT('',#4236);
#3327=VERTEX_POINT('',#4237);
#3328=LINE('',#4238,#4239);
#3329=VERTEX_POINT('',#4240);
#3330=CIRCLE('',#4241,0.325);
#3331=VERTEX_POINT('',#4242);
#3332=LINE('',#4243,#4244);
#3333=CIRCLE('',#4245,0.207640586797066);
#3334=VERTEX_POINT('',#4246);
#3335=(B_SPLINE_CURVE(2,(#4248,#4249,#4250),.UNSPECIFIED.,.F.,.F.)B_SPLINE_CURVE_WITH_KNOTS((3,3),(0.0,0.142009212284495),.UNSPECIFIED.)RATIONAL_B_SPLINE_CURVE((1.0,1.05489710531644,1.0))BOUNDED_CURVE()REPRESENTATION_ITEM('')GEOMETRIC_REPRESENTATION_ITEM()CURVE());
#3336=VERTEX_POINT('',#4257);
#3337=LINE('',#4258,#4259);
#3338=(B_SPLINE_CURVE(2,(#4261,#4262,#4263),.UNSPECIFIED.,.F.,.F.)B_SPLINE_CURVE_WITH_KNOTS((3,3),(0.0,0.143813596402777),.UNSPECIFIED.)RATIONAL_B_SPLINE_CURVE((1.0,1.02820522505905,1.0))BOUNDED_CURVE()REPRESENTATION_ITEM('')GEOMETRIC_REPRESENTATION_ITEM()CURVE());
#3339=B_SPLINE_CURVE_WITH_KNOTS('',3,(#4270,#4271,#4272,#4273,#4274,#4275,#4276,#4277,#4278,#4279,#4280,#4281),.UNSPECIFIED.,.F.,.F.,(4,2,2,2,2,4),(0.0123535190630178,0.0147231391345562,0.0175904500880402,0.0205699993318284,0.0226368197389425,0.0247024145515996),.UNSPECIFIED.);
#3340=B_SPLINE_CURVE_WITH_KNOTS('',3,(#4282,#4283,#4284,#4285,#4286,#4287,#4288,#4289,#4290,#4291,#4292,#4293),.UNSPECIFIED.,.F.,.F.,(4,2,2,2,2,4),(0.0,0.00296134735956147,0.00598639452834994,0.00899759135664272,0.0118988583025358,0.0123535190630178),.UNSPECIFIED.);
#3341=B_SPLINE_CURVE_WITH_KNOTS('',3,(#4294,#4295,#4296,#4297,#4298,#4299,#4300,#4301,#4302,#4303,#4304,#4305),.UNSPECIFIED.,.F.,.F.,(4,2,2,2,2,4),(0.0123784227205313,0.0147065063445685,0.0175496378901851,0.020536483728064,0.0226422938495627,0.0247526369780737),.UNSPECIFIED.);
#3342=B_SPLINE_CURVE_WITH_KNOTS('',3,(#4306,#4307,#4308,#4309,#4310,#4311,#4312,#4313,#4314,#4315,#4316,#4317),.UNSPECIFIED.,.F.,.F.,(4,2,2,2,2,4),(0.0,0.00293559372482587,0.00596669836641567,0.00900703683154972,0.0119107981610536,0.0123784227205313),.UNSPECIFIED.);
#3343=VERTEX_POINT('',#4318);
#3344=VERTEX_POINT('',#4319);
#3345=LINE('',#4320,#4321);
#3346=VERTEX_POINT('',#4322);
#3347=CIRCLE('',#4323,0.325);
#3348=VERTEX_POINT('',#4324);
#3349=LINE('',#4325,#4326);
#3350=CIRCLE('',#4327,0.207640586797066);
#3351=VERTEX_POINT('',#4328);
#3352=(B_SPLINE_CURVE(2,(#4330,#4331,#4332),.UNSPECIFIED.,.F.,.F.)B_SPLINE_CURVE_WITH_KNOTS((3,3),(5.92111210241392E-17,0.142009212284495),.UNSPECIFIED.)RATIONAL_B_SPLINE_CURVE((1.0,1.05489710531638,1.0))BOUNDED_CURVE()REPRESENTATION_ITEM('')GEOMETRIC_REPRESENTATION_ITEM()CURVE());
#3353=VERTEX_POINT('',#4339);
#3354=(B_SPLINE_CURVE(2,(#4341,#4342,#4343),.UNSPECIFIED.,.F.,.F.)B_SPLINE_CURVE_WITH_KNOTS((3,3),(0.0,0.143813596402777),.UNSPECIFIED.)RATIONAL_B_SPLINE_CURVE((1.0,1.02820522505898,1.0))BOUNDED_CURVE()REPRESENTATION_ITEM('')GEOMETRIC_REPRESENTATION_ITEM()CURVE());
#3355=LINE('',#4350,#4351);
#3356=B_SPLINE_CURVE_WITH_KNOTS('',3,(#4352,#4353,#4354,#4355,#4356,#4357,#4358,#4359,#4360,#4361,#4362,#4363),.UNSPECIFIED.,.F.,.F.,(4,2,2,2,2,4),(0.0123783217249468,0.0146977532190088,0.0175540167111781,0.0205504591665086,0.0226552914460683,0.0247526234464318),.UNSPECIFIED.);
#3357=B_SPLINE_CURVE_WITH_KNOTS('',3,(#4364,#4365,#4366,#4367,#4368,#4369,#4370,#4371,#4372,#4373,#4374,#4375),.UNSPECIFIED.,.F.,.F.,(4,2,2,2,2,4),(1.15694013378381E-18,0.00294818182467463,0.00598334128014542,0.00901067093023995,0.011900622031883,0.0123783217249468),.UNSPECIFIED.);
#3358=VERTEX_POINT('',#4376);
#3359=B_SPLINE_CURVE_WITH_KNOTS('',3,(#4377,#4378,#4379,#4380,#4381,#4382,#4383,#4384,#4385,#4386,#4387,#4388),.UNSPECIFIED.,.F.,.F.,(4,2,2,2,2,4),(0.0123534566508535,0.0147171539184035,0.0175910788589745,0.0205757351838295,0.0226421537504106,0.0247023989645255),.UNSPECIFIED.);
#3360=B_SPLINE_CURVE_WITH_KNOTS('',3,(#4389,#4390,#4391,#4392,#4393,#4394,#4395,#4396,#4397,#4398,#4399,#4400),.UNSPECIFIED.,.F.,.F.,(4,2,2,2,2,4),(0.0,0.00296728240036503,0.00599322899156722,0.00899754591097785,0.0118921285133178,0.0123534566508535),.UNSPECIFIED.);
#3361=CIRCLE('',#4401,0.55);
#3362=CIRCLE('',#4402,0.55);
#3363=CIRCLE('',#4403,0.53);
#3364=B_SPLINE_CURVE_WITH_KNOTS('',3,(#4404,#4405,#4406,#4407,#4408,#4409,#4410,#4411,#4412,#4413,#4414,#4415),.UNSPECIFIED.,.F.,.F.,(4,2,2,2,2,4),(0.0123534566508533,0.0147171539184032,0.0175910788589742,0.0205757351838291,0.0226421537504101,0.024702398964525),.UNSPECIFIED.);
#3365=(B_SPLINE_CURVE(2,(#4417,#4418,#4419),.UNSPECIFIED.,.F.,.F.)B_SPLINE_CURVE_WITH_KNOTS((3,3),(0.0,0.143813596402777),.UNSPECIFIED.)RATIONAL_B_SPLINE_CURVE((1.0,1.02820522505876,1.0))BOUNDED_CURVE()REPRESENTATION_ITEM('')GEOMETRIC_REPRESENTATION_ITEM()CURVE());
#3366=(B_SPLINE_CURVE(2,(#4427,#4428,#4429),.UNSPECIFIED.,.F.,.F.)B_SPLINE_CURVE_WITH_KNOTS((3,3),(5.9211121024126E-17,0.142009212284495),.UNSPECIFIED.)RATIONAL_B_SPLINE_CURVE((1.0,1.05489710531613,1.0))BOUNDED_CURVE()REPRESENTATION_ITEM('')GEOMETRIC_REPRESENTATION_ITEM()CURVE());
#3367=VERTEX_POINT('',#4436);
#3368=B_SPLINE_CURVE_WITH_KNOTS('',3,(#4437,#4438,#4439,#4440,#4441,#4442,#4443,#4444,#4445,#4446,#4447,#4448),.UNSPECIFIED.,.F.,.F.,(4,2,2,2,2,4),(0.0,0.00294818182467461,0.00598334128014535,0.00901067093023986,0.011900622031883,0.0123783217249468),.UNSPECIFIED.);
#3369=CIRCLE('',#4449,0.43);
#3370=B_SPLINE_CURVE_WITH_KNOTS('',3,(#4450,#4451,#4452,#4453,#4454,#4455,#4456,#4457,#4458,#4459,#4460,#4461),.UNSPECIFIED.,.F.,.F.,(4,2,2,2,2,4),(0.0123784227205311,0.0147065063445683,0.0175496378901849,0.0205364837280637,0.0226422938495623,0.0247526369780732),.UNSPECIFIED.);
#3371=(B_SPLINE_CURVE(2,(#4463,#4464,#4465),.UNSPECIFIED.,.F.,.F.)B_SPLINE_CURVE_WITH_KNOTS((3,3),(0.0,0.142009212284495),.UNSPECIFIED.)RATIONAL_B_SPLINE_CURVE((1.0,1.05489710531633,1.0))BOUNDED_CURVE()REPRESENTATION_ITEM('')GEOMETRIC_REPRESENTATION_ITEM()CURVE());
#3372=(B_SPLINE_CURVE(2,(#4473,#4474,#4475),.UNSPECIFIED.,.F.,.F.)B_SPLINE_CURVE_WITH_KNOTS((3,3),(1.19113517144532E-19,0.143813596402777),.UNSPECIFIED.)RATIONAL_B_SPLINE_CURVE((1.0,1.02820522505898,1.0))BOUNDED_CURVE()REPRESENTATION_ITEM('')GEOMETRIC_REPRESENTATION_ITEM()CURVE());
#3373=B_SPLINE_CURVE_WITH_KNOTS('',3,(#4482,#4483,#4484,#4485,#4486,#4487,#4488,#4489,#4490,#4491,#4492,#4493),.UNSPECIFIED.,.F.,.F.,(4,2,2,2,2,4),(0.0,0.00296134735956145,0.0059863945283501,0.0089975913566429,0.0118988583025359,0.0123535190630179),.UNSPECIFIED.);
#3374=CIRCLE('',#4494,0.55);
#3375=VERTEX_POINT('',#4495);
#3376=VERTEX_POINT('',#4496);
#3377=(B_SPLINE_CURVE(2,(#4498,#4499,#4500),.UNSPECIFIED.,.F.,.F.)B_SPLINE_CURVE_WITH_KNOTS((3,3),(0.0,0.142009212284495),.UNSPECIFIED.)RATIONAL_B_SPLINE_CURVE((1.0,1.05489710531638,1.0))BOUNDED_CURVE()REPRESENTATION_ITEM('')GEOMETRIC_REPRESENTATION_ITEM()CURVE());
#3378=VERTEX_POINT('',#4507);
#3379=LINE('',#4508,#4509);
#3380=VERTEX_POINT('',#4510);
#3381=(B_SPLINE_CURVE(2,(#4512,#4513,#4514),.UNSPECIFIED.,.F.,.F.)B_SPLINE_CURVE_WITH_KNOTS((3,3),(0.0,0.143813596402777),.UNSPECIFIED.)RATIONAL_B_SPLINE_CURVE((1.0,1.02820522505898,1.0))BOUNDED_CURVE()REPRESENTATION_ITEM('')GEOMETRIC_REPRESENTATION_ITEM()CURVE());
#3382=LINE('',#4521,#4522);
#3383=B_SPLINE_CURVE_WITH_KNOTS('',3,(#4523,#4524,#4525,#4526,#4527,#4528,#4529,#4530,#4531,#4532,#4533,#4534),.UNSPECIFIED.,.F.,.F.,(4,2,2,2,2,4),(0.0,0.00296728240036504,0.00599322899156703,0.0089975459109776,0.0118921285133176,0.0123534566508533),.UNSPECIFIED.);
#3384=B_SPLINE_CURVE_WITH_KNOTS('',3,(#4535,#4536,#4537,#4538,#4539,#4540,#4541,#4542,#4543,#4544,#4545,#4546),.UNSPECIFIED.,.F.,.F.,(4,2,2,2,2,4),(0.0123783217249468,0.014697753219009,0.0175540167111785,0.020550459166509,0.0226552914460689,0.0247526234464326),.UNSPECIFIED.);
#3385=CIRCLE('',#4547,0.43);
#3386=VERTEX_POINT('',#4548);
#3387=B_SPLINE_CURVE_WITH_KNOTS('',3,(#4549,#4550,#4551,#4552,#4553,#4554,#4555,#4556,#4557,#4558,#4559,#4560),.UNSPECIFIED.,.F.,.F.,(4,2,2,2,2,4),(0.0,0.00293559372482589,0.00596669836641573,0.00900703683154971,0.0119107981610535,0.0123784227205311),.UNSPECIFIED.);
#3388=VERTEX_POINT('',#4561);
#3389=LINE('',#4562,#4563);
#3390=B_SPLINE_CURVE_WITH_KNOTS('',3,(#4564,#4565,#4566,#4567,#4568,#4569,#4570,#4571,#4572,#4573,#4574,#4575),.UNSPECIFIED.,.F.,.F.,(4,2,2,2,2,4),(0.0123535190630179,0.0147231391345563,0.0175904500880405,0.0205699993318288,0.022636819738943,0.0247024145516),.UNSPECIFIED.);
#3391=VERTEX_POINT('',#4576);
#3392=(B_SPLINE_CURVE(2,(#4578,#4579,#4580),.UNSPECIFIED.,.F.,.F.)B_SPLINE_CURVE_WITH_KNOTS((3,3),(0.0,0.143813596402777),.UNSPECIFIED.)RATIONAL_B_SPLINE_CURVE((1.0,1.02820522505919,1.0))BOUNDED_CURVE()REPRESENTATION_ITEM('')GEOMETRIC_REPRESENTATION_ITEM()CURVE());
#3393=CIRCLE('',#4587,0.325);
#3394=VERTEX_POINT('',#4588);
#3395=LINE('',#4589,#4590);
#3396=CIRCLE('',#4591,0.207640586797066);
#3397=(B_SPLINE_CURVE(2,(#4593,#4594,#4595),.UNSPECIFIED.,.F.,.F.)B_SPLINE_CURVE_WITH_KNOTS((3,3),(8.89259732957634E-17,0.142009212284495),.UNSPECIFIED.)RATIONAL_B_SPLINE_CURVE((1.0,1.05489710531661,1.0))BOUNDED_CURVE()REPRESENTATION_ITEM('')GEOMETRIC_REPRESENTATION_ITEM()CURVE());
#3398=VERTEX_POINT('',#4602);
#3399=VERTEX_POINT('',#4603);
#3400=LINE('',#4604,#4605);
#3401=VERTEX_POINT('',#4606);
#3402=CIRCLE('',#4607,0.750000000000002);
#3403=VERTEX_POINT('',#4608);
#3404=LINE('',#4609,#4610);
#3405=CIRCLE('',#4611,0.550000000000002);
#3406=VERTEX_POINT('',#4612);
#3407=LINE('',#4613,#4614);
#3408=VERTEX_POINT('',#4615);
#3409=CIRCLE('',#4616,0.550000000000002);
#3410=LINE('',#4617,#4618);
#3411=CIRCLE('',#4619,0.550000000000002);
#3412=VERTEX_POINT('',#4620);
#3413=LINE('',#4621,#4622);
#3414=LINE('',#4623,#4624);
#3415=CIRCLE('',#4625,0.550000000000002);
#3416=VERTEX_POINT('',#4626);
#3417=VERTEX_POINT('',#4627);
#3418=LINE('',#4628,#4629);
#3419=VERTEX_POINT('',#4630);
#3420=CIRCLE('',#4631,0.612705937909523);
#3421=VERTEX_POINT('',#4632);
#3422=LINE('',#4633,#4634);
#3423=CIRCLE('',#4635,0.684999999999998);
#3424=VERTEX_POINT('',#4636);
#3425=LINE('',#4637,#4638);
#3426=VERTEX_POINT('',#4639);
#3427=CIRCLE('',#4640,0.684999999999998);
#3428=LINE('',#4641,#4642);
#3429=CIRCLE('',#4643,0.684999999999998);
#3430=VERTEX_POINT('',#4644);
#3431=LINE('',#4645,#4646);
#3432=CIRCLE('',#4647,0.684999999999998);
#3433=VERTEX_POINT('',#4648);
#3434=LINE('',#4649,#4650);
#3435=CIRCLE('',#4651,0.765000000000002);
#3436=VERTEX_POINT('',#4652);
#3437=VERTEX_POINT('',#4653);
#3438=LINE('',#4654,#4655);
#3439=VERTEX_POINT('',#4656);
#3440=CIRCLE('',#4657,0.692499999999998);
#3441=VERTEX_POINT('',#4658);
#3442=LINE('',#4659,#4660);
#3443=CIRCLE('',#4661,0.692499999999998);
#3444=VERTEX_POINT('',#4662);
#3445=VERTEX_POINT('',#4663);
#3446=LINE('',#4664,#4665);
#3447=VERTEX_POINT('',#4666);
#3448=CIRCLE('',#4667,0.899999999999999);
#3449=VERTEX_POINT('',#4668);
#3450=LINE('',#4669,#4670);
#3451=CIRCLE('',#4671,0.899999999999999);
#3452=VERTEX_POINT('',#4672);
#3453=VERTEX_POINT('',#4673);
#3454=LINE('',#4674,#4675);
#3455=VERTEX_POINT('',#4676);
#3456=CIRCLE('',#4677,0.250000000000004);
#3457=VERTEX_POINT('',#4678);
#3458=LINE('',#4679,#4680);
#3459=VERTEX_POINT('',#4681);
#3460=CIRCLE('',#4682,0.250000000000004);
#3461=CIRCLE('',#4683,0.250000000000004);
#3462=CIRCLE('',#4684,0.5);
#3463=CIRCLE('',#4685,0.250000000000004);
#3464=CIRCLE('',#4686,0.5);
#3465=CIRCLE('',#4687,0.612705937909523);
#3466=VERTEX_POINT('',#4688);
#3467=CIRCLE('',#4689,0.250000000000004);
#3468=CIRCLE('',#4690,0.250000000000004);
#3469=CIRCLE('',#4691,0.899999999999999);
#3470=CIRCLE('',#4692,0.899999999999999);
#3471=CIRCLE('',#4693,0.692499999999998);
#3472=CIRCLE('',#4694,0.692499999999998);
#3473=CIRCLE('',#4695,0.765000000000002);
#3474=CIRCLE('',#4696,0.750000000000002);
#3475=VERTEX_POINT('',#4697);
#3476=VERTEX_POINT('',#4698);
#3477=LINE('',#4699,#4700);
#3478=VERTEX_POINT('',#4701);
#3479=B_SPLINE_CURVE_WITH_KNOTS('',3,(#4702,#4703,#4704,#4705,#4706,#4707,#4708,#4709,#4710,#4711,#4712,#4713),.UNSPECIFIED.,.F.,.F.,(4,2,2,2,2,4),(0.0,0.00296134735956145,0.0059863945283501,0.0089975913566429,0.0118988583025359,0.0123535190630179),.UNSPECIFIED.);
#3480=VERTEX_POINT('',#4714);
#3481=LINE('',#4715,#4716);
#3482=B_SPLINE_CURVE_WITH_KNOTS('',3,(#4717,#4718,#4719,#4720,#4721,#4722,#4723,#4724,#4725,#4726,#4727,#4728),.UNSPECIFIED.,.F.,.F.,(4,2,2,2,2,4),(0.0123784227205311,0.0147065063445683,0.0175496378901849,0.0205364837280637,0.0226422938495623,0.0247526369780732),.UNSPECIFIED.);
#3483=VERTEX_POINT('',#4729);
#3484=VERTEX_POINT('',#4730);
#3485=LINE('',#4731,#4732);
#3486=VERTEX_POINT('',#4733);
#3487=CIRCLE('',#4734,0.43);
#3488=VERTEX_POINT('',#4735);
#3489=CIRCLE('',#4736,0.43);
#3490=VERTEX_POINT('',#4737);
#3491=LINE('',#4738,#4739);
#3492=CIRCLE('',#4740,0.43);
#3493=VERTEX_POINT('',#4741);
#3494=VERTEX_POINT('',#4742);
#3495=LINE('',#4743,#4744);
#3496=VERTEX_POINT('',#4745);
#3497=B_SPLINE_CURVE_WITH_KNOTS('',3,(#4746,#4747,#4748,#4749,#4750,#4751,#4752,#4753,#4754,#4755,#4756,#4757),.UNSPECIFIED.,.F.,.F.,(4,2,2,2,2,4),(0.0,0.00294818182467461,0.00598334128014535,0.00901067093023986,0.011900622031883,0.0123783217249468),.UNSPECIFIED.);
#3498=VERTEX_POINT('',#4758);
#3499=LINE('',#4759,#4760);
#3500=B_SPLINE_CURVE_WITH_KNOTS('',3,(#4761,#4762,#4763,#4764,#4765,#4766,#4767,#4768,#4769,#4770,#4771,#4772),.UNSPECIFIED.,.F.,.F.,(4,2,2,2,2,4),(0.0123534566508533,0.0147171539184032,0.0175910788589742,0.0205757351838291,0.0226421537504101,0.024702398964525),.UNSPECIFIED.);
#3501=VERTEX_POINT('',#4773);
#3502=VERTEX_POINT('',#4774);
#3503=LINE('',#4775,#4776);
#3504=VERTEX_POINT('',#4777);
#3505=CIRCLE('',#4778,0.55);
#3506=VERTEX_POINT('',#4779);
#3507=CIRCLE('',#4780,0.55);
#3508=VERTEX_POINT('',#4781);
#3509=LINE('',#4782,#4783);
#3510=CIRCLE('',#4784,0.55);
#3511=VERTEX_POINT('',#4785);
#3512=LINE('',#4786,#4787);
#3513=VERTEX_POINT('',#4788);
#3514=CIRCLE('',#4789,0.53);
#3515=LINE('',#4790,#4791);
#3516=CIRCLE('',#4792,0.43);
#3517=VERTEX_POINT('',#4793);
#3518=VERTEX_POINT('',#4794);
#3519=LINE('',#4795,#4796);
#3520=VERTEX_POINT('',#4797);
#3521=B_SPLINE_CURVE_WITH_KNOTS('',3,(#4798,#4799,#4800,#4801,#4802,#4803,#4804,#4805,#4806,#4807,#4808,#4809),.UNSPECIFIED.,.F.,.F.,(4,2,2,2,2,4),(0.0,0.00296728240036503,0.00599322899156722,0.00899754591097785,0.0118921285133178,0.0123534566508535),.UNSPECIFIED.);
#3522=VERTEX_POINT('',#4810);
#3523=LINE('',#4811,#4812);
#3524=B_SPLINE_CURVE_WITH_KNOTS('',3,(#4813,#4814,#4815,#4816,#4817,#4818,#4819,#4820,#4821,#4822,#4823,#4824),.UNSPECIFIED.,.F.,.F.,(4,2,2,2,2,4),(0.0123783217249468,0.0146977532190088,0.0175540167111781,0.0205504591665086,0.0226552914460683,0.0247526234464318),.UNSPECIFIED.);
#3525=VERTEX_POINT('',#4825);
#3526=VERTEX_POINT('',#4826);
#3527=LINE('',#4827,#4828);
#3528=VERTEX_POINT('',#4829);
#3529=B_SPLINE_CURVE_WITH_KNOTS('',3,(#4830,#4831,#4832,#4833,#4834,#4835,#4836,#4837,#4838,#4839,#4840,#4841),.UNSPECIFIED.,.F.,.F.,(4,2,2,2,2,4),(0.0,0.00293559372482587,0.00596669836641567,0.00900703683154972,0.0119107981610536,0.0123784227205313),.UNSPECIFIED.);
#3530=VERTEX_POINT('',#4842);
#3531=LINE('',#4843,#4844);
#3532=B_SPLINE_CURVE_WITH_KNOTS('',3,(#4845,#4846,#4847,#4848,#4849,#4850,#4851,#4852,#4853,#4854,#4855,#4856),.UNSPECIFIED.,.F.,.F.,(4,2,2,2,2,4),(0.0123535190630178,0.0147231391345562,0.0175904500880402,0.0205699993318284,0.0226368197389425,0.0247024145515996),.UNSPECIFIED.);
#3533=VERTEX_POINT('',#4857);
#3534=(B_SPLINE_CURVE(2,(#4859,#4860,#4861),.UNSPECIFIED.,.F.,.F.)B_SPLINE_CURVE_WITH_KNOTS((3,3),(8.8956238706069E-17,0.142009212284495),.UNSPECIFIED.)RATIONAL_B_SPLINE_CURVE((1.0,1.0548971053164,1.0))BOUNDED_CURVE()REPRESENTATION_ITEM('')GEOMETRIC_REPRESENTATION_ITEM()CURVE());
#3535=VERTEX_POINT('',#4868);
#3536=LINE('',#4869,#4870);
#3537=(B_SPLINE_CURVE(2,(#4872,#4873,#4874),.UNSPECIFIED.,.F.,.F.)B_SPLINE_CURVE_WITH_KNOTS((3,3),(0.0,0.143813596402777),.UNSPECIFIED.)RATIONAL_B_SPLINE_CURVE((1.0,1.02820522505888,1.0))BOUNDED_CURVE()REPRESENTATION_ITEM('')GEOMETRIC_REPRESENTATION_ITEM()CURVE());
#3538=VERTEX_POINT('',#4881);
#3539=CIRCLE('',#4882,0.207640586797066);
#3540=VERTEX_POINT('',#4883);
#3541=LINE('',#4884,#4885);
#3542=CIRCLE('',#4886,0.325);
#3543=(B_SPLINE_CURVE(2,(#4888,#4889,#4890),.UNSPECIFIED.,.F.,.F.)B_SPLINE_CURVE_WITH_KNOTS((3,3),(1.1911351714449E-19,0.143813596402777),.UNSPECIFIED.)RATIONAL_B_SPLINE_CURVE((1.0,1.02820522505876,1.0))BOUNDED_CURVE()REPRESENTATION_ITEM('')GEOMETRIC_REPRESENTATION_ITEM()CURVE());
#3544=(B_SPLINE_CURVE(2,(#4898,#4899,#4900),.UNSPECIFIED.,.F.,.F.)B_SPLINE_CURVE_WITH_KNOTS((3,3),(0.0,0.142009212284495),.UNSPECIFIED.)RATIONAL_B_SPLINE_CURVE((1.0,1.05489710531613,1.0))BOUNDED_CURVE()REPRESENTATION_ITEM('')GEOMETRIC_REPRESENTATION_ITEM()CURVE());
#3545=VERTEX_POINT('',#4907);
#3546=VERTEX_POINT('',#4908);
#3547=LINE('',#4909,#4910);
#3548=VERTEX_POINT('',#4911);
#3549=CIRCLE('',#4912,0.325);
#3550=VERTEX_POINT('',#4913);
#3551=LINE('',#4914,#4915);
#3552=CIRCLE('',#4916,0.207640586797066);
#3553=VERTEX_POINT('',#4917);
#3554=(B_SPLINE_CURVE(2,(#4919,#4920,#4921),.UNSPECIFIED.,.F.,.F.)B_SPLINE_CURVE_WITH_KNOTS((3,3),(0.0,0.142009212284495),.UNSPECIFIED.)RATIONAL_B_SPLINE_CURVE((1.0,1.05489710531644,1.0))BOUNDED_CURVE()REPRESENTATION_ITEM('')GEOMETRIC_REPRESENTATION_ITEM()CURVE());
#3555=VERTEX_POINT('',#4928);
#3556=LINE('',#4929,#4930);
#3557=(B_SPLINE_CURVE(2,(#4932,#4933,#4934),.UNSPECIFIED.,.F.,.F.)B_SPLINE_CURVE_WITH_KNOTS((3,3),(0.0,0.143813596402777),.UNSPECIFIED.)RATIONAL_B_SPLINE_CURVE((1.0,1.02820522505905,1.0))BOUNDED_CURVE()REPRESENTATION_ITEM('')GEOMETRIC_REPRESENTATION_ITEM()CURVE());
#3558=B_SPLINE_CURVE_WITH_KNOTS('',3,(#4941,#4942,#4943,#4944,#4945,#4946,#4947,#4948,#4949,#4950,#4951,#4952),.UNSPECIFIED.,.F.,.F.,(4,2,2,2,2,4),(0.0123535190630178,0.0147231391345562,0.0175904500880402,0.0205699993318284,0.0226368197389425,0.0247024145515996),.UNSPECIFIED.);
#3559=B_SPLINE_CURVE_WITH_KNOTS('',3,(#4953,#4954,#4955,#4956,#4957,#4958,#4959,#4960,#4961,#4962,#4963,#4964),.UNSPECIFIED.,.F.,.F.,(4,2,2,2,2,4),(0.0,0.00296134735956147,0.00598639452834994,0.00899759135664272,0.0118988583025358,0.0123535190630178),.UNSPECIFIED.);
#3560=B_SPLINE_CURVE_WITH_KNOTS('',3,(#4965,#4966,#4967,#4968,#4969,#4970,#4971,#4972,#4973,#4974,#4975,#4976),.UNSPECIFIED.,.F.,.F.,(4,2,2,2,2,4),(0.0123784227205313,0.0147065063445685,0.0175496378901851,0.020536483728064,0.0226422938495627,0.0247526369780737),.UNSPECIFIED.);
#3561=B_SPLINE_CURVE_WITH_KNOTS('',3,(#4977,#4978,#4979,#4980,#4981,#4982,#4983,#4984,#4985,#4986,#4987,#4988),.UNSPECIFIED.,.F.,.F.,(4,2,2,2,2,4),(0.0,0.00293559372482587,0.00596669836641567,0.00900703683154972,0.0119107981610536,0.0123784227205313),.UNSPECIFIED.);
#3562=VERTEX_POINT('',#4989);
#3563=VERTEX_POINT('',#4990);
#3564=LINE('',#4991,#4992);
#3565=VERTEX_POINT('',#4993);
#3566=CIRCLE('',#4994,0.325);
#3567=VERTEX_POINT('',#4995);
#3568=LINE('',#4996,#4997);
#3569=CIRCLE('',#4998,0.207640586797066);
#3570=VERTEX_POINT('',#4999);
#3571=(B_SPLINE_CURVE(2,(#5001,#5002,#5003),.UNSPECIFIED.,.F.,.F.)B_SPLINE_CURVE_WITH_KNOTS((3,3),(5.92111210241392E-17,0.142009212284495),.UNSPECIFIED.)RATIONAL_B_SPLINE_CURVE((1.0,1.05489710531638,1.0))BOUNDED_CURVE()REPRESENTATION_ITEM('')GEOMETRIC_REPRESENTATION_ITEM()CURVE());
#3572=VERTEX_POINT('',#5010);
#3573=(B_SPLINE_CURVE(2,(#5012,#5013,#5014),.UNSPECIFIED.,.F.,.F.)B_SPLINE_CURVE_WITH_KNOTS((3,3),(0.0,0.143813596402777),.UNSPECIFIED.)RATIONAL_B_SPLINE_CURVE((1.0,1.02820522505898,1.0))BOUNDED_CURVE()REPRESENTATION_ITEM('')GEOMETRIC_REPRESENTATION_ITEM()CURVE());
#3574=LINE('',#5021,#5022);
#3575=B_SPLINE_CURVE_WITH_KNOTS('',3,(#5023,#5024,#5025,#5026,#5027,#5028,#5029,#5030,#5031,#5032,#5033,#5034),.UNSPECIFIED.,.F.,.F.,(4,2,2,2,2,4),(0.0123783217249468,0.0146977532190088,0.0175540167111781,0.0205504591665086,0.0226552914460683,0.0247526234464318),.UNSPECIFIED.);
#3576=B_SPLINE_CURVE_WITH_KNOTS('',3,(#5035,#5036,#5037,#5038,#5039,#5040,#5041,#5042,#5043,#5044,#5045,#5046),.UNSPECIFIED.,.F.,.F.,(4,2,2,2,2,4),(1.15694013378381E-18,0.00294818182467463,0.00598334128014542,0.00901067093023995,0.011900622031883,0.0123783217249468),.UNSPECIFIED.);
#3577=VERTEX_POINT('',#5047);
#3578=B_SPLINE_CURVE_WITH_KNOTS('',3,(#5048,#5049,#5050,#5051,#5052,#5053,#5054,#5055,#5056,#5057,#5058,#5059),.UNSPECIFIED.,.F.,.F.,(4,2,2,2,2,4),(0.0123534566508535,0.0147171539184035,0.0175910788589745,0.0205757351838295,0.0226421537504106,0.0247023989645255),.UNSPECIFIED.);
#3579=B_SPLINE_CURVE_WITH_KNOTS('',3,(#5060,#5061,#5062,#5063,#5064,#5065,#5066,#5067,#5068,#5069,#5070,#5071),.UNSPECIFIED.,.F.,.F.,(4,2,2,2,2,4),(0.0,0.00296728240036503,0.00599322899156722,0.00899754591097785,0.0118921285133178,0.0123534566508535),.UNSPECIFIED.);
#3580=CIRCLE('',#5072,0.55);
#3581=CIRCLE('',#5073,0.55);
#3582=CIRCLE('',#5074,0.53);
#3583=B_SPLINE_CURVE_WITH_KNOTS('',3,(#5075,#5076,#5077,#5078,#5079,#5080,#5081,#5082,#5083,#5084,#5085,#5086),.UNSPECIFIED.,.F.,.F.,(4,2,2,2,2,4),(0.0123534566508533,0.0147171539184032,0.0175910788589742,0.0205757351838291,0.0226421537504101,0.024702398964525),.UNSPECIFIED.);
#3584=(B_SPLINE_CURVE(2,(#5088,#5089,#5090),.UNSPECIFIED.,.F.,.F.)B_SPLINE_CURVE_WITH_KNOTS((3,3),(0.0,0.143813596402777),.UNSPECIFIED.)RATIONAL_B_SPLINE_CURVE((1.0,1.02820522505876,1.0))BOUNDED_CURVE()REPRESENTATION_ITEM('')GEOMETRIC_REPRESENTATION_ITEM()CURVE());
#3585=(B_SPLINE_CURVE(2,(#5098,#5099,#5100),.UNSPECIFIED.,.F.,.F.)B_SPLINE_CURVE_WITH_KNOTS((3,3),(5.9211121024126E-17,0.142009212284495),.UNSPECIFIED.)RATIONAL_B_SPLINE_CURVE((1.0,1.05489710531613,1.0))BOUNDED_CURVE()REPRESENTATION_ITEM('')GEOMETRIC_REPRESENTATION_ITEM()CURVE());
#3586=VERTEX_POINT('',#5107);
#3587=B_SPLINE_CURVE_WITH_KNOTS('',3,(#5108,#5109,#5110,#5111,#5112,#5113,#5114,#5115,#5116,#5117,#5118,#5119),.UNSPECIFIED.,.F.,.F.,(4,2,2,2,2,4),(0.0,0.00294818182467461,0.00598334128014535,0.00901067093023986,0.011900622031883,0.0123783217249468),.UNSPECIFIED.);
#3588=CIRCLE('',#5120,0.43);
#3589=B_SPLINE_CURVE_WITH_KNOTS('',3,(#5121,#5122,#5123,#5124,#5125,#5126,#5127,#5128,#5129,#5130,#5131,#5132),.UNSPECIFIED.,.F.,.F.,(4,2,2,2,2,4),(0.0123784227205311,0.0147065063445683,0.0175496378901849,0.0205364837280637,0.0226422938495623,0.0247526369780732),.UNSPECIFIED.);
#3590=(B_SPLINE_CURVE(2,(#5134,#5135,#5136),.UNSPECIFIED.,.F.,.F.)B_SPLINE_CURVE_WITH_KNOTS((3,3),(0.0,0.142009212284495),.UNSPECIFIED.)RATIONAL_B_SPLINE_CURVE((1.0,1.05489710531633,1.0))BOUNDED_CURVE()REPRESENTATION_ITEM('')GEOMETRIC_REPRESENTATION_ITEM()CURVE());
#3591=(B_SPLINE_CURVE(2,(#5144,#5145,#5146),.UNSPECIFIED.,.F.,.F.)B_SPLINE_CURVE_WITH_KNOTS((3,3),(1.19113517144532E-19,0.143813596402777),.UNSPECIFIED.)RATIONAL_B_SPLINE_CURVE((1.0,1.02820522505898,1.0))BOUNDED_CURVE()REPRESENTATION_ITEM('')GEOMETRIC_REPRESENTATION_ITEM()CURVE());
#3592=B_SPLINE_CURVE_WITH_KNOTS('',3,(#5153,#5154,#5155,#5156,#5157,#5158,#5159,#5160,#5161,#5162,#5163,#5164),.UNSPECIFIED.,.F.,.F.,(4,2,2,2,2,4),(0.0,0.00296134735956145,0.0059863945283501,0.0089975913566429,0.0118988583025359,0.0123535190630179),.UNSPECIFIED.);
#3593=CIRCLE('',#5165,0.55);
#3594=VERTEX_POINT('',#5166);
#3595=VERTEX_POINT('',#5167);
#3596=(B_SPLINE_CURVE(2,(#5169,#5170,#5171),.UNSPECIFIED.,.F.,.F.)B_SPLINE_CURVE_WITH_KNOTS((3,3),(0.0,0.142009212284495),.UNSPECIFIED.)RATIONAL_B_SPLINE_CURVE((1.0,1.05489710531638,1.0))BOUNDED_CURVE()REPRESENTATION_ITEM('')GEOMETRIC_REPRESENTATION_ITEM()CURVE());
#3597=VERTEX_POINT('',#5178);
#3598=LINE('',#5179,#5180);
#3599=VERTEX_POINT('',#5181);
#3600=(B_SPLINE_CURVE(2,(#5183,#5184,#5185),.UNSPECIFIED.,.F.,.F.)B_SPLINE_CURVE_WITH_KNOTS((3,3),(0.0,0.143813596402777),.UNSPECIFIED.)RATIONAL_B_SPLINE_CURVE((1.0,1.02820522505898,1.0))BOUNDED_CURVE()REPRESENTATION_ITEM('')GEOMETRIC_REPRESENTATION_ITEM()CURVE());
#3601=LINE('',#5192,#5193);
#3602=B_SPLINE_CURVE_WITH_KNOTS('',3,(#5194,#5195,#5196,#5197,#5198,#5199,#5200,#5201,#5202,#5203,#5204,#5205),.UNSPECIFIED.,.F.,.F.,(4,2,2,2,2,4),(0.0,0.00296728240036504,0.00599322899156703,0.0089975459109776,0.0118921285133176,0.0123534566508533),.UNSPECIFIED.);
#3603=B_SPLINE_CURVE_WITH_KNOTS('',3,(#5206,#5207,#5208,#5209,#5210,#5211,#5212,#5213,#5214,#5215,#5216,#5217),.UNSPECIFIED.,.F.,.F.,(4,2,2,2,2,4),(0.0123783217249468,0.014697753219009,0.0175540167111785,0.020550459166509,0.0226552914460689,0.0247526234464326),.UNSPECIFIED.);
#3604=CIRCLE('',#5218,0.43);
#3605=VERTEX_POINT('',#5219);
#3606=B_SPLINE_CURVE_WITH_KNOTS('',3,(#5220,#5221,#5222,#5223,#5224,#5225,#5226,#5227,#5228,#5229,#5230,#5231),.UNSPECIFIED.,.F.,.F.,(4,2,2,2,2,4),(0.0,0.00293559372482589,0.00596669836641573,0.00900703683154971,0.0119107981610535,0.0123784227205311),.UNSPECIFIED.);
#3607=VERTEX_POINT('',#5232);
#3608=LINE('',#5233,#5234);
#3609=B_SPLINE_CURVE_WITH_KNOTS('',3,(#5235,#5236,#5237,#5238,#5239,#5240,#5241,#5242,#5243,#5244,#5245,#5246),.UNSPECIFIED.,.F.,.F.,(4,2,2,2,2,4),(0.0123535190630179,0.0147231391345563,0.0175904500880405,0.0205699993318288,0.022636819738943,0.0247024145516),.UNSPECIFIED.);
#3610=VERTEX_POINT('',#5247);
#3611=(B_SPLINE_CURVE(2,(#5249,#5250,#5251),.UNSPECIFIED.,.F.,.F.)B_SPLINE_CURVE_WITH_KNOTS((3,3),(0.0,0.143813596402777),.UNSPECIFIED.)RATIONAL_B_SPLINE_CURVE((1.0,1.02820522505919,1.0))BOUNDED_CURVE()REPRESENTATION_ITEM('')GEOMETRIC_REPRESENTATION_ITEM()CURVE());
#3612=CIRCLE('',#5258,0.325);
#3613=VERTEX_POINT('',#5259);
#3614=LINE('',#5260,#5261);
#3615=CIRCLE('',#5262,0.207640586797066);
#3616=(B_SPLINE_CURVE(2,(#5264,#5265,#5266),.UNSPECIFIED.,.F.,.F.)B_SPLINE_CURVE_WITH_KNOTS((3,3),(8.89259732957634E-17,0.142009212284495),.UNSPECIFIED.)RATIONAL_B_SPLINE_CURVE((1.0,1.05489710531661,1.0))BOUNDED_CURVE()REPRESENTATION_ITEM('')GEOMETRIC_REPRESENTATION_ITEM()CURVE());
#3617=VERTEX_POINT('',#5273);
#3618=VERTEX_POINT('',#5274);
#3619=LINE('',#5275,#5276);
#3620=VERTEX_POINT('',#5277);
#3621=CIRCLE('',#5278,0.750000000000002);
#3622=VERTEX_POINT('',#5279);
#3623=LINE('',#5280,#5281);
#3624=CIRCLE('',#5282,0.550000000000002);
#3625=VERTEX_POINT('',#5283);
#3626=LINE('',#5284,#5285);
#3627=VERTEX_POINT('',#5286);
#3628=CIRCLE('',#5287,0.550000000000002);
#3629=LINE('',#5288,#5289);
#3630=CIRCLE('',#5290,0.550000000000002);
#3631=VERTEX_POINT('',#5291);
#3632=LINE('',#5292,#5293);
#3633=LINE('',#5294,#5295);
#3634=CIRCLE('',#5296,0.550000000000002);
#3635=VERTEX_POINT('',#5297);
#3636=VERTEX_POINT('',#5298);
#3637=LINE('',#5299,#5300);
#3638=VERTEX_POINT('',#5301);
#3639=CIRCLE('',#5302,0.612705937909523);
#3640=VERTEX_POINT('',#5303);
#3641=LINE('',#5304,#5305);
#3642=CIRCLE('',#5306,0.684999999999998);
#3643=VERTEX_POINT('',#5307);
#3644=LINE('',#5308,#5309);
#3645=VERTEX_POINT('',#5310);
#3646=CIRCLE('',#5311,0.684999999999998);
#3647=LINE('',#5312,#5313);
#3648=CIRCLE('',#5314,0.684999999999998);
#3649=VERTEX_POINT('',#5315);
#3650=LINE('',#5316,#5317);
#3651=CIRCLE('',#5318,0.684999999999998);
#3652=VERTEX_POINT('',#5319);
#3653=LINE('',#5320,#5321);
#3654=CIRCLE('',#5322,0.765000000000002);
#3655=VERTEX_POINT('',#5323);
#3656=VERTEX_POINT('',#5324);
#3657=LINE('',#5325,#5326);
#3658=VERTEX_POINT('',#5327);
#3659=CIRCLE('',#5328,0.692499999999998);
#3660=VERTEX_POINT('',#5329);
#3661=LINE('',#5330,#5331);
#3662=CIRCLE('',#5332,0.692499999999998);
#3663=VERTEX_POINT('',#5333);
#3664=VERTEX_POINT('',#5334);
#3665=LINE('',#5335,#5336);
#3666=VERTEX_POINT('',#5337);
#3667=CIRCLE('',#5338,0.899999999999999);
#3668=VERTEX_POINT('',#5339);
#3669=LINE('',#5340,#5341);
#3670=CIRCLE('',#5342,0.899999999999999);
#3671=VERTEX_POINT('',#5343);
#3672=VERTEX_POINT('',#5344);
#3673=LINE('',#5345,#5346);
#3674=VERTEX_POINT('',#5347);
#3675=CIRCLE('',#5348,0.250000000000004);
#3676=VERTEX_POINT('',#5349);
#3677=LINE('',#5350,#5351);
#3678=VERTEX_POINT('',#5352);
#3679=CIRCLE('',#5353,0.250000000000004);
#3680=CIRCLE('',#5354,0.250000000000004);
#3681=CIRCLE('',#5355,0.5);
#3682=CIRCLE('',#5356,0.250000000000004);
#3683=CIRCLE('',#5357,0.5);
#3684=CIRCLE('',#5358,0.612705937909523);
#3685=VERTEX_POINT('',#5359);
#3686=CIRCLE('',#5360,0.250000000000004);
#3687=CIRCLE('',#5361,0.250000000000004);
#3688=CIRCLE('',#5362,0.899999999999999);
#3689=CIRCLE('',#5363,0.899999999999999);
#3690=CIRCLE('',#5364,0.692499999999998);
#3691=CIRCLE('',#5365,0.692499999999998);
#3692=CIRCLE('',#5366,0.765000000000002);
#3693=CIRCLE('',#5367,0.750000000000002);
#3694=VERTEX_POINT('',#5368);
#3695=VERTEX_POINT('',#5369);
#3696=LINE('',#5370,#5371);
#3697=VERTEX_POINT('',#5372);
#3698=B_SPLINE_CURVE_WITH_KNOTS('',3,(#5373,#5374,#5375,#5376,#5377,#5378,#5379,#5380,#5381,#5382,#5383,#5384),.UNSPECIFIED.,.F.,.F.,(4,2,2,2,2,4),(0.0,0.00296134735956145,0.0059863945283501,0.0089975913566429,0.0118988583025359,0.0123535190630179),.UNSPECIFIED.);
#3699=VERTEX_POINT('',#5385);
#3700=LINE('',#5386,#5387);
#3701=B_SPLINE_CURVE_WITH_KNOTS('',3,(#5388,#5389,#5390,#5391,#5392,#5393,#5394,#5395,#5396,#5397,#5398,#5399),.UNSPECIFIED.,.F.,.F.,(4,2,2,2,2,4),(0.0123784227205311,0.0147065063445683,0.0175496378901849,0.0205364837280637,0.0226422938495623,0.0247526369780732),.UNSPECIFIED.);
#3702=VERTEX_POINT('',#5400);
#3703=VERTEX_POINT('',#5401);
#3704=LINE('',#5402,#5403);
#3705=VERTEX_POINT('',#5404);
#3706=CIRCLE('',#5405,0.43);
#3707=VERTEX_POINT('',#5406);
#3708=CIRCLE('',#5407,0.43);
#3709=VERTEX_POINT('',#5408);
#3710=LINE('',#5409,#5410);
#3711=CIRCLE('',#5411,0.43);
#3712=VERTEX_POINT('',#5412);
#3713=VERTEX_POINT('',#5413);
#3714=LINE('',#5414,#5415);
#3715=VERTEX_POINT('',#5416);
#3716=B_SPLINE_CURVE_WITH_KNOTS('',3,(#5417,#5418,#5419,#5420,#5421,#5422,#5423,#5424,#5425,#5426,#5427,#5428),.UNSPECIFIED.,.F.,.F.,(4,2,2,2,2,4),(0.0,0.00294818182467461,0.00598334128014535,0.00901067093023986,0.011900622031883,0.0123783217249468),.UNSPECIFIED.);
#3717=VERTEX_POINT('',#5429);
#3718=LINE('',#5430,#5431);
#3719=B_SPLINE_CURVE_WITH_KNOTS('',3,(#5432,#5433,#5434,#5435,#5436,#5437,#5438,#5439,#5440,#5441,#5442,#5443),.UNSPECIFIED.,.F.,.F.,(4,2,2,2,2,4),(0.0123534566508533,0.0147171539184032,0.0175910788589742,0.0205757351838291,0.0226421537504101,0.024702398964525),.UNSPECIFIED.);
#3720=VERTEX_POINT('',#5444);
#3721=VERTEX_POINT('',#5445);
#3722=LINE('',#5446,#5447);
#3723=VERTEX_POINT('',#5448);
#3724=CIRCLE('',#5449,0.55);
#3725=VERTEX_POINT('',#5450);
#3726=CIRCLE('',#5451,0.55);
#3727=VERTEX_POINT('',#5452);
#3728=LINE('',#5453,#5454);
#3729=CIRCLE('',#5455,0.55);
#3730=VERTEX_POINT('',#5456);
#3731=LINE('',#5457,#5458);
#3732=VERTEX_POINT('',#5459);
#3733=CIRCLE('',#5460,0.53);
#3734=LINE('',#5461,#5462);
#3735=CIRCLE('',#5463,0.43);
#3736=VERTEX_POINT('',#5464);
#3737=VERTEX_POINT('',#5465);
#3738=LINE('',#5466,#5467);
#3739=VERTEX_POINT('',#5468);
#3740=B_SPLINE_CURVE_WITH_KNOTS('',3,(#5469,#5470,#5471,#5472,#5473,#5474,#5475,#5476,#5477,#5478,#5479,#5480),.UNSPECIFIED.,.F.,.F.,(4,2,2,2,2,4),(0.0,0.00296728240036503,0.00599322899156722,0.00899754591097785,0.0118921285133178,0.0123534566508535),.UNSPECIFIED.);
#3741=VERTEX_POINT('',#5481);
#3742=LINE('',#5482,#5483);
#3743=B_SPLINE_CURVE_WITH_KNOTS('',3,(#5484,#5485,#5486,#5487,#5488,#5489,#5490,#5491,#5492,#5493,#5494,#5495),.UNSPECIFIED.,.F.,.F.,(4,2,2,2,2,4),(0.0123783217249468,0.0146977532190088,0.0175540167111781,0.0205504591665086,0.0226552914460683,0.0247526234464318),.UNSPECIFIED.);
#3744=VERTEX_POINT('',#5496);
#3745=VERTEX_POINT('',#5497);
#3746=LINE('',#5498,#5499);
#3747=VERTEX_POINT('',#5500);
#3748=B_SPLINE_CURVE_WITH_KNOTS('',3,(#5501,#5502,#5503,#5504,#5505,#5506,#5507,#5508,#5509,#5510,#5511,#5512),.UNSPECIFIED.,.F.,.F.,(4,2,2,2,2,4),(0.0,0.00293559372482587,0.00596669836641567,0.00900703683154972,0.0119107981610536,0.0123784227205313),.UNSPECIFIED.);
#3749=VERTEX_POINT('',#5513);
#3750=LINE('',#5514,#5515);
#3751=B_SPLINE_CURVE_WITH_KNOTS('',3,(#5516,#5517,#5518,#5519,#5520,#5521,#5522,#5523,#5524,#5525,#5526,#5527),.UNSPECIFIED.,.F.,.F.,(4,2,2,2,2,4),(0.0123535190630178,0.0147231391345562,0.0175904500880402,0.0205699993318284,0.0226368197389425,0.0247024145515996),.UNSPECIFIED.);
#3752=VERTEX_POINT('',#5528);
#3753=(B_SPLINE_CURVE(2,(#5530,#5531,#5532),.UNSPECIFIED.,.F.,.F.)B_SPLINE_CURVE_WITH_KNOTS((3,3),(8.8956238706069E-17,0.142009212284495),.UNSPECIFIED.)RATIONAL_B_SPLINE_CURVE((1.0,1.0548971053164,1.0))BOUNDED_CURVE()REPRESENTATION_ITEM('')GEOMETRIC_REPRESENTATION_ITEM()CURVE());
#3754=VERTEX_POINT('',#5539);
#3755=LINE('',#5540,#5541);
#3756=(B_SPLINE_CURVE(2,(#5543,#5544,#5545),.UNSPECIFIED.,.F.,.F.)B_SPLINE_CURVE_WITH_KNOTS((3,3),(0.0,0.143813596402777),.UNSPECIFIED.)RATIONAL_B_SPLINE_CURVE((1.0,1.02820522505888,1.0))BOUNDED_CURVE()REPRESENTATION_ITEM('')GEOMETRIC_REPRESENTATION_ITEM()CURVE());
#3757=VERTEX_POINT('',#5552);
#3758=CIRCLE('',#5553,0.207640586797066);
#3759=VERTEX_POINT('',#5554);
#3760=LINE('',#5555,#5556);
#3761=CIRCLE('',#5557,0.325);
#3762=(B_SPLINE_CURVE(2,(#5559,#5560,#5561),.UNSPECIFIED.,.F.,.F.)B_SPLINE_CURVE_WITH_KNOTS((3,3),(1.1911351714449E-19,0.143813596402777),.UNSPECIFIED.)RATIONAL_B_SPLINE_CURVE((1.0,1.02820522505876,1.0))BOUNDED_CURVE()REPRESENTATION_ITEM('')GEOMETRIC_REPRESENTATION_ITEM()CURVE());
#3763=(B_SPLINE_CURVE(2,(#5569,#5570,#5571),.UNSPECIFIED.,.F.,.F.)B_SPLINE_CURVE_WITH_KNOTS((3,3),(0.0,0.142009212284495),.UNSPECIFIED.)RATIONAL_B_SPLINE_CURVE((1.0,1.05489710531613,1.0))BOUNDED_CURVE()REPRESENTATION_ITEM('')GEOMETRIC_REPRESENTATION_ITEM()CURVE());
#3764=VERTEX_POINT('',#5578);
#3765=VERTEX_POINT('',#5579);
#3766=LINE('',#5580,#5581);
#3767=VERTEX_POINT('',#5582);
#3768=CIRCLE('',#5583,0.325);
#3769=VERTEX_POINT('',#5584);
#3770=LINE('',#5585,#5586);
#3771=CIRCLE('',#5587,0.207640586797066);
#3772=VERTEX_POINT('',#5588);
#3773=(B_SPLINE_CURVE(2,(#5590,#5591,#5592),.UNSPECIFIED.,.F.,.F.)B_SPLINE_CURVE_WITH_KNOTS((3,3),(0.0,0.142009212284495),.UNSPECIFIED.)RATIONAL_B_SPLINE_CURVE((1.0,1.05489710531644,1.0))BOUNDED_CURVE()REPRESENTATION_ITEM('')GEOMETRIC_REPRESENTATION_ITEM()CURVE());
#3774=VERTEX_POINT('',#5599);
#3775=LINE('',#5600,#5601);
#3776=(B_SPLINE_CURVE(2,(#5603,#5604,#5605),.UNSPECIFIED.,.F.,.F.)B_SPLINE_CURVE_WITH_KNOTS((3,3),(0.0,0.143813596402777),.UNSPECIFIED.)RATIONAL_B_SPLINE_CURVE((1.0,1.02820522505905,1.0))BOUNDED_CURVE()REPRESENTATION_ITEM('')GEOMETRIC_REPRESENTATION_ITEM()CURVE());
#3777=B_SPLINE_CURVE_WITH_KNOTS('',3,(#5612,#5613,#5614,#5615,#5616,#5617,#5618,#5619,#5620,#5621,#5622,#5623),.UNSPECIFIED.,.F.,.F.,(4,2,2,2,2,4),(0.0123535190630178,0.0147231391345562,0.0175904500880402,0.0205699993318284,0.0226368197389425,0.0247024145515996),.UNSPECIFIED.);
#3778=B_SPLINE_CURVE_WITH_KNOTS('',3,(#5624,#5625,#5626,#5627,#5628,#5629,#5630,#5631,#5632,#5633,#5634,#5635),.UNSPECIFIED.,.F.,.F.,(4,2,2,2,2,4),(0.0,0.00296134735956147,0.00598639452834994,0.00899759135664272,0.0118988583025358,0.0123535190630178),.UNSPECIFIED.);
#3779=B_SPLINE_CURVE_WITH_KNOTS('',3,(#5636,#5637,#5638,#5639,#5640,#5641,#5642,#5643,#5644,#5645,#5646,#5647),.UNSPECIFIED.,.F.,.F.,(4,2,2,2,2,4),(0.0123784227205313,0.0147065063445685,0.0175496378901851,0.020536483728064,0.0226422938495627,0.0247526369780737),.UNSPECIFIED.);
#3780=B_SPLINE_CURVE_WITH_KNOTS('',3,(#5648,#5649,#5650,#5651,#5652,#5653,#5654,#5655,#5656,#5657,#5658,#5659),.UNSPECIFIED.,.F.,.F.,(4,2,2,2,2,4),(0.0,0.00293559372482587,0.00596669836641567,0.00900703683154972,0.0119107981610536,0.0123784227205313),.UNSPECIFIED.);
#3781=VERTEX_POINT('',#5660);
#3782=VERTEX_POINT('',#5661);
#3783=LINE('',#5662,#5663);
#3784=VERTEX_POINT('',#5664);
#3785=CIRCLE('',#5665,0.325);
#3786=VERTEX_POINT('',#5666);
#3787=LINE('',#5667,#5668);
#3788=CIRCLE('',#5669,0.207640586797066);
#3789=VERTEX_POINT('',#5670);
#3790=(B_SPLINE_CURVE(2,(#5672,#5673,#5674),.UNSPECIFIED.,.F.,.F.)B_SPLINE_CURVE_WITH_KNOTS((3,3),(5.92111210241392E-17,0.142009212284495),.UNSPECIFIED.)RATIONAL_B_SPLINE_CURVE((1.0,1.05489710531638,1.0))BOUNDED_CURVE()REPRESENTATION_ITEM('')GEOMETRIC_REPRESENTATION_ITEM()CURVE());
#3791=VERTEX_POINT('',#5681);
#3792=(B_SPLINE_CURVE(2,(#5683,#5684,#5685),.UNSPECIFIED.,.F.,.F.)B_SPLINE_CURVE_WITH_KNOTS((3,3),(0.0,0.143813596402777),.UNSPECIFIED.)RATIONAL_B_SPLINE_CURVE((1.0,1.02820522505898,1.0))BOUNDED_CURVE()REPRESENTATION_ITEM('')GEOMETRIC_REPRESENTATION_ITEM()CURVE());
#3793=LINE('',#5692,#5693);
#3794=B_SPLINE_CURVE_WITH_KNOTS('',3,(#5694,#5695,#5696,#5697,#5698,#5699,#5700,#5701,#5702,#5703,#5704,#5705),.UNSPECIFIED.,.F.,.F.,(4,2,2,2,2,4),(0.0123783217249468,0.0146977532190088,0.0175540167111781,0.0205504591665086,0.0226552914460683,0.0247526234464318),.UNSPECIFIED.);
#3795=B_SPLINE_CURVE_WITH_KNOTS('',3,(#5706,#5707,#5708,#5709,#5710,#5711,#5712,#5713,#5714,#5715,#5716,#5717),.UNSPECIFIED.,.F.,.F.,(4,2,2,2,2,4),(1.15694013378381E-18,0.00294818182467463,0.00598334128014542,0.00901067093023995,0.011900622031883,0.0123783217249468),.UNSPECIFIED.);
#3796=VERTEX_POINT('',#5718);
#3797=B_SPLINE_CURVE_WITH_KNOTS('',3,(#5719,#5720,#5721,#5722,#5723,#5724,#5725,#5726,#5727,#5728,#5729,#5730),.UNSPECIFIED.,.F.,.F.,(4,2,2,2,2,4),(0.0123534566508535,0.0147171539184035,0.0175910788589745,0.0205757351838295,0.0226421537504106,0.0247023989645255),.UNSPECIFIED.);
#3798=B_SPLINE_CURVE_WITH_KNOTS('',3,(#5731,#5732,#5733,#5734,#5735,#5736,#5737,#5738,#5739,#5740,#5741,#5742),.UNSPECIFIED.,.F.,.F.,(4,2,2,2,2,4),(0.0,0.00296728240036503,0.00599322899156722,0.00899754591097785,0.0118921285133178,0.0123534566508535),.UNSPECIFIED.);
#3799=CIRCLE('',#5743,0.55);
#3800=CIRCLE('',#5744,0.55);
#3801=CIRCLE('',#5745,0.53);
#3802=B_SPLINE_CURVE_WITH_KNOTS('',3,(#5746,#5747,#5748,#5749,#5750,#5751,#5752,#5753,#5754,#5755,#5756,#5757),.UNSPECIFIED.,.F.,.F.,(4,2,2,2,2,4),(0.0123534566508533,0.0147171539184032,0.0175910788589742,0.0205757351838291,0.0226421537504101,0.024702398964525),.UNSPECIFIED.);
#3803=(B_SPLINE_CURVE(2,(#5759,#5760,#5761),.UNSPECIFIED.,.F.,.F.)B_SPLINE_CURVE_WITH_KNOTS((3,3),(0.0,0.143813596402777),.UNSPECIFIED.)RATIONAL_B_SPLINE_CURVE((1.0,1.02820522505876,1.0))BOUNDED_CURVE()REPRESENTATION_ITEM('')GEOMETRIC_REPRESENTATION_ITEM()CURVE());
#3804=(B_SPLINE_CURVE(2,(#5769,#5770,#5771),.UNSPECIFIED.,.F.,.F.)B_SPLINE_CURVE_WITH_KNOTS((3,3),(5.9211121024126E-17,0.142009212284495),.UNSPECIFIED.)RATIONAL_B_SPLINE_CURVE((1.0,1.05489710531613,1.0))BOUNDED_CURVE()REPRESENTATION_ITEM('')GEOMETRIC_REPRESENTATION_ITEM()CURVE());
#3805=VERTEX_POINT('',#5778);
#3806=B_SPLINE_CURVE_WITH_KNOTS('',3,(#5779,#5780,#5781,#5782,#5783,#5784,#5785,#5786,#5787,#5788,#5789,#5790),.UNSPECIFIED.,.F.,.F.,(4,2,2,2,2,4),(0.0,0.00294818182467461,0.00598334128014535,0.00901067093023986,0.011900622031883,0.0123783217249468),.UNSPECIFIED.);
#3807=CIRCLE('',#5791,0.43);
#3808=B_SPLINE_CURVE_WITH_KNOTS('',3,(#5792,#5793,#5794,#5795,#5796,#5797,#5798,#5799,#5800,#5801,#5802,#5803),.UNSPECIFIED.,.F.,.F.,(4,2,2,2,2,4),(0.0123784227205311,0.0147065063445683,0.0175496378901849,0.0205364837280637,0.0226422938495623,0.0247526369780732),.UNSPECIFIED.);
#3809=(B_SPLINE_CURVE(2,(#5805,#5806,#5807),.UNSPECIFIED.,.F.,.F.)B_SPLINE_CURVE_WITH_KNOTS((3,3),(0.0,0.142009212284495),.UNSPECIFIED.)RATIONAL_B_SPLINE_CURVE((1.0,1.05489710531633,1.0))BOUNDED_CURVE()REPRESENTATION_ITEM('')GEOMETRIC_REPRESENTATION_ITEM()CURVE());
#3810=(B_SPLINE_CURVE(2,(#5815,#5816,#5817),.UNSPECIFIED.,.F.,.F.)B_SPLINE_CURVE_WITH_KNOTS((3,3),(1.19113517144532E-19,0.143813596402777),.UNSPECIFIED.)RATIONAL_B_SPLINE_CURVE((1.0,1.02820522505898,1.0))BOUNDED_CURVE()REPRESENTATION_ITEM('')GEOMETRIC_REPRESENTATION_ITEM()CURVE());
#3811=B_SPLINE_CURVE_WITH_KNOTS('',3,(#5824,#5825,#5826,#5827,#5828,#5829,#5830,#5831,#5832,#5833,#5834,#5835),.UNSPECIFIED.,.F.,.F.,(4,2,2,2,2,4),(0.0,0.00296134735956145,0.0059863945283501,0.0089975913566429,0.0118988583025359,0.0123535190630179),.UNSPECIFIED.);
#3812=CIRCLE('',#5836,0.55);
#3813=VERTEX_POINT('',#5837);
#3814=VERTEX_POINT('',#5838);
#3815=(B_SPLINE_CURVE(2,(#5840,#5841,#5842),.UNSPECIFIED.,.F.,.F.)B_SPLINE_CURVE_WITH_KNOTS((3,3),(0.0,0.142009212284495),.UNSPECIFIED.)RATIONAL_B_SPLINE_CURVE((1.0,1.05489710531638,1.0))BOUNDED_CURVE()REPRESENTATION_ITEM('')GEOMETRIC_REPRESENTATION_ITEM()CURVE());
#3816=VERTEX_POINT('',#5849);
#3817=LINE('',#5850,#5851);
#3818=VERTEX_POINT('',#5852);
#3819=(B_SPLINE_CURVE(2,(#5854,#5855,#5856),.UNSPECIFIED.,.F.,.F.)B_SPLINE_CURVE_WITH_KNOTS((3,3),(0.0,0.143813596402777),.UNSPECIFIED.)RATIONAL_B_SPLINE_CURVE((1.0,1.02820522505898,1.0))BOUNDED_CURVE()REPRESENTATION_ITEM('')GEOMETRIC_REPRESENTATION_ITEM()CURVE());
#3820=LINE('',#5863,#5864);
#3821=B_SPLINE_CURVE_WITH_KNOTS('',3,(#5865,#5866,#5867,#5868,#5869,#5870,#5871,#5872,#5873,#5874,#5875,#5876),.UNSPECIFIED.,.F.,.F.,(4,2,2,2,2,4),(0.0,0.00296728240036504,0.00599322899156703,0.0089975459109776,0.0118921285133176,0.0123534566508533),.UNSPECIFIED.);
#3822=B_SPLINE_CURVE_WITH_KNOTS('',3,(#5877,#5878,#5879,#5880,#5881,#5882,#5883,#5884,#5885,#5886,#5887,#5888),.UNSPECIFIED.,.F.,.F.,(4,2,2,2,2,4),(0.0123783217249468,0.014697753219009,0.0175540167111785,0.020550459166509,0.0226552914460689,0.0247526234464326),.UNSPECIFIED.);
#3823=CIRCLE('',#5889,0.43);
#3824=VERTEX_POINT('',#5890);
#3825=B_SPLINE_CURVE_WITH_KNOTS('',3,(#5891,#5892,#5893,#5894,#5895,#5896,#5897,#5898,#5899,#5900,#5901,#5902),.UNSPECIFIED.,.F.,.F.,(4,2,2,2,2,4),(0.0,0.00293559372482589,0.00596669836641573,0.00900703683154971,0.0119107981610535,0.0123784227205311),.UNSPECIFIED.);
#3826=VERTEX_POINT('',#5903);
#3827=LINE('',#5904,#5905);
#3828=B_SPLINE_CURVE_WITH_KNOTS('',3,(#5906,#5907,#5908,#5909,#5910,#5911,#5912,#5913,#5914,#5915,#5916,#5917),.UNSPECIFIED.,.F.,.F.,(4,2,2,2,2,4),(0.0123535190630179,0.0147231391345563,0.0175904500880405,0.0205699993318288,0.022636819738943,0.0247024145516),.UNSPECIFIED.);
#3829=VERTEX_POINT('',#5918);
#3830=(B_SPLINE_CURVE(2,(#5920,#5921,#5922),.UNSPECIFIED.,.F.,.F.)B_SPLINE_CURVE_WITH_KNOTS((3,3),(0.0,0.143813596402777),.UNSPECIFIED.)RATIONAL_B_SPLINE_CURVE((1.0,1.02820522505919,1.0))BOUNDED_CURVE()REPRESENTATION_ITEM('')GEOMETRIC_REPRESENTATION_ITEM()CURVE());
#3831=CIRCLE('',#5929,0.325);
#3832=VERTEX_POINT('',#5930);
#3833=LINE('',#5931,#5932);
#3834=CIRCLE('',#5933,0.207640586797066);
#3835=(B_SPLINE_CURVE(2,(#5935,#5936,#5937),.UNSPECIFIED.,.F.,.F.)B_SPLINE_CURVE_WITH_KNOTS((3,3),(8.89259732957634E-17,0.142009212284495),.UNSPECIFIED.)RATIONAL_B_SPLINE_CURVE((1.0,1.05489710531661,1.0))BOUNDED_CURVE()REPRESENTATION_ITEM('')GEOMETRIC_REPRESENTATION_ITEM()CURVE());
#3836=VERTEX_POINT('',#5944);
#3837=VERTEX_POINT('',#5945);
#3838=LINE('',#5946,#5947);
#3839=VERTEX_POINT('',#5948);
#3840=CIRCLE('',#5949,4.75);
#3841=VERTEX_POINT('',#5950);
#3842=LINE('',#5951,#5952);
#3843=CIRCLE('',#5953,4.75);
#3844=VERTEX_POINT('',#5954);
#3845=VERTEX_POINT('',#5955);
#3846=LINE('',#5956,#5957);
#3847=VERTEX_POINT('',#5958);
#3848=CIRCLE('',#5959,1.6);
#3849=VERTEX_POINT('',#5960);
#3850=LINE('',#5961,#5962);
#3851=CIRCLE('',#5963,1.6);
#3852=VERTEX_POINT('',#5964);
#3853=VERTEX_POINT('',#5965);
#3854=LINE('',#5966,#5967);
#3855=VERTEX_POINT('',#5968);
#3856=CIRCLE('',#5969,0.7);
#3857=VERTEX_POINT('',#5970);
#3858=LINE('',#5971,#5972);
#3859=CIRCLE('',#5973,0.7);
#3860=VERTEX_POINT('',#5974);
#3861=VERTEX_POINT('',#5975);
#3862=LINE('',#5976,#5977);
#3863=VERTEX_POINT('',#5978);
#3864=CIRCLE('',#5979,0.95);
#3865=VERTEX_POINT('',#5980);
#3866=LINE('',#5981,#5982);
#3867=CIRCLE('',#5983,0.95);
#3868=VERTEX_POINT('',#5984);
#3869=VERTEX_POINT('',#5985);
#3870=LINE('',#5986,#5987);
#3871=VERTEX_POINT('',#5988);
#3872=CIRCLE('',#5989,0.7);
#3873=VERTEX_POINT('',#5990);
#3874=LINE('',#5991,#5992);
#3875=CIRCLE('',#5993,0.7);
#3876=VERTEX_POINT('',#5994);
#3877=VERTEX_POINT('',#5995);
#3878=LINE('',#5996,#5997);
#3879=VERTEX_POINT('',#5998);
#3880=CIRCLE('',#5999,0.95);
#3881=VERTEX_POINT('',#6000);
#3882=LINE('',#6001,#6002);
#3883=CIRCLE('',#6003,0.95);
#3884=VERTEX_POINT('',#6004);
#3885=VERTEX_POINT('',#6005);
#3886=LINE('',#6006,#6007);
#3887=VERTEX_POINT('',#6008);
#3888=CIRCLE('',#6009,0.7);
#3889=VERTEX_POINT('',#6010);
#3890=LINE('',#6011,#6012);
#3891=CIRCLE('',#6013,0.7);
#3892=VERTEX_POINT('',#6014);
#3893=VERTEX_POINT('',#6015);
#3894=LINE('',#6016,#6017);
#3895=VERTEX_POINT('',#6018);
#3896=CIRCLE('',#6019,0.95);
#3897=VERTEX_POINT('',#6020);
#3898=LINE('',#6021,#6022);
#3899=CIRCLE('',#6023,0.95);
#3900=CIRCLE('',#6024,0.95);
#3901=CIRCLE('',#6025,0.7);
#3902=CIRCLE('',#6026,0.95);
#3903=CIRCLE('',#6027,0.7);
#3904=CIRCLE('',#6028,0.95);
#3905=CIRCLE('',#6029,0.7);
#3906=CIRCLE('',#6030,0.95);
#3907=CIRCLE('',#6031,0.7);
#3908=CIRCLE('',#6032,0.95);
#3909=CIRCLE('',#6033,0.7);
#3910=CIRCLE('',#6034,0.95);
#3911=CIRCLE('',#6035,0.7);
#3912=CIRCLE('',#6036,1.6);
#3913=CIRCLE('',#6037,1.6);
#3914=VERTEX_POINT('',#6038);
#3915=VERTEX_POINT('',#6039);
#3916=CIRCLE('',#6040,1.5);
#3917=VERTEX_POINT('',#6041);
#3918=LINE('',#6042,#6043);
#3919=VERTEX_POINT('',#6044);
#3920=CIRCLE('',#6045,1.5);
#3921=LINE('',#6046,#6047);
#3922=CIRCLE('',#6048,0.5);
#3923=CIRCLE('',#6049,0.5);
#3924=VERTEX_POINT('',#6050);
#3925=CIRCLE('',#6051,4.75);
#3926=VERTEX_POINT('',#6052);
#3927=LINE('',#6053,#6054);
#3928=CIRCLE('',#6055,4.75);
#3929=CIRCLE('',#6056,0.5);
#3930=CIRCLE('',#6057,0.5);
#3931=CARTESIAN_POINT('',(-18.692758293121,14.7090521710046,2.9000000000001));
#3932=CARTESIAN_POINT('',(-18.892758293121,14.7090521710046,2.6616492814813));
#3933=CARTESIAN_POINT('',(-18.792758293121,14.7090521710046,2.7808246407407));
#3934=VECTOR('',#6058,1.0);
#3935=CARTESIAN_POINT('',(-20.192758293121,14.7090521710046,2.9000000000001));
#3936=AXIS2_PLACEMENT_3D('',#6059,#6060,#6061);
#3937=CARTESIAN_POINT('',(-19.992758293121,14.7090521710046,2.6616492814813));
#3938=CARTESIAN_POINT('',(-20.092758293121,14.7090521710046,2.7808246407407));
#3939=VECTOR('',#6062,1.0);
#3940=AXIS2_PLACEMENT_3D('',#6063,#6064,#6065);
#3941=CARTESIAN_POINT('',(-18.892758293121,14.7090521710046,-0.499999999999901));
#3942=CARTESIAN_POINT('',(-18.892758293121,14.7090521710046,1.0808246407407));
#3943=VECTOR('',#6066,1.0);
#3944=CARTESIAN_POINT('',(-19.992758293121,14.7090521710046,-0.4999999999999));
#3945=AXIS2_PLACEMENT_3D('',#6067,#6068,#6069);
#3946=CARTESIAN_POINT('',(-19.992758293121,14.7090521710046,1.0808246407407));
#3947=VECTOR('',#6070,1.0);
#3948=AXIS2_PLACEMENT_3D('',#6071,#6072,#6073);
#3949=CARTESIAN_POINT('',(-19.442758293121,14.7090521710046,-0.8175426480529));
#3950=CARTESIAN_POINT('',(-19.717758293121,14.7090521710046,-0.658771324027001));
#3951=VECTOR('',#6074,1.0);
#3952=CARTESIAN_POINT('',(-19.167758293121,14.7090521710046,-0.658771324027001));
#3953=VECTOR('',#6075,1.0);
#3954=AXIS2_PLACEMENT_3D('',#6076,#6077,#6078);
#3955=CARTESIAN_POINT('',(-18.8300523552115,14.7090521710046,-0.999999999999901));
#3956=CARTESIAN_POINT('',(-18.757758293121,14.7090521710046,-0.589999999999904));
#3957=CARTESIAN_POINT('',(-18.7939053241662,14.7090521710046,-0.794999999999902));
#3958=VECTOR('',#6079,1.0);
#3959=CARTESIAN_POINT('',(-20.0554642310305,14.7090521710046,-0.999999999999901));
#3960=AXIS2_PLACEMENT_3D('',#6080,#6081,#6082);
#3961=CARTESIAN_POINT('',(-20.127758293121,14.7090521710046,-0.589999999999904));
#3962=CARTESIAN_POINT('',(-20.0916112620758,14.7090521710046,-0.794999999999902));
#3963=VECTOR('',#6083,1.0);
#3964=AXIS2_PLACEMENT_3D('',#6084,#6085,#6086);
#3965=CARTESIAN_POINT('',(-18.757758293121,14.7090521710046,1.1014359353946));
#3966=CARTESIAN_POINT('',(-18.757758293121,14.7090521710046,0.255717967697301));
#3967=VECTOR('',#6087,1.0);
#3968=CARTESIAN_POINT('',(-20.127758293121,14.7090521710046,1.1014359353946));
#3969=AXIS2_PLACEMENT_3D('',#6088,#6089,#6090);
#3970=CARTESIAN_POINT('',(-20.127758293121,14.7090521710046,0.255717967697301));
#3971=VECTOR('',#6091,1.0);
#3972=AXIS2_PLACEMENT_3D('',#6092,#6093,#6094);
#3973=CARTESIAN_POINT('',(-18.677758293121,14.7090521710046,1.4000000000001));
#3974=CARTESIAN_POINT('',(-18.717758293121,14.7090521710046,1.2507179676973));
#3975=VECTOR('',#6095,1.0);
#3976=AXIS2_PLACEMENT_3D('',#6096,#6097,#6098);
#3977=CARTESIAN_POINT('',(-20.207758293121,14.7090521710046,1.4000000000001));
#3978=CARTESIAN_POINT('',(-20.167758293121,14.7090521710046,1.2507179676973));
#3979=VECTOR('',#6099,1.0);
#3980=AXIS2_PLACEMENT_3D('',#6100,#6101,#6102);
#3981=CARTESIAN_POINT('',(-18.750258293121,14.7090521710046,2.1500000000001));
#3982=CARTESIAN_POINT('',(-18.750258293121,14.7090521710046,1.4000000000001));
#3983=CARTESIAN_POINT('',(-18.750258293121,14.7090521710046,1.7750000000001));
#3984=VECTOR('',#6103,1.0);
#3985=CARTESIAN_POINT('',(-20.135258293121,14.7090521710046,2.1500000000001));
#3986=AXIS2_PLACEMENT_3D('',#6104,#6105,#6106);
#3987=CARTESIAN_POINT('',(-20.135258293121,14.7090521710046,1.4000000000001));
#3988=CARTESIAN_POINT('',(-20.135258293121,14.7090521710046,1.7750000000001));
#3989=VECTOR('',#6107,1.0);
#3990=AXIS2_PLACEMENT_3D('',#6108,#6109,#6110);
#3991=CARTESIAN_POINT('',(-18.542758293121,14.7090521710046,2.9000000000001));
#3992=CARTESIAN_POINT('',(-18.542758293121,14.7090521710046,2.1500000000001));
#3993=CARTESIAN_POINT('',(-18.542758293121,14.7090521710046,2.5250000000001));
#3994=VECTOR('',#6111,1.0);
#3995=CARTESIAN_POINT('',(-20.342758293121,14.7090521710046,2.9000000000001));
#3996=AXIS2_PLACEMENT_3D('',#6112,#6113,#6114);
#3997=CARTESIAN_POINT('',(-20.342758293121,14.7090521710046,2.1500000000001));
#3998=CARTESIAN_POINT('',(-20.342758293121,14.7090521710046,2.5250000000001));
#3999=VECTOR('',#6115,1.0);
#4000=AXIS2_PLACEMENT_3D('',#6116,#6117,#6118);
#4001=CARTESIAN_POINT('',(-19.192758293121,14.7090521710046,-1.4807809693765));
#4002=CARTESIAN_POINT('',(-19.192758293121,14.7090521710046,-4.2499999999999));
#4003=CARTESIAN_POINT('',(-19.192758293121,14.7090521710046,-2.6249999999999));
#4004=VECTOR('',#6119,1.0);
#4005=CARTESIAN_POINT('',(-19.692758293121,14.7090521710046,-1.4807809693765));
#4006=AXIS2_PLACEMENT_3D('',#6120,#6121,#6122);
#4007=CARTESIAN_POINT('',(-19.692758293121,14.7090521710046,-4.2499999999999));
#4008=CARTESIAN_POINT('',(-19.692758293121,14.7090521710046,-2.6249999999999));
#4009=VECTOR('',#6123,1.0);
#4010=CARTESIAN_POINT('',(-19.442758293121,14.4590521710046,-4.2499999999999));
#4011=AXIS2_PLACEMENT_3D('',#6124,#6125,#6126);
#4012=AXIS2_PLACEMENT_3D('',#6127,#6128,#6129);
#4013=AXIS2_PLACEMENT_3D('',#6130,#6131,#6132);
#4014=AXIS2_PLACEMENT_3D('',#6133,#6134,#6135);
#4015=AXIS2_PLACEMENT_3D('',#6136,#6137,#6138);
#4016=AXIS2_PLACEMENT_3D('',#6139,#6140,#6141);
#4017=CARTESIAN_POINT('',(-19.442758293121,14.9590521710046,-4.2499999999999));
#4018=AXIS2_PLACEMENT_3D('',#6142,#6143,#6144);
#4019=AXIS2_PLACEMENT_3D('',#6145,#6146,#6147);
#4020=AXIS2_PLACEMENT_3D('',#6148,#6149,#6150);
#4021=AXIS2_PLACEMENT_3D('',#6151,#6152,#6153);
#4022=AXIS2_PLACEMENT_3D('',#6154,#6155,#6156);
#4023=AXIS2_PLACEMENT_3D('',#6157,#6158,#6159);
#4024=AXIS2_PLACEMENT_3D('',#6160,#6161,#6162);
#4025=AXIS2_PLACEMENT_3D('',#6163,#6164,#6165);
#4026=CARTESIAN_POINT('',(-18.9080663572956,14.6383808170245,1.99059664990235));
#4027=CARTESIAN_POINT('',(-19.0295795663957,14.6374201877255,1.99059664990235));
#4028=CARTESIAN_POINT('',(-18.9617738311985,14.6379562296616,1.99059664990235));
#4029=VECTOR('',#6166,1.0);
#4030=CARTESIAN_POINT('',(-18.9092621421097,14.6383713636825,1.98270191306025));
#4031=CARTESIAN_POINT('',(-18.9092621421097,14.6383713636825,1.98270191306025));
#4032=CARTESIAN_POINT('',(-18.9078524558779,14.6378682519081,1.99245893211682));
#4033=CARTESIAN_POINT('',(-18.9061845999013,14.6392795726548,2.00218501255824));
#4034=CARTESIAN_POINT('',(-18.9025828557992,14.6457681399166,2.02070724528297));
#4035=CARTESIAN_POINT('',(-18.9006774255106,14.6508716233132,2.02932990742593));
#4036=CARTESIAN_POINT('',(-18.8972019146489,14.6641124616997,2.04406725290749));
#4037=CARTESIAN_POINT('',(-18.8956635095554,14.6721329884533,2.05007861613707));
#4038=CARTESIAN_POINT('',(-18.8934999044795,14.6898125398864,2.05848994545881));
#4039=CARTESIAN_POINT('',(-18.8928697413537,14.6992201831098,2.06092813986737));
#4040=CARTESIAN_POINT('',(-18.8927646517936,14.7103789048949,2.06160370679005));
#4041=CARTESIAN_POINT('',(-18.8927635454557,14.7118905498894,2.0616492814813));
#4042=CARTESIAN_POINT('',(-18.8927754792083,14.7134000901233,2.0616492814813));
#4043=CARTESIAN_POINT('',(-19.0307831474404,14.6374106727499,1.98270191306025));
#4044=CARTESIAN_POINT('',(-19.4421662168173,14.6341584614677,1.98270191306025));
#4045=VECTOR('',#6167,0.121524802668628);
#4046=CARTESIAN_POINT('',(-19.0127717295165,14.7124514532246,2.0616492814813));
#4047=CARTESIAN_POINT('',(-19.0127106470343,14.7047249259919,2.0616492814813));
#4048=CARTESIAN_POINT('',(-19.0130413578384,14.6970506022408,2.06045637551406));
#4049=CARTESIAN_POINT('',(-19.0145604536005,14.6806991509358,2.05525416033699));
#4050=CARTESIAN_POINT('',(-19.0159025228853,14.6723818561827,2.05074584659067));
#4051=CARTESIAN_POINT('',(-19.0192542286257,14.6575194649149,2.03869882263621));
#4052=CARTESIAN_POINT('',(-19.0212611890598,14.6512039670262,2.03111435694626));
#4053=CARTESIAN_POINT('',(-19.0246629876584,14.6432219570031,2.01652866582154));
#4054=CARTESIAN_POINT('',(-19.0260519469626,14.6407591100088,2.01006190394871));
#4055=CARTESIAN_POINT('',(-19.0286199542904,14.6376658349748,1.99659758679538));
#4056=CARTESIAN_POINT('',(-19.0297868578745,14.6370520655027,1.98965523069488));
#4057=CARTESIAN_POINT('',(-19.0307831474404,14.6374106727499,1.98270191306025));
#4058=CARTESIAN_POINT('',(-19.0127717295165,14.7124514532246,2.0616492814813));
#4059=CARTESIAN_POINT('',(-19.0127717295165,14.7124514532246,2.5616492814813));
#4060=CARTESIAN_POINT('',(-19.0127717295165,14.7124514532246,2.3116492814813));
#4061=VECTOR('',#6168,1.0);
#4062=CARTESIAN_POINT('',(-19.439359010901,14.2790656074001,2.0616492814813));
#4063=AXIS2_PLACEMENT_3D('',#6169,#6170,#6171);
#4064=CARTESIAN_POINT('',(-19.8727448567255,14.7056528887846,2.0616492814813));
#4065=AXIS2_PLACEMENT_3D('',#6172,#6173,#6174);
#4066=CARTESIAN_POINT('',(-19.8727448567255,14.7056528887846,2.5616492814813));
#4067=CARTESIAN_POINT('',(-19.8727448567255,14.7056528887846,2.3116492814813));
#4068=VECTOR('',#6175,1.0);
#4069=AXIS2_PLACEMENT_3D('',#6176,#6177,#6178);
#4070=CARTESIAN_POINT('',(-19.5209137289157,15.1210467451225,1.99059664990234));
#4071=CARTESIAN_POINT('',(-19.5218743582147,15.2425599542226,1.99059664990235));
#4072=CARTESIAN_POINT('',(-19.5214497715811,15.1888525725624,1.99059664990235));
#4073=VECTOR('',#6179,1.0);
#4074=CARTESIAN_POINT('',(-19.5209042139401,15.1198431640778,1.98270191306025));
#4075=CARTESIAN_POINT('',(-19.5209042139401,15.1198431640778,1.98270191306025));
#4076=CARTESIAN_POINT('',(-19.5214272104481,15.1212270979007,1.99241718410681));
#4077=CARTESIAN_POINT('',(-19.5200569426953,15.1229759607634,2.00208639268627));
#4078=CARTESIAN_POINT('',(-19.5136880112205,15.1269275201225,2.02056695056992));
#4079=CARTESIAN_POINT('',(-19.5086308820578,15.1291060423783,2.02920293928425));
#4080=CARTESIAN_POINT('',(-19.4954735722431,15.1331916994418,2.04397569445336));
#4081=CARTESIAN_POINT('',(-19.4874722101356,15.1350638483134,2.05001761962111));
#4082=CARTESIAN_POINT('',(-19.4698612846,15.1378026021355,2.05843909724712));
#4083=CARTESIAN_POINT('',(-19.4605211135843,15.1386781297796,2.06088709670743));
#4084=CARTESIAN_POINT('',(-19.4493303580892,15.1389973369519,2.06159901816442));
#4085=CARTESIAN_POINT('',(-19.4477428790823,15.1390262019039,2.0616492814813));
#4086=CARTESIAN_POINT('',(-19.446157575341,15.1390387346091,2.0616492814813));
#4087=CARTESIAN_POINT('',(-19.5218649048727,15.2413641694085,1.98270191306025));
#4088=CARTESIAN_POINT('',(-19.5176520026579,14.7084600947009,1.98270191306025));
#4089=VECTOR('',#6180,0.121524802668628);
#4090=CARTESIAN_POINT('',(-19.4471062122396,15.2590349849173,2.0616492814813));
#4091=CARTESIAN_POINT('',(-19.4549537214013,15.2589729460058,2.0616492814813));
#4092=CARTESIAN_POINT('',(-19.4627446832498,15.2585551449433,2.060418407041));
#4093=CARTESIAN_POINT('',(-19.4792709159633,15.2569243040501,2.05506281638106));
#4094=CARTESIAN_POINT('',(-19.4876448741303,15.2555798000101,2.05043648322585));
#4095=CARTESIAN_POINT('',(-19.5024552021843,15.252310676378,2.03814792819331));
#4096=CARTESIAN_POINT('',(-19.5086786411261,15.2503988847092,2.03047992978592));
#4097=CARTESIAN_POINT('',(-19.5164146792846,15.2471792764975,2.01587935140821));
#4098=CARTESIAN_POINT('',(-19.5187609329992,15.2458782155865,2.00949650899004));
#4099=CARTESIAN_POINT('',(-19.5216718600994,15.2434532848199,1.99627438447744));
#4100=CARTESIAN_POINT('',(-19.5222303515723,15.242339152539,1.98948931968219));
#4101=CARTESIAN_POINT('',(-19.5218649048727,15.2413641694085,1.98270191306025));
#4102=CARTESIAN_POINT('',(-18.8927754792083,14.7134000901233,2.0616492814813));
#4103=CARTESIAN_POINT('',(-18.8927754792083,14.7134000901233,2.6616492814813));
#4104=CARTESIAN_POINT('',(-18.8927754792083,14.7134000901233,2.3616492814813));
#4105=VECTOR('',#6181,1.0);
#4106=CARTESIAN_POINT('',(-19.4471062122396,15.2590349849173,2.0616492814813));
#4107=AXIS2_PLACEMENT_3D('',#6182,#6183,#6184);
#4108=CARTESIAN_POINT('',(-19.9927411070337,14.704704251886,2.0616492814813));
#4109=AXIS2_PLACEMENT_3D('',#6185,#6186,#6187);
#4110=CARTESIAN_POINT('',(-19.9927411070337,14.704704251886,2.6616492814813));
#4111=CARTESIAN_POINT('',(-19.9927411070337,14.704704251886,2.3616492814813));
#4112=VECTOR('',#6188,1.0);
#4113=AXIS2_PLACEMENT_3D('',#6189,#6190,#6191);
#4114=CARTESIAN_POINT('',(-18.9127748542597,14.7132419839735,2.6616492814813));
#4115=CARTESIAN_POINT('',(-18.9627732918881,14.7128467185991,2.6116492814813));
#4116=VECTOR('',#6192,1.0);
#4117=CARTESIAN_POINT('',(-19.9727417319823,14.7048623580357,2.6616492814813));
#4118=AXIS2_PLACEMENT_3D('',#6193,#6194,#6195);
#4119=CARTESIAN_POINT('',(-19.9227432943539,14.7052576234101,2.6116492814813));
#4120=VECTOR('',#6196,1.0);
#4121=AXIS2_PLACEMENT_3D('',#6197,#6198,#6199);
#4122=CARTESIAN_POINT('',(-19.5134296471011,14.1743602351792,1.99059664990235));
#4123=CARTESIAN_POINT('',(-19.5143902764001,14.2958734442793,1.99059664990235));
#4124=CARTESIAN_POINT('',(-19.5138542337347,14.2280676168394,1.99059664990235));
#4125=VECTOR('',#6200,1.0);
#4126=CARTESIAN_POINT('',(-19.5134391004431,14.1755560199933,1.98270191306025));
#4127=CARTESIAN_POINT('',(-19.5134391004431,14.1755560199933,1.98270191306025));
#4128=CARTESIAN_POINT('',(-19.5139432205385,14.174143508512,1.99247848683269));
#4129=CARTESIAN_POINT('',(-19.5125252211879,14.1724717810422,2.00222383056503));
#4130=CARTESIAN_POINT('',(-19.5060149911073,14.1688652021125,2.02076205472169));
#4131=CARTESIAN_POINT('',(-19.5009028256322,14.1669593029798,2.0293831426348));
#4132=CARTESIAN_POINT('',(-19.487661863749,14.163488852606,2.04409433217124));
#4133=CARTESIAN_POINT('',(-19.4796572778096,14.1619549318763,2.05008816123021));
#4134=CARTESIAN_POINT('',(-19.4620183297188,14.1597962639273,2.05848029923494));
#4135=CARTESIAN_POINT('',(-19.4526338038552,14.1591664799987,2.06091692522951));
#4136=CARTESIAN_POINT('',(-19.4414757592239,14.1590585650793,2.06160236411676));
#4137=CARTESIAN_POINT('',(-19.4399419901004,14.1590572488173,2.0616492814813));
#4138=CARTESIAN_POINT('',(-19.4384103740023,14.1590693570919,2.0616492814813));
#4139=CARTESIAN_POINT('',(-19.5143997913757,14.297077025324,1.98270191306025));
#4140=CARTESIAN_POINT('',(-19.5176520026579,14.7084600947009,1.98270191306025));
#4141=VECTOR('',#6201,0.121524802668628);
#4142=CARTESIAN_POINT('',(-19.439359010901,14.2790656074001,2.0616492814813));
#4143=CARTESIAN_POINT('',(-19.4470563225773,14.279004755883,2.0616492814813));
#4144=CARTESIAN_POINT('',(-19.4547023827022,14.279332709411,2.06046536974672));
#4145=CARTESIAN_POINT('',(-19.4710744204923,14.2808474740366,2.05527722613562));
#4146=CARTESIAN_POINT('',(-19.4794320428572,14.2821955452808,2.05074995001954));
#4147=CARTESIAN_POINT('',(-19.4943452383506,14.285562056103,2.03864759977854));
#4148=CARTESIAN_POINT('',(-19.5006723250863,14.2875767507606,2.03103079384414));
#4149=CARTESIAN_POINT('',(-19.5086413856453,14.2909839528281,2.01640580342446));
#4150=CARTESIAN_POINT('',(-19.5110918059599,14.292371398043,2.00993762164086));
#4151=CARTESIAN_POINT('',(-19.5141521610801,14.2949282149911,1.9965122285581));
#4152=CARTESIAN_POINT('',(-19.5147561888305,14.2960868750457,1.98961238329538));
#4153=CARTESIAN_POINT('',(-19.5143997913757,14.297077025324,1.98270191306025));
#4154=CARTESIAN_POINT('',(-19.8547528672389,14.6308967352099,1.99059664990234));
#4155=CARTESIAN_POINT('',(-19.976266076339,14.6299361059109,1.99059664990235));
#4156=CARTESIAN_POINT('',(-19.9225586024361,14.6303606932738,1.99059664990235));
#4157=VECTOR('',#6202,1.0);
#4158=CARTESIAN_POINT('',(-19.8535492861942,14.6309062501855,1.98270191306025));
#4159=CARTESIAN_POINT('',(-19.8535492861942,14.6309062501855,1.98270191306025));
#4160=CARTESIAN_POINT('',(-19.8549273109185,14.6303854867597,1.99237570199707));
#4161=CARTESIAN_POINT('',(-19.8566671155712,14.6317418477189,2.00200417321325));
#4162=CARTESIAN_POINT('',(-19.8606047457678,14.6380631844599,2.02044426917826));
#4163=CARTESIAN_POINT('',(-19.8627798647918,14.643097162895,2.02907799740178));
#4164=CARTESIAN_POINT('',(-19.8668748174512,14.6562414975754,2.04390056356752));
#4165=CARTESIAN_POINT('',(-19.8687578056142,14.6642696245397,2.04997949963098));
#4166=CARTESIAN_POINT('',(-19.8715112144141,14.6819560625198,2.05844743379402));
#4167=CARTESIAN_POINT('',(-19.8723899410805,14.6913425979487,2.06090337616175));
#4168=CARTESIAN_POINT('',(-19.8727046658566,14.7025468431063,2.06160110961443));
#4169=CARTESIAN_POINT('',(-19.872732587549,14.7041009196645,2.0616492814813));
#4170=CARTESIAN_POINT('',(-19.8727448567255,14.7056528887846,2.0616492814813));
#4171=CARTESIAN_POINT('',(-19.9750702915249,14.6299455592529,1.98270191306025));
#4172=CARTESIAN_POINT('',(-19.4421662168173,14.6341584614677,1.98270191306025));
#4173=VECTOR('',#6203,0.121524802668628);
#4174=CARTESIAN_POINT('',(-19.9927411070337,14.704704251886,2.0616492814813));
#4175=CARTESIAN_POINT('',(-19.9926789102,14.6968367666139,2.0616492814813));
#4176=CARTESIAN_POINT('',(-19.9922591247975,14.6890264797722,2.06041213814337));
#4177=CARTESIAN_POINT('',(-19.9906250946452,14.6725069541326,2.05504437451412));
#4178=CARTESIAN_POINT('',(-19.9892831960812,14.6641542498753,2.05042603880825));
#4179=CARTESIAN_POINT('',(-19.986020836533,14.6493725070333,2.03816331194919));
#4180=CARTESIAN_POINT('',(-19.9841127606533,14.643156726688,2.03051128776882));
#4181=CARTESIAN_POINT('',(-19.9808960263587,14.6354170002601,2.01593016785698));
#4182=CARTESIAN_POINT('',(-19.9795944155895,14.6330656964573,2.00954782880499));
#4183=CARTESIAN_POINT('',(-19.977165188572,14.6301415104314,1.99630950986317));
#4184=CARTESIAN_POINT('',(-19.9760478039109,14.6295791645287,1.98950692725415));
#4185=CARTESIAN_POINT('',(-19.9750702915249,14.6299455592529,1.98270191306025));
#4186=CARTESIAN_POINT('',(-19.6503829842554,14.7064829460709,0.579253193461739));
#4188=CARTESIAN_POINT('',(-19.6503829842554,14.7064829460709,0.579253193461739));
#4189=CARTESIAN_POINT('',(-19.7206868764419,14.6811157148194,1.05000245785068));
#4190=CARTESIAN_POINT('',(-19.8535492861942,14.6309062501855,1.98270191306025));
#4197=CARTESIAN_POINT('',(-19.7677481377058,14.7064829460709,0.561649281481301));
#4198=CARTESIAN_POINT('',(-19.7090655609806,14.7064829460709,0.570451237471524));
#4199=VECTOR('',#6204,0.11867803908659);
#4201=CARTESIAN_POINT('',(-19.9750702915249,14.6299455592529,1.98270191306025));
#4202=CARTESIAN_POINT('',(-19.8482704098693,14.6774731490223,1.09997653091597));
#4203=CARTESIAN_POINT('',(-19.7677481377058,14.7064829460709,0.561649281481301));
#4210=CARTESIAN_POINT('',(-19.4420446254569,14.501412810661,0.579253193461739));
#4211=AXIS2_PLACEMENT_3D('',#6205,#6206,#6207);
#4212=CARTESIAN_POINT('',(-19.4401890681872,14.3840623264198,0.561649281481301));
#4213=CARTESIAN_POINT('',(-19.4411168468221,14.4427375685404,0.570451237471524));
#4214=VECTOR('',#6208,0.11867803908659);
#4215=AXIS2_PLACEMENT_3D('',#6209,#6210,#6211);
#4217=CARTESIAN_POINT('',(-19.4401890681872,14.3840623264198,0.561649281481301));
#4218=CARTESIAN_POINT('',(-19.4679221725049,14.3030914701561,1.09997653091614));
#4219=CARTESIAN_POINT('',(-19.5134391004431,14.1755560199933,1.98270191306025));
#4227=CARTESIAN_POINT('',(-19.5143997913757,14.297077025324,1.98270191306025));
#4228=CARTESIAN_POINT('',(-19.466297173077,14.4307166466075,1.05000245785079));
#4229=CARTESIAN_POINT('',(-19.4420446254569,14.501412810661,0.579253193461739));
#4236=CARTESIAN_POINT('',(-19.6503976534646,14.7083385033406,0.579253193461739));
#4237=CARTESIAN_POINT('',(-19.7677481377058,14.7064829460709,0.561649281481301));
#4238=CARTESIAN_POINT('',(-19.7090728955852,14.7074107247057,0.570451237471524));
#4239=VECTOR('',#6212,0.11867803908659);
#4240=CARTESIAN_POINT('',(-19.4453275180547,15.0340420155894,0.561649281481301));
#4241=AXIS2_PLACEMENT_3D('',#6213,#6214,#6215);
#4242=CARTESIAN_POINT('',(-19.4453275180547,14.916676862139,0.579253193461739));
#4243=CARTESIAN_POINT('',(-19.4453275180547,14.9753594388642,0.570451237471524));
#4244=VECTOR('',#6216,0.11867803908659);
#4245=AXIS2_PLACEMENT_3D('',#6217,#6218,#6219);
#4246=CARTESIAN_POINT('',(-19.8547334388016,14.7806936692593,1.98270191306025));
#4248=CARTESIAN_POINT('',(-19.8547334388016,14.7806936692593,1.98270191306025));
#4249=CARTESIAN_POINT('',(-19.721093817518,14.7325910509606,1.05000245785055));
#4250=CARTESIAN_POINT('',(-19.6503976534646,14.7083385033406,0.579253193461739));
#4257=CARTESIAN_POINT('',(-19.9762544441323,14.7797329783267,1.98270191306025));
#4258=CARTESIAN_POINT('',(-19.4433503694247,14.7839458805415,1.98270191306025));
#4259=VECTOR('',#6220,0.121524802668628);
#4261=CARTESIAN_POINT('',(-19.7677481377058,14.7064829460709,0.561649281481301));
#4262=CARTESIAN_POINT('',(-19.8487189939695,14.7342160503885,1.09997653091579));
#4263=CARTESIAN_POINT('',(-19.9762544441323,14.7797329783267,1.98270191306025));
#4270=CARTESIAN_POINT('',(-19.9927411070337,14.704704251886,2.0616492814813));
#4271=CARTESIAN_POINT('',(-19.9926789102,14.6968367666139,2.0616492814813));
#4272=CARTESIAN_POINT('',(-19.9922591247975,14.6890264797722,2.06041213814337));
#4273=CARTESIAN_POINT('',(-19.9906250946452,14.6725069541326,2.05504437451412));
#4274=CARTESIAN_POINT('',(-19.9892831960812,14.6641542498753,2.05042603880825));
#4275=CARTESIAN_POINT('',(-19.986020836533,14.6493725070333,2.03816331194919));
#4276=CARTESIAN_POINT('',(-19.9841127606533,14.643156726688,2.03051128776882));
#4277=CARTESIAN_POINT('',(-19.9808960263587,14.6354170002601,2.01593016785698));
#4278=CARTESIAN_POINT('',(-19.9795944155895,14.6330656964573,2.00954782880499));
#4279=CARTESIAN_POINT('',(-19.977165188572,14.6301415104314,1.99630950986317));
#4280=CARTESIAN_POINT('',(-19.9760478039109,14.6295791645287,1.98950692725415));
#4281=CARTESIAN_POINT('',(-19.9750702915249,14.6299455592529,1.98270191306025));
#4282=CARTESIAN_POINT('',(-19.9762544441323,14.7797329783267,1.98270191306025));
#4283=CARTESIAN_POINT('',(-19.9776641303641,14.7802360901011,1.99245893211682));
#4284=CARTESIAN_POINT('',(-19.9793319863407,14.7788247693544,2.00218501255824));
#4285=CARTESIAN_POINT('',(-19.9829337304428,14.7723362020926,2.02070724528297));
#4286=CARTESIAN_POINT('',(-19.9848391607314,14.767232718696,2.02932990742592));
#4287=CARTESIAN_POINT('',(-19.988314671593,14.7539918803095,2.04406725290749));
#4288=CARTESIAN_POINT('',(-19.9898530766866,14.745971353556,2.05007861613707));
#4289=CARTESIAN_POINT('',(-19.9920166817625,14.7282918021228,2.05848994545881));
#4290=CARTESIAN_POINT('',(-19.9926468448882,14.7188841588994,2.06092813986737));
#4291=CARTESIAN_POINT('',(-19.9927519344484,14.7077254371143,2.06160370679005));
#4292=CARTESIAN_POINT('',(-19.9927530407863,14.7062137921198,2.0616492814813));
#4293=CARTESIAN_POINT('',(-19.9927411070337,14.704704251886,2.0616492814813));
#4294=CARTESIAN_POINT('',(-19.8727448567255,14.7056528887846,2.0616492814813));
#4295=CARTESIAN_POINT('',(-19.8728059392077,14.7133794160173,2.0616492814813));
#4296=CARTESIAN_POINT('',(-19.8724752284036,14.7210537397685,2.06045637551406));
#4297=CARTESIAN_POINT('',(-19.8709561326414,14.7374051910734,2.05525416033699));
#4298=CARTESIAN_POINT('',(-19.8696140633567,14.7457224858265,2.05074584659066));
#4299=CARTESIAN_POINT('',(-19.8662623576163,14.7605848770943,2.03869882263621));
#4300=CARTESIAN_POINT('',(-19.8642553971821,14.766900374983,2.03111435694626));
#4301=CARTESIAN_POINT('',(-19.8608535985836,14.7748823850061,2.01652866582154));
#4302=CARTESIAN_POINT('',(-19.8594646392794,14.7773452320005,2.01006190394871));
#4303=CARTESIAN_POINT('',(-19.8568966319516,14.7804385070344,1.99659758679538));
#4304=CARTESIAN_POINT('',(-19.8557297283675,14.7810522765065,1.98965523069488));
#4305=CARTESIAN_POINT('',(-19.8547334388016,14.7806936692593,1.98270191306025));
#4306=CARTESIAN_POINT('',(-19.8535492861942,14.6309062501855,1.98270191306025));
#4307=CARTESIAN_POINT('',(-19.8549273109185,14.6303854867597,1.99237570199707));
#4308=CARTESIAN_POINT('',(-19.8566671155712,14.6317418477189,2.00200417321325));
#4309=CARTESIAN_POINT('',(-19.8606047457678,14.6380631844599,2.02044426917826));
#4310=CARTESIAN_POINT('',(-19.8627798647918,14.643097162895,2.02907799740178));
#4311=CARTESIAN_POINT('',(-19.8668748174512,14.6562414975754,2.04390056356752));
#4312=CARTESIAN_POINT('',(-19.8687578056142,14.6642696245397,2.04997949963098));
#4313=CARTESIAN_POINT('',(-19.8715112144141,14.6819560625198,2.05844743379402));
#4314=CARTESIAN_POINT('',(-19.8723899410805,14.6913425979487,2.06090337616175));
#4315=CARTESIAN_POINT('',(-19.8727046658566,14.7025468431063,2.06160110961443));
#4316=CARTESIAN_POINT('',(-19.872732587549,14.7041009196645,2.0616492814813));
#4317=CARTESIAN_POINT('',(-19.8727448567255,14.7056528887846,2.0616492814813));
#4318=CARTESIAN_POINT('',(-19.2351189327774,14.7097658386687,0.579253193461739));
#4319=CARTESIAN_POINT('',(-19.1177684485362,14.7116213959384,0.561649281481301));
#4320=CARTESIAN_POINT('',(-19.1764436906568,14.7106936173035,0.570451237471524));
#4321=VECTOR('',#6221,0.11867803908659);
#4322=CARTESIAN_POINT('',(-19.4401890681872,14.3840623264198,0.561649281481301));
#4323=AXIS2_PLACEMENT_3D('',#6222,#6223,#6224);
#4324=CARTESIAN_POINT('',(-19.4401890681872,14.5014274798702,0.579253193461739));
#4325=CARTESIAN_POINT('',(-19.4401890681872,14.442744903145,0.570451237471524));
#4326=VECTOR('',#6225,0.11867803908659);
#4327=AXIS2_PLACEMENT_3D('',#6226,#6227,#6228);
#4328=CARTESIAN_POINT('',(-19.3646123723019,14.2982611779314,1.98270191306025));
#4330=CARTESIAN_POINT('',(-19.4401890681872,14.5014274798702,0.579253193461739));
#4331=CARTESIAN_POINT('',(-19.4148218369358,14.4311235876837,1.05000245785069));
#4332=CARTESIAN_POINT('',(-19.3646123723019,14.2982611779314,1.98270191306025));
#4339=CARTESIAN_POINT('',(-19.3636516813693,14.1767401726007,1.98270191306025));
#4341=CARTESIAN_POINT('',(-19.3636516813693,14.1767401726007,1.98270191306025));
#4342=CARTESIAN_POINT('',(-19.4111792711387,14.3035400542563,1.09997653091579));
#4343=CARTESIAN_POINT('',(-19.4401890681872,14.3840623264198,0.561649281481301));
#4350=CARTESIAN_POINT('',(-19.3678645835841,14.7096442473083,1.98270191306025));
#4351=VECTOR('',#6229,0.121524802668628);
#4352=CARTESIAN_POINT('',(-19.439359010901,14.2790656074001,2.0616492814813));
#4353=CARTESIAN_POINT('',(-19.4470563225773,14.279004755883,2.0616492814813));
#4354=CARTESIAN_POINT('',(-19.4547023827022,14.279332709411,2.06046536974672));
#4355=CARTESIAN_POINT('',(-19.4710744204923,14.2808474740366,2.05527722613562));
#4356=CARTESIAN_POINT('',(-19.4794320428572,14.2821955452808,2.05074995001954));
#4357=CARTESIAN_POINT('',(-19.4943452383506,14.285562056103,2.03864759977854));
#4358=CARTESIAN_POINT('',(-19.5006723250863,14.2875767507606,2.03103079384414));
#4359=CARTESIAN_POINT('',(-19.5086413856453,14.2909839528281,2.01640580342446));
#4360=CARTESIAN_POINT('',(-19.5110918059599,14.292371398043,2.00993762164086));
#4361=CARTESIAN_POINT('',(-19.5141521610801,14.2949282149911,1.9965122285581));
#4362=CARTESIAN_POINT('',(-19.5147561888305,14.2960868750457,1.98961238329538));
#4363=CARTESIAN_POINT('',(-19.5143997913757,14.297077025324,1.98270191306025));
#4364=CARTESIAN_POINT('',(-19.3646123723019,14.2982611779314,1.98270191306025));
#4365=CARTESIAN_POINT('',(-19.3640893757939,14.2968772441085,1.99241718410681));
#4366=CARTESIAN_POINT('',(-19.3654596435467,14.2951283812458,2.00208639268627));
#4367=CARTESIAN_POINT('',(-19.3718285750215,14.2911768218867,2.02056695056992));
#4368=CARTESIAN_POINT('',(-19.3768857041842,14.288998299631,2.02920293928425));
#4369=CARTESIAN_POINT('',(-19.3900430139989,14.2849126425674,2.04397569445336));
#4370=CARTESIAN_POINT('',(-19.3980443761064,14.2830404936958,2.05001761962111));
#4371=CARTESIAN_POINT('',(-19.415655301642,14.2803017398738,2.05843909724712));
#4372=CARTESIAN_POINT('',(-19.4249954726577,14.2794262122296,2.06088709670743));
#4373=CARTESIAN_POINT('',(-19.4361862281528,14.2791070050573,2.06159901816442));
#4374=CARTESIAN_POINT('',(-19.4377737071597,14.2790781401053,2.0616492814813));
#4375=CARTESIAN_POINT('',(-19.439359010901,14.2790656074001,2.0616492814813));
#4376=CARTESIAN_POINT('',(-19.4384103740023,14.1590693570919,2.0616492814813));
#4377=CARTESIAN_POINT('',(-19.4384103740023,14.1590693570919,2.0616492814813));
#4378=CARTESIAN_POINT('',(-19.4305628648407,14.1591313960034,2.0616492814813));
#4379=CARTESIAN_POINT('',(-19.4227719029922,14.1595491970659,2.060418407041));
#4380=CARTESIAN_POINT('',(-19.4062456702786,14.1611800379591,2.05506281638106));
#4381=CARTESIAN_POINT('',(-19.3978717121117,14.1625245419991,2.05043648322585));
#4382=CARTESIAN_POINT('',(-19.3830613840577,14.1657936656312,2.03814792819331));
#4383=CARTESIAN_POINT('',(-19.3768379451159,14.1677054573,2.03047992978592));
#4384=CARTESIAN_POINT('',(-19.3691019069574,14.1709250655117,2.01587935140821));
#4385=CARTESIAN_POINT('',(-19.3667556532428,14.1722261264227,2.00949650899004));
#4386=CARTESIAN_POINT('',(-19.3638447261426,14.1746510571893,1.99627438447744));
#4387=CARTESIAN_POINT('',(-19.3632862346697,14.1757651894703,1.98948931968219));
#4388=CARTESIAN_POINT('',(-19.3636516813693,14.1767401726007,1.98270191306025));
#4389=CARTESIAN_POINT('',(-19.5134391004431,14.1755560199933,1.98270191306025));
#4390=CARTESIAN_POINT('',(-19.5139432205385,14.174143508512,1.99247848683269));
#4391=CARTESIAN_POINT('',(-19.5125252211879,14.1724717810422,2.00222383056503));
#4392=CARTESIAN_POINT('',(-19.5060149911073,14.1688652021125,2.02076205472169));
#4393=CARTESIAN_POINT('',(-19.5009028256322,14.1669593029798,2.0293831426348));
#4394=CARTESIAN_POINT('',(-19.487661863749,14.163488852606,2.04409433217124));
#4395=CARTESIAN_POINT('',(-19.4796572778096,14.1619549318763,2.05008816123021));
#4396=CARTESIAN_POINT('',(-19.4620183297188,14.1597962639273,2.05848029923494));
#4397=CARTESIAN_POINT('',(-19.4526338038552,14.1591664799987,2.06091692522951));
#4398=CARTESIAN_POINT('',(-19.4414757592239,14.1590585650793,2.06160236411676));
#4399=CARTESIAN_POINT('',(-19.4399419901004,14.1590572488173,2.0616492814813));
#4400=CARTESIAN_POINT('',(-19.4384103740023,14.1590693570919,2.0616492814813));
#4401=AXIS2_PLACEMENT_3D('',#6230,#6231,#6232);
#4402=AXIS2_PLACEMENT_3D('',#6233,#6234,#6235);
#4403=AXIS2_PLACEMENT_3D('',#6236,#6237,#6238);
#4404=CARTESIAN_POINT('',(-19.4471062122396,15.2590349849173,2.0616492814813));
#4405=CARTESIAN_POINT('',(-19.4549537214013,15.2589729460058,2.0616492814813));
#4406=CARTESIAN_POINT('',(-19.4627446832498,15.2585551449433,2.060418407041));
#4407=CARTESIAN_POINT('',(-19.4792709159633,15.2569243040501,2.05506281638106));
#4408=CARTESIAN_POINT('',(-19.4876448741303,15.2555798000101,2.05043648322585));
#4409=CARTESIAN_POINT('',(-19.5024552021843,15.252310676378,2.03814792819331));
#4410=CARTESIAN_POINT('',(-19.5086786411261,15.2503988847092,2.03047992978592));
#4411=CARTESIAN_POINT('',(-19.5164146792846,15.2471792764975,2.01587935140821));
#4412=CARTESIAN_POINT('',(-19.5187609329992,15.2458782155865,2.00949650899004));
#4413=CARTESIAN_POINT('',(-19.5216718600994,15.2434532848199,1.99627438447744));
#4414=CARTESIAN_POINT('',(-19.5222303515723,15.242339152539,1.98948931968219));
#4415=CARTESIAN_POINT('',(-19.5218649048727,15.2413641694085,1.98270191306025));
#4417=CARTESIAN_POINT('',(-19.5218649048727,15.2413641694085,1.98270191306025));
#4418=CARTESIAN_POINT('',(-19.4743373151033,15.114564287753,1.09997653091614));
#4419=CARTESIAN_POINT('',(-19.4453275180547,15.0340420155894,0.561649281481301));
#4427=CARTESIAN_POINT('',(-19.4453275180547,14.916676862139,0.579253193461739));
#4428=CARTESIAN_POINT('',(-19.4706947493062,14.9869807543256,1.05000245785079));
#4429=CARTESIAN_POINT('',(-19.5209042139401,15.1198431640778,1.98270191306025));
#4436=CARTESIAN_POINT('',(-19.446157575341,15.1390387346091,2.0616492814813));
#4437=CARTESIAN_POINT('',(-19.5209042139401,15.1198431640778,1.98270191306025));
#4438=CARTESIAN_POINT('',(-19.5214272104481,15.1212270979007,1.99241718410681));
#4439=CARTESIAN_POINT('',(-19.5200569426953,15.1229759607634,2.00208639268627));
#4440=CARTESIAN_POINT('',(-19.5136880112205,15.1269275201225,2.02056695056992));
#4441=CARTESIAN_POINT('',(-19.5086308820578,15.1291060423783,2.02920293928425));
#4442=CARTESIAN_POINT('',(-19.4954735722431,15.1331916994418,2.04397569445336));
#4443=CARTESIAN_POINT('',(-19.4874722101356,15.1350638483134,2.05001761962111));
#4444=CARTESIAN_POINT('',(-19.4698612846,15.1378026021355,2.05843909724712));
#4445=CARTESIAN_POINT('',(-19.4605211135843,15.1386781297796,2.06088709670743));
#4446=CARTESIAN_POINT('',(-19.4493303580892,15.1389973369519,2.06159901816442));
#4447=CARTESIAN_POINT('',(-19.4477428790823,15.1390262019039,2.0616492814813));
#4448=CARTESIAN_POINT('',(-19.446157575341,15.1390387346091,2.0616492814813));
#4449=AXIS2_PLACEMENT_3D('',#6239,#6240,#6241);
#4450=CARTESIAN_POINT('',(-19.0127717295165,14.7124514532246,2.0616492814813));
#4451=CARTESIAN_POINT('',(-19.0127106470343,14.7047249259919,2.0616492814813));
#4452=CARTESIAN_POINT('',(-19.0130413578384,14.6970506022408,2.06045637551406));
#4453=CARTESIAN_POINT('',(-19.0145604536005,14.6806991509358,2.05525416033699));
#4454=CARTESIAN_POINT('',(-19.0159025228853,14.6723818561827,2.05074584659067));
#4455=CARTESIAN_POINT('',(-19.0192542286257,14.6575194649149,2.03869882263621));
#4456=CARTESIAN_POINT('',(-19.0212611890598,14.6512039670262,2.03111435694626));
#4457=CARTESIAN_POINT('',(-19.0246629876584,14.6432219570031,2.01652866582154));
#4458=CARTESIAN_POINT('',(-19.0260519469626,14.6407591100088,2.01006190394871));
#4459=CARTESIAN_POINT('',(-19.0286199542904,14.6376658349748,1.99659758679538));
#4460=CARTESIAN_POINT('',(-19.0297868578745,14.6370520655027,1.98965523069488));
#4461=CARTESIAN_POINT('',(-19.0307831474404,14.6374106727499,1.98270191306025));
#4463=CARTESIAN_POINT('',(-19.0307831474404,14.6374106727499,1.98270191306025));
#4464=CARTESIAN_POINT('',(-19.1644227687239,14.6855132910486,1.05000245785068));
#4465=CARTESIAN_POINT('',(-19.2351189327774,14.7097658386687,0.579253193461739));
#4473=CARTESIAN_POINT('',(-19.1177684485362,14.7116213959384,0.561649281481301));
#4474=CARTESIAN_POINT('',(-19.0367975922725,14.6838882916207,1.09997653091596));
#4475=CARTESIAN_POINT('',(-18.9092621421097,14.6383713636825,1.98270191306025));
#4482=CARTESIAN_POINT('',(-18.9092621421097,14.6383713636825,1.98270191306025));
#4483=CARTESIAN_POINT('',(-18.9078524558779,14.6378682519081,1.99245893211682));
#4484=CARTESIAN_POINT('',(-18.9061845999013,14.6392795726548,2.00218501255824));
#4485=CARTESIAN_POINT('',(-18.9025828557992,14.6457681399166,2.02070724528297));
#4486=CARTESIAN_POINT('',(-18.9006774255106,14.6508716233132,2.02932990742593));
#4487=CARTESIAN_POINT('',(-18.8972019146489,14.6641124616997,2.04406725290749));
#4488=CARTESIAN_POINT('',(-18.8956635095554,14.6721329884533,2.05007861613707));
#4489=CARTESIAN_POINT('',(-18.8934999044795,14.6898125398864,2.05848994545881));
#4490=CARTESIAN_POINT('',(-18.8928697413537,14.6992201831098,2.06092813986737));
#4491=CARTESIAN_POINT('',(-18.8927646517936,14.7103789048949,2.06160370679005));
#4492=CARTESIAN_POINT('',(-18.8927635454557,14.7118905498894,2.0616492814813));
#4493=CARTESIAN_POINT('',(-18.8927754792083,14.7134000901233,2.0616492814813));
#4494=AXIS2_PLACEMENT_3D('',#6242,#6243,#6244);
#4495=CARTESIAN_POINT('',(-19.3711167948663,15.1210273166852,1.98270191306025));
#4496=CARTESIAN_POINT('',(-19.443471960785,14.9166915313482,0.579253193461739));
#4498=CARTESIAN_POINT('',(-19.3711167948663,15.1210273166852,1.98270191306025));
#4499=CARTESIAN_POINT('',(-19.419219413165,14.9873876954017,1.05000245785069));
#4500=CARTESIAN_POINT('',(-19.443471960785,14.9166915313482,0.579253193461739));
#4507=CARTESIAN_POINT('',(-19.3720774857989,15.2425483220159,1.98270191306025));
#4508=CARTESIAN_POINT('',(-19.3678645835841,14.7096442473083,1.98270191306025));
#4509=VECTOR('',#6245,0.121524802668628);
#4510=CARTESIAN_POINT('',(-19.4453275180547,15.0340420155894,0.561649281481301));
#4512=CARTESIAN_POINT('',(-19.4453275180547,15.0340420155894,0.561649281481301));
#4513=CARTESIAN_POINT('',(-19.4175944137371,15.1150128718531,1.09997653091579));
#4514=CARTESIAN_POINT('',(-19.3720774857989,15.2425483220159,1.98270191306025));
#4521=CARTESIAN_POINT('',(-19.4443997394199,14.9753667734688,0.570451237471524));
#4522=VECTOR('',#6246,0.11867803908659);
#4523=CARTESIAN_POINT('',(-19.3720774857989,15.2425483220159,1.98270191306025));
#4524=CARTESIAN_POINT('',(-19.3715733657035,15.2439608334972,1.99247848683269));
#4525=CARTESIAN_POINT('',(-19.3729913650541,15.245632560967,2.00222383056503));
#4526=CARTESIAN_POINT('',(-19.3795015951347,15.2492391398967,2.02076205472169));
#4527=CARTESIAN_POINT('',(-19.3846137606098,15.2511450390294,2.0293831426348));
#4528=CARTESIAN_POINT('',(-19.397854722493,15.2546154894033,2.04409433217124));
#4529=CARTESIAN_POINT('',(-19.4058593084324,15.256149410133,2.05008816123021));
#4530=CARTESIAN_POINT('',(-19.4234982565231,15.2583080780819,2.05848029923494));
#4531=CARTESIAN_POINT('',(-19.4328827823868,15.2589378620105,2.06091692522951));
#4532=CARTESIAN_POINT('',(-19.4440408270181,15.2590457769299,2.06160236411676));
#4533=CARTESIAN_POINT('',(-19.4455745961416,15.2590470931919,2.0616492814813));
#4534=CARTESIAN_POINT('',(-19.4471062122396,15.2590349849173,2.0616492814813));
#4535=CARTESIAN_POINT('',(-19.446157575341,15.1390387346091,2.0616492814813));
#4536=CARTESIAN_POINT('',(-19.4384602636647,15.1390995861262,2.0616492814813));
#4537=CARTESIAN_POINT('',(-19.4308142035398,15.1387716325982,2.06046536974672));
#4538=CARTESIAN_POINT('',(-19.4144421657497,15.1372568679726,2.05527722613562));
#4539=CARTESIAN_POINT('',(-19.4060845433848,15.1359087967285,2.05074995001954));
#4540=CARTESIAN_POINT('',(-19.3911713478914,15.1325422859062,2.03864759977854));
#4541=CARTESIAN_POINT('',(-19.3848442611557,15.1305275912486,2.03103079384414));
#4542=CARTESIAN_POINT('',(-19.3768752005967,15.1271203891811,2.01640580342446));
#4543=CARTESIAN_POINT('',(-19.3744247802821,15.1257329439662,2.00993762164086));
#4544=CARTESIAN_POINT('',(-19.3713644251619,15.1231761270181,1.9965122285581));
#4545=CARTESIAN_POINT('',(-19.3707603974114,15.1220174669635,1.98961238329538));
#4546=CARTESIAN_POINT('',(-19.3711167948663,15.1210273166852,1.98270191306025));
#4547=AXIS2_PLACEMENT_3D('',#6247,#6248,#6249);
#4548=CARTESIAN_POINT('',(-19.0319673000478,14.7871980918237,1.98270191306025));
#4549=CARTESIAN_POINT('',(-19.0319673000478,14.7871980918237,1.98270191306025));
#4550=CARTESIAN_POINT('',(-19.0305892753235,14.7877188552495,1.99237570199707));
#4551=CARTESIAN_POINT('',(-19.0288494706708,14.7863624942903,2.00200417321325));
#4552=CARTESIAN_POINT('',(-19.0249118404742,14.7800411575493,2.02044426917826));
#4553=CARTESIAN_POINT('',(-19.0227367214502,14.7750071791142,2.02907799740178));
#4554=CARTESIAN_POINT('',(-19.0186417687908,14.7618628444338,2.04390056356752));
#4555=CARTESIAN_POINT('',(-19.0167587806278,14.7538347174695,2.04997949963098));
#4556=CARTESIAN_POINT('',(-19.0140053718279,14.7361482794894,2.05844743379402));
#4557=CARTESIAN_POINT('',(-19.0131266451615,14.7267617440605,2.06090337616175));
#4558=CARTESIAN_POINT('',(-19.0128119203854,14.7155574989029,2.06160110961443));
#4559=CARTESIAN_POINT('',(-19.012783998693,14.7140034223447,2.0616492814813));
#4560=CARTESIAN_POINT('',(-19.0127717295165,14.7124514532246,2.0616492814813));
#4561=CARTESIAN_POINT('',(-18.9104462947171,14.7881587827563,1.98270191306025));
#4562=CARTESIAN_POINT('',(-19.4433503694247,14.7839458805415,1.98270191306025));
#4563=VECTOR('',#6250,0.121524802668628);
#4564=CARTESIAN_POINT('',(-18.8927754792083,14.7134000901233,2.0616492814813));
#4565=CARTESIAN_POINT('',(-18.892837676042,14.7212675753953,2.0616492814813));
#4566=CARTESIAN_POINT('',(-18.8932574614445,14.729077862237,2.06041213814337));
#4567=CARTESIAN_POINT('',(-18.8948914915968,14.7455973878766,2.05504437451413));
#4568=CARTESIAN_POINT('',(-18.8962333901608,14.7539500921339,2.05042603880825));
#4569=CARTESIAN_POINT('',(-18.8994957497089,14.7687318349759,2.03816331194919));
#4570=CARTESIAN_POINT('',(-18.9014038255887,14.7749476153212,2.03051128776882));
#4571=CARTESIAN_POINT('',(-18.9046205598833,14.7826873417491,2.01593016785698));
#4572=CARTESIAN_POINT('',(-18.9059221706525,14.7850386455519,2.00954782880499));
#4573=CARTESIAN_POINT('',(-18.90835139767,14.7879628315778,1.99630950986317));
#4574=CARTESIAN_POINT('',(-18.9094687823311,14.7885251774806,1.98950692725415));
#4575=CARTESIAN_POINT('',(-18.9104462947171,14.7881587827563,1.98270191306025));
#4576=CARTESIAN_POINT('',(-19.1177684485362,14.7116213959384,0.561649281481301));
#4578=CARTESIAN_POINT('',(-18.9104462947171,14.7881587827563,1.98270191306025));
#4579=CARTESIAN_POINT('',(-19.0372461763727,14.7406311929869,1.09997653091579));
#4580=CARTESIAN_POINT('',(-19.1177684485362,14.7116213959384,0.561649281481301));
#4587=AXIS2_PLACEMENT_3D('',#6251,#6252,#6253);
#4588=CARTESIAN_POINT('',(-19.2351336019866,14.7116213959384,0.579253193461739));
#4589=CARTESIAN_POINT('',(-19.1764510252614,14.7116213959384,0.570451237471524));
#4590=VECTOR('',#6254,0.11867803908659);
#4591=AXIS2_PLACEMENT_3D('',#6255,#6256,#6257);
#4593=CARTESIAN_POINT('',(-19.2351336019866,14.7116213959384,0.579253193461739));
#4594=CARTESIAN_POINT('',(-19.1648297098001,14.7369886271898,1.05000245785055));
#4595=CARTESIAN_POINT('',(-19.0319673000478,14.7871980918237,1.98270191306025));
#4602=CARTESIAN_POINT('',(-21.982758293121,11.4190521710046,2.9000000000001));
#4603=CARTESIAN_POINT('',(-21.982758293121,11.6190521710046,2.6616492814813));
#4604=CARTESIAN_POINT('',(-21.982758293121,11.5190521710046,2.7808246407407));
#4605=VECTOR('',#6258,1.0);
#4606=CARTESIAN_POINT('',(-21.982758293121,12.9190521710046,2.9000000000001));
#4607=AXIS2_PLACEMENT_3D('',#6259,#6260,#6261);
#4608=CARTESIAN_POINT('',(-21.982758293121,12.7190521710046,2.6616492814813));
#4609=CARTESIAN_POINT('',(-21.982758293121,12.8190521710046,2.7808246407407));
#4610=VECTOR('',#6262,1.0);
#4611=AXIS2_PLACEMENT_3D('',#6263,#6264,#6265);
#4612=CARTESIAN_POINT('',(-21.982758293121,11.6190521710046,-0.499999999999901));
#4613=CARTESIAN_POINT('',(-21.982758293121,11.6190521710046,1.0808246407407));
#4614=VECTOR('',#6266,1.0);
#4615=CARTESIAN_POINT('',(-21.982758293121,12.7190521710046,-0.4999999999999));
#4616=AXIS2_PLACEMENT_3D('',#6267,#6268,#6269);
#4617=CARTESIAN_POINT('',(-21.982758293121,12.7190521710046,1.0808246407407));
#4618=VECTOR('',#6270,1.0);
#4619=AXIS2_PLACEMENT_3D('',#6271,#6272,#6273);
#4620=CARTESIAN_POINT('',(-21.982758293121,12.1690521710046,-0.8175426480529));
#4621=CARTESIAN_POINT('',(-21.982758293121,12.4440521710046,-0.658771324027001));
#4622=VECTOR('',#6274,1.0);
#4623=CARTESIAN_POINT('',(-21.982758293121,11.8940521710046,-0.658771324027001));
#4624=VECTOR('',#6275,1.0);
#4625=AXIS2_PLACEMENT_3D('',#6276,#6277,#6278);
#4626=CARTESIAN_POINT('',(-21.982758293121,11.5563462330951,-0.999999999999901));
#4627=CARTESIAN_POINT('',(-21.982758293121,11.4840521710046,-0.589999999999904));
#4628=CARTESIAN_POINT('',(-21.982758293121,11.5201992020498,-0.794999999999902));
#4629=VECTOR('',#6279,1.0);
#4630=CARTESIAN_POINT('',(-21.982758293121,12.7817581089141,-0.999999999999901));
#4631=AXIS2_PLACEMENT_3D('',#6280,#6281,#6282);
#4632=CARTESIAN_POINT('',(-21.982758293121,12.8540521710046,-0.589999999999904));
#4633=CARTESIAN_POINT('',(-21.982758293121,12.8179051399594,-0.794999999999902));
#4634=VECTOR('',#6283,1.0);
#4635=AXIS2_PLACEMENT_3D('',#6284,#6285,#6286);
#4636=CARTESIAN_POINT('',(-21.982758293121,11.4840521710046,1.1014359353946));
#4637=CARTESIAN_POINT('',(-21.982758293121,11.4840521710046,0.255717967697301));
#4638=VECTOR('',#6287,1.0);
#4639=CARTESIAN_POINT('',(-21.982758293121,12.8540521710046,1.1014359353946));
#4640=AXIS2_PLACEMENT_3D('',#6288,#6289,#6290);
#4641=CARTESIAN_POINT('',(-21.982758293121,12.8540521710046,0.255717967697301));
#4642=VECTOR('',#6291,1.0);
#4643=AXIS2_PLACEMENT_3D('',#6292,#6293,#6294);
#4644=CARTESIAN_POINT('',(-21.982758293121,11.4040521710046,1.4000000000001));
#4645=CARTESIAN_POINT('',(-21.982758293121,11.4440521710046,1.2507179676973));
#4646=VECTOR('',#6295,1.0);
#4647=AXIS2_PLACEMENT_3D('',#6296,#6297,#6298);
#4648=CARTESIAN_POINT('',(-21.982758293121,12.9340521710046,1.4000000000001));
#4649=CARTESIAN_POINT('',(-21.982758293121,12.8940521710046,1.2507179676973));
#4650=VECTOR('',#6299,1.0);
#4651=AXIS2_PLACEMENT_3D('',#6300,#6301,#6302);
#4652=CARTESIAN_POINT('',(-21.982758293121,11.4765521710046,2.1500000000001));
#4653=CARTESIAN_POINT('',(-21.982758293121,11.4765521710046,1.4000000000001));
#4654=CARTESIAN_POINT('',(-21.982758293121,11.4765521710046,1.7750000000001));
#4655=VECTOR('',#6303,1.0);
#4656=CARTESIAN_POINT('',(-21.982758293121,12.8615521710046,2.1500000000001));
#4657=AXIS2_PLACEMENT_3D('',#6304,#6305,#6306);
#4658=CARTESIAN_POINT('',(-21.982758293121,12.8615521710046,1.4000000000001));
#4659=CARTESIAN_POINT('',(-21.982758293121,12.8615521710046,1.7750000000001));
#4660=VECTOR('',#6307,1.0);
#4661=AXIS2_PLACEMENT_3D('',#6308,#6309,#6310);
#4662=CARTESIAN_POINT('',(-21.982758293121,11.2690521710046,2.9000000000001));
#4663=CARTESIAN_POINT('',(-21.982758293121,11.2690521710046,2.1500000000001));
#4664=CARTESIAN_POINT('',(-21.982758293121,11.2690521710046,2.5250000000001));
#4665=VECTOR('',#6311,1.0);
#4666=CARTESIAN_POINT('',(-21.982758293121,13.0690521710046,2.9000000000001));
#4667=AXIS2_PLACEMENT_3D('',#6312,#6313,#6314);
#4668=CARTESIAN_POINT('',(-21.982758293121,13.0690521710046,2.1500000000001));
#4669=CARTESIAN_POINT('',(-21.982758293121,13.0690521710046,2.5250000000001));
#4670=VECTOR('',#6315,1.0);
#4671=AXIS2_PLACEMENT_3D('',#6316,#6317,#6318);
#4672=CARTESIAN_POINT('',(-21.982758293121,11.9190521710046,-1.4807809693765));
#4673=CARTESIAN_POINT('',(-21.982758293121,11.9190521710046,-4.2499999999999));
#4674=CARTESIAN_POINT('',(-21.982758293121,11.9190521710046,-2.6249999999999));
#4675=VECTOR('',#6319,1.0);
#4676=CARTESIAN_POINT('',(-21.982758293121,12.4190521710046,-1.4807809693765));
#4677=AXIS2_PLACEMENT_3D('',#6320,#6321,#6322);
#4678=CARTESIAN_POINT('',(-21.982758293121,12.4190521710046,-4.2499999999999));
#4679=CARTESIAN_POINT('',(-21.982758293121,12.4190521710046,-2.6249999999999));
#4680=VECTOR('',#6323,1.0);
#4681=CARTESIAN_POINT('',(-22.232758293121,12.1690521710046,-4.2499999999999));
#4682=AXIS2_PLACEMENT_3D('',#6324,#6325,#6326);
#4683=AXIS2_PLACEMENT_3D('',#6327,#6328,#6329);
#4684=AXIS2_PLACEMENT_3D('',#6330,#6331,#6332);
#4685=AXIS2_PLACEMENT_3D('',#6333,#6334,#6335);
#4686=AXIS2_PLACEMENT_3D('',#6336,#6337,#6338);
#4687=AXIS2_PLACEMENT_3D('',#6339,#6340,#6341);
#4688=CARTESIAN_POINT('',(-21.732758293121,12.1690521710046,-4.2499999999999));
#4689=AXIS2_PLACEMENT_3D('',#6342,#6343,#6344);
#4690=AXIS2_PLACEMENT_3D('',#6345,#6346,#6347);
#4691=AXIS2_PLACEMENT_3D('',#6348,#6349,#6350);
#4692=AXIS2_PLACEMENT_3D('',#6351,#6352,#6353);
#4693=AXIS2_PLACEMENT_3D('',#6354,#6355,#6356);
#4694=AXIS2_PLACEMENT_3D('',#6357,#6358,#6359);
#4695=AXIS2_PLACEMENT_3D('',#6360,#6361,#6362);
#4696=AXIS2_PLACEMENT_3D('',#6363,#6364,#6365);
#4697=CARTESIAN_POINT('',(-22.0534296471011,11.6343602351792,1.99059664990235));
#4698=CARTESIAN_POINT('',(-22.0543902764001,11.7558734442793,1.99059664990235));
#4699=CARTESIAN_POINT('',(-22.053854234464,11.6880677090821,1.99059664990235));
#4700=VECTOR('',#6366,1.0);
#4701=CARTESIAN_POINT('',(-22.0534391004431,11.6355560199933,1.98270191306025));
#4702=CARTESIAN_POINT('',(-22.0534391004431,11.6355560199933,1.98270191306025));
#4703=CARTESIAN_POINT('',(-22.0539422122175,11.6341463337615,1.99245893211682));
#4704=CARTESIAN_POINT('',(-22.0525308914708,11.6324784777849,2.00218501255824));
#4705=CARTESIAN_POINT('',(-22.046042324209,11.6288767336828,2.02070724528297));
#4706=CARTESIAN_POINT('',(-22.0409388408124,11.6269713033942,2.02932990742593));
#4707=CARTESIAN_POINT('',(-22.0276980024259,11.6234957925325,2.04406725290749));
#4708=CARTESIAN_POINT('',(-22.0196774756723,11.621957387439,2.05007861613707));
#4709=CARTESIAN_POINT('',(-22.0019979242392,11.6197937823631,2.05848994545881));
#4710=CARTESIAN_POINT('',(-21.9925902810158,11.6191636192373,2.06092813986737));
#4711=CARTESIAN_POINT('',(-21.9814315592307,11.6190585296772,2.06160370679005));
#4712=CARTESIAN_POINT('',(-21.9799199142362,11.6190574233393,2.0616492814813));
#4713=CARTESIAN_POINT('',(-21.9784103740023,11.6190693570919,2.0616492814813));
#4714=CARTESIAN_POINT('',(-22.0543997913757,11.757077025324,1.98270191306025));
#4715=CARTESIAN_POINT('',(-22.0576520026579,12.1684600947009,1.98270191306025));
#4716=VECTOR('',#6367,0.121524802668628);
#4717=CARTESIAN_POINT('',(-21.979359010901,11.7390656074001,2.0616492814813));
#4718=CARTESIAN_POINT('',(-21.9870855381337,11.7390045249179,2.0616492814813));
#4719=CARTESIAN_POINT('',(-21.9947598618848,11.739335235722,2.06045637551406));
#4720=CARTESIAN_POINT('',(-22.0111113131898,11.7408543314841,2.05525416033699));
#4721=CARTESIAN_POINT('',(-22.0194286079429,11.7421964007689,2.05074584659067));
#4722=CARTESIAN_POINT('',(-22.0342909992107,11.7455481065093,2.03869882263621));
#4723=CARTESIAN_POINT('',(-22.0406064970994,11.7475550669434,2.03111435694626));
#4724=CARTESIAN_POINT('',(-22.0485885071225,11.750956865542,2.01652866582154));
#4725=CARTESIAN_POINT('',(-22.0510513541168,11.7523458248462,2.01006190394871));
#4726=CARTESIAN_POINT('',(-22.0541446291508,11.754913832174,1.99659758679538));
#4727=CARTESIAN_POINT('',(-22.0547583986229,11.7560807357581,1.98965523069488));
#4728=CARTESIAN_POINT('',(-22.0543997913757,11.757077025324,1.98270191306025));
#4729=CARTESIAN_POINT('',(-21.979359010901,11.7390656074001,2.0616492814813));
#4730=CARTESIAN_POINT('',(-21.979359010901,11.7390656074001,2.5616492814813));
#4731=CARTESIAN_POINT('',(-21.979359010901,11.7390656074001,2.3116492814813));
#4732=VECTOR('',#6368,1.0);
#4733=CARTESIAN_POINT('',(-22.4127448567255,12.1656528887846,2.0616492814813));
#4734=AXIS2_PLACEMENT_3D('',#6369,#6370,#6371);
#4735=CARTESIAN_POINT('',(-21.986157575341,12.5990387346091,2.0616492814813));
#4736=AXIS2_PLACEMENT_3D('',#6372,#6373,#6374);
#4737=CARTESIAN_POINT('',(-21.986157575341,12.5990387346091,2.5616492814813));
#4738=CARTESIAN_POINT('',(-21.986157575341,12.5990387346091,2.3116492814813));
#4739=VECTOR('',#6375,1.0);
#4740=AXIS2_PLACEMENT_3D('',#6376,#6377,#6378);
#4741=CARTESIAN_POINT('',(-21.5707637190031,12.2472076067993,1.99059664990234));
#4742=CARTESIAN_POINT('',(-21.449250509903,12.2481682360983,1.99059664990235));
#4743=CARTESIAN_POINT('',(-21.5029578915632,12.2477436494647,1.99059664990235));
#4744=VECTOR('',#6379,1.0);
#4745=CARTESIAN_POINT('',(-21.5719673000478,12.2471980918237,1.98270191306025));
#4746=CARTESIAN_POINT('',(-21.5719673000478,12.2471980918237,1.98270191306025));
#4747=CARTESIAN_POINT('',(-21.5705833662249,12.2477210883317,1.99241718410681));
#4748=CARTESIAN_POINT('',(-21.5688345033622,12.2463508205789,2.00208639268627));
#4749=CARTESIAN_POINT('',(-21.5648829440031,12.2399818891041,2.02056695056992));
#4750=CARTESIAN_POINT('',(-21.5627044217473,12.2349247599414,2.02920293928425));
#4751=CARTESIAN_POINT('',(-21.5586187646838,12.2217674501267,2.04397569445336));
#4752=CARTESIAN_POINT('',(-21.5567466158122,12.2137660880192,2.05001761962111));
#4753=CARTESIAN_POINT('',(-21.5540078619901,12.1961551624836,2.05843909724712));
#4754=CARTESIAN_POINT('',(-21.553132334346,12.1868149914679,2.06088709670743));
#4755=CARTESIAN_POINT('',(-21.5528131271737,12.1756242359728,2.06159901816442));
#4756=CARTESIAN_POINT('',(-21.5527842622217,12.1740367569659,2.0616492814813));
#4757=CARTESIAN_POINT('',(-21.5527717295165,12.1724514532246,2.0616492814813));
#4758=CARTESIAN_POINT('',(-21.4504462947171,12.2481587827563,1.98270191306025));
#4759=CARTESIAN_POINT('',(-21.9833503694247,12.2439458805415,1.98270191306025));
#4760=VECTOR('',#6380,0.121524802668628);
#4761=CARTESIAN_POINT('',(-21.4327754792083,12.1734000901232,2.0616492814813));
#4762=CARTESIAN_POINT('',(-21.4328375181198,12.1812475992849,2.0616492814813));
#4763=CARTESIAN_POINT('',(-21.4332553191823,12.1890385611334,2.060418407041));
#4764=CARTESIAN_POINT('',(-21.4348861600755,12.2055647938469,2.05506281638106));
#4765=CARTESIAN_POINT('',(-21.4362306641155,12.2139387520139,2.05043648322585));
#4766=CARTESIAN_POINT('',(-21.4394997877476,12.2287490800679,2.03814792819331));
#4767=CARTESIAN_POINT('',(-21.4414115794164,12.2349725190097,2.03047992978592));
#4768=CARTESIAN_POINT('',(-21.4446311876281,12.2427085571682,2.01587935140821));
#4769=CARTESIAN_POINT('',(-21.4459322485391,12.2450548108828,2.00949650899004));
#4770=CARTESIAN_POINT('',(-21.4483571793057,12.247965737983,1.99627438447744));
#4771=CARTESIAN_POINT('',(-21.4494713115866,12.2485242294559,1.98948931968219));
#4772=CARTESIAN_POINT('',(-21.4504462947171,12.2481587827563,1.98270191306025));
#4773=CARTESIAN_POINT('',(-21.9784103740023,11.6190693570919,2.0616492814813));
#4774=CARTESIAN_POINT('',(-21.9784103740023,11.6190693570919,2.6616492814813));
#4775=CARTESIAN_POINT('',(-21.9784103740023,11.6190693570919,2.3616492814813));
#4776=VECTOR('',#6381,1.0);
#4777=CARTESIAN_POINT('',(-21.4327754792083,12.1734000901232,2.0616492814813));
#4778=AXIS2_PLACEMENT_3D('',#6382,#6383,#6384);
#4779=CARTESIAN_POINT('',(-21.9871062122396,12.7190349849173,2.0616492814813));
#4780=AXIS2_PLACEMENT_3D('',#6385,#6386,#6387);
#4781=CARTESIAN_POINT('',(-21.9871062122396,12.7190349849173,2.6616492814813));
#4782=CARTESIAN_POINT('',(-21.9871062122396,12.7190349849173,2.3616492814813));
#4783=VECTOR('',#6388,1.0);
#4784=AXIS2_PLACEMENT_3D('',#6389,#6390,#6391);
#4785=CARTESIAN_POINT('',(-21.9785684801521,11.6390687321433,2.6616492814813));
#4786=CARTESIAN_POINT('',(-21.9789637455265,11.6890671697717,2.6116492814813));
#4787=VECTOR('',#6392,1.0);
#4788=CARTESIAN_POINT('',(-21.9869481060899,12.6990356098659,2.6616492814813));
#4789=AXIS2_PLACEMENT_3D('',#6393,#6394,#6395);
#4790=CARTESIAN_POINT('',(-21.9865528407155,12.6490371722375,2.6116492814813));
#4791=VECTOR('',#6396,1.0);
#4792=AXIS2_PLACEMENT_3D('',#6397,#6398,#6399);
#4793=CARTESIAN_POINT('',(-22.5174502289464,12.2397235249847,1.99059664990235));
#4794=CARTESIAN_POINT('',(-22.3959370198463,12.2406841542837,1.99059664990235));
#4795=CARTESIAN_POINT('',(-22.4637428472862,12.2401481116183,1.99059664990235));
#4796=VECTOR('',#6400,1.0);
#4797=CARTESIAN_POINT('',(-22.5162544441323,12.2397329783267,1.98270191306025));
#4798=CARTESIAN_POINT('',(-22.5162544441323,12.2397329783267,1.98270191306025));
#4799=CARTESIAN_POINT('',(-22.5176669556136,12.2402370984221,1.99247848683269));
#4800=CARTESIAN_POINT('',(-22.5193386830834,12.2388190990715,2.00222383056503));
#4801=CARTESIAN_POINT('',(-22.5229452620131,12.2323088689909,2.02076205472169));
#4802=CARTESIAN_POINT('',(-22.5248511611458,12.2271967035158,2.0293831426348));
#4803=CARTESIAN_POINT('',(-22.5283216115196,12.2139557416326,2.04409433217124));
#4804=CARTESIAN_POINT('',(-22.5298555322493,12.2059511556932,2.05008816123021));
#4805=CARTESIAN_POINT('',(-22.5320142001983,12.1883122076024,2.05848029923494));
#4806=CARTESIAN_POINT('',(-22.5326439841269,12.1789276817388,2.06091692522951));
#4807=CARTESIAN_POINT('',(-22.5327518990463,12.1677696371075,2.06160236411676));
#4808=CARTESIAN_POINT('',(-22.5327532153083,12.166235867984,2.0616492814813));
#4809=CARTESIAN_POINT('',(-22.5327411070337,12.1647042518859,2.0616492814813));
#4810=CARTESIAN_POINT('',(-22.3947334388016,12.2406936692593,1.98270191306025));
#4811=CARTESIAN_POINT('',(-21.9833503694247,12.2439458805415,1.98270191306025));
#4812=VECTOR('',#6401,0.121524802668628);
#4813=CARTESIAN_POINT('',(-22.4127448567255,12.1656528887846,2.0616492814813));
#4814=CARTESIAN_POINT('',(-22.4128057082426,12.1733502004609,2.0616492814813));
#4815=CARTESIAN_POINT('',(-22.4124777547146,12.1809962605858,2.06046536974672));
#4816=CARTESIAN_POINT('',(-22.410962990089,12.1973682983759,2.05527722613562));
#4817=CARTESIAN_POINT('',(-22.4096149188448,12.2057259207408,2.05074995001954));
#4818=CARTESIAN_POINT('',(-22.4062484080226,12.2206391162342,2.03864759977854));
#4819=CARTESIAN_POINT('',(-22.404233713365,12.2269662029699,2.03103079384414));
#4820=CARTESIAN_POINT('',(-22.4008265112975,12.2349352635289,2.01640580342446));
#4821=CARTESIAN_POINT('',(-22.3994390660826,12.2373856838435,2.00993762164086));
#4822=CARTESIAN_POINT('',(-22.3968822491345,12.2404460389637,1.9965122285581));
#4823=CARTESIAN_POINT('',(-22.3957235890799,12.2410500667141,1.98961238329538));
#4824=CARTESIAN_POINT('',(-22.3947334388016,12.2406936692593,1.98270191306025));
#4825=CARTESIAN_POINT('',(-22.0609137289157,12.5810467451225,1.99059664990234));
#4826=CARTESIAN_POINT('',(-22.0618743582147,12.7025599542226,1.99059664990235));
#4827=CARTESIAN_POINT('',(-22.0614497708518,12.6488524803197,1.99059664990235));
#4828=VECTOR('',#6402,1.0);
#4829=CARTESIAN_POINT('',(-22.0609042139401,12.5798431640778,1.98270191306025));
#4830=CARTESIAN_POINT('',(-22.0609042139401,12.5798431640778,1.98270191306025));
#4831=CARTESIAN_POINT('',(-22.0614249773659,12.5812211888021,1.99237570199707));
#4832=CARTESIAN_POINT('',(-22.0600686164067,12.5829609934548,2.00200417321325));
#4833=CARTESIAN_POINT('',(-22.0537472796657,12.5868986236514,2.02044426917826));
#4834=CARTESIAN_POINT('',(-22.0487133012306,12.5890737426754,2.02907799740178));
#4835=CARTESIAN_POINT('',(-22.0355689665502,12.5931686953348,2.04390056356752));
#4836=CARTESIAN_POINT('',(-22.0275408395859,12.5950516834978,2.04997949963098));
#4837=CARTESIAN_POINT('',(-22.0098544016058,12.5978050922977,2.05844743379402));
#4838=CARTESIAN_POINT('',(-22.0004678661769,12.5986838189641,2.06090337616175));
#4839=CARTESIAN_POINT('',(-21.9892636210193,12.5989985437402,2.06160110961443));
#4840=CARTESIAN_POINT('',(-21.9877095444611,12.5990264654326,2.0616492814813));
#4841=CARTESIAN_POINT('',(-21.986157575341,12.5990387346091,2.0616492814813));
#4842=CARTESIAN_POINT('',(-22.0618649048727,12.7013641694085,1.98270191306025));
#4843=CARTESIAN_POINT('',(-22.0576520026579,12.1684600947009,1.98270191306025));
#4844=VECTOR('',#6403,0.121524802668628);
#4845=CARTESIAN_POINT('',(-21.9871062122396,12.7190349849173,2.0616492814813));
#4846=CARTESIAN_POINT('',(-21.9949736975117,12.7189727880836,2.0616492814813));
#4847=CARTESIAN_POINT('',(-22.0027839843533,12.7185530026811,2.06041213814337));
#4848=CARTESIAN_POINT('',(-22.019303509993,12.7169189725287,2.05504437451412));
#4849=CARTESIAN_POINT('',(-22.0276562142503,12.7155770739648,2.05042603880825));
#4850=CARTESIAN_POINT('',(-22.0424379570923,12.7123147144166,2.03816331194919));
#4851=CARTESIAN_POINT('',(-22.0486537374376,12.7104066385369,2.03051128776882));
#4852=CARTESIAN_POINT('',(-22.0563934638655,12.7071899042423,2.01593016785698));
#4853=CARTESIAN_POINT('',(-22.0587447676683,12.7058882934731,2.00954782880499));
#4854=CARTESIAN_POINT('',(-22.0616689536942,12.7034590664556,1.99630950986317));
#4855=CARTESIAN_POINT('',(-22.0622312995969,12.7023416817945,1.98950692725415));
#4856=CARTESIAN_POINT('',(-22.0618649048727,12.7013641694085,1.98270191306025));
#4857=CARTESIAN_POINT('',(-21.9853275180547,12.376676862139,0.579253193461739));
#4859=CARTESIAN_POINT('',(-21.9853275180547,12.376676862139,0.579253193461739));
#4860=CARTESIAN_POINT('',(-22.0106947493062,12.4469807543255,1.05000245785068));
#4861=CARTESIAN_POINT('',(-22.0609042139401,12.5798431640778,1.98270191306025));
#4868=CARTESIAN_POINT('',(-21.9853275180547,12.4940420155894,0.561649281481301));
#4869=CARTESIAN_POINT('',(-21.9853275180547,12.4353594388642,0.570451237471524));
#4870=VECTOR('',#6404,0.11867803908659);
#4872=CARTESIAN_POINT('',(-22.0618649048727,12.7013641694085,1.98270191306025));
#4873=CARTESIAN_POINT('',(-22.0143373151033,12.5745642877529,1.09997653091597));
#4874=CARTESIAN_POINT('',(-21.9853275180547,12.4940420155894,0.561649281481301));
#4881=CARTESIAN_POINT('',(-22.1903976534646,12.1683385033405,0.579253193461739));
#4882=AXIS2_PLACEMENT_3D('',#6405,#6406,#6407);
#4883=CARTESIAN_POINT('',(-22.3077481377058,12.1664829460708,0.561649281481301));
#4884=CARTESIAN_POINT('',(-22.2490728955852,12.1674107247057,0.570451237471524));
#4885=VECTOR('',#6408,0.11867803908659);
#4886=AXIS2_PLACEMENT_3D('',#6409,#6410,#6411);
#4888=CARTESIAN_POINT('',(-22.3077481377058,12.1664829460708,0.561649281481301));
#4889=CARTESIAN_POINT('',(-22.3887189939695,12.1942160503885,1.09997653091614));
#4890=CARTESIAN_POINT('',(-22.5162544441323,12.2397329783267,1.98270191306025));
#4898=CARTESIAN_POINT('',(-22.3947334388016,12.2406936692593,1.98270191306025));
#4899=CARTESIAN_POINT('',(-22.2610938175181,12.1925910509606,1.05000245785079));
#4900=CARTESIAN_POINT('',(-22.1903976534646,12.1683385033405,0.579253193461739));
#4907=CARTESIAN_POINT('',(-21.983471960785,12.3766915313482,0.579253193461739));
#4908=CARTESIAN_POINT('',(-21.9853275180547,12.4940420155894,0.561649281481301));
#4909=CARTESIAN_POINT('',(-21.9843997394199,12.4353667734688,0.570451237471524));
#4910=VECTOR('',#6412,0.11867803908659);
#4911=CARTESIAN_POINT('',(-21.6577684485362,12.1716213959383,0.561649281481301));
#4912=AXIS2_PLACEMENT_3D('',#6413,#6414,#6415);
#4913=CARTESIAN_POINT('',(-21.7751336019866,12.1716213959383,0.579253193461739));
#4914=CARTESIAN_POINT('',(-21.7164510252614,12.1716213959383,0.570451237471524));
#4915=VECTOR('',#6416,0.11867803908659);
#4916=AXIS2_PLACEMENT_3D('',#6417,#6418,#6419);
#4917=CARTESIAN_POINT('',(-21.9111167948663,12.5810273166852,1.98270191306025));
#4919=CARTESIAN_POINT('',(-21.9111167948663,12.5810273166852,1.98270191306025));
#4920=CARTESIAN_POINT('',(-21.959219413165,12.4473876954016,1.05000245785055));
#4921=CARTESIAN_POINT('',(-21.983471960785,12.3766915313482,0.579253193461739));
#4928=CARTESIAN_POINT('',(-21.9120774857989,12.7025483220159,1.98270191306025));
#4929=CARTESIAN_POINT('',(-21.9078645835841,12.1696442473083,1.98270191306025));
#4930=VECTOR('',#6420,0.121524802668628);
#4932=CARTESIAN_POINT('',(-21.9853275180547,12.4940420155894,0.561649281481301));
#4933=CARTESIAN_POINT('',(-21.9575944137371,12.5750128718531,1.09997653091579));
#4934=CARTESIAN_POINT('',(-21.9120774857989,12.7025483220159,1.98270191306025));
#4941=CARTESIAN_POINT('',(-21.9871062122396,12.7190349849173,2.0616492814813));
#4942=CARTESIAN_POINT('',(-21.9949736975117,12.7189727880836,2.0616492814813));
#4943=CARTESIAN_POINT('',(-22.0027839843533,12.7185530026811,2.06041213814337));
#4944=CARTESIAN_POINT('',(-22.019303509993,12.7169189725287,2.05504437451412));
#4945=CARTESIAN_POINT('',(-22.0276562142503,12.7155770739648,2.05042603880825));
#4946=CARTESIAN_POINT('',(-22.0424379570923,12.7123147144166,2.03816331194919));
#4947=CARTESIAN_POINT('',(-22.0486537374376,12.7104066385369,2.03051128776882));
#4948=CARTESIAN_POINT('',(-22.0563934638655,12.7071899042423,2.01593016785698));
#4949=CARTESIAN_POINT('',(-22.0587447676683,12.7058882934731,2.00954782880499));
#4950=CARTESIAN_POINT('',(-22.0616689536942,12.7034590664556,1.99630950986317));
#4951=CARTESIAN_POINT('',(-22.0622312995969,12.7023416817945,1.98950692725415));
#4952=CARTESIAN_POINT('',(-22.0618649048727,12.7013641694085,1.98270191306025));
#4953=CARTESIAN_POINT('',(-21.9120774857989,12.7025483220159,1.98270191306025));
#4954=CARTESIAN_POINT('',(-21.9115743740245,12.7039580082477,1.99245893211682));
#4955=CARTESIAN_POINT('',(-21.9129856947712,12.7056258642243,2.00218501255824));
#4956=CARTESIAN_POINT('',(-21.919474262033,12.7092276083264,2.02070724528297));
#4957=CARTESIAN_POINT('',(-21.9245777454296,12.711133038615,2.02932990742592));
#4958=CARTESIAN_POINT('',(-21.9378185838161,12.7146085494766,2.04406725290749));
#4959=CARTESIAN_POINT('',(-21.9458391105696,12.7161469545702,2.05007861613707));
#4960=CARTESIAN_POINT('',(-21.9635186620028,12.7183105596461,2.05848994545881));
#4961=CARTESIAN_POINT('',(-21.9729263052262,12.7189407227718,2.06092813986737));
#4962=CARTESIAN_POINT('',(-21.9840850270113,12.719045812332,2.06160370679005));
#4963=CARTESIAN_POINT('',(-21.9855966720058,12.7190469186699,2.0616492814813));
#4964=CARTESIAN_POINT('',(-21.9871062122396,12.7190349849173,2.0616492814813));
#4965=CARTESIAN_POINT('',(-21.986157575341,12.5990387346091,2.0616492814813));
#4966=CARTESIAN_POINT('',(-21.9784310481083,12.5990998170913,2.0616492814813));
#4967=CARTESIAN_POINT('',(-21.9707567243571,12.5987691062872,2.06045637551406));
#4968=CARTESIAN_POINT('',(-21.9544052730522,12.597250010525,2.05525416033699));
#4969=CARTESIAN_POINT('',(-21.9460879782991,12.5959079412403,2.05074584659066));
#4970=CARTESIAN_POINT('',(-21.9312255870313,12.5925562354998,2.03869882263621));
#4971=CARTESIAN_POINT('',(-21.9249100891426,12.5905492750657,2.03111435694626));
#4972=CARTESIAN_POINT('',(-21.9169280791195,12.5871474764672,2.01652866582154));
#4973=CARTESIAN_POINT('',(-21.9144652321251,12.585758517163,2.01006190394871));
#4974=CARTESIAN_POINT('',(-21.9113719570912,12.5831905098352,1.99659758679538));
#4975=CARTESIAN_POINT('',(-21.9107581876191,12.5820236062511,1.98965523069488));
#4976=CARTESIAN_POINT('',(-21.9111167948663,12.5810273166852,1.98270191306025));
#4977=CARTESIAN_POINT('',(-22.0609042139401,12.5798431640778,1.98270191306025));
#4978=CARTESIAN_POINT('',(-22.0614249773659,12.5812211888021,1.99237570199707));
#4979=CARTESIAN_POINT('',(-22.0600686164067,12.5829609934548,2.00200417321325));
#4980=CARTESIAN_POINT('',(-22.0537472796657,12.5868986236514,2.02044426917826));
#4981=CARTESIAN_POINT('',(-22.0487133012306,12.5890737426754,2.02907799740178));
#4982=CARTESIAN_POINT('',(-22.0355689665502,12.5931686953348,2.04390056356752));
#4983=CARTESIAN_POINT('',(-22.0275408395859,12.5950516834978,2.04997949963098));
#4984=CARTESIAN_POINT('',(-22.0098544016058,12.5978050922977,2.05844743379402));
#4985=CARTESIAN_POINT('',(-22.0004678661769,12.5986838189641,2.06090337616175));
#4986=CARTESIAN_POINT('',(-21.9892636210193,12.5989985437402,2.06160110961443));
#4987=CARTESIAN_POINT('',(-21.9877095444611,12.5990264654326,2.0616492814813));
#4988=CARTESIAN_POINT('',(-21.986157575341,12.5990387346091,2.0616492814813));
#4989=CARTESIAN_POINT('',(-21.9820446254569,11.961412810661,0.579253193461739));
#4990=CARTESIAN_POINT('',(-21.9801890681872,11.8440623264198,0.561649281481301));
#4991=CARTESIAN_POINT('',(-21.9811168468221,11.9027375685404,0.570451237471524));
#4992=VECTOR('',#6421,0.11867803908659);
#4993=CARTESIAN_POINT('',(-22.3077481377058,12.1664829460708,0.561649281481301));
#4994=AXIS2_PLACEMENT_3D('',#6422,#6423,#6424);
#4995=CARTESIAN_POINT('',(-22.1903829842554,12.1664829460708,0.579253193461739));
#4996=CARTESIAN_POINT('',(-22.2490655609806,12.1664829460708,0.570451237471524));
#4997=VECTOR('',#6425,0.11867803908659);
#4998=AXIS2_PLACEMENT_3D('',#6426,#6427,#6428);
#4999=CARTESIAN_POINT('',(-22.3935492861942,12.0909062501855,1.98270191306025));
#5001=CARTESIAN_POINT('',(-22.1903829842554,12.1664829460708,0.579253193461739));
#5002=CARTESIAN_POINT('',(-22.2606868764419,12.1411157148194,1.05000245785069));
#5003=CARTESIAN_POINT('',(-22.3935492861942,12.0909062501855,1.98270191306025));
#5010=CARTESIAN_POINT('',(-22.5150702915249,12.0899455592529,1.98270191306025));
#5012=CARTESIAN_POINT('',(-22.5150702915249,12.0899455592529,1.98270191306025));
#5013=CARTESIAN_POINT('',(-22.3882704098693,12.1374731490223,1.09997653091579));
#5014=CARTESIAN_POINT('',(-22.3077481377058,12.1664829460708,0.561649281481301));
#5021=CARTESIAN_POINT('',(-21.9821662168173,12.0941584614677,1.98270191306025));
#5022=VECTOR('',#6429,0.121524802668628);
#5023=CARTESIAN_POINT('',(-22.4127448567255,12.1656528887846,2.0616492814813));
#5024=CARTESIAN_POINT('',(-22.4128057082426,12.1733502004609,2.0616492814813));
#5025=CARTESIAN_POINT('',(-22.4124777547146,12.1809962605858,2.06046536974672));
#5026=CARTESIAN_POINT('',(-22.410962990089,12.1973682983759,2.05527722613562));
#5027=CARTESIAN_POINT('',(-22.4096149188448,12.2057259207408,2.05074995001954));
#5028=CARTESIAN_POINT('',(-22.4062484080226,12.2206391162342,2.03864759977854));
#5029=CARTESIAN_POINT('',(-22.404233713365,12.2269662029699,2.03103079384414));
#5030=CARTESIAN_POINT('',(-22.4008265112975,12.2349352635289,2.01640580342446));
#5031=CARTESIAN_POINT('',(-22.3994390660826,12.2373856838435,2.00993762164086));
#5032=CARTESIAN_POINT('',(-22.3968822491345,12.2404460389637,1.9965122285581));
#5033=CARTESIAN_POINT('',(-22.3957235890799,12.2410500667141,1.98961238329538));
#5034=CARTESIAN_POINT('',(-22.3947334388016,12.2406936692593,1.98270191306025));
#5035=CARTESIAN_POINT('',(-22.3935492861942,12.0909062501855,1.98270191306025));
#5036=CARTESIAN_POINT('',(-22.3949332200171,12.0903832536775,1.99241718410681));
#5037=CARTESIAN_POINT('',(-22.3966820828798,12.0917535214303,2.00208639268627));
#5038=CARTESIAN_POINT('',(-22.4006336422389,12.0981224529051,2.02056695056992));
#5039=CARTESIAN_POINT('',(-22.4028121644946,12.1031795820678,2.02920293928425));
#5040=CARTESIAN_POINT('',(-22.4068978215582,12.1163368918825,2.04397569445336));
#5041=CARTESIAN_POINT('',(-22.4087699704298,12.12433825399,2.05001761962111));
#5042=CARTESIAN_POINT('',(-22.4115087242518,12.1419491795256,2.05843909724712));
#5043=CARTESIAN_POINT('',(-22.412384251896,12.1512893505413,2.06088709670743));
#5044=CARTESIAN_POINT('',(-22.4127034590683,12.1624801060364,2.06159901816442));
#5045=CARTESIAN_POINT('',(-22.4127323240203,12.1640675850433,2.0616492814813));
#5046=CARTESIAN_POINT('',(-22.4127448567255,12.1656528887846,2.0616492814813));
#5047=CARTESIAN_POINT('',(-22.5327411070337,12.1647042518859,2.0616492814813));
#5048=CARTESIAN_POINT('',(-22.5327411070337,12.1647042518859,2.0616492814813));
#5049=CARTESIAN_POINT('',(-22.5326790681222,12.1568567427243,2.0616492814813));
#5050=CARTESIAN_POINT('',(-22.5322612670597,12.1490657808758,2.060418407041));
#5051=CARTESIAN_POINT('',(-22.5306304261665,12.1325395481622,2.05506281638106));
#5052=CARTESIAN_POINT('',(-22.5292859221265,12.1241655899953,2.05043648322585));
#5053=CARTESIAN_POINT('',(-22.5260167984944,12.1093552619413,2.03814792819331));
#5054=CARTESIAN_POINT('',(-22.5241050068256,12.1031318229995,2.03047992978592));
#5055=CARTESIAN_POINT('',(-22.5208853986139,12.095395784841,2.01587935140821));
#5056=CARTESIAN_POINT('',(-22.5195843377029,12.0930495311264,2.00949650899004));
#5057=CARTESIAN_POINT('',(-22.5171594069363,12.0901386040262,1.99627438447744));
#5058=CARTESIAN_POINT('',(-22.5160452746553,12.0895801125533,1.98948931968219));
#5059=CARTESIAN_POINT('',(-22.5150702915249,12.0899455592529,1.98270191306025));
#5060=CARTESIAN_POINT('',(-22.5162544441323,12.2397329783267,1.98270191306025));
#5061=CARTESIAN_POINT('',(-22.5176669556136,12.2402370984221,1.99247848683269));
#5062=CARTESIAN_POINT('',(-22.5193386830834,12.2388190990715,2.00222383056503));
#5063=CARTESIAN_POINT('',(-22.5229452620131,12.2323088689909,2.02076205472169));
#5064=CARTESIAN_POINT('',(-22.5248511611458,12.2271967035158,2.0293831426348));
#5065=CARTESIAN_POINT('',(-22.5283216115196,12.2139557416326,2.04409433217124));
#5066=CARTESIAN_POINT('',(-22.5298555322493,12.2059511556932,2.05008816123021));
#5067=CARTESIAN_POINT('',(-22.5320142001983,12.1883122076024,2.05848029923494));
#5068=CARTESIAN_POINT('',(-22.5326439841269,12.1789276817388,2.06091692522951));
#5069=CARTESIAN_POINT('',(-22.5327518990463,12.1677696371075,2.06160236411676));
#5070=CARTESIAN_POINT('',(-22.5327532153083,12.166235867984,2.0616492814813));
#5071=CARTESIAN_POINT('',(-22.5327411070337,12.1647042518859,2.0616492814813));
#5072=AXIS2_PLACEMENT_3D('',#6430,#6431,#6432);
#5073=AXIS2_PLACEMENT_3D('',#6433,#6434,#6435);
#5074=AXIS2_PLACEMENT_3D('',#6436,#6437,#6438);
#5075=CARTESIAN_POINT('',(-21.4327754792083,12.1734000901232,2.0616492814813));
#5076=CARTESIAN_POINT('',(-21.4328375181198,12.1812475992849,2.0616492814813));
#5077=CARTESIAN_POINT('',(-21.4332553191823,12.1890385611334,2.060418407041));
#5078=CARTESIAN_POINT('',(-21.4348861600755,12.2055647938469,2.05506281638106));
#5079=CARTESIAN_POINT('',(-21.4362306641155,12.2139387520139,2.05043648322585));
#5080=CARTESIAN_POINT('',(-21.4394997877476,12.2287490800679,2.03814792819331));
#5081=CARTESIAN_POINT('',(-21.4414115794164,12.2349725190097,2.03047992978592));
#5082=CARTESIAN_POINT('',(-21.4446311876281,12.2427085571682,2.01587935140821));
#5083=CARTESIAN_POINT('',(-21.4459322485391,12.2450548108828,2.00949650899004));
#5084=CARTESIAN_POINT('',(-21.4483571793057,12.247965737983,1.99627438447744));
#5085=CARTESIAN_POINT('',(-21.4494713115866,12.2485242294559,1.98948931968219));
#5086=CARTESIAN_POINT('',(-21.4504462947171,12.2481587827563,1.98270191306025));
#5088=CARTESIAN_POINT('',(-21.4504462947171,12.2481587827563,1.98270191306025));
#5089=CARTESIAN_POINT('',(-21.5772461763726,12.2006311929869,1.09997653091614));
#5090=CARTESIAN_POINT('',(-21.6577684485362,12.1716213959383,0.561649281481301));
#5098=CARTESIAN_POINT('',(-21.7751336019866,12.1716213959383,0.579253193461739));
#5099=CARTESIAN_POINT('',(-21.7048297098,12.1969886271898,1.05000245785079));
#5100=CARTESIAN_POINT('',(-21.5719673000478,12.2471980918237,1.98270191306025));
#5107=CARTESIAN_POINT('',(-21.5527717295165,12.1724514532246,2.0616492814813));
#5108=CARTESIAN_POINT('',(-21.5719673000478,12.2471980918237,1.98270191306025));
#5109=CARTESIAN_POINT('',(-21.5705833662249,12.2477210883317,1.99241718410681));
#5110=CARTESIAN_POINT('',(-21.5688345033622,12.2463508205789,2.00208639268627));
#5111=CARTESIAN_POINT('',(-21.5648829440031,12.2399818891041,2.02056695056992));
#5112=CARTESIAN_POINT('',(-21.5627044217473,12.2349247599414,2.02920293928425));
#5113=CARTESIAN_POINT('',(-21.5586187646838,12.2217674501267,2.04397569445336));
#5114=CARTESIAN_POINT('',(-21.5567466158122,12.2137660880192,2.05001761962111));
#5115=CARTESIAN_POINT('',(-21.5540078619901,12.1961551624836,2.05843909724712));
#5116=CARTESIAN_POINT('',(-21.553132334346,12.1868149914679,2.06088709670743));
#5117=CARTESIAN_POINT('',(-21.5528131271737,12.1756242359728,2.06159901816442));
#5118=CARTESIAN_POINT('',(-21.5527842622217,12.1740367569659,2.0616492814813));
#5119=CARTESIAN_POINT('',(-21.5527717295165,12.1724514532246,2.0616492814813));
#5120=AXIS2_PLACEMENT_3D('',#6439,#6440,#6441);
#5121=CARTESIAN_POINT('',(-21.979359010901,11.7390656074001,2.0616492814813));
#5122=CARTESIAN_POINT('',(-21.9870855381337,11.7390045249179,2.0616492814813));
#5123=CARTESIAN_POINT('',(-21.9947598618848,11.739335235722,2.06045637551406));
#5124=CARTESIAN_POINT('',(-22.0111113131898,11.7408543314841,2.05525416033699));
#5125=CARTESIAN_POINT('',(-22.0194286079429,11.7421964007689,2.05074584659067));
#5126=CARTESIAN_POINT('',(-22.0342909992107,11.7455481065093,2.03869882263621));
#5127=CARTESIAN_POINT('',(-22.0406064970994,11.7475550669434,2.03111435694626));
#5128=CARTESIAN_POINT('',(-22.0485885071225,11.750956865542,2.01652866582154));
#5129=CARTESIAN_POINT('',(-22.0510513541168,11.7523458248462,2.01006190394871));
#5130=CARTESIAN_POINT('',(-22.0541446291508,11.754913832174,1.99659758679538));
#5131=CARTESIAN_POINT('',(-22.0547583986229,11.7560807357581,1.98965523069488));
#5132=CARTESIAN_POINT('',(-22.0543997913757,11.757077025324,1.98270191306025));
#5134=CARTESIAN_POINT('',(-22.0543997913757,11.757077025324,1.98270191306025));
#5135=CARTESIAN_POINT('',(-22.006297173077,11.8907166466075,1.05000245785068));
#5136=CARTESIAN_POINT('',(-21.9820446254569,11.961412810661,0.579253193461739));
#5144=CARTESIAN_POINT('',(-21.9801890681872,11.8440623264198,0.561649281481301));
#5145=CARTESIAN_POINT('',(-22.0079221725049,11.7630914701561,1.09997653091596));
#5146=CARTESIAN_POINT('',(-22.0534391004431,11.6355560199933,1.98270191306025));
#5153=CARTESIAN_POINT('',(-22.0534391004431,11.6355560199933,1.98270191306025));
#5154=CARTESIAN_POINT('',(-22.0539422122175,11.6341463337615,1.99245893211682));
#5155=CARTESIAN_POINT('',(-22.0525308914708,11.6324784777849,2.00218501255824));
#5156=CARTESIAN_POINT('',(-22.046042324209,11.6288767336828,2.02070724528297));
#5157=CARTESIAN_POINT('',(-22.0409388408124,11.6269713033942,2.02932990742593));
#5158=CARTESIAN_POINT('',(-22.0276980024259,11.6234957925325,2.04406725290749));
#5159=CARTESIAN_POINT('',(-22.0196774756723,11.621957387439,2.05007861613707));
#5160=CARTESIAN_POINT('',(-22.0019979242392,11.6197937823631,2.05848994545881));
#5161=CARTESIAN_POINT('',(-21.9925902810158,11.6191636192373,2.06092813986737));
#5162=CARTESIAN_POINT('',(-21.9814315592307,11.6190585296772,2.06160370679005));
#5163=CARTESIAN_POINT('',(-21.9799199142362,11.6190574233393,2.0616492814813));
#5164=CARTESIAN_POINT('',(-21.9784103740023,11.6190693570919,2.0616492814813));
#5165=AXIS2_PLACEMENT_3D('',#6442,#6443,#6444);
#5166=CARTESIAN_POINT('',(-21.5707831474404,12.0974106727499,1.98270191306025));
#5167=CARTESIAN_POINT('',(-21.7751189327774,12.1697658386686,0.579253193461739));
#5169=CARTESIAN_POINT('',(-21.5707831474404,12.0974106727499,1.98270191306025));
#5170=CARTESIAN_POINT('',(-21.7044227687239,12.1455132910486,1.05000245785069));
#5171=CARTESIAN_POINT('',(-21.7751189327774,12.1697658386686,0.579253193461739));
#5178=CARTESIAN_POINT('',(-21.4492621421097,12.0983713636825,1.98270191306025));
#5179=CARTESIAN_POINT('',(-21.9821662168173,12.0941584614677,1.98270191306025));
#5180=VECTOR('',#6445,0.121524802668628);
#5181=CARTESIAN_POINT('',(-21.6577684485362,12.1716213959383,0.561649281481301));
#5183=CARTESIAN_POINT('',(-21.6577684485362,12.1716213959383,0.561649281481301));
#5184=CARTESIAN_POINT('',(-21.5767975922725,12.1438882916207,1.09997653091579));
#5185=CARTESIAN_POINT('',(-21.4492621421097,12.0983713636825,1.98270191306025));
#5192=CARTESIAN_POINT('',(-21.7164436906568,12.1706936173035,0.570451237471524));
#5193=VECTOR('',#6446,0.11867803908659);
#5194=CARTESIAN_POINT('',(-21.4492621421097,12.0983713636825,1.98270191306025));
#5195=CARTESIAN_POINT('',(-21.4478496306284,12.0978672435871,1.99247848683269));
#5196=CARTESIAN_POINT('',(-21.4461779031586,12.0992852429377,2.00222383056503));
#5197=CARTESIAN_POINT('',(-21.4425713242289,12.1057954730183,2.02076205472169));
#5198=CARTESIAN_POINT('',(-21.4406654250962,12.1109076384934,2.0293831426348));
#5199=CARTESIAN_POINT('',(-21.4371949747223,12.1241486003766,2.04409433217124));
#5200=CARTESIAN_POINT('',(-21.4356610539926,12.132153186316,2.05008816123021));
#5201=CARTESIAN_POINT('',(-21.4335023860437,12.1497921344067,2.05848029923494));
#5202=CARTESIAN_POINT('',(-21.4328726021151,12.1591766602704,2.06091692522951));
#5203=CARTESIAN_POINT('',(-21.4327646871957,12.1703347049017,2.06160236411676));
#5204=CARTESIAN_POINT('',(-21.4327633709337,12.1718684740252,2.0616492814813));
#5205=CARTESIAN_POINT('',(-21.4327754792083,12.1734000901232,2.0616492814813));
#5206=CARTESIAN_POINT('',(-21.5527717295165,12.1724514532246,2.0616492814813));
#5207=CARTESIAN_POINT('',(-21.5527108779994,12.1647541415483,2.0616492814813));
#5208=CARTESIAN_POINT('',(-21.5530388315274,12.1571080814234,2.06046536974672));
#5209=CARTESIAN_POINT('',(-21.554553596153,12.1407360436333,2.05527722613562));
#5210=CARTESIAN_POINT('',(-21.5559016673971,12.1323784212684,2.05074995001954));
#5211=CARTESIAN_POINT('',(-21.5592681782194,12.117465225775,2.03864759977854));
#5212=CARTESIAN_POINT('',(-21.561282872877,12.1111381390393,2.03103079384414));
#5213=CARTESIAN_POINT('',(-21.5646900749445,12.1031690784803,2.01640580342446));
#5214=CARTESIAN_POINT('',(-21.5660775201594,12.1007186581657,2.00993762164086));
#5215=CARTESIAN_POINT('',(-21.5686343371075,12.0976583030455,1.9965122285581));
#5216=CARTESIAN_POINT('',(-21.5697929971621,12.097054275295,1.98961238329538));
#5217=CARTESIAN_POINT('',(-21.5707831474404,12.0974106727499,1.98270191306025));
#5218=AXIS2_PLACEMENT_3D('',#6447,#6448,#6449);
#5219=CARTESIAN_POINT('',(-21.9046123723019,11.7582611779314,1.98270191306025));
#5220=CARTESIAN_POINT('',(-21.9046123723019,11.7582611779314,1.98270191306025));
#5221=CARTESIAN_POINT('',(-21.9040916088761,11.7568831532071,1.99237570199707));
#5222=CARTESIAN_POINT('',(-21.9054479698353,11.7551433485544,2.00200417321325));
#5223=CARTESIAN_POINT('',(-21.9117693065763,11.7512057183578,2.02044426917826));
#5224=CARTESIAN_POINT('',(-21.9168032850114,11.7490305993338,2.02907799740178));
#5225=CARTESIAN_POINT('',(-21.9299476196918,11.7449356466744,2.04390056356752));
#5226=CARTESIAN_POINT('',(-21.9379757466561,11.7430526585114,2.04997949963098));
#5227=CARTESIAN_POINT('',(-21.9556621846362,11.7402992497115,2.05844743379402));
#5228=CARTESIAN_POINT('',(-21.9650487200651,11.7394205230451,2.06090337616175));
#5229=CARTESIAN_POINT('',(-21.9762529652227,11.739105798269,2.06160110961443));
#5230=CARTESIAN_POINT('',(-21.9778070417809,11.7390778765766,2.0616492814813));
#5231=CARTESIAN_POINT('',(-21.979359010901,11.7390656074001,2.0616492814813));
#5232=CARTESIAN_POINT('',(-21.9036516813693,11.6367401726007,1.98270191306025));
#5233=CARTESIAN_POINT('',(-21.9078645835841,12.1696442473083,1.98270191306025));
#5234=VECTOR('',#6450,0.121524802668628);
#5235=CARTESIAN_POINT('',(-21.9784103740023,11.6190693570919,2.0616492814813));
#5236=CARTESIAN_POINT('',(-21.9705428887303,11.6191315539256,2.0616492814813));
#5237=CARTESIAN_POINT('',(-21.9627326018886,11.6195513393281,2.06041213814337));
#5238=CARTESIAN_POINT('',(-21.946213076249,11.6211853694804,2.05504437451413));
#5239=CARTESIAN_POINT('',(-21.9378603719917,11.6225272680444,2.05042603880825));
#5240=CARTESIAN_POINT('',(-21.9230786291497,11.6257896275925,2.03816331194919));
#5241=CARTESIAN_POINT('',(-21.9168628488044,11.6276977034723,2.03051128776882));
#5242=CARTESIAN_POINT('',(-21.9091231223765,11.6309144377669,2.01593016785698));
#5243=CARTESIAN_POINT('',(-21.9067718185737,11.6322160485361,2.00954782880499));
#5244=CARTESIAN_POINT('',(-21.9038476325478,11.6346452755536,1.99630950986317));
#5245=CARTESIAN_POINT('',(-21.903285286645,11.6357626602147,1.98950692725415));
#5246=CARTESIAN_POINT('',(-21.9036516813693,11.6367401726007,1.98270191306025));
#5247=CARTESIAN_POINT('',(-21.9801890681872,11.8440623264198,0.561649281481301));
#5249=CARTESIAN_POINT('',(-21.9036516813693,11.6367401726007,1.98270191306025));
#5250=CARTESIAN_POINT('',(-21.9511792711387,11.7635400542563,1.09997653091579));
#5251=CARTESIAN_POINT('',(-21.9801890681872,11.8440623264198,0.561649281481301));
#5258=AXIS2_PLACEMENT_3D('',#6451,#6452,#6453);
#5259=CARTESIAN_POINT('',(-21.9801890681872,11.9614274798702,0.579253193461739));
#5260=CARTESIAN_POINT('',(-21.9801890681872,11.902744903145,0.570451237471524));
#5261=VECTOR('',#6454,0.11867803908659);
#5262=AXIS2_PLACEMENT_3D('',#6455,#6456,#6457);
#5264=CARTESIAN_POINT('',(-21.9801890681872,11.9614274798702,0.579253193461739));
#5265=CARTESIAN_POINT('',(-21.9548218369358,11.8911235876837,1.05000245785055));
#5266=CARTESIAN_POINT('',(-21.9046123723019,11.7582611779314,1.98270191306025));
#5273=CARTESIAN_POINT('',(-25.272758293121,14.7090521710046,2.9000000000001));
#5274=CARTESIAN_POINT('',(-25.072758293121,14.7090521710046,2.6616492814813));
#5275=CARTESIAN_POINT('',(-25.172758293121,14.7090521710046,2.7808246407407));
#5276=VECTOR('',#6458,1.0);
#5277=CARTESIAN_POINT('',(-23.772758293121,14.7090521710046,2.9000000000001));
#5278=AXIS2_PLACEMENT_3D('',#6459,#6460,#6461);
#5279=CARTESIAN_POINT('',(-23.972758293121,14.7090521710046,2.6616492814813));
#5280=CARTESIAN_POINT('',(-23.872758293121,14.7090521710046,2.7808246407407));
#5281=VECTOR('',#6462,1.0);
#5282=AXIS2_PLACEMENT_3D('',#6463,#6464,#6465);
#5283=CARTESIAN_POINT('',(-25.072758293121,14.7090521710046,-0.499999999999901));
#5284=CARTESIAN_POINT('',(-25.072758293121,14.7090521710046,1.0808246407407));
#5285=VECTOR('',#6466,1.0);
#5286=CARTESIAN_POINT('',(-23.972758293121,14.7090521710046,-0.4999999999999));
#5287=AXIS2_PLACEMENT_3D('',#6467,#6468,#6469);
#5288=CARTESIAN_POINT('',(-23.972758293121,14.7090521710046,1.0808246407407));
#5289=VECTOR('',#6470,1.0);
#5290=AXIS2_PLACEMENT_3D('',#6471,#6472,#6473);
#5291=CARTESIAN_POINT('',(-24.522758293121,14.7090521710046,-0.8175426480529));
#5292=CARTESIAN_POINT('',(-24.247758293121,14.7090521710046,-0.658771324027001));
#5293=VECTOR('',#6474,1.0);
#5294=CARTESIAN_POINT('',(-24.797758293121,14.7090521710046,-0.658771324027001));
#5295=VECTOR('',#6475,1.0);
#5296=AXIS2_PLACEMENT_3D('',#6476,#6477,#6478);
#5297=CARTESIAN_POINT('',(-25.1354642310305,14.7090521710046,-0.999999999999901));
#5298=CARTESIAN_POINT('',(-25.207758293121,14.7090521710046,-0.589999999999904));
#5299=CARTESIAN_POINT('',(-25.1716112620758,14.7090521710046,-0.794999999999902));
#5300=VECTOR('',#6479,1.0);
#5301=CARTESIAN_POINT('',(-23.9100523552115,14.7090521710046,-0.999999999999901));
#5302=AXIS2_PLACEMENT_3D('',#6480,#6481,#6482);
#5303=CARTESIAN_POINT('',(-23.837758293121,14.7090521710046,-0.589999999999904));
#5304=CARTESIAN_POINT('',(-23.8739053241663,14.7090521710046,-0.794999999999902));
#5305=VECTOR('',#6483,1.0);
#5306=AXIS2_PLACEMENT_3D('',#6484,#6485,#6486);
#5307=CARTESIAN_POINT('',(-25.207758293121,14.7090521710046,1.1014359353946));
#5308=CARTESIAN_POINT('',(-25.207758293121,14.7090521710046,0.255717967697301));
#5309=VECTOR('',#6487,1.0);
#5310=CARTESIAN_POINT('',(-23.837758293121,14.7090521710046,1.1014359353946));
#5311=AXIS2_PLACEMENT_3D('',#6488,#6489,#6490);
#5312=CARTESIAN_POINT('',(-23.837758293121,14.7090521710046,0.255717967697301));
#5313=VECTOR('',#6491,1.0);
#5314=AXIS2_PLACEMENT_3D('',#6492,#6493,#6494);
#5315=CARTESIAN_POINT('',(-25.287758293121,14.7090521710046,1.4000000000001));
#5316=CARTESIAN_POINT('',(-25.247758293121,14.7090521710046,1.2507179676973));
#5317=VECTOR('',#6495,1.0);
#5318=AXIS2_PLACEMENT_3D('',#6496,#6497,#6498);
#5319=CARTESIAN_POINT('',(-23.757758293121,14.7090521710046,1.4000000000001));
#5320=CARTESIAN_POINT('',(-23.797758293121,14.7090521710046,1.2507179676973));
#5321=VECTOR('',#6499,1.0);
#5322=AXIS2_PLACEMENT_3D('',#6500,#6501,#6502);
#5323=CARTESIAN_POINT('',(-25.215258293121,14.7090521710046,2.1500000000001));
#5324=CARTESIAN_POINT('',(-25.215258293121,14.7090521710046,1.4000000000001));
#5325=CARTESIAN_POINT('',(-25.215258293121,14.7090521710046,1.7750000000001));
#5326=VECTOR('',#6503,1.0);
#5327=CARTESIAN_POINT('',(-23.830258293121,14.7090521710046,2.1500000000001));
#5328=AXIS2_PLACEMENT_3D('',#6504,#6505,#6506);
#5329=CARTESIAN_POINT('',(-23.830258293121,14.7090521710046,1.4000000000001));
#5330=CARTESIAN_POINT('',(-23.830258293121,14.7090521710046,1.7750000000001));
#5331=VECTOR('',#6507,1.0);
#5332=AXIS2_PLACEMENT_3D('',#6508,#6509,#6510);
#5333=CARTESIAN_POINT('',(-25.422758293121,14.7090521710046,2.9000000000001));
#5334=CARTESIAN_POINT('',(-25.422758293121,14.7090521710046,2.1500000000001));
#5335=CARTESIAN_POINT('',(-25.422758293121,14.7090521710046,2.5250000000001));
#5336=VECTOR('',#6511,1.0);
#5337=CARTESIAN_POINT('',(-23.622758293121,14.7090521710046,2.9000000000001));
#5338=AXIS2_PLACEMENT_3D('',#6512,#6513,#6514);
#5339=CARTESIAN_POINT('',(-23.622758293121,14.7090521710046,2.1500000000001));
#5340=CARTESIAN_POINT('',(-23.622758293121,14.7090521710046,2.5250000000001));
#5341=VECTOR('',#6515,1.0);
#5342=AXIS2_PLACEMENT_3D('',#6516,#6517,#6518);
#5343=CARTESIAN_POINT('',(-24.772758293121,14.7090521710046,-1.4807809693765));
#5344=CARTESIAN_POINT('',(-24.772758293121,14.7090521710046,-4.2499999999999));
#5345=CARTESIAN_POINT('',(-24.772758293121,14.7090521710046,-2.6249999999999));
#5346=VECTOR('',#6519,1.0);
#5347=CARTESIAN_POINT('',(-24.272758293121,14.7090521710046,-1.4807809693765));
#5348=AXIS2_PLACEMENT_3D('',#6520,#6521,#6522);
#5349=CARTESIAN_POINT('',(-24.272758293121,14.7090521710046,-4.2499999999999));
#5350=CARTESIAN_POINT('',(-24.272758293121,14.7090521710046,-2.6249999999999));
#5351=VECTOR('',#6523,1.0);
#5352=CARTESIAN_POINT('',(-24.522758293121,14.9590521710046,-4.2499999999999));
#5353=AXIS2_PLACEMENT_3D('',#6524,#6525,#6526);
#5354=AXIS2_PLACEMENT_3D('',#6527,#6528,#6529);
#5355=AXIS2_PLACEMENT_3D('',#6530,#6531,#6532);
#5356=AXIS2_PLACEMENT_3D('',#6533,#6534,#6535);
#5357=AXIS2_PLACEMENT_3D('',#6536,#6537,#6538);
#5358=AXIS2_PLACEMENT_3D('',#6539,#6540,#6541);
#5359=CARTESIAN_POINT('',(-24.522758293121,14.4590521710046,-4.2499999999999));
#5360=AXIS2_PLACEMENT_3D('',#6542,#6543,#6544);
#5361=AXIS2_PLACEMENT_3D('',#6545,#6546,#6547);
#5362=AXIS2_PLACEMENT_3D('',#6548,#6549,#6550);
#5363=AXIS2_PLACEMENT_3D('',#6551,#6552,#6553);
#5364=AXIS2_PLACEMENT_3D('',#6554,#6555,#6556);
#5365=AXIS2_PLACEMENT_3D('',#6557,#6558,#6559);
#5366=AXIS2_PLACEMENT_3D('',#6560,#6561,#6562);
#5367=AXIS2_PLACEMENT_3D('',#6563,#6564,#6565);
#5368=CARTESIAN_POINT('',(-25.0574502289464,14.7797235249847,1.99059664990235));
#5369=CARTESIAN_POINT('',(-24.9359370198463,14.7806841542837,1.99059664990235));
#5370=CARTESIAN_POINT('',(-25.0037427550435,14.7801481123476,1.99059664990235));
#5371=VECTOR('',#6566,1.0);
#5372=CARTESIAN_POINT('',(-25.0562544441323,14.7797329783267,1.98270191306025));
#5373=CARTESIAN_POINT('',(-25.0562544441323,14.7797329783267,1.98270191306025));
#5374=CARTESIAN_POINT('',(-25.0576641303641,14.7802360901011,1.99245893211682));
#5375=CARTESIAN_POINT('',(-25.0593319863407,14.7788247693544,2.00218501255824));
#5376=CARTESIAN_POINT('',(-25.0629337304429,14.7723362020926,2.02070724528297));
#5377=CARTESIAN_POINT('',(-25.0648391607314,14.767232718696,2.02932990742593));
#5378=CARTESIAN_POINT('',(-25.0683146715931,14.7539918803095,2.04406725290749));
#5379=CARTESIAN_POINT('',(-25.0698530766867,14.7459713535559,2.05007861613707));
#5380=CARTESIAN_POINT('',(-25.0720166817626,14.7282918021228,2.05848994545881));
#5381=CARTESIAN_POINT('',(-25.0726468448883,14.7188841588994,2.06092813986737));
#5382=CARTESIAN_POINT('',(-25.0727519344484,14.7077254371143,2.06160370679005));
#5383=CARTESIAN_POINT('',(-25.0727530407863,14.7062137921198,2.0616492814813));
#5384=CARTESIAN_POINT('',(-25.0727411070337,14.7047042518859,2.0616492814813));
#5385=CARTESIAN_POINT('',(-24.9347334388016,14.7806936692593,1.98270191306025));
#5386=CARTESIAN_POINT('',(-24.5233503694247,14.7839458805415,1.98270191306025));
#5387=VECTOR('',#6567,0.121524802668628);
#5388=CARTESIAN_POINT('',(-24.9527448567255,14.7056528887845,2.0616492814813));
#5389=CARTESIAN_POINT('',(-24.9528059392078,14.7133794160173,2.0616492814813));
#5390=CARTESIAN_POINT('',(-24.9524752284036,14.7210537397684,2.06045637551406));
#5391=CARTESIAN_POINT('',(-24.9509561326415,14.7374051910734,2.05525416033699));
#5392=CARTESIAN_POINT('',(-24.9496140633567,14.7457224858265,2.05074584659067));
#5393=CARTESIAN_POINT('',(-24.9462623576163,14.7605848770943,2.03869882263621));
#5394=CARTESIAN_POINT('',(-24.9442553971822,14.766900374983,2.03111435694626));
#5395=CARTESIAN_POINT('',(-24.9408535985836,14.7748823850061,2.01652866582154));
#5396=CARTESIAN_POINT('',(-24.9394646392794,14.7773452320004,2.01006190394871));
#5397=CARTESIAN_POINT('',(-24.9368966319516,14.7804385070344,1.99659758679538));
#5398=CARTESIAN_POINT('',(-24.9357297283676,14.7810522765065,1.98965523069488));
#5399=CARTESIAN_POINT('',(-24.9347334388016,14.7806936692593,1.98270191306025));
#5400=CARTESIAN_POINT('',(-24.9527448567255,14.7056528887845,2.0616492814813));
#5401=CARTESIAN_POINT('',(-24.9527448567255,14.7056528887845,2.5616492814813));
#5402=CARTESIAN_POINT('',(-24.9527448567255,14.7056528887845,2.3116492814813));
#5403=VECTOR('',#6568,1.0);
#5404=CARTESIAN_POINT('',(-24.5261575753411,15.1390387346091,2.0616492814813));
#5405=AXIS2_PLACEMENT_3D('',#6569,#6570,#6571);
#5406=CARTESIAN_POINT('',(-24.0927717295165,14.7124514532246,2.0616492814813));
#5407=AXIS2_PLACEMENT_3D('',#6572,#6573,#6574);
#5408=CARTESIAN_POINT('',(-24.0927717295165,14.7124514532246,2.5616492814813));
#5409=CARTESIAN_POINT('',(-24.0927717295165,14.7124514532246,2.3116492814813));
#5410=VECTOR('',#6575,1.0);
#5411=AXIS2_PLACEMENT_3D('',#6576,#6577,#6578);
#5412=CARTESIAN_POINT('',(-24.4446028573263,14.2970575968867,1.99059664990234));
#5413=CARTESIAN_POINT('',(-24.4436422280273,14.1755443877866,1.99059664990235));
#5414=CARTESIAN_POINT('',(-24.444066814661,14.2292517694468,1.99059664990235));
#5415=VECTOR('',#6579,1.0);
#5416=CARTESIAN_POINT('',(-24.4446123723019,14.2982611779314,1.98270191306025));
#5417=CARTESIAN_POINT('',(-24.4446123723019,14.2982611779314,1.98270191306025));
#5418=CARTESIAN_POINT('',(-24.444089375794,14.2968772441085,1.99241718410681));
#5419=CARTESIAN_POINT('',(-24.4454596435467,14.2951283812458,2.00208639268627));
#5420=CARTESIAN_POINT('',(-24.4518285750216,14.2911768218866,2.02056695056992));
#5421=CARTESIAN_POINT('',(-24.4568857041842,14.2889982996309,2.02920293928425));
#5422=CARTESIAN_POINT('',(-24.4700430139989,14.2849126425674,2.04397569445336));
#5423=CARTESIAN_POINT('',(-24.4780443761064,14.2830404936958,2.05001761962111));
#5424=CARTESIAN_POINT('',(-24.495655301642,14.2803017398737,2.05843909724712));
#5425=CARTESIAN_POINT('',(-24.5049954726578,14.2794262122296,2.06088709670743));
#5426=CARTESIAN_POINT('',(-24.5161862281529,14.2791070050573,2.06159901816442));
#5427=CARTESIAN_POINT('',(-24.5177737071597,14.2790781401053,2.0616492814813));
#5428=CARTESIAN_POINT('',(-24.519359010901,14.2790656074001,2.0616492814813));
#5429=CARTESIAN_POINT('',(-24.4436516813693,14.1767401726007,1.98270191306025));
#5430=CARTESIAN_POINT('',(-24.4478645835841,14.7096442473083,1.98270191306025));
#5431=VECTOR('',#6580,0.121524802668628);
#5432=CARTESIAN_POINT('',(-24.5184103740024,14.1590693570919,2.0616492814813));
#5433=CARTESIAN_POINT('',(-24.5105628648408,14.1591313960034,2.0616492814813));
#5434=CARTESIAN_POINT('',(-24.5027719029922,14.1595491970659,2.060418407041));
#5435=CARTESIAN_POINT('',(-24.4862456702787,14.1611800379591,2.05506281638106));
#5436=CARTESIAN_POINT('',(-24.4778717121118,14.1625245419991,2.05043648322585));
#5437=CARTESIAN_POINT('',(-24.4630613840577,14.1657936656312,2.03814792819331));
#5438=CARTESIAN_POINT('',(-24.4568379451159,14.1677054573,2.03047992978592));
#5439=CARTESIAN_POINT('',(-24.4491019069575,14.1709250655117,2.01587935140821));
#5440=CARTESIAN_POINT('',(-24.4467556532429,14.1722261264227,2.00949650899004));
#5441=CARTESIAN_POINT('',(-24.4438447261426,14.1746510571893,1.99627438447744));
#5442=CARTESIAN_POINT('',(-24.4432862346698,14.1757651894702,1.98948931968219));
#5443=CARTESIAN_POINT('',(-24.4436516813693,14.1767401726007,1.98270191306025));
#5444=CARTESIAN_POINT('',(-25.0727411070337,14.7047042518859,2.0616492814813));
#5445=CARTESIAN_POINT('',(-25.0727411070337,14.7047042518859,2.6616492814813));
#5446=CARTESIAN_POINT('',(-25.0727411070337,14.7047042518859,2.3616492814813));
#5447=VECTOR('',#6581,1.0);
#5448=CARTESIAN_POINT('',(-24.5184103740024,14.1590693570919,2.0616492814813));
#5449=AXIS2_PLACEMENT_3D('',#6582,#6583,#6584);
#5450=CARTESIAN_POINT('',(-23.9727754792083,14.7134000901232,2.0616492814813));
#5451=AXIS2_PLACEMENT_3D('',#6585,#6586,#6587);
#5452=CARTESIAN_POINT('',(-23.9727754792083,14.7134000901232,2.6616492814813));
#5453=CARTESIAN_POINT('',(-23.9727754792083,14.7134000901232,2.3616492814813));
#5454=VECTOR('',#6588,1.0);
#5455=AXIS2_PLACEMENT_3D('',#6589,#6590,#6591);
#5456=CARTESIAN_POINT('',(-25.0527417319824,14.7048623580357,2.6616492814813));
#5457=CARTESIAN_POINT('',(-25.0027432943539,14.7052576234101,2.6116492814813));
#5458=VECTOR('',#6592,1.0);
#5459=CARTESIAN_POINT('',(-23.9927748542597,14.7132419839735,2.6616492814813));
#5460=AXIS2_PLACEMENT_3D('',#6593,#6594,#6595);
#5461=CARTESIAN_POINT('',(-24.0427732918881,14.712846718599,2.6116492814813));
#5462=VECTOR('',#6596,1.0);
#5463=AXIS2_PLACEMENT_3D('',#6597,#6598,#6599);
#5464=CARTESIAN_POINT('',(-24.4520869391409,15.2437441068299,1.99059664990235));
#5465=CARTESIAN_POINT('',(-24.4511263098419,15.1222308977299,1.99059664990235));
#5466=CARTESIAN_POINT('',(-24.4516623525073,15.1900367251698,1.99059664990235));
#5467=VECTOR('',#6600,1.0);
#5468=CARTESIAN_POINT('',(-24.4520774857989,15.2425483220159,1.98270191306025));
#5469=CARTESIAN_POINT('',(-24.4520774857989,15.2425483220159,1.98270191306025));
#5470=CARTESIAN_POINT('',(-24.4515733657035,15.2439608334972,1.99247848683269));
#5471=CARTESIAN_POINT('',(-24.4529913650542,15.245632560967,2.00222383056503));
#5472=CARTESIAN_POINT('',(-24.4595015951348,15.2492391398967,2.02076205472169));
#5473=CARTESIAN_POINT('',(-24.4646137606099,15.2511450390294,2.0293831426348));
#5474=CARTESIAN_POINT('',(-24.477854722493,15.2546154894032,2.04409433217124));
#5475=CARTESIAN_POINT('',(-24.4858593084324,15.2561494101329,2.05008816123021));
#5476=CARTESIAN_POINT('',(-24.5034982565232,15.2583080780819,2.05848029923494));
#5477=CARTESIAN_POINT('',(-24.5128827823868,15.2589378620104,2.06091692522951));
#5478=CARTESIAN_POINT('',(-24.5240408270181,15.2590457769299,2.06160236411676));
#5479=CARTESIAN_POINT('',(-24.5255745961417,15.2590470931918,2.0616492814813));
#5480=CARTESIAN_POINT('',(-24.5271062122397,15.2590349849173,2.0616492814813));
#5481=CARTESIAN_POINT('',(-24.4511167948663,15.1210273166852,1.98270191306025));
#5482=CARTESIAN_POINT('',(-24.4478645835841,14.7096442473083,1.98270191306025));
#5483=VECTOR('',#6601,0.121524802668628);
#5484=CARTESIAN_POINT('',(-24.5261575753411,15.1390387346091,2.0616492814813));
#5485=CARTESIAN_POINT('',(-24.5184602636647,15.1390995861262,2.0616492814813));
#5486=CARTESIAN_POINT('',(-24.5108142035398,15.1387716325982,2.06046536974672));
#5487=CARTESIAN_POINT('',(-24.4944421657497,15.1372568679726,2.05527722613562));
#5488=CARTESIAN_POINT('',(-24.4860845433848,15.1359087967284,2.05074995001954));
#5489=CARTESIAN_POINT('',(-24.4711713478915,15.1325422859061,2.03864759977854));
#5490=CARTESIAN_POINT('',(-24.4648442611557,15.1305275912486,2.03103079384414));
#5491=CARTESIAN_POINT('',(-24.4568752005967,15.1271203891811,2.01640580342446));
#5492=CARTESIAN_POINT('',(-24.4544247802821,15.1257329439662,2.00993762164086));
#5493=CARTESIAN_POINT('',(-24.4513644251619,15.1231761270181,1.9965122285581));
#5494=CARTESIAN_POINT('',(-24.4507603974115,15.1220174669635,1.98961238329538));
#5495=CARTESIAN_POINT('',(-24.4511167948663,15.1210273166852,1.98270191306025));
#5496=CARTESIAN_POINT('',(-24.1107637190032,14.7872076067993,1.99059664990234));
#5497=CARTESIAN_POINT('',(-23.9892505099031,14.7881682360983,1.99059664990235));
#5498=CARTESIAN_POINT('',(-24.0429579838059,14.7877436487354,1.99059664990235));
#5499=VECTOR('',#6602,1.0);
#5500=CARTESIAN_POINT('',(-24.1119673000478,14.7871980918237,1.98270191306025));
#5501=CARTESIAN_POINT('',(-24.1119673000478,14.7871980918237,1.98270191306025));
#5502=CARTESIAN_POINT('',(-24.1105892753236,14.7877188552495,1.99237570199707));
#5503=CARTESIAN_POINT('',(-24.1088494706709,14.7863624942903,2.00200417321325));
#5504=CARTESIAN_POINT('',(-24.1049118404742,14.7800411575493,2.02044426917826));
#5505=CARTESIAN_POINT('',(-24.1027367214502,14.7750071791142,2.02907799740178));
#5506=CARTESIAN_POINT('',(-24.0986417687908,14.7618628444338,2.04390056356752));
#5507=CARTESIAN_POINT('',(-24.0967587806278,14.7538347174695,2.04997949963098));
#5508=CARTESIAN_POINT('',(-24.0940053718279,14.7361482794894,2.05844743379402));
#5509=CARTESIAN_POINT('',(-24.0931266451615,14.7267617440605,2.06090337616175));
#5510=CARTESIAN_POINT('',(-24.0928119203854,14.7155574989029,2.06160110961443));
#5511=CARTESIAN_POINT('',(-24.092783998693,14.7140034223447,2.0616492814813));
#5512=CARTESIAN_POINT('',(-24.0927717295165,14.7124514532246,2.0616492814813));
#5513=CARTESIAN_POINT('',(-23.9904462947171,14.7881587827563,1.98270191306025));
#5514=CARTESIAN_POINT('',(-24.5233503694247,14.7839458805415,1.98270191306025));
#5515=VECTOR('',#6603,0.121524802668628);
#5516=CARTESIAN_POINT('',(-23.9727754792083,14.7134000901232,2.0616492814813));
#5517=CARTESIAN_POINT('',(-23.972837676042,14.7212675753953,2.0616492814813));
#5518=CARTESIAN_POINT('',(-23.9732574614446,14.7290778622369,2.06041213814337));
#5519=CARTESIAN_POINT('',(-23.9748914915969,14.7455973878766,2.05504437451412));
#5520=CARTESIAN_POINT('',(-23.9762333901608,14.7539500921339,2.05042603880825));
#5521=CARTESIAN_POINT('',(-23.979495749709,14.7687318349759,2.03816331194919));
#5522=CARTESIAN_POINT('',(-23.9814038255887,14.7749476153212,2.03051128776882));
#5523=CARTESIAN_POINT('',(-23.9846205598833,14.7826873417491,2.01593016785698));
#5524=CARTESIAN_POINT('',(-23.9859221706525,14.7850386455519,2.00954782880499));
#5525=CARTESIAN_POINT('',(-23.98835139767,14.7879628315778,1.99630950986317));
#5526=CARTESIAN_POINT('',(-23.9894687823312,14.7885251774805,1.98950692725415));
#5527=CARTESIAN_POINT('',(-23.9904462947171,14.7881587827563,1.98270191306025));
#5528=CARTESIAN_POINT('',(-24.3151336019866,14.7116213959383,0.579253193461739));
#5530=CARTESIAN_POINT('',(-24.3151336019866,14.7116213959383,0.579253193461739));
#5531=CARTESIAN_POINT('',(-24.2448297098001,14.7369886271898,1.05000245785068));
#5532=CARTESIAN_POINT('',(-24.1119673000478,14.7871980918237,1.98270191306025));
#5539=CARTESIAN_POINT('',(-24.1977684485362,14.7116213959383,0.561649281481301));
#5540=CARTESIAN_POINT('',(-24.2564510252614,14.7116213959383,0.570451237471524));
#5541=VECTOR('',#6604,0.11867803908659);
#5543=CARTESIAN_POINT('',(-23.9904462947171,14.7881587827563,1.98270191306025));
#5544=CARTESIAN_POINT('',(-24.1172461763727,14.7406311929869,1.09997653091597));
#5545=CARTESIAN_POINT('',(-24.1977684485362,14.7116213959383,0.561649281481301));
#5552=CARTESIAN_POINT('',(-24.5234719607851,14.9166915313482,0.579253193461739));
#5553=AXIS2_PLACEMENT_3D('',#6605,#6606,#6607);
#5554=CARTESIAN_POINT('',(-24.5253275180548,15.0340420155894,0.561649281481301));
#5555=CARTESIAN_POINT('',(-24.5243997394199,14.9753667734688,0.570451237471524));
#5556=VECTOR('',#6608,0.11867803908659);
#5557=AXIS2_PLACEMENT_3D('',#6609,#6610,#6611);
#5559=CARTESIAN_POINT('',(-24.5253275180548,15.0340420155894,0.561649281481301));
#5560=CARTESIAN_POINT('',(-24.4975944137371,15.1150128718531,1.09997653091614));
#5561=CARTESIAN_POINT('',(-24.4520774857989,15.2425483220159,1.98270191306025));
#5569=CARTESIAN_POINT('',(-24.4511167948663,15.1210273166852,1.98270191306025));
#5570=CARTESIAN_POINT('',(-24.4992194131651,14.9873876954017,1.05000245785079));
#5571=CARTESIAN_POINT('',(-24.5234719607851,14.9166915313482,0.579253193461739));
#5578=CARTESIAN_POINT('',(-24.3151189327774,14.7097658386686,0.579253193461739));
#5579=CARTESIAN_POINT('',(-24.1977684485362,14.7116213959383,0.561649281481301));
#5580=CARTESIAN_POINT('',(-24.2564436906568,14.7106936173035,0.570451237471524));
#5581=VECTOR('',#6612,0.11867803908659);
#5582=CARTESIAN_POINT('',(-24.5201890681873,14.3840623264198,0.561649281481301));
#5583=AXIS2_PLACEMENT_3D('',#6613,#6614,#6615);
#5584=CARTESIAN_POINT('',(-24.5201890681873,14.5014274798701,0.579253193461739));
#5585=CARTESIAN_POINT('',(-24.5201890681873,14.442744903145,0.570451237471524));
#5586=VECTOR('',#6616,0.11867803908659);
#5587=AXIS2_PLACEMENT_3D('',#6617,#6618,#6619);
#5588=CARTESIAN_POINT('',(-24.1107831474404,14.6374106727499,1.98270191306025));
#5590=CARTESIAN_POINT('',(-24.1107831474404,14.6374106727499,1.98270191306025));
#5591=CARTESIAN_POINT('',(-24.244422768724,14.6855132910486,1.05000245785055));
#5592=CARTESIAN_POINT('',(-24.3151189327774,14.7097658386686,0.579253193461739));
#5599=CARTESIAN_POINT('',(-23.9892621421097,14.6383713636825,1.98270191306025));
#5600=CARTESIAN_POINT('',(-24.5221662168173,14.6341584614677,1.98270191306025));
#5601=VECTOR('',#6620,0.121524802668628);
#5603=CARTESIAN_POINT('',(-24.1977684485362,14.7116213959383,0.561649281481301));
#5604=CARTESIAN_POINT('',(-24.1167975922725,14.6838882916206,1.09997653091579));
#5605=CARTESIAN_POINT('',(-23.9892621421097,14.6383713636825,1.98270191306025));
#5612=CARTESIAN_POINT('',(-23.9727754792083,14.7134000901232,2.0616492814813));
#5613=CARTESIAN_POINT('',(-23.972837676042,14.7212675753953,2.0616492814813));
#5614=CARTESIAN_POINT('',(-23.9732574614446,14.7290778622369,2.06041213814337));
#5615=CARTESIAN_POINT('',(-23.9748914915969,14.7455973878766,2.05504437451412));
#5616=CARTESIAN_POINT('',(-23.9762333901608,14.7539500921339,2.05042603880825));
#5617=CARTESIAN_POINT('',(-23.979495749709,14.7687318349759,2.03816331194919));
#5618=CARTESIAN_POINT('',(-23.9814038255887,14.7749476153212,2.03051128776882));
#5619=CARTESIAN_POINT('',(-23.9846205598833,14.7826873417491,2.01593016785698));
#5620=CARTESIAN_POINT('',(-23.9859221706525,14.7850386455519,2.00954782880499));
#5621=CARTESIAN_POINT('',(-23.98835139767,14.7879628315778,1.99630950986317));
#5622=CARTESIAN_POINT('',(-23.9894687823312,14.7885251774805,1.98950692725415));
#5623=CARTESIAN_POINT('',(-23.9904462947171,14.7881587827563,1.98270191306025));
#5624=CARTESIAN_POINT('',(-23.9892621421097,14.6383713636825,1.98270191306025));
#5625=CARTESIAN_POINT('',(-23.987852455878,14.6378682519081,1.99245893211682));
#5626=CARTESIAN_POINT('',(-23.9861845999013,14.6392795726548,2.00218501255824));
#5627=CARTESIAN_POINT('',(-23.9825828557992,14.6457681399166,2.02070724528297));
#5628=CARTESIAN_POINT('',(-23.9806774255106,14.6508716233132,2.02932990742592));
#5629=CARTESIAN_POINT('',(-23.977201914649,14.6641124616997,2.04406725290749));
#5630=CARTESIAN_POINT('',(-23.9756635095554,14.6721329884532,2.05007861613707));
#5631=CARTESIAN_POINT('',(-23.9734999044795,14.6898125398864,2.05848994545881));
#5632=CARTESIAN_POINT('',(-23.9728697413538,14.6992201831098,2.06092813986737));
#5633=CARTESIAN_POINT('',(-23.9727646517936,14.7103789048949,2.06160370679005));
#5634=CARTESIAN_POINT('',(-23.9727635454557,14.7118905498894,2.0616492814813));
#5635=CARTESIAN_POINT('',(-23.9727754792083,14.7134000901232,2.0616492814813));
#5636=CARTESIAN_POINT('',(-24.0927717295165,14.7124514532246,2.0616492814813));
#5637=CARTESIAN_POINT('',(-24.0927106470343,14.7047249259919,2.0616492814813));
#5638=CARTESIAN_POINT('',(-24.0930413578384,14.6970506022407,2.06045637551406));
#5639=CARTESIAN_POINT('',(-24.0945604536006,14.6806991509358,2.05525416033699));
#5640=CARTESIAN_POINT('',(-24.0959025228854,14.6723818561827,2.05074584659066));
#5641=CARTESIAN_POINT('',(-24.0992542286258,14.6575194649149,2.03869882263621));
#5642=CARTESIAN_POINT('',(-24.1012611890599,14.6512039670262,2.03111435694626));
#5643=CARTESIAN_POINT('',(-24.1046629876585,14.6432219570031,2.01652866582154));
#5644=CARTESIAN_POINT('',(-24.1060519469627,14.6407591100087,2.01006190394871));
#5645=CARTESIAN_POINT('',(-24.1086199542905,14.6376658349748,1.99659758679538));
#5646=CARTESIAN_POINT('',(-24.1097868578745,14.6370520655027,1.98965523069488));
#5647=CARTESIAN_POINT('',(-24.1107831474404,14.6374106727499,1.98270191306025));
#5648=CARTESIAN_POINT('',(-24.1119673000478,14.7871980918237,1.98270191306025));
#5649=CARTESIAN_POINT('',(-24.1105892753236,14.7877188552495,1.99237570199707));
#5650=CARTESIAN_POINT('',(-24.1088494706709,14.7863624942903,2.00200417321325));
#5651=CARTESIAN_POINT('',(-24.1049118404742,14.7800411575493,2.02044426917826));
#5652=CARTESIAN_POINT('',(-24.1027367214502,14.7750071791142,2.02907799740178));
#5653=CARTESIAN_POINT('',(-24.0986417687908,14.7618628444338,2.04390056356752));
#5654=CARTESIAN_POINT('',(-24.0967587806278,14.7538347174695,2.04997949963098));
#5655=CARTESIAN_POINT('',(-24.0940053718279,14.7361482794894,2.05844743379402));
#5656=CARTESIAN_POINT('',(-24.0931266451615,14.7267617440605,2.06090337616175));
#5657=CARTESIAN_POINT('',(-24.0928119203854,14.7155574989029,2.06160110961443));
#5658=CARTESIAN_POINT('',(-24.092783998693,14.7140034223447,2.0616492814813));
#5659=CARTESIAN_POINT('',(-24.0927717295165,14.7124514532246,2.0616492814813));
#5660=CARTESIAN_POINT('',(-24.7303976534646,14.7083385033405,0.579253193461739));
#5661=CARTESIAN_POINT('',(-24.8477481377058,14.7064829460708,0.561649281481301));
#5662=CARTESIAN_POINT('',(-24.7890728955852,14.7074107247057,0.570451237471524));
#5663=VECTOR('',#6621,0.11867803908659);
#5664=CARTESIAN_POINT('',(-24.5253275180548,15.0340420155894,0.561649281481301));
#5665=AXIS2_PLACEMENT_3D('',#6622,#6623,#6624);
#5666=CARTESIAN_POINT('',(-24.5253275180548,14.916676862139,0.579253193461739));
#5667=CARTESIAN_POINT('',(-24.5253275180548,14.9753594388642,0.570451237471524));
#5668=VECTOR('',#6625,0.11867803908659);
#5669=AXIS2_PLACEMENT_3D('',#6626,#6627,#6628);
#5670=CARTESIAN_POINT('',(-24.6009042139402,15.1198431640778,1.98270191306025));
#5672=CARTESIAN_POINT('',(-24.5253275180548,14.916676862139,0.579253193461739));
#5673=CARTESIAN_POINT('',(-24.5506947493063,14.9869807543255,1.05000245785069));
#5674=CARTESIAN_POINT('',(-24.6009042139402,15.1198431640778,1.98270191306025));
#5681=CARTESIAN_POINT('',(-24.6018649048727,15.2413641694085,1.98270191306025));
#5683=CARTESIAN_POINT('',(-24.6018649048727,15.2413641694085,1.98270191306025));
#5684=CARTESIAN_POINT('',(-24.5543373151033,15.1145642877529,1.09997653091579));
#5685=CARTESIAN_POINT('',(-24.5253275180548,15.0340420155894,0.561649281481301));
#5692=CARTESIAN_POINT('',(-24.5976520026579,14.7084600947009,1.98270191306025));
#5693=VECTOR('',#6629,0.121524802668628);
#5694=CARTESIAN_POINT('',(-24.5261575753411,15.1390387346091,2.0616492814813));
#5695=CARTESIAN_POINT('',(-24.5184602636647,15.1390995861262,2.0616492814813));
#5696=CARTESIAN_POINT('',(-24.5108142035398,15.1387716325982,2.06046536974672));
#5697=CARTESIAN_POINT('',(-24.4944421657497,15.1372568679726,2.05527722613562));
#5698=CARTESIAN_POINT('',(-24.4860845433848,15.1359087967284,2.05074995001954));
#5699=CARTESIAN_POINT('',(-24.4711713478915,15.1325422859061,2.03864759977854));
#5700=CARTESIAN_POINT('',(-24.4648442611557,15.1305275912486,2.03103079384414));
#5701=CARTESIAN_POINT('',(-24.4568752005967,15.1271203891811,2.01640580342446));
#5702=CARTESIAN_POINT('',(-24.4544247802821,15.1257329439662,2.00993762164086));
#5703=CARTESIAN_POINT('',(-24.4513644251619,15.1231761270181,1.9965122285581));
#5704=CARTESIAN_POINT('',(-24.4507603974115,15.1220174669635,1.98961238329538));
#5705=CARTESIAN_POINT('',(-24.4511167948663,15.1210273166852,1.98270191306025));
#5706=CARTESIAN_POINT('',(-24.6009042139402,15.1198431640778,1.98270191306025));
#5707=CARTESIAN_POINT('',(-24.6014272104481,15.1212270979007,1.99241718410681));
#5708=CARTESIAN_POINT('',(-24.6000569426953,15.1229759607634,2.00208639268627));
#5709=CARTESIAN_POINT('',(-24.5936880112205,15.1269275201225,2.02056695056992));
#5710=CARTESIAN_POINT('',(-24.5886308820578,15.1291060423782,2.02920293928425));
#5711=CARTESIAN_POINT('',(-24.5754735722432,15.1331916994418,2.04397569445336));
#5712=CARTESIAN_POINT('',(-24.5674722101356,15.1350638483134,2.05001761962111));
#5713=CARTESIAN_POINT('',(-24.5498612846,15.1378026021354,2.05843909724712));
#5714=CARTESIAN_POINT('',(-24.5405211135843,15.1386781297795,2.06088709670743));
#5715=CARTESIAN_POINT('',(-24.5293303580892,15.1389973369519,2.06159901816442));
#5716=CARTESIAN_POINT('',(-24.5277428790824,15.1390262019039,2.0616492814813));
#5717=CARTESIAN_POINT('',(-24.5261575753411,15.1390387346091,2.0616492814813));
#5718=CARTESIAN_POINT('',(-24.5271062122397,15.2590349849173,2.0616492814813));
#5719=CARTESIAN_POINT('',(-24.5271062122397,15.2590349849173,2.0616492814813));
#5720=CARTESIAN_POINT('',(-24.5349537214013,15.2589729460058,2.0616492814813));
#5721=CARTESIAN_POINT('',(-24.5427446832499,15.2585551449433,2.060418407041));
#5722=CARTESIAN_POINT('',(-24.5592709159634,15.2569243040501,2.05506281638106));
#5723=CARTESIAN_POINT('',(-24.5676448741303,15.25557980001,2.05043648322585));
#5724=CARTESIAN_POINT('',(-24.5824552021843,15.252310676378,2.03814792819331));
#5725=CARTESIAN_POINT('',(-24.5886786411261,15.2503988847092,2.03047992978592));
#5726=CARTESIAN_POINT('',(-24.5964146792846,15.2471792764975,2.01587935140821));
#5727=CARTESIAN_POINT('',(-24.5987609329992,15.2458782155865,2.00949650899004));
#5728=CARTESIAN_POINT('',(-24.6016718600994,15.2434532848199,1.99627438447744));
#5729=CARTESIAN_POINT('',(-24.6022303515723,15.2423391525389,1.98948931968219));
#5730=CARTESIAN_POINT('',(-24.6018649048727,15.2413641694085,1.98270191306025));
#5731=CARTESIAN_POINT('',(-24.4520774857989,15.2425483220159,1.98270191306025));
#5732=CARTESIAN_POINT('',(-24.4515733657035,15.2439608334972,1.99247848683269));
#5733=CARTESIAN_POINT('',(-24.4529913650542,15.245632560967,2.00222383056503));
#5734=CARTESIAN_POINT('',(-24.4595015951348,15.2492391398967,2.02076205472169));
#5735=CARTESIAN_POINT('',(-24.4646137606099,15.2511450390294,2.0293831426348));
#5736=CARTESIAN_POINT('',(-24.477854722493,15.2546154894032,2.04409433217124));
#5737=CARTESIAN_POINT('',(-24.4858593084324,15.2561494101329,2.05008816123021));
#5738=CARTESIAN_POINT('',(-24.5034982565232,15.2583080780819,2.05848029923494));
#5739=CARTESIAN_POINT('',(-24.5128827823868,15.2589378620104,2.06091692522951));
#5740=CARTESIAN_POINT('',(-24.5240408270181,15.2590457769299,2.06160236411676));
#5741=CARTESIAN_POINT('',(-24.5255745961417,15.2590470931918,2.0616492814813));
#5742=CARTESIAN_POINT('',(-24.5271062122397,15.2590349849173,2.0616492814813));
#5743=AXIS2_PLACEMENT_3D('',#6630,#6631,#6632);
#5744=AXIS2_PLACEMENT_3D('',#6633,#6634,#6635);
#5745=AXIS2_PLACEMENT_3D('',#6636,#6637,#6638);
#5746=CARTESIAN_POINT('',(-24.5184103740024,14.1590693570919,2.0616492814813));
#5747=CARTESIAN_POINT('',(-24.5105628648408,14.1591313960034,2.0616492814813));
#5748=CARTESIAN_POINT('',(-24.5027719029922,14.1595491970659,2.060418407041));
#5749=CARTESIAN_POINT('',(-24.4862456702787,14.1611800379591,2.05506281638106));
#5750=CARTESIAN_POINT('',(-24.4778717121118,14.1625245419991,2.05043648322585));
#5751=CARTESIAN_POINT('',(-24.4630613840577,14.1657936656312,2.03814792819331));
#5752=CARTESIAN_POINT('',(-24.4568379451159,14.1677054573,2.03047992978592));
#5753=CARTESIAN_POINT('',(-24.4491019069575,14.1709250655117,2.01587935140821));
#5754=CARTESIAN_POINT('',(-24.4467556532429,14.1722261264227,2.00949650899004));
#5755=CARTESIAN_POINT('',(-24.4438447261426,14.1746510571893,1.99627438447744));
#5756=CARTESIAN_POINT('',(-24.4432862346698,14.1757651894702,1.98948931968219));
#5757=CARTESIAN_POINT('',(-24.4436516813693,14.1767401726007,1.98270191306025));
#5759=CARTESIAN_POINT('',(-24.4436516813693,14.1767401726007,1.98270191306025));
#5760=CARTESIAN_POINT('',(-24.4911792711387,14.3035400542562,1.09997653091614));
#5761=CARTESIAN_POINT('',(-24.5201890681873,14.3840623264198,0.561649281481301));
#5769=CARTESIAN_POINT('',(-24.5201890681873,14.5014274798701,0.579253193461739));
#5770=CARTESIAN_POINT('',(-24.4948218369358,14.4311235876836,1.05000245785079));
#5771=CARTESIAN_POINT('',(-24.4446123723019,14.2982611779314,1.98270191306025));
#5778=CARTESIAN_POINT('',(-24.519359010901,14.2790656074001,2.0616492814813));
#5779=CARTESIAN_POINT('',(-24.4446123723019,14.2982611779314,1.98270191306025));
#5780=CARTESIAN_POINT('',(-24.444089375794,14.2968772441085,1.99241718410681));
#5781=CARTESIAN_POINT('',(-24.4454596435467,14.2951283812458,2.00208639268627));
#5782=CARTESIAN_POINT('',(-24.4518285750216,14.2911768218866,2.02056695056992));
#5783=CARTESIAN_POINT('',(-24.4568857041842,14.2889982996309,2.02920293928425));
#5784=CARTESIAN_POINT('',(-24.4700430139989,14.2849126425674,2.04397569445336));
#5785=CARTESIAN_POINT('',(-24.4780443761064,14.2830404936958,2.05001761962111));
#5786=CARTESIAN_POINT('',(-24.495655301642,14.2803017398737,2.05843909724712));
#5787=CARTESIAN_POINT('',(-24.5049954726578,14.2794262122296,2.06088709670743));
#5788=CARTESIAN_POINT('',(-24.5161862281529,14.2791070050573,2.06159901816442));
#5789=CARTESIAN_POINT('',(-24.5177737071597,14.2790781401053,2.0616492814813));
#5790=CARTESIAN_POINT('',(-24.519359010901,14.2790656074001,2.0616492814813));
#5791=AXIS2_PLACEMENT_3D('',#6639,#6640,#6641);
#5792=CARTESIAN_POINT('',(-24.9527448567255,14.7056528887845,2.0616492814813));
#5793=CARTESIAN_POINT('',(-24.9528059392078,14.7133794160173,2.0616492814813));
#5794=CARTESIAN_POINT('',(-24.9524752284036,14.7210537397684,2.06045637551406));
#5795=CARTESIAN_POINT('',(-24.9509561326415,14.7374051910734,2.05525416033699));
#5796=CARTESIAN_POINT('',(-24.9496140633567,14.7457224858265,2.05074584659067));
#5797=CARTESIAN_POINT('',(-24.9462623576163,14.7605848770943,2.03869882263621));
#5798=CARTESIAN_POINT('',(-24.9442553971822,14.766900374983,2.03111435694626));
#5799=CARTESIAN_POINT('',(-24.9408535985836,14.7748823850061,2.01652866582154));
#5800=CARTESIAN_POINT('',(-24.9394646392794,14.7773452320004,2.01006190394871));
#5801=CARTESIAN_POINT('',(-24.9368966319516,14.7804385070344,1.99659758679538));
#5802=CARTESIAN_POINT('',(-24.9357297283676,14.7810522765065,1.98965523069488));
#5803=CARTESIAN_POINT('',(-24.9347334388016,14.7806936692593,1.98270191306025));
#5805=CARTESIAN_POINT('',(-24.9347334388016,14.7806936692593,1.98270191306025));
#5806=CARTESIAN_POINT('',(-24.8010938175181,14.7325910509606,1.05000245785068));
#5807=CARTESIAN_POINT('',(-24.7303976534646,14.7083385033405,0.579253193461739));
#5815=CARTESIAN_POINT('',(-24.8477481377058,14.7064829460708,0.561649281481301));
#5816=CARTESIAN_POINT('',(-24.9287189939695,14.7342160503885,1.09997653091596));
#5817=CARTESIAN_POINT('',(-25.0562544441323,14.7797329783267,1.98270191306025));
#5824=CARTESIAN_POINT('',(-25.0562544441323,14.7797329783267,1.98270191306025));
#5825=CARTESIAN_POINT('',(-25.0576641303641,14.7802360901011,1.99245893211682));
#5826=CARTESIAN_POINT('',(-25.0593319863407,14.7788247693544,2.00218501255824));
#5827=CARTESIAN_POINT('',(-25.0629337304429,14.7723362020926,2.02070724528297));
#5828=CARTESIAN_POINT('',(-25.0648391607314,14.767232718696,2.02932990742593));
#5829=CARTESIAN_POINT('',(-25.0683146715931,14.7539918803095,2.04406725290749));
#5830=CARTESIAN_POINT('',(-25.0698530766867,14.7459713535559,2.05007861613707));
#5831=CARTESIAN_POINT('',(-25.0720166817626,14.7282918021228,2.05848994545881));
#5832=CARTESIAN_POINT('',(-25.0726468448883,14.7188841588994,2.06092813986737));
#5833=CARTESIAN_POINT('',(-25.0727519344484,14.7077254371143,2.06160370679005));
#5834=CARTESIAN_POINT('',(-25.0727530407863,14.7062137921198,2.0616492814813));
#5835=CARTESIAN_POINT('',(-25.0727411070337,14.7047042518859,2.0616492814813));
#5836=AXIS2_PLACEMENT_3D('',#6642,#6643,#6644);
#5837=CARTESIAN_POINT('',(-24.5943997913757,14.297077025324,1.98270191306025));
#5838=CARTESIAN_POINT('',(-24.522044625457,14.501412810661,0.579253193461739));
#5840=CARTESIAN_POINT('',(-24.5943997913757,14.297077025324,1.98270191306025));
#5841=CARTESIAN_POINT('',(-24.546297173077,14.4307166466075,1.05000245785069));
#5842=CARTESIAN_POINT('',(-24.522044625457,14.501412810661,0.579253193461739));
#5849=CARTESIAN_POINT('',(-24.5934391004431,14.1755560199933,1.98270191306025));
#5850=CARTESIAN_POINT('',(-24.5976520026579,14.7084600947009,1.98270191306025));
#5851=VECTOR('',#6645,0.121524802668628);
#5852=CARTESIAN_POINT('',(-24.5201890681873,14.3840623264198,0.561649281481301));
#5854=CARTESIAN_POINT('',(-24.5201890681873,14.3840623264198,0.561649281481301));
#5855=CARTESIAN_POINT('',(-24.547922172505,14.3030914701561,1.09997653091579));
#5856=CARTESIAN_POINT('',(-24.5934391004431,14.1755560199933,1.98270191306025));
#5863=CARTESIAN_POINT('',(-24.5211168468221,14.4427375685404,0.570451237471524));
#5864=VECTOR('',#6646,0.11867803908659);
#5865=CARTESIAN_POINT('',(-24.5934391004431,14.1755560199933,1.98270191306025));
#5866=CARTESIAN_POINT('',(-24.5939432205386,14.174143508512,1.99247848683269));
#5867=CARTESIAN_POINT('',(-24.5925252211879,14.1724717810422,2.00222383056503));
#5868=CARTESIAN_POINT('',(-24.5860149911073,14.1688652021125,2.02076205472169));
#5869=CARTESIAN_POINT('',(-24.5809028256322,14.1669593029798,2.0293831426348));
#5870=CARTESIAN_POINT('',(-24.567661863749,14.1634888526059,2.04409433217124));
#5871=CARTESIAN_POINT('',(-24.5596572778096,14.1619549318762,2.05008816123021));
#5872=CARTESIAN_POINT('',(-24.5420183297189,14.1597962639273,2.05848029923494));
#5873=CARTESIAN_POINT('',(-24.5326338038552,14.1591664799987,2.06091692522951));
#5874=CARTESIAN_POINT('',(-24.5214757592239,14.1590585650793,2.06160236411676));
#5875=CARTESIAN_POINT('',(-24.5199419901004,14.1590572488173,2.0616492814813));
#5876=CARTESIAN_POINT('',(-24.5184103740024,14.1590693570919,2.0616492814813));
#5877=CARTESIAN_POINT('',(-24.519359010901,14.2790656074001,2.0616492814813));
#5878=CARTESIAN_POINT('',(-24.5270563225773,14.279004755883,2.0616492814813));
#5879=CARTESIAN_POINT('',(-24.5347023827023,14.279332709411,2.06046536974672));
#5880=CARTESIAN_POINT('',(-24.5510744204923,14.2808474740366,2.05527722613562));
#5881=CARTESIAN_POINT('',(-24.5594320428572,14.2821955452807,2.05074995001954));
#5882=CARTESIAN_POINT('',(-24.5743452383506,14.285562056103,2.03864759977854));
#5883=CARTESIAN_POINT('',(-24.5806723250863,14.2875767507606,2.03103079384414));
#5884=CARTESIAN_POINT('',(-24.5886413856453,14.2909839528281,2.01640580342446));
#5885=CARTESIAN_POINT('',(-24.5910918059599,14.292371398043,2.00993762164086));
#5886=CARTESIAN_POINT('',(-24.5941521610801,14.2949282149911,1.9965122285581));
#5887=CARTESIAN_POINT('',(-24.5947561888306,14.2960868750457,1.98961238329538));
#5888=CARTESIAN_POINT('',(-24.5943997913757,14.297077025324,1.98270191306025));
#5889=AXIS2_PLACEMENT_3D('',#6647,#6648,#6649);
#5890=CARTESIAN_POINT('',(-24.9335492861942,14.6309062501855,1.98270191306025));
#5891=CARTESIAN_POINT('',(-24.9335492861942,14.6309062501855,1.98270191306025));
#5892=CARTESIAN_POINT('',(-24.9349273109185,14.6303854867597,1.99237570199707));
#5893=CARTESIAN_POINT('',(-24.9366671155712,14.6317418477189,2.00200417321325));
#5894=CARTESIAN_POINT('',(-24.9406047457678,14.6380631844599,2.02044426917826));
#5895=CARTESIAN_POINT('',(-24.9427798647918,14.643097162895,2.02907799740178));
#5896=CARTESIAN_POINT('',(-24.9468748174512,14.6562414975754,2.04390056356752));
#5897=CARTESIAN_POINT('',(-24.9487578056142,14.6642696245397,2.04997949963098));
#5898=CARTESIAN_POINT('',(-24.9515112144142,14.6819560625198,2.05844743379402));
#5899=CARTESIAN_POINT('',(-24.9523899410806,14.6913425979487,2.06090337616175));
#5900=CARTESIAN_POINT('',(-24.9527046658566,14.7025468431062,2.06160110961443));
#5901=CARTESIAN_POINT('',(-24.952732587549,14.7041009196644,2.0616492814813));
#5902=CARTESIAN_POINT('',(-24.9527448567255,14.7056528887845,2.0616492814813));
#5903=CARTESIAN_POINT('',(-25.0550702915249,14.6299455592529,1.98270191306025));
#5904=CARTESIAN_POINT('',(-24.5221662168173,14.6341584614677,1.98270191306025));
#5905=VECTOR('',#6650,0.121524802668628);
#5906=CARTESIAN_POINT('',(-25.0727411070337,14.7047042518859,2.0616492814813));
#5907=CARTESIAN_POINT('',(-25.0726789102,14.6968367666139,2.0616492814813));
#5908=CARTESIAN_POINT('',(-25.0722591247975,14.6890264797722,2.06041213814337));
#5909=CARTESIAN_POINT('',(-25.0706250946452,14.6725069541326,2.05504437451413));
#5910=CARTESIAN_POINT('',(-25.0692831960812,14.6641542498753,2.05042603880825));
#5911=CARTESIAN_POINT('',(-25.0660208365331,14.6493725070333,2.03816331194919));
#5912=CARTESIAN_POINT('',(-25.0641127606533,14.643156726688,2.03051128776882));
#5913=CARTESIAN_POINT('',(-25.0608960263587,14.6354170002601,2.01593016785698));
#5914=CARTESIAN_POINT('',(-25.0595944155896,14.6330656964573,2.00954782880499));
#5915=CARTESIAN_POINT('',(-25.057165188572,14.6301415104313,1.99630950986317));
#5916=CARTESIAN_POINT('',(-25.0560478039109,14.6295791645286,1.98950692725415));
#5917=CARTESIAN_POINT('',(-25.0550702915249,14.6299455592529,1.98270191306025));
#5918=CARTESIAN_POINT('',(-24.8477481377058,14.7064829460708,0.561649281481301));
#5920=CARTESIAN_POINT('',(-25.0550702915249,14.6299455592529,1.98270191306025));
#5921=CARTESIAN_POINT('',(-24.9282704098693,14.6774731490223,1.09997653091579));
#5922=CARTESIAN_POINT('',(-24.8477481377058,14.7064829460708,0.561649281481301));
#5929=AXIS2_PLACEMENT_3D('',#6651,#6652,#6653);
#5930=CARTESIAN_POINT('',(-24.7303829842555,14.7064829460708,0.579253193461739));
#5931=CARTESIAN_POINT('',(-24.7890655609806,14.7064829460708,0.570451237471524));
#5932=VECTOR('',#6654,0.11867803908659);
#5933=AXIS2_PLACEMENT_3D('',#6655,#6656,#6657);
#5935=CARTESIAN_POINT('',(-24.7303829842555,14.7064829460708,0.579253193461739));
#5936=CARTESIAN_POINT('',(-24.8006868764419,14.6811157148194,1.05000245785055));
#5937=CARTESIAN_POINT('',(-24.9335492861942,14.6309062501855,1.98270191306025));
#5944=CARTESIAN_POINT('',(-17.6390886812085,12.7868049697976,0.0));
#5945=CARTESIAN_POINT('',(-17.6390886812085,12.7868049697976,2.9));
#5946=CARTESIAN_POINT('',(-17.6390886812085,12.7868049697976,0.0));
#5947=VECTOR('',#6658,1.0);
#5948=CARTESIAN_POINT('',(-23.905005494328,19.0527217829171,0.0));
#5949=AXIS2_PLACEMENT_3D('',#6659,#6660,#6661);
#5950=CARTESIAN_POINT('',(-23.905005494328,19.0527217829171,2.9));
#5951=CARTESIAN_POINT('',(-23.905005494328,19.0527217829171,0.0));
#5952=VECTOR('',#6662,2.9);
#5953=AXIS2_PLACEMENT_3D('',#6663,#6664,#6665);
#5954=CARTESIAN_POINT('',(-23.582758293121,14.7090521710046,0.0));
#5955=CARTESIAN_POINT('',(-23.582758293121,14.7090521710046,-0.7));
#5956=CARTESIAN_POINT('',(-23.582758293121,14.7090521710046,0.0));
#5957=VECTOR('',#6666,1.0);
#5958=CARTESIAN_POINT('',(-20.382758293121,14.7090521710046,0.0));
#5959=AXIS2_PLACEMENT_3D('',#6667,#6668,#6669);
#5960=CARTESIAN_POINT('',(-20.382758293121,14.7090521710046,-0.7));
#5961=CARTESIAN_POINT('',(-20.382758293121,14.7090521710046,0.0));
#5962=VECTOR('',#6670,1.0);
#5963=AXIS2_PLACEMENT_3D('',#6671,#6672,#6673);
#5964=CARTESIAN_POINT('',(-23.822758293121,14.7090521710046,1.9));
#5965=CARTESIAN_POINT('',(-23.822758293121,14.7090521710046,0.0));
#5966=CARTESIAN_POINT('',(-23.822758293121,14.7090521710046,0.95));
#5967=VECTOR('',#6674,1.0);
#5968=CARTESIAN_POINT('',(-25.222758293121,14.7090521710046,1.9));
#5969=AXIS2_PLACEMENT_3D('',#6675,#6676,#6677);
#5970=CARTESIAN_POINT('',(-25.222758293121,14.7090521710046,0.0));
#5971=CARTESIAN_POINT('',(-25.222758293121,14.7090521710046,0.95));
#5972=VECTOR('',#6678,1.0);
#5973=AXIS2_PLACEMENT_3D('',#6679,#6680,#6681);
#5974=CARTESIAN_POINT('',(-23.572758293121,14.7090521710046,2.9));
#5975=CARTESIAN_POINT('',(-23.572758293121,14.7090521710046,1.9));
#5976=CARTESIAN_POINT('',(-23.572758293121,14.7090521710046,2.4));
#5977=VECTOR('',#6682,1.0);
#5978=CARTESIAN_POINT('',(-25.472758293121,14.7090521710046,2.9));
#5979=AXIS2_PLACEMENT_3D('',#6683,#6684,#6685);
#5980=CARTESIAN_POINT('',(-25.472758293121,14.7090521710046,1.9));
#5981=CARTESIAN_POINT('',(-25.472758293121,14.7090521710046,2.4));
#5982=VECTOR('',#6686,1.0);
#5983=AXIS2_PLACEMENT_3D('',#6687,#6688,#6689);
#5984=CARTESIAN_POINT('',(-21.982758293121,12.8690521710046,1.9));
#5985=CARTESIAN_POINT('',(-21.982758293121,12.8690521710046,0.0));
#5986=CARTESIAN_POINT('',(-21.982758293121,12.8690521710046,0.95));
#5987=VECTOR('',#6690,1.0);
#5988=CARTESIAN_POINT('',(-21.982758293121,11.4690521710046,1.9));
#5989=AXIS2_PLACEMENT_3D('',#6691,#6692,#6693);
#5990=CARTESIAN_POINT('',(-21.982758293121,11.4690521710046,0.0));
#5991=CARTESIAN_POINT('',(-21.982758293121,11.4690521710046,0.95));
#5992=VECTOR('',#6694,1.0);
#5993=AXIS2_PLACEMENT_3D('',#6695,#6696,#6697);
#5994=CARTESIAN_POINT('',(-21.982758293121,13.1190521710046,2.9));
#5995=CARTESIAN_POINT('',(-21.982758293121,13.1190521710046,1.9));
#5996=CARTESIAN_POINT('',(-21.982758293121,13.1190521710046,2.4));
#5997=VECTOR('',#6698,1.0);
#5998=CARTESIAN_POINT('',(-21.982758293121,11.2190521710046,2.9));
#5999=AXIS2_PLACEMENT_3D('',#6699,#6700,#6701);
#6000=CARTESIAN_POINT('',(-21.982758293121,11.2190521710046,1.9));
#6001=CARTESIAN_POINT('',(-21.982758293121,11.2190521710046,2.4));
#6002=VECTOR('',#6702,1.0);
#6003=AXIS2_PLACEMENT_3D('',#6703,#6704,#6705);
#6004=CARTESIAN_POINT('',(-20.142758293121,14.7090521710046,1.9));
#6005=CARTESIAN_POINT('',(-20.142758293121,14.7090521710046,0.0));
#6006=CARTESIAN_POINT('',(-20.142758293121,14.7090521710046,0.95));
#6007=VECTOR('',#6706,1.0);
#6008=CARTESIAN_POINT('',(-18.742758293121,14.7090521710046,1.9));
#6009=AXIS2_PLACEMENT_3D('',#6707,#6708,#6709);
#6010=CARTESIAN_POINT('',(-18.742758293121,14.7090521710046,0.0));
#6011=CARTESIAN_POINT('',(-18.742758293121,14.7090521710046,0.95));
#6012=VECTOR('',#6710,1.0);
#6013=AXIS2_PLACEMENT_3D('',#6711,#6712,#6713);
#6014=CARTESIAN_POINT('',(-20.392758293121,14.7090521710046,2.9));
#6015=CARTESIAN_POINT('',(-20.392758293121,14.7090521710046,1.9));
#6016=CARTESIAN_POINT('',(-20.392758293121,14.7090521710046,2.4));
#6017=VECTOR('',#6714,1.0);
#6018=CARTESIAN_POINT('',(-18.492758293121,14.7090521710046,2.9));
#6019=AXIS2_PLACEMENT_3D('',#6715,#6716,#6717);
#6020=CARTESIAN_POINT('',(-18.492758293121,14.7090521710046,1.9));
#6021=CARTESIAN_POINT('',(-18.492758293121,14.7090521710046,2.4));
#6022=VECTOR('',#6718,1.0);
#6023=AXIS2_PLACEMENT_3D('',#6719,#6720,#6721);
#6024=AXIS2_PLACEMENT_3D('',#6722,#6723,#6724);
#6025=AXIS2_PLACEMENT_3D('',#6725,#6726,#6727);
#6026=AXIS2_PLACEMENT_3D('',#6728,#6729,#6730);
#6027=AXIS2_PLACEMENT_3D('',#6731,#6732,#6733);
#6028=AXIS2_PLACEMENT_3D('',#6734,#6735,#6736);
#6029=AXIS2_PLACEMENT_3D('',#6737,#6738,#6739);
#6030=AXIS2_PLACEMENT_3D('',#6740,#6741,#6742);
#6031=AXIS2_PLACEMENT_3D('',#6743,#6744,#6745);
#6032=AXIS2_PLACEMENT_3D('',#6746,#6747,#6748);
#6033=AXIS2_PLACEMENT_3D('',#6749,#6750,#6751);
#6034=AXIS2_PLACEMENT_3D('',#6752,#6753,#6754);
#6035=AXIS2_PLACEMENT_3D('',#6755,#6756,#6757);
#6036=AXIS2_PLACEMENT_3D('',#6758,#6759,#6760);
#6037=AXIS2_PLACEMENT_3D('',#6761,#6762,#6763);
#6038=CARTESIAN_POINT('',(-26.3347327422171,17.0537948849105,2.9));
#6039=CARTESIAN_POINT('',(-24.327501007027,19.0610266201007,2.9));
#6040=AXIS2_PLACEMENT_3D('',#6764,#6765,#6766);
#6041=CARTESIAN_POINT('',(-24.327501007027,19.0610266201007,0.0));
#6042=CARTESIAN_POINT('',(-24.327501007027,19.0610266201007,0.0));
#6043=VECTOR('',#6767,2.9);
#6044=CARTESIAN_POINT('',(-26.3347327422171,17.0537948849105,0.0));
#6045=AXIS2_PLACEMENT_3D('',#6768,#6769,#6770);
#6046=CARTESIAN_POINT('',(-26.3347327422171,17.0537948849105,0.0));
#6047=VECTOR('',#6771,2.9);
#6048=AXIS2_PLACEMENT_3D('',#6772,#6773,#6774);
#6049=AXIS2_PLACEMENT_3D('',#6775,#6776,#6777);
#6050=CARTESIAN_POINT('',(-26.3264279050335,16.6312993722116,2.9));
#6051=AXIS2_PLACEMENT_3D('',#6778,#6779,#6780);
#6052=CARTESIAN_POINT('',(-26.3264279050335,16.6312993722116,0.0));
#6053=CARTESIAN_POINT('',(-26.3264279050335,16.6312993722116,0.0));
#6054=VECTOR('',#6781,2.9);
#6055=AXIS2_PLACEMENT_3D('',#6782,#6783,#6784);
#6056=AXIS2_PLACEMENT_3D('',#6785,#6786,#6787);
#6057=AXIS2_PLACEMENT_3D('',#6788,#6789,#6790);
#6058=DIRECTION('',(-0.642787609688274,4.2524008931759E-17,-0.766044443117523));
#6059=CARTESIAN_POINT('',(-19.442758293121,14.7090521710046,2.9000000000001));
#6060=DIRECTION('',(-1.33820860829246E-16,5.55111512312546E-17,-1.0));
#6061=DIRECTION('',(1.0,4.87704449928515E-16,-1.33820860829246E-16));
#6062=DIRECTION('',(-0.642787609688274,-4.2524008931759E-17,0.766044443117523));
#6063=CARTESIAN_POINT('',(-19.442758293121,14.7090521710046,2.6616492814813));
#6064=DIRECTION('',(-1.33820860829246E-16,5.55111512312546E-17,-1.0));
#6065=DIRECTION('',(1.0,4.87704449928515E-16,-1.33820860829246E-16));
#6066=DIRECTION('',(1.33820860829246E-16,-5.55111512312546E-17,1.0));
#6067=CARTESIAN_POINT('',(-19.442758293121,14.7090521710046,-0.499999999999901));
#6068=DIRECTION('',(-1.33820860829246E-16,5.55111512312546E-17,-1.0));
#6069=DIRECTION('',(1.0,4.87704449928515E-16,-1.33820860829246E-16));
#6070=DIRECTION('',(-1.33820860829246E-16,5.55111512312546E-17,-1.0));
#6071=CARTESIAN_POINT('',(-19.442758293121,14.7090521710046,2.6616492814813));
#6072=DIRECTION('',(-1.33820860829246E-16,5.55111512312546E-17,-1.0));
#6073=DIRECTION('',(1.0,4.87704449928515E-16,-1.33820860829246E-16));
#6074=DIRECTION('',(-0.866025403786139,-2.77555756154639E-17,0.499999999997056));
#6075=DIRECTION('',(-0.866025403786139,2.77555756154639E-17,-0.499999999997056));
#6076=CARTESIAN_POINT('',(-19.442758293121,14.7090521710046,-0.499999999999901));
#6077=DIRECTION('',(-1.33820860829246E-16,5.55111512312546E-17,-1.0));
#6078=DIRECTION('',(1.0,4.87704449928515E-16,-1.33820860829246E-16));
#6079=DIRECTION('',(0.173648177667497,-5.46678121111672E-17,0.984807753012108));
#6080=CARTESIAN_POINT('',(-19.442758293121,14.7090521710046,-0.999999999999901));
#6081=DIRECTION('',(-1.33820860829246E-16,5.55111512312546E-17,-1.0));
#6082=DIRECTION('',(1.0,4.87704449928515E-16,-1.33820860829246E-16));
#6083=DIRECTION('',(0.173648177667497,5.46678121111672E-17,-0.984807753012108));
#6084=CARTESIAN_POINT('',(-19.442758293121,14.7090521710046,-0.589999999999904));
#6085=DIRECTION('',(-1.33820860829246E-16,5.55111512312546E-17,-1.0));
#6086=DIRECTION('',(1.0,4.87704449928515E-16,-1.33820860829246E-16));
#6087=DIRECTION('',(-1.33820860829246E-16,5.55111512312546E-17,-1.0));
#6088=CARTESIAN_POINT('',(-19.442758293121,14.7090521710046,1.1014359353946));
#6089=DIRECTION('',(-1.33820860829246E-16,5.55111512312546E-17,-1.0));
#6090=DIRECTION('',(1.0,4.87704449928515E-16,-1.33820860829246E-16));
#6091=DIRECTION('',(1.33820860829246E-16,-5.55111512312546E-17,1.0));
#6092=CARTESIAN_POINT('',(-19.442758293121,14.7090521710046,-0.589999999999904));
#6093=DIRECTION('',(-1.33820860829246E-16,5.55111512312546E-17,-1.0));
#6094=DIRECTION('',(1.0,4.87704449928515E-16,-1.33820860829246E-16));
#6095=DIRECTION('',(0.258819045103341,-5.36196546212949E-17,0.965925826288849));
#6096=CARTESIAN_POINT('',(-19.442758293121,14.7090521710046,1.1014359353946));
#6097=DIRECTION('',(-1.33820860829246E-16,5.55111512312546E-17,-1.0));
#6098=DIRECTION('',(1.0,4.87704449928515E-16,-1.33820860829246E-16));
#6099=DIRECTION('',(0.25881904510334,5.36196546212949E-17,-0.965925826288849));
#6100=CARTESIAN_POINT('',(-19.442758293121,14.7090521710046,1.4000000000001));
#6101=DIRECTION('',(-1.33820860829246E-16,5.55111512312546E-17,-1.0));
#6102=DIRECTION('',(1.0,4.87704449928515E-16,-1.33820860829246E-16));
#6103=DIRECTION('',(-1.33820860829246E-16,5.55111512312546E-17,-1.0));
#6104=CARTESIAN_POINT('',(-19.442758293121,14.7090521710046,2.1500000000001));
#6105=DIRECTION('',(-1.33820860829246E-16,5.55111512312546E-17,-1.0));
#6106=DIRECTION('',(1.0,4.87704449928515E-16,-1.33820860829246E-16));
#6107=DIRECTION('',(1.33820860829246E-16,-5.55111512312546E-17,1.0));
#6108=CARTESIAN_POINT('',(-19.442758293121,14.7090521710046,1.4000000000001));
#6109=DIRECTION('',(-1.33820860829246E-16,5.55111512312546E-17,-1.0));
#6110=DIRECTION('',(1.0,4.87704449928515E-16,-1.33820860829246E-16));
#6111=DIRECTION('',(-1.33820860829246E-16,5.55111512312546E-17,-1.0));
#6112=CARTESIAN_POINT('',(-19.442758293121,14.7090521710046,2.9000000000001));
#6113=DIRECTION('',(-1.33820860829246E-16,5.55111512312546E-17,-1.0));
#6114=DIRECTION('',(1.0,4.87704449928515E-16,-1.33820860829246E-16));
#6115=DIRECTION('',(1.33820860829246E-16,-5.55111512312546E-17,1.0));
#6116=CARTESIAN_POINT('',(-19.442758293121,14.7090521710046,2.1500000000001));
#6117=DIRECTION('',(-1.33820860829246E-16,5.55111512312546E-17,-1.0));
#6118=DIRECTION('',(1.0,4.87704449928515E-16,-1.33820860829246E-16));
#6119=DIRECTION('',(-1.33820860829246E-16,5.55111512312546E-17,-1.0));
#6120=CARTESIAN_POINT('',(-19.442758293121,14.7090521710046,-1.4807809693765));
#6121=DIRECTION('',(1.33820860829246E-16,-5.55111512312546E-17,1.0));
#6122=DIRECTION('',(1.0,5.6533010376993E-16,-1.33820860829246E-16));
#6123=DIRECTION('',(1.33820860829246E-16,-5.55111512312546E-17,1.0));
#6124=CARTESIAN_POINT('',(-19.442758293121,14.7090521710046,-4.2499999999999));
#6125=DIRECTION('',(-1.33820860829246E-16,5.55111512312546E-17,-1.0));
#6126=DIRECTION('',(1.0,4.87704449928515E-16,-1.33820860829246E-16));
#6127=CARTESIAN_POINT('',(-19.442758293121,14.7090521710046,-4.2499999999999));
#6128=DIRECTION('',(-1.33820860829246E-16,5.55111512312546E-17,-1.0));
#6129=DIRECTION('',(1.0,4.87704449928515E-16,-1.33820860829246E-16));
#6130=CARTESIAN_POINT('',(-18.692758293121,14.7090521710046,-1.4807809693765));
#6131=DIRECTION('',(9.86076131526205E-33,1.0,5.55111512312546E-17));
#6132=DIRECTION('',(1.0,-2.4322112718731E-33,-1.33820860829246E-16));
#6133=CARTESIAN_POINT('',(-19.442758293121,14.7090521710046,-1.4807809693765));
#6134=DIRECTION('',(1.33820860829246E-16,-5.55111512312546E-17,1.0));
#6135=DIRECTION('',(1.0,5.6533010376993E-16,-1.33820860829246E-16));
#6136=CARTESIAN_POINT('',(-20.192758293121,14.7090521710046,-1.4807809693765));
#6137=DIRECTION('',(9.86076131526205E-33,1.0,5.55111512312546E-17));
#6138=DIRECTION('',(-1.0,2.4322112718731E-33,1.33820860829246E-16));
#6139=CARTESIAN_POINT('',(-19.442758293121,14.7090521710046,-0.999999999999901));
#6140=DIRECTION('',(-1.33820860829246E-16,5.55111512312546E-17,-1.0));
#6141=DIRECTION('',(1.0,4.87704449928515E-16,-1.33820860829246E-16));
#6142=CARTESIAN_POINT('',(-19.442758293121,14.7090521710046,-4.2499999999999));
#6143=DIRECTION('',(-1.33820860829246E-16,5.55111512312546E-17,-1.0));
#6144=DIRECTION('',(1.0,4.87704449928515E-16,-1.33820860829246E-16));
#6145=CARTESIAN_POINT('',(-19.442758293121,14.7090521710046,-4.2499999999999));
#6146=DIRECTION('',(-1.33820860829246E-16,5.55111512312546E-17,-1.0));
#6147=DIRECTION('',(1.0,4.87704449928515E-16,-1.33820860829246E-16));
#6148=CARTESIAN_POINT('',(-19.442758293121,14.7090521710046,2.1500000000001));
#6149=DIRECTION('',(-1.33820860829246E-16,5.55111512312546E-17,-1.0));
#6150=DIRECTION('',(1.0,4.87704449928515E-16,-1.33820860829246E-16));
#6151=CARTESIAN_POINT('',(-19.442758293121,14.7090521710046,2.9000000000001));
#6152=DIRECTION('',(-1.33820860829246E-16,5.55111512312546E-17,-1.0));
#6153=DIRECTION('',(1.0,4.87704449928515E-16,-1.33820860829246E-16));
#6154=CARTESIAN_POINT('',(-19.442758293121,14.7090521710046,2.1500000000001));
#6155=DIRECTION('',(-1.33820860829246E-16,5.55111512312546E-17,-1.0));
#6156=DIRECTION('',(1.0,4.87704449928515E-16,-1.33820860829246E-16));
#6157=CARTESIAN_POINT('',(-19.442758293121,14.7090521710046,1.4000000000001));
#6158=DIRECTION('',(-1.33820860829246E-16,5.55111512312546E-17,-1.0));
#6159=DIRECTION('',(1.0,4.87704449928515E-16,-1.33820860829246E-16));
#6160=CARTESIAN_POINT('',(-19.442758293121,14.7090521710046,1.4000000000001));
#6161=DIRECTION('',(-1.33820860829246E-16,5.55111512312546E-17,-1.0));
#6162=DIRECTION('',(1.0,4.87704449928515E-16,-1.33820860829246E-16));
#6163=CARTESIAN_POINT('',(-19.442758293121,14.7090521710046,2.9000000000001));
#6164=DIRECTION('',(-1.33820860829246E-16,5.55111512312546E-17,-1.0));
#6165=DIRECTION('',(1.0,4.87704449928515E-16,-1.33820860829246E-16));
#6166=DIRECTION('',(-0.999968752568555,-0.00790530748846081,-6.38157272897177E-16));
#6167=DIRECTION('',(0.999968752568555,0.00790530748846081,6.38157272897177E-16));
#6168=DIRECTION('',(-6.38030276880471E-16,-1.858660453839E-17,1.0));
#6169=CARTESIAN_POINT('',(-19.442758293121,14.7090521710046,2.0616492814813));
#6170=DIRECTION('',(-6.38030276880471E-16,-1.858660453839E-17,1.0));
#6171=DIRECTION('',(0.999968752568555,0.00790530748846103,6.38157272897177E-16));
#6172=CARTESIAN_POINT('',(-19.442758293121,14.7090521710046,2.0616492814813));
#6173=DIRECTION('',(-6.38030276880471E-16,-1.858660453839E-17,1.0));
#6174=DIRECTION('',(0.999968752568555,0.00790530748846103,6.38157272897177E-16));
#6175=DIRECTION('',(6.38030276880471E-16,1.858660453839E-17,-1.0));
#6176=CARTESIAN_POINT('',(-19.442758293121,14.7090521710046,2.5616492814813));
#6177=DIRECTION('',(6.38030276880471E-16,1.858660453839E-17,-1.0));
#6178=DIRECTION('',(0.999968752568555,0.00790530748846103,6.38157272897177E-16));
#6179=DIRECTION('',(-0.00790530748846103,0.999968752568555,1.35421982290509E-17));
#6180=DIRECTION('',(0.00790530748846103,-0.999968752568555,-1.35421982290509E-17));
#6181=DIRECTION('',(-6.38030276880471E-16,-1.858660453839E-17,1.0));
#6182=CARTESIAN_POINT('',(-19.442758293121,14.7090521710046,2.0616492814813));
#6183=DIRECTION('',(6.38030276880471E-16,1.858660453839E-17,-1.0));
#6184=DIRECTION('',(0.999968752568555,0.00790530748846103,6.38157272897177E-16));
#6185=CARTESIAN_POINT('',(-19.442758293121,14.7090521710046,2.0616492814813));
#6186=DIRECTION('',(6.38030276880471E-16,1.858660453839E-17,-1.0));
#6187=DIRECTION('',(0.999968752568555,0.00790530748846103,6.38157272897177E-16));
#6188=DIRECTION('',(6.38030276880471E-16,1.858660453839E-17,-1.0));
#6189=CARTESIAN_POINT('',(-19.442758293121,14.7090521710046,2.6616492814813));
#6190=DIRECTION('',(6.38030276880471E-16,1.858660453839E-17,-1.0));
#6191=DIRECTION('',(0.999968752568555,0.00790530748846103,6.38157272897177E-16));
#6192=DIRECTION('',(-0.707084685917683,-0.00558989653246999,-0.707106781184743));
#6193=CARTESIAN_POINT('',(-19.442758293121,14.7090521710046,2.6616492814813));
#6194=DIRECTION('',(-6.38030276880471E-16,-1.858660453839E-17,1.0));
#6195=DIRECTION('',(0.999968752568555,0.00790530748846103,6.38157272897177E-16));
#6196=DIRECTION('',(-0.707084685917684,-0.00558989653247002,0.707106781184742));
#6197=CARTESIAN_POINT('',(-19.442758293121,14.7090521710046,2.5616492814813));
#6198=DIRECTION('',(6.38030276880471E-16,1.858660453839E-17,-1.0));
#6199=DIRECTION('',(0.999968752568555,0.00790530748846103,6.38157272897177E-16));
#6200=DIRECTION('',(-0.00790530748846103,0.999968752568555,1.35421982290509E-17));
#6201=DIRECTION('',(0.00790530748846103,-0.999968752568555,-1.35421982290509E-17));
#6202=DIRECTION('',(-0.999968752568555,-0.00790530748846081,-6.38157272897177E-16));
#6203=DIRECTION('',(0.999968752568555,0.00790530748846081,6.38157272897177E-16));
#6204=DIRECTION('',(0.988937417180555,8.11176610737151E-16,0.148333357341674));
#6205=CARTESIAN_POINT('',(-19.442758293121,14.7090521710046,0.579253193461739));
#6206=DIRECTION('',(6.38030276880471E-16,1.858660453839E-17,-1.0));
#6207=DIRECTION('',(0.999968752568555,0.00790530748846103,6.38157272897177E-16));
#6208=DIRECTION('',(0.0156352201635757,-0.988813812095171,-0.148333357341672));
#6209=CARTESIAN_POINT('',(-19.442758293121,14.7090521710046,0.561649281481301));
#6210=DIRECTION('',(-6.38030276880471E-16,-1.858660453839E-17,1.0));
#6211=DIRECTION('',(0.999968752568555,0.00790530748846103,6.38157272897177E-16));
#6212=DIRECTION('',(-0.988813812095171,-0.0156352201635753,-0.148333357341673));
#6213=CARTESIAN_POINT('',(-19.442758293121,14.7090521710046,0.561649281481301));
#6214=DIRECTION('',(-6.38030276880471E-16,-1.858660453839E-17,1.0));
#6215=DIRECTION('',(0.999968752568555,0.00790530748846103,6.38157272897177E-16));
#6216=DIRECTION('',(9.39461848590145E-16,-0.988937417180555,0.148333357341672));
#6217=CARTESIAN_POINT('',(-19.442758293121,14.7090521710046,0.579253193461739));
#6218=DIRECTION('',(6.38030276880471E-16,1.858660453839E-17,-1.0));
#6219=DIRECTION('',(0.999968752568555,0.00790530748846103,6.38157272897177E-16));
#6220=DIRECTION('',(0.999968752568555,0.00790530748846081,6.38157272897177E-16));
#6221=DIRECTION('',(0.988813812095171,0.0156352201635753,-0.148333357341671));
#6222=CARTESIAN_POINT('',(-19.442758293121,14.7090521710046,0.561649281481301));
#6223=DIRECTION('',(-6.38030276880471E-16,-1.858660453839E-17,1.0));
#6224=DIRECTION('',(0.999968752568555,0.00790530748846103,6.38157272897177E-16));
#6225=DIRECTION('',(-1.12874419470078E-15,0.988937417180555,0.148333357341672));
#6226=CARTESIAN_POINT('',(-19.442758293121,14.7090521710046,0.579253193461739));
#6227=DIRECTION('',(6.38030276880471E-16,1.858660453839E-17,-1.0));
#6228=DIRECTION('',(0.999968752568555,0.00790530748846103,6.38157272897177E-16));
#6229=DIRECTION('',(0.00790530748846103,-0.999968752568555,-1.35421982290509E-17));
#6230=CARTESIAN_POINT('',(-19.442758293121,14.7090521710046,2.0616492814813));
#6231=DIRECTION('',(6.38030276880471E-16,1.858660453839E-17,-1.0));
#6232=DIRECTION('',(0.999968752568555,0.00790530748846103,6.38157272897177E-16));
#6233=CARTESIAN_POINT('',(-19.442758293121,14.7090521710046,2.6616492814813));
#6234=DIRECTION('',(6.38030276880471E-16,1.858660453839E-17,-1.0));
#6235=DIRECTION('',(0.999968752568555,0.00790530748846103,6.38157272897177E-16));
#6236=CARTESIAN_POINT('',(-19.442758293121,14.7090521710046,2.6616492814813));
#6237=DIRECTION('',(-6.38030276880471E-16,-1.858660453839E-17,1.0));
#6238=DIRECTION('',(0.999968752568555,0.00790530748846103,6.38157272897177E-16));
#6239=CARTESIAN_POINT('',(-19.442758293121,14.7090521710046,2.0616492814813));
#6240=DIRECTION('',(-6.38030276880471E-16,-1.858660453839E-17,1.0));
#6241=DIRECTION('',(0.999968752568555,0.00790530748846103,6.38157272897177E-16));
#6242=CARTESIAN_POINT('',(-19.442758293121,14.7090521710046,2.0616492814813));
#6243=DIRECTION('',(6.38030276880471E-16,1.858660453839E-17,-1.0));
#6244=DIRECTION('',(0.999968752568555,0.00790530748846103,6.38157272897177E-16));
#6245=DIRECTION('',(0.00790530748846103,-0.999968752568555,-1.35421982290509E-17));
#6246=DIRECTION('',(-0.0156352201635755,0.988813812095171,-0.148333357341672));
#6247=CARTESIAN_POINT('',(-19.442758293121,14.7090521710046,2.0616492814813));
#6248=DIRECTION('',(-6.38030276880471E-16,-1.858660453839E-17,1.0));
#6249=DIRECTION('',(0.999968752568555,0.00790530748846103,6.38157272897177E-16));
#6250=DIRECTION('',(0.999968752568555,0.00790530748846081,6.38157272897177E-16));
#6251=CARTESIAN_POINT('',(-19.442758293121,14.7090521710046,0.561649281481301));
#6252=DIRECTION('',(-6.38030276880471E-16,-1.858660453839E-17,1.0));
#6253=DIRECTION('',(0.999968752568555,0.00790530748846103,6.38157272897177E-16));
#6254=DIRECTION('',(-0.988937417180555,-8.16690637642673E-16,0.148333357341671));
#6255=CARTESIAN_POINT('',(-19.442758293121,14.7090521710046,0.579253193461739));
#6256=DIRECTION('',(6.38030276880471E-16,1.858660453839E-17,-1.0));
#6257=DIRECTION('',(0.999968752568555,0.00790530748846103,6.38157272897177E-16));
#6258=DIRECTION('',(4.25240089317591E-17,0.642787609688273,-0.766044443117524));
#6259=CARTESIAN_POINT('',(-21.982758293121,12.1690521710046,2.9000000000001));
#6260=DIRECTION('',(5.55111512312546E-17,1.33820860829246E-16,-1.0));
#6261=DIRECTION('',(7.09749054853546E-16,-1.0,-1.33820860829246E-16));
#6262=DIRECTION('',(-4.25240089317591E-17,0.642787609688273,0.766044443117524));
#6263=CARTESIAN_POINT('',(-21.982758293121,12.1690521710046,2.6616492814813));
#6264=DIRECTION('',(5.55111512312546E-17,1.33820860829246E-16,-1.0));
#6265=DIRECTION('',(7.09749054853546E-16,-1.0,-1.33820860829246E-16));
#6266=DIRECTION('',(-5.55111512312546E-17,-1.33820860829246E-16,1.0));
#6267=CARTESIAN_POINT('',(-21.982758293121,12.1690521710046,-0.499999999999901));
#6268=DIRECTION('',(5.55111512312546E-17,1.33820860829246E-16,-1.0));
#6269=DIRECTION('',(7.09749054853546E-16,-1.0,-1.33820860829246E-16));
#6270=DIRECTION('',(5.55111512312546E-17,1.33820860829246E-16,-1.0));
#6271=CARTESIAN_POINT('',(-21.982758293121,12.1690521710046,2.6616492814813));
#6272=DIRECTION('',(5.55111512312546E-17,1.33820860829246E-16,-1.0));
#6273=DIRECTION('',(7.09749054853546E-16,-1.0,-1.33820860829246E-16));
#6274=DIRECTION('',(-2.77555756154639E-17,0.866025403786139,0.499999999997056));
#6275=DIRECTION('',(2.77555756154639E-17,0.866025403786139,-0.499999999997056));
#6276=CARTESIAN_POINT('',(-21.982758293121,12.1690521710046,-0.499999999999901));
#6277=DIRECTION('',(5.55111512312546E-17,1.33820860829246E-16,-1.0));
#6278=DIRECTION('',(7.09749054853546E-16,-1.0,-1.33820860829246E-16));
#6279=DIRECTION('',(-5.46678121111672E-17,-0.173648177667498,0.984807753012108));
#6280=CARTESIAN_POINT('',(-21.982758293121,12.1690521710046,-0.999999999999901));
#6281=DIRECTION('',(5.55111512312546E-17,1.33820860829246E-16,-1.0));
#6282=DIRECTION('',(7.09749054853546E-16,-1.0,-1.33820860829246E-16));
#6283=DIRECTION('',(5.46678121111672E-17,-0.173648177667497,-0.984807753012108));
#6284=CARTESIAN_POINT('',(-21.982758293121,12.1690521710046,-0.589999999999904));
#6285=DIRECTION('',(5.55111512312546E-17,1.33820860829246E-16,-1.0));
#6286=DIRECTION('',(7.09749054853546E-16,-1.0,-1.33820860829246E-16));
#6287=DIRECTION('',(5.55111512312546E-17,1.33820860829246E-16,-1.0));
#6288=CARTESIAN_POINT('',(-21.982758293121,12.1690521710046,1.1014359353946));
#6289=DIRECTION('',(5.55111512312546E-17,1.33820860829246E-16,-1.0));
#6290=DIRECTION('',(7.09749054853546E-16,-1.0,-1.33820860829246E-16));
#6291=DIRECTION('',(-5.55111512312546E-17,-1.33820860829246E-16,1.0));
#6292=CARTESIAN_POINT('',(-21.982758293121,12.1690521710046,-0.589999999999904));
#6293=DIRECTION('',(5.55111512312546E-17,1.33820860829246E-16,-1.0));
#6294=DIRECTION('',(7.09749054853546E-16,-1.0,-1.33820860829246E-16));
#6295=DIRECTION('',(-5.36196546212948E-17,-0.258819045103341,0.965925826288849));
#6296=CARTESIAN_POINT('',(-21.982758293121,12.1690521710046,1.1014359353946));
#6297=DIRECTION('',(5.55111512312546E-17,1.33820860829246E-16,-1.0));
#6298=DIRECTION('',(7.09749054853546E-16,-1.0,-1.33820860829246E-16));
#6299=DIRECTION('',(5.36196546212948E-17,-0.25881904510334,-0.965925826288849));
#6300=CARTESIAN_POINT('',(-21.982758293121,12.1690521710046,1.4000000000001));
#6301=DIRECTION('',(5.55111512312546E-17,1.33820860829246E-16,-1.0));
#6302=DIRECTION('',(7.09749054853546E-16,-1.0,-1.33820860829246E-16));
#6303=DIRECTION('',(5.55111512312546E-17,1.33820860829246E-16,-1.0));
#6304=CARTESIAN_POINT('',(-21.982758293121,12.1690521710046,2.1500000000001));
#6305=DIRECTION('',(5.55111512312546E-17,1.33820860829246E-16,-1.0));
#6306=DIRECTION('',(7.09749054853546E-16,-1.0,-1.33820860829246E-16));
#6307=DIRECTION('',(-5.55111512312546E-17,-1.33820860829246E-16,1.0));
#6308=CARTESIAN_POINT('',(-21.982758293121,12.1690521710046,1.4000000000001));
#6309=DIRECTION('',(5.55111512312546E-17,1.33820860829246E-16,-1.0));
#6310=DIRECTION('',(7.09749054853546E-16,-1.0,-1.33820860829246E-16));
#6311=DIRECTION('',(5.55111512312546E-17,1.33820860829246E-16,-1.0));
#6312=CARTESIAN_POINT('',(-21.982758293121,12.1690521710046,2.9000000000001));
#6313=DIRECTION('',(5.55111512312546E-17,1.33820860829246E-16,-1.0));
#6314=DIRECTION('',(7.09749054853546E-16,-1.0,-1.33820860829246E-16));
#6315=DIRECTION('',(-5.55111512312546E-17,-1.33820860829246E-16,1.0));
#6316=CARTESIAN_POINT('',(-21.982758293121,12.1690521710046,2.1500000000001));
#6317=DIRECTION('',(5.55111512312546E-17,1.33820860829246E-16,-1.0));
#6318=DIRECTION('',(7.09749054853546E-16,-1.0,-1.33820860829246E-16));
#6319=DIRECTION('',(5.55111512312546E-17,1.33820860829246E-16,-1.0));
#6320=CARTESIAN_POINT('',(-21.982758293121,12.1690521710046,-1.4807809693765));
#6321=DIRECTION('',(-5.55111512312546E-17,-1.33820860829246E-16,1.0));
#6322=DIRECTION('',(7.87374708694961E-16,-1.0,-1.33820860829246E-16));
#6323=DIRECTION('',(-5.55111512312546E-17,-1.33820860829246E-16,1.0));
#6324=CARTESIAN_POINT('',(-21.982758293121,12.1690521710046,-4.2499999999999));
#6325=DIRECTION('',(5.55111512312546E-17,1.33820860829246E-16,-1.0));
#6326=DIRECTION('',(7.09749054853546E-16,-1.0,-1.33820860829246E-16));
#6327=CARTESIAN_POINT('',(-21.982758293121,12.1690521710046,-4.2499999999999));
#6328=DIRECTION('',(5.55111512312546E-17,1.33820860829246E-16,-1.0));
#6329=DIRECTION('',(7.09749054853546E-16,-1.0,-1.33820860829246E-16));
#6330=CARTESIAN_POINT('',(-21.982758293121,11.4190521710046,-1.4807809693765));
#6331=DIRECTION('',(1.0,-9.86076131526206E-33,5.55111512312546E-17));
#6332=DIRECTION('',(-2.43221127187311E-33,-1.0,-1.33820860829246E-16));
#6333=CARTESIAN_POINT('',(-21.982758293121,12.1690521710046,-1.4807809693765));
#6334=DIRECTION('',(-5.55111512312546E-17,-1.33820860829246E-16,1.0));
#6335=DIRECTION('',(7.87374708694961E-16,-1.0,-1.33820860829246E-16));
#6336=CARTESIAN_POINT('',(-21.982758293121,12.9190521710046,-1.4807809693765));
#6337=DIRECTION('',(1.0,-9.86076131526206E-33,5.55111512312546E-17));
#6338=DIRECTION('',(2.43221127187311E-33,1.0,1.33820860829246E-16));
#6339=CARTESIAN_POINT('',(-21.982758293121,12.1690521710046,-0.999999999999901));
#6340=DIRECTION('',(5.55111512312546E-17,1.33820860829246E-16,-1.0));
#6341=DIRECTION('',(7.09749054853546E-16,-1.0,-1.33820860829246E-16));
#6342=CARTESIAN_POINT('',(-21.982758293121,12.1690521710046,-4.2499999999999));
#6343=DIRECTION('',(5.55111512312546E-17,1.33820860829246E-16,-1.0));
#6344=DIRECTION('',(7.09749054853546E-16,-1.0,-1.33820860829246E-16));
#6345=CARTESIAN_POINT('',(-21.982758293121,12.1690521710046,-4.2499999999999));
#6346=DIRECTION('',(5.55111512312546E-17,1.33820860829246E-16,-1.0));
#6347=DIRECTION('',(7.09749054853546E-16,-1.0,-1.33820860829246E-16));
#6348=CARTESIAN_POINT('',(-21.982758293121,12.1690521710046,2.1500000000001));
#6349=DIRECTION('',(5.55111512312546E-17,1.33820860829246E-16,-1.0));
#6350=DIRECTION('',(7.09749054853546E-16,-1.0,-1.33820860829246E-16));
#6351=CARTESIAN_POINT('',(-21.982758293121,12.1690521710046,2.9000000000001));
#6352=DIRECTION('',(5.55111512312546E-17,1.33820860829246E-16,-1.0));
#6353=DIRECTION('',(7.09749054853546E-16,-1.0,-1.33820860829246E-16));
#6354=CARTESIAN_POINT('',(-21.982758293121,12.1690521710046,2.1500000000001));
#6355=DIRECTION('',(5.55111512312546E-17,1.33820860829246E-16,-1.0));
#6356=DIRECTION('',(7.09749054853546E-16,-1.0,-1.33820860829246E-16));
#6357=CARTESIAN_POINT('',(-21.982758293121,12.1690521710046,1.4000000000001));
#6358=DIRECTION('',(5.55111512312546E-17,1.33820860829246E-16,-1.0));
#6359=DIRECTION('',(7.09749054853546E-16,-1.0,-1.33820860829246E-16));
#6360=CARTESIAN_POINT('',(-21.982758293121,12.1690521710046,1.4000000000001));
#6361=DIRECTION('',(5.55111512312546E-17,1.33820860829246E-16,-1.0));
#6362=DIRECTION('',(7.09749054853546E-16,-1.0,-1.33820860829246E-16));
#6363=CARTESIAN_POINT('',(-21.982758293121,12.1690521710046,2.9000000000001));
#6364=DIRECTION('',(5.55111512312546E-17,1.33820860829246E-16,-1.0));
#6365=DIRECTION('',(7.09749054853546E-16,-1.0,-1.33820860829246E-16));
#6366=DIRECTION('',(-0.00790530748846103,0.999968752568555,-6.38157272897177E-16));
#6367=DIRECTION('',(0.00790530748846103,-0.999968752568555,6.38157272897177E-16));
#6368=DIRECTION('',(-1.85866045383902E-17,6.38030276880471E-16,1.0));
#6369=CARTESIAN_POINT('',(-21.982758293121,12.1690521710046,2.0616492814813));
#6370=DIRECTION('',(-1.85866045383902E-17,6.38030276880471E-16,1.0));
#6371=DIRECTION('',(0.00790530748846125,-0.999968752568555,6.38157272897177E-16));
#6372=CARTESIAN_POINT('',(-21.982758293121,12.1690521710046,2.0616492814813));
#6373=DIRECTION('',(-1.85866045383902E-17,6.38030276880471E-16,1.0));
#6374=DIRECTION('',(0.00790530748846125,-0.999968752568555,6.38157272897177E-16));
#6375=DIRECTION('',(1.85866045383902E-17,-6.38030276880471E-16,-1.0));
#6376=CARTESIAN_POINT('',(-21.982758293121,12.1690521710046,2.5616492814813));
#6377=DIRECTION('',(1.85866045383902E-17,-6.38030276880471E-16,-1.0));
#6378=DIRECTION('',(0.00790530748846125,-0.999968752568555,6.38157272897177E-16));
#6379=DIRECTION('',(0.999968752568555,0.00790530748846125,1.35421982290509E-17));
#6380=DIRECTION('',(-0.999968752568555,-0.00790530748846125,-1.35421982290509E-17));
#6381=DIRECTION('',(-1.85866045383902E-17,6.38030276880471E-16,1.0));
#6382=CARTESIAN_POINT('',(-21.982758293121,12.1690521710046,2.0616492814813));
#6383=DIRECTION('',(1.85866045383902E-17,-6.38030276880471E-16,-1.0));
#6384=DIRECTION('',(0.00790530748846125,-0.999968752568555,6.38157272897177E-16));
#6385=CARTESIAN_POINT('',(-21.982758293121,12.1690521710046,2.0616492814813));
#6386=DIRECTION('',(1.85866045383902E-17,-6.38030276880471E-16,-1.0));
#6387=DIRECTION('',(0.00790530748846125,-0.999968752568555,6.38157272897177E-16));
#6388=DIRECTION('',(1.85866045383902E-17,-6.38030276880471E-16,-1.0));
#6389=CARTESIAN_POINT('',(-21.982758293121,12.1690521710046,2.6616492814813));
#6390=DIRECTION('',(1.85866045383902E-17,-6.38030276880471E-16,-1.0));
#6391=DIRECTION('',(0.00790530748846125,-0.999968752568555,6.38157272897177E-16));
#6392=DIRECTION('',(-0.00558989653247262,0.707084685917682,-0.707106781184744));
#6393=CARTESIAN_POINT('',(-21.982758293121,12.1690521710046,2.6616492814813));
#6394=DIRECTION('',(-1.85866045383902E-17,6.38030276880471E-16,1.0));
#6395=DIRECTION('',(0.00790530748846125,-0.999968752568555,6.38157272897177E-16));
#6396=DIRECTION('',(-0.00558989653247265,0.707084685917683,0.707106781184743));
#6397=CARTESIAN_POINT('',(-21.982758293121,12.1690521710046,2.5616492814813));
#6398=DIRECTION('',(1.85866045383902E-17,-6.38030276880471E-16,-1.0));
#6399=DIRECTION('',(0.00790530748846125,-0.999968752568555,6.38157272897177E-16));
#6400=DIRECTION('',(0.999968752568555,0.00790530748846125,1.35421982290509E-17));
#6401=DIRECTION('',(-0.999968752568555,-0.00790530748846125,-1.35421982290509E-17));
#6402=DIRECTION('',(-0.00790530748846103,0.999968752568555,-6.38157272897177E-16));
#6403=DIRECTION('',(0.00790530748846103,-0.999968752568555,6.38157272897177E-16));
#6404=DIRECTION('',(1.03076482883059E-15,-0.988937417180555,0.148333357341674));
#6405=CARTESIAN_POINT('',(-21.982758293121,12.1690521710046,0.579253193461739));
#6406=DIRECTION('',(1.85866045383902E-17,-6.38030276880471E-16,-1.0));
#6407=DIRECTION('',(0.00790530748846125,-0.999968752568555,6.38157272897177E-16));
#6408=DIRECTION('',(-0.988813812095171,-0.0156352201635759,-0.148333357341672));
#6409=CARTESIAN_POINT('',(-21.982758293121,12.1690521710046,0.561649281481301));
#6410=DIRECTION('',(-1.85866045383902E-17,6.38030276880471E-16,1.0));
#6411=DIRECTION('',(0.00790530748846125,-0.999968752568555,6.38157272897177E-16));
#6412=DIRECTION('',(-0.0156352201635756,0.988813812095171,-0.148333357341673));
#6413=CARTESIAN_POINT('',(-21.982758293121,12.1690521710046,0.561649281481301));
#6414=DIRECTION('',(-1.85866045383902E-17,6.38030276880471E-16,1.0));
#6415=DIRECTION('',(0.00790530748846125,-0.999968752568555,6.38157272897177E-16));
#6416=DIRECTION('',(-0.988937417180555,-1.15905006668358E-15,0.148333357341672));
#6417=CARTESIAN_POINT('',(-21.982758293121,12.1690521710046,0.579253193461739));
#6418=DIRECTION('',(1.85866045383902E-17,-6.38030276880471E-16,-1.0));
#6419=DIRECTION('',(0.00790530748846125,-0.999968752568555,6.38157272897177E-16));
#6420=DIRECTION('',(0.00790530748846103,-0.999968752568555,6.38157272897177E-16));
#6421=DIRECTION('',(0.0156352201635756,-0.988813812095171,-0.148333357341671));
#6422=CARTESIAN_POINT('',(-21.982758293121,12.1690521710046,0.561649281481301));
#6423=DIRECTION('',(-1.85866045383902E-17,6.38030276880471E-16,1.0));
#6424=DIRECTION('',(0.00790530748846125,-0.999968752568555,6.38157272897177E-16));
#6425=DIRECTION('',(0.988937417180555,1.34833241279422E-15,0.148333357341672));
#6426=CARTESIAN_POINT('',(-21.982758293121,12.1690521710046,0.579253193461739));
#6427=DIRECTION('',(1.85866045383902E-17,-6.38030276880471E-16,-1.0));
#6428=DIRECTION('',(0.00790530748846125,-0.999968752568555,6.38157272897177E-16));
#6429=DIRECTION('',(-0.999968752568555,-0.00790530748846125,-1.35421982290509E-17));
#6430=CARTESIAN_POINT('',(-21.982758293121,12.1690521710046,2.0616492814813));
#6431=DIRECTION('',(1.85866045383902E-17,-6.38030276880471E-16,-1.0));
#6432=DIRECTION('',(0.00790530748846125,-0.999968752568555,6.38157272897177E-16));
#6433=CARTESIAN_POINT('',(-21.982758293121,12.1690521710046,2.6616492814813));
#6434=DIRECTION('',(1.85866045383902E-17,-6.38030276880471E-16,-1.0));
#6435=DIRECTION('',(0.00790530748846125,-0.999968752568555,6.38157272897177E-16));
#6436=CARTESIAN_POINT('',(-21.982758293121,12.1690521710046,2.6616492814813));
#6437=DIRECTION('',(-1.85866045383902E-17,6.38030276880471E-16,1.0));
#6438=DIRECTION('',(0.00790530748846125,-0.999968752568555,6.38157272897177E-16));
#6439=CARTESIAN_POINT('',(-21.982758293121,12.1690521710046,2.0616492814813));
#6440=DIRECTION('',(-1.85866045383902E-17,6.38030276880471E-16,1.0));
#6441=DIRECTION('',(0.00790530748846125,-0.999968752568555,6.38157272897177E-16));
#6442=CARTESIAN_POINT('',(-21.982758293121,12.1690521710046,2.0616492814813));
#6443=DIRECTION('',(1.85866045383902E-17,-6.38030276880471E-16,-1.0));
#6444=DIRECTION('',(0.00790530748846125,-0.999968752568555,6.38157272897177E-16));
#6445=DIRECTION('',(-0.999968752568555,-0.00790530748846125,-1.35421982290509E-17));
#6446=DIRECTION('',(0.988813812095171,0.0156352201635757,-0.148333357341672));
#6447=CARTESIAN_POINT('',(-21.982758293121,12.1690521710046,2.0616492814813));
#6448=DIRECTION('',(-1.85866045383902E-17,6.38030276880471E-16,1.0));
#6449=DIRECTION('',(0.00790530748846125,-0.999968752568555,6.38157272897177E-16));
#6450=DIRECTION('',(0.00790530748846103,-0.999968752568555,6.38157272897177E-16));
#6451=CARTESIAN_POINT('',(-21.982758293121,12.1690521710046,0.561649281481301));
#6452=DIRECTION('',(-1.85866045383902E-17,6.38030276880471E-16,1.0));
#6453=DIRECTION('',(0.00790530748846125,-0.999968752568555,6.38157272897177E-16));
#6454=DIRECTION('',(-1.03627885573611E-15,0.988937417180555,0.148333357341671));
#6455=CARTESIAN_POINT('',(-21.982758293121,12.1690521710046,0.579253193461739));
#6456=DIRECTION('',(1.85866045383902E-17,-6.38030276880471E-16,-1.0));
#6457=DIRECTION('',(0.00790530748846125,-0.999968752568555,6.38157272897177E-16));
#6458=DIRECTION('',(0.642787609688274,-4.2524008931759E-17,-0.766044443117523));
#6459=CARTESIAN_POINT('',(-24.522758293121,14.7090521710046,2.9000000000001));
#6460=DIRECTION('',(1.33820860829246E-16,-5.55111512312546E-17,-1.0));
#6461=DIRECTION('',(-1.0,-9.31793659778577E-16,-1.33820860829246E-16));
#6462=DIRECTION('',(0.642787609688274,4.2524008931759E-17,0.766044443117523));
#6463=CARTESIAN_POINT('',(-24.522758293121,14.7090521710046,2.6616492814813));
#6464=DIRECTION('',(1.33820860829246E-16,-5.55111512312546E-17,-1.0));
#6465=DIRECTION('',(-1.0,-9.31793659778577E-16,-1.33820860829246E-16));
#6466=DIRECTION('',(-1.33820860829246E-16,5.55111512312546E-17,1.0));
#6467=CARTESIAN_POINT('',(-24.522758293121,14.7090521710046,-0.499999999999901));
#6468=DIRECTION('',(1.33820860829246E-16,-5.55111512312546E-17,-1.0));
#6469=DIRECTION('',(-1.0,-9.31793659778577E-16,-1.33820860829246E-16));
#6470=DIRECTION('',(1.33820860829246E-16,-5.55111512312546E-17,-1.0));
#6471=CARTESIAN_POINT('',(-24.522758293121,14.7090521710046,2.6616492814813));
#6472=DIRECTION('',(1.33820860829246E-16,-5.55111512312546E-17,-1.0));
#6473=DIRECTION('',(-1.0,-9.31793659778577E-16,-1.33820860829246E-16));
#6474=DIRECTION('',(0.866025403786139,2.77555756154639E-17,0.499999999997056));
#6475=DIRECTION('',(0.866025403786139,-2.77555756154638E-17,-0.499999999997056));
#6476=CARTESIAN_POINT('',(-24.522758293121,14.7090521710046,-0.499999999999901));
#6477=DIRECTION('',(1.33820860829246E-16,-5.55111512312546E-17,-1.0));
#6478=DIRECTION('',(-1.0,-9.31793659778577E-16,-1.33820860829246E-16));
#6479=DIRECTION('',(-0.173648177667497,5.46678121111672E-17,0.984807753012108));
#6480=CARTESIAN_POINT('',(-24.522758293121,14.7090521710046,-0.999999999999901));
#6481=DIRECTION('',(1.33820860829246E-16,-5.55111512312546E-17,-1.0));
#6482=DIRECTION('',(-1.0,-9.31793659778577E-16,-1.33820860829246E-16));
#6483=DIRECTION('',(-0.173648177667497,-5.46678121111672E-17,-0.984807753012108));
#6484=CARTESIAN_POINT('',(-24.522758293121,14.7090521710046,-0.589999999999904));
#6485=DIRECTION('',(1.33820860829246E-16,-5.55111512312546E-17,-1.0));
#6486=DIRECTION('',(-1.0,-9.31793659778577E-16,-1.33820860829246E-16));
#6487=DIRECTION('',(1.33820860829246E-16,-5.55111512312546E-17,-1.0));
#6488=CARTESIAN_POINT('',(-24.522758293121,14.7090521710046,1.1014359353946));
#6489=DIRECTION('',(1.33820860829246E-16,-5.55111512312546E-17,-1.0));
#6490=DIRECTION('',(-1.0,-9.31793659778577E-16,-1.33820860829246E-16));
#6491=DIRECTION('',(-1.33820860829246E-16,5.55111512312546E-17,1.0));
#6492=CARTESIAN_POINT('',(-24.522758293121,14.7090521710046,-0.589999999999904));
#6493=DIRECTION('',(1.33820860829246E-16,-5.55111512312546E-17,-1.0));
#6494=DIRECTION('',(-1.0,-9.31793659778577E-16,-1.33820860829246E-16));
#6495=DIRECTION('',(-0.258819045103341,5.36196546212948E-17,0.965925826288849));
#6496=CARTESIAN_POINT('',(-24.522758293121,14.7090521710046,1.1014359353946));
#6497=DIRECTION('',(1.33820860829246E-16,-5.55111512312546E-17,-1.0));
#6498=DIRECTION('',(-1.0,-9.31793659778577E-16,-1.33820860829246E-16));
#6499=DIRECTION('',(-0.25881904510334,-5.36196546212948E-17,-0.965925826288849));
#6500=CARTESIAN_POINT('',(-24.522758293121,14.7090521710046,1.4000000000001));
#6501=DIRECTION('',(1.33820860829246E-16,-5.55111512312546E-17,-1.0));
#6502=DIRECTION('',(-1.0,-9.31793659778577E-16,-1.33820860829246E-16));
#6503=DIRECTION('',(1.33820860829246E-16,-5.55111512312546E-17,-1.0));
#6504=CARTESIAN_POINT('',(-24.522758293121,14.7090521710046,2.1500000000001));
#6505=DIRECTION('',(1.33820860829246E-16,-5.55111512312546E-17,-1.0));
#6506=DIRECTION('',(-1.0,-9.31793659778577E-16,-1.33820860829246E-16));
#6507=DIRECTION('',(-1.33820860829246E-16,5.55111512312546E-17,1.0));
#6508=CARTESIAN_POINT('',(-24.522758293121,14.7090521710046,1.4000000000001));
#6509=DIRECTION('',(1.33820860829246E-16,-5.55111512312546E-17,-1.0));
#6510=DIRECTION('',(-1.0,-9.31793659778577E-16,-1.33820860829246E-16));
#6511=DIRECTION('',(1.33820860829246E-16,-5.55111512312546E-17,-1.0));
#6512=CARTESIAN_POINT('',(-24.522758293121,14.7090521710046,2.9000000000001));
#6513=DIRECTION('',(1.33820860829246E-16,-5.55111512312546E-17,-1.0));
#6514=DIRECTION('',(-1.0,-9.31793659778577E-16,-1.33820860829246E-16));
#6515=DIRECTION('',(-1.33820860829246E-16,5.55111512312546E-17,1.0));
#6516=CARTESIAN_POINT('',(-24.522758293121,14.7090521710046,2.1500000000001));
#6517=DIRECTION('',(1.33820860829246E-16,-5.55111512312546E-17,-1.0));
#6518=DIRECTION('',(-1.0,-9.31793659778577E-16,-1.33820860829246E-16));
#6519=DIRECTION('',(1.33820860829246E-16,-5.55111512312546E-17,-1.0));
#6520=CARTESIAN_POINT('',(-24.522758293121,14.7090521710046,-1.4807809693765));
#6521=DIRECTION('',(-1.33820860829246E-16,5.55111512312546E-17,1.0));
#6522=DIRECTION('',(-1.0,-1.00941931361999E-15,-1.33820860829246E-16));
#6523=DIRECTION('',(-1.33820860829246E-16,5.55111512312546E-17,1.0));
#6524=CARTESIAN_POINT('',(-24.522758293121,14.7090521710046,-4.2499999999999));
#6525=DIRECTION('',(1.33820860829246E-16,-5.55111512312546E-17,-1.0));
#6526=DIRECTION('',(-1.0,-9.31793659778577E-16,-1.33820860829246E-16));
#6527=CARTESIAN_POINT('',(-24.522758293121,14.7090521710046,-4.2499999999999));
#6528=DIRECTION('',(1.33820860829246E-16,-5.55111512312546E-17,-1.0));
#6529=DIRECTION('',(-1.0,-9.31793659778577E-16,-1.33820860829246E-16));
#6530=CARTESIAN_POINT('',(-25.272758293121,14.7090521710046,-1.4807809693765));
#6531=DIRECTION('',(1.4210854715202E-15,-1.0,5.55111512312548E-17));
#6532=DIRECTION('',(-1.0,-1.4210854715202E-15,-1.33820860829246E-16));
#6533=CARTESIAN_POINT('',(-24.522758293121,14.7090521710046,-1.4807809693765));
#6534=DIRECTION('',(-1.33820860829246E-16,5.55111512312546E-17,1.0));
#6535=DIRECTION('',(-1.0,-1.00941931361999E-15,-1.33820860829246E-16));
#6536=CARTESIAN_POINT('',(-23.772758293121,14.7090521710046,-1.4807809693765));
#6537=DIRECTION('',(1.4210854715202E-15,-1.0,5.55111512312548E-17));
#6538=DIRECTION('',(1.0,1.4210854715202E-15,1.33820860829246E-16));
#6539=CARTESIAN_POINT('',(-24.522758293121,14.7090521710046,-0.999999999999901));
#6540=DIRECTION('',(1.33820860829246E-16,-5.55111512312546E-17,-1.0));
#6541=DIRECTION('',(-1.0,-9.31793659778577E-16,-1.33820860829246E-16));
#6542=CARTESIAN_POINT('',(-24.522758293121,14.7090521710046,-4.2499999999999));
#6543=DIRECTION('',(1.33820860829246E-16,-5.55111512312546E-17,-1.0));
#6544=DIRECTION('',(-1.0,-9.31793659778577E-16,-1.33820860829246E-16));
#6545=CARTESIAN_POINT('',(-24.522758293121,14.7090521710046,-4.2499999999999));
#6546=DIRECTION('',(1.33820860829246E-16,-5.55111512312546E-17,-1.0));
#6547=DIRECTION('',(-1.0,-9.31793659778577E-16,-1.33820860829246E-16));
#6548=CARTESIAN_POINT('',(-24.522758293121,14.7090521710046,2.1500000000001));
#6549=DIRECTION('',(1.33820860829246E-16,-5.55111512312546E-17,-1.0));
#6550=DIRECTION('',(-1.0,-9.31793659778577E-16,-1.33820860829246E-16));
#6551=CARTESIAN_POINT('',(-24.522758293121,14.7090521710046,2.9000000000001));
#6552=DIRECTION('',(1.33820860829246E-16,-5.55111512312546E-17,-1.0));
#6553=DIRECTION('',(-1.0,-9.31793659778577E-16,-1.33820860829246E-16));
#6554=CARTESIAN_POINT('',(-24.522758293121,14.7090521710046,2.1500000000001));
#6555=DIRECTION('',(1.33820860829246E-16,-5.55111512312546E-17,-1.0));
#6556=DIRECTION('',(-1.0,-9.31793659778577E-16,-1.33820860829246E-16));
#6557=CARTESIAN_POINT('',(-24.522758293121,14.7090521710046,1.4000000000001));
#6558=DIRECTION('',(1.33820860829246E-16,-5.55111512312546E-17,-1.0));
#6559=DIRECTION('',(-1.0,-9.31793659778577E-16,-1.33820860829246E-16));
#6560=CARTESIAN_POINT('',(-24.522758293121,14.7090521710046,1.4000000000001));
#6561=DIRECTION('',(1.33820860829246E-16,-5.55111512312546E-17,-1.0));
#6562=DIRECTION('',(-1.0,-9.31793659778577E-16,-1.33820860829246E-16));
#6563=CARTESIAN_POINT('',(-24.522758293121,14.7090521710046,2.9000000000001));
#6564=DIRECTION('',(1.33820860829246E-16,-5.55111512312546E-17,-1.0));
#6565=DIRECTION('',(-1.0,-9.31793659778577E-16,-1.33820860829246E-16));
#6566=DIRECTION('',(0.999968752568555,0.00790530748846125,-6.38157272897177E-16));
#6567=DIRECTION('',(-0.999968752568555,-0.00790530748846125,6.38157272897177E-16));
#6568=DIRECTION('',(6.38030276880471E-16,1.85866045383903E-17,1.0));
#6569=CARTESIAN_POINT('',(-24.522758293121,14.7090521710046,2.0616492814813));
#6570=DIRECTION('',(6.38030276880471E-16,1.85866045383903E-17,1.0));
#6571=DIRECTION('',(-0.999968752568555,-0.00790530748846147,6.38157272897177E-16));
#6572=CARTESIAN_POINT('',(-24.522758293121,14.7090521710046,2.0616492814813));
#6573=DIRECTION('',(6.38030276880471E-16,1.85866045383903E-17,1.0));
#6574=DIRECTION('',(-0.999968752568555,-0.00790530748846147,6.38157272897177E-16));
#6575=DIRECTION('',(-6.38030276880471E-16,-1.85866045383903E-17,-1.0));
#6576=CARTESIAN_POINT('',(-24.522758293121,14.7090521710046,2.5616492814813));
#6577=DIRECTION('',(-6.38030276880471E-16,-1.85866045383903E-17,-1.0));
#6578=DIRECTION('',(-0.999968752568555,-0.00790530748846147,6.38157272897177E-16));
#6579=DIRECTION('',(0.00790530748846147,-0.999968752568555,1.35421982290509E-17));
#6580=DIRECTION('',(-0.00790530748846147,0.999968752568555,-1.35421982290509E-17));
#6581=DIRECTION('',(6.38030276880471E-16,1.85866045383903E-17,1.0));
#6582=CARTESIAN_POINT('',(-24.522758293121,14.7090521710046,2.0616492814813));
#6583=DIRECTION('',(-6.38030276880471E-16,-1.85866045383903E-17,-1.0));
#6584=DIRECTION('',(-0.999968752568555,-0.00790530748846148,6.38157272897177E-16));
#6585=CARTESIAN_POINT('',(-24.522758293121,14.7090521710046,2.0616492814813));
#6586=DIRECTION('',(-6.38030276880471E-16,-1.85866045383903E-17,-1.0));
#6587=DIRECTION('',(-0.999968752568555,-0.00790530748846148,6.38157272897177E-16));
#6588=DIRECTION('',(-6.38030276880471E-16,-1.85866045383903E-17,-1.0));
#6589=CARTESIAN_POINT('',(-24.522758293121,14.7090521710046,2.6616492814813));
#6590=DIRECTION('',(-6.38030276880471E-16,-1.85866045383903E-17,-1.0));
#6591=DIRECTION('',(-0.999968752568555,-0.00790530748846148,6.38157272897177E-16));
#6592=DIRECTION('',(0.707084685917683,0.00558989653246999,-0.707106781184743));
#6593=CARTESIAN_POINT('',(-24.522758293121,14.7090521710046,2.6616492814813));
#6594=DIRECTION('',(6.38030276880471E-16,1.85866045383903E-17,1.0));
#6595=DIRECTION('',(-0.999968752568555,-0.00790530748846147,6.38157272897177E-16));
#6596=DIRECTION('',(0.707084685917684,0.00558989653247002,0.707106781184742));
#6597=CARTESIAN_POINT('',(-24.522758293121,14.7090521710046,2.5616492814813));
#6598=DIRECTION('',(-6.38030276880471E-16,-1.85866045383903E-17,-1.0));
#6599=DIRECTION('',(-0.999968752568555,-0.00790530748846147,6.38157272897177E-16));
#6600=DIRECTION('',(0.00790530748846147,-0.999968752568555,1.35421982290509E-17));
#6601=DIRECTION('',(-0.00790530748846147,0.999968752568555,-1.35421982290509E-17));
#6602=DIRECTION('',(0.999968752568555,0.00790530748846125,-6.38157272897177E-16));
#6603=DIRECTION('',(-0.999968752568555,-0.00790530748846125,6.38157272897177E-16));
#6604=DIRECTION('',(-0.988937417180555,-1.25035304692402E-15,0.148333357341674));
#6605=CARTESIAN_POINT('',(-24.522758293121,14.7090521710046,0.579253193461739));
#6606=DIRECTION('',(-6.38030276880471E-16,-1.85866045383903E-17,-1.0));
#6607=DIRECTION('',(-0.999968752568555,-0.00790530748846147,6.38157272897177E-16));
#6608=DIRECTION('',(-0.0156352201635761,0.988813812095171,-0.148333357341672));
#6609=CARTESIAN_POINT('',(-24.522758293121,14.7090521710046,0.561649281481301));
#6610=DIRECTION('',(6.38030276880471E-16,1.85866045383903E-17,1.0));
#6611=DIRECTION('',(-0.999968752568555,-0.00790530748846147,6.38157272897177E-16));
#6612=DIRECTION('',(0.988813812095171,0.0156352201635758,-0.148333357341673));
#6613=CARTESIAN_POINT('',(-24.522758293121,14.7090521710046,0.561649281481301));
#6614=DIRECTION('',(6.38030276880471E-16,1.85866045383903E-17,1.0));
#6615=DIRECTION('',(-0.999968752568555,-0.00790530748846147,6.38157272897177E-16));
#6616=DIRECTION('',(-1.37863828477702E-15,0.988937417180555,0.148333357341672));
#6617=CARTESIAN_POINT('',(-24.522758293121,14.7090521710046,0.579253193461739));
#6618=DIRECTION('',(-6.38030276880471E-16,-1.85866045383903E-17,-1.0));
#6619=DIRECTION('',(-0.999968752568555,-0.00790530748846147,6.38157272897177E-16));
#6620=DIRECTION('',(-0.999968752568555,-0.00790530748846125,6.38157272897177E-16));
#6621=DIRECTION('',(-0.988813812095171,-0.0156352201635758,-0.148333357341671));
#6622=CARTESIAN_POINT('',(-24.522758293121,14.7090521710046,0.561649281481301));
#6623=DIRECTION('',(6.38030276880471E-16,1.85866045383903E-17,1.0));
#6624=DIRECTION('',(-0.999968752568555,-0.00790530748846147,6.38157272897177E-16));
#6625=DIRECTION('',(1.56792063088765E-15,-0.988937417180555,0.148333357341672));
#6626=CARTESIAN_POINT('',(-24.522758293121,14.7090521710046,0.579253193461739));
#6627=DIRECTION('',(-6.38030276880471E-16,-1.85866045383903E-17,-1.0));
#6628=DIRECTION('',(-0.999968752568555,-0.00790530748846147,6.38157272897177E-16));
#6629=DIRECTION('',(-0.00790530748846147,0.999968752568555,-1.35421982290509E-17));
#6630=CARTESIAN_POINT('',(-24.522758293121,14.7090521710046,2.0616492814813));
#6631=DIRECTION('',(-6.38030276880471E-16,-1.85866045383903E-17,-1.0));
#6632=DIRECTION('',(-0.999968752568555,-0.00790530748846148,6.38157272897177E-16));
#6633=CARTESIAN_POINT('',(-24.522758293121,14.7090521710046,2.6616492814813));
#6634=DIRECTION('',(-6.38030276880471E-16,-1.85866045383903E-17,-1.0));
#6635=DIRECTION('',(-0.999968752568555,-0.00790530748846148,6.38157272897177E-16));
#6636=CARTESIAN_POINT('',(-24.522758293121,14.7090521710046,2.6616492814813));
#6637=DIRECTION('',(6.38030276880471E-16,1.85866045383903E-17,1.0));
#6638=DIRECTION('',(-0.999968752568555,-0.00790530748846147,6.38157272897177E-16));
#6639=CARTESIAN_POINT('',(-24.522758293121,14.7090521710046,2.0616492814813));
#6640=DIRECTION('',(6.38030276880471E-16,1.85866045383903E-17,1.0));
#6641=DIRECTION('',(-0.999968752568555,-0.00790530748846147,6.38157272897177E-16));
#6642=CARTESIAN_POINT('',(-24.522758293121,14.7090521710046,2.0616492814813));
#6643=DIRECTION('',(-6.38030276880471E-16,-1.85866045383903E-17,-1.0));
#6644=DIRECTION('',(-0.999968752568555,-0.00790530748846148,6.38157272897177E-16));
#6645=DIRECTION('',(-0.00790530748846147,0.999968752568555,-1.35421982290509E-17));
#6646=DIRECTION('',(0.0156352201635759,-0.988813812095171,-0.148333357341672));
#6647=CARTESIAN_POINT('',(-24.522758293121,14.7090521710046,2.0616492814813));
#6648=DIRECTION('',(6.38030276880471E-16,1.85866045383903E-17,1.0));
#6649=DIRECTION('',(-0.999968752568555,-0.00790530748846147,6.38157272897177E-16));
#6650=DIRECTION('',(-0.999968752568555,-0.00790530748846125,6.38157272897177E-16));
#6651=CARTESIAN_POINT('',(-24.522758293121,14.7090521710046,0.561649281481301));
#6652=DIRECTION('',(6.38030276880471E-16,1.85866045383903E-17,1.0));
#6653=DIRECTION('',(-0.999968752568555,-0.00790530748846147,6.38157272897177E-16));
#6654=DIRECTION('',(0.988937417180555,1.25586707382955E-15,0.148333357341671));
#6655=CARTESIAN_POINT('',(-24.522758293121,14.7090521710046,0.579253193461739));
#6656=DIRECTION('',(-6.38030276880471E-16,-1.85866045383903E-17,-1.0));
#6657=DIRECTION('',(-0.999968752568555,-0.00790530748846147,6.38157272897177E-16));
#6658=DIRECTION('',(-0.0,-0.0,1.0));
#6659=CARTESIAN_POINT('',(-21.982758293121,14.7090521710046,0.0));
#6660=DIRECTION('',(0.0,0.0,-1.0));
#6661=DIRECTION('',(0.91445676040263,-0.404683621306727,0.0));
#6662=DIRECTION('',(0.0,0.0,1.0));
#6663=CARTESIAN_POINT('',(-21.982758293121,14.7090521710046,2.9));
#6664=DIRECTION('',(0.0,0.0,-1.0));
#6665=DIRECTION('',(0.91445676040263,-0.404683621306727,0.0));
#6666=DIRECTION('',(-0.0,0.0,-1.0));
#6667=CARTESIAN_POINT('',(-21.982758293121,14.7090521710046,0.0));
#6668=DIRECTION('',(0.0,0.0,1.0));
#6669=DIRECTION('',(-1.0,0.0,0.0));
#6670=DIRECTION('',(0.0,-0.0,1.0));
#6671=CARTESIAN_POINT('',(-21.982758293121,14.7090521710046,-0.7));
#6672=DIRECTION('',(0.0,0.0,1.0));
#6673=DIRECTION('',(-1.0,0.0,0.0));
#6674=DIRECTION('',(-0.0,-0.0,-1.0));
#6675=CARTESIAN_POINT('',(-24.522758293121,14.7090521710046,1.9));
#6676=DIRECTION('',(0.0,0.0,1.0));
#6677=DIRECTION('',(1.0,0.0,0.0));
#6678=DIRECTION('',(-0.0,0.0,1.0));
#6679=CARTESIAN_POINT('',(-24.522758293121,14.7090521710046,0.0));
#6680=DIRECTION('',(0.0,0.0,1.0));
#6681=DIRECTION('',(1.0,0.0,0.0));
#6682=DIRECTION('',(-0.0,-0.0,-1.0));
#6683=CARTESIAN_POINT('',(-24.522758293121,14.7090521710046,2.9));
#6684=DIRECTION('',(0.0,0.0,-1.0));
#6685=DIRECTION('',(1.0,0.0,0.0));
#6686=DIRECTION('',(-0.0,0.0,1.0));
#6687=CARTESIAN_POINT('',(-24.522758293121,14.7090521710046,1.9));
#6688=DIRECTION('',(0.0,0.0,1.0));
#6689=DIRECTION('',(1.0,0.0,0.0));
#6690=DIRECTION('',(-0.0,-0.0,-1.0));
#6691=CARTESIAN_POINT('',(-21.982758293121,12.1690521710046,1.9));
#6692=DIRECTION('',(0.0,-0.0,1.0));
#6693=DIRECTION('',(6.12303176911189E-17,1.0,0.0));
#6694=DIRECTION('',(0.0,-0.0,1.0));
#6695=CARTESIAN_POINT('',(-21.982758293121,12.1690521710046,0.0));
#6696=DIRECTION('',(0.0,-0.0,1.0));
#6697=DIRECTION('',(6.12303176911189E-17,1.0,0.0));
#6698=DIRECTION('',(-0.0,-0.0,-1.0));
#6699=CARTESIAN_POINT('',(-21.982758293121,12.1690521710046,2.9));
#6700=DIRECTION('',(0.0,0.0,-1.0));
#6701=DIRECTION('',(6.12303176911189E-17,1.0,0.0));
#6702=DIRECTION('',(0.0,-0.0,1.0));
#6703=CARTESIAN_POINT('',(-21.982758293121,12.1690521710046,1.9));
#6704=DIRECTION('',(0.0,-0.0,1.0));
#6705=DIRECTION('',(6.12303176911189E-17,1.0,0.0));
#6706=DIRECTION('',(-0.0,-0.0,-1.0));
#6707=CARTESIAN_POINT('',(-19.442758293121,14.7090521710046,1.9));
#6708=DIRECTION('',(0.0,0.0,1.0));
#6709=DIRECTION('',(-1.0,1.22460635382238E-16,0.0));
#6710=DIRECTION('',(0.0,0.0,1.0));
#6711=CARTESIAN_POINT('',(-19.442758293121,14.7090521710046,0.0));
#6712=DIRECTION('',(0.0,0.0,1.0));
#6713=DIRECTION('',(-1.0,1.22460635382238E-16,0.0));
#6714=DIRECTION('',(-0.0,-0.0,-1.0));
#6715=CARTESIAN_POINT('',(-19.442758293121,14.7090521710046,2.9));
#6716=DIRECTION('',(0.0,0.0,-1.0));
#6717=DIRECTION('',(-1.0,1.22460635382238E-16,0.0));
#6718=DIRECTION('',(0.0,0.0,1.0));
#6719=CARTESIAN_POINT('',(-19.442758293121,14.7090521710046,1.9));
#6720=DIRECTION('',(0.0,0.0,1.0));
#6721=DIRECTION('',(-1.0,1.22460635382238E-16,0.0));
#6722=CARTESIAN_POINT('',(-19.442758293121,14.7090521710046,1.9));
#6723=DIRECTION('',(0.0,0.0,1.0));
#6724=DIRECTION('',(-1.0,1.22460635382238E-16,0.0));
#6725=CARTESIAN_POINT('',(-19.442758293121,14.7090521710046,1.9));
#6726=DIRECTION('',(0.0,0.0,1.0));
#6727=DIRECTION('',(-1.0,1.22460635382238E-16,0.0));
#6728=CARTESIAN_POINT('',(-19.442758293121,14.7090521710046,2.9));
#6729=DIRECTION('',(0.0,0.0,-1.0));
#6730=DIRECTION('',(-1.0,1.22460635382238E-16,0.0));
#6731=CARTESIAN_POINT('',(-19.442758293121,14.7090521710046,0.0));
#6732=DIRECTION('',(0.0,0.0,1.0));
#6733=DIRECTION('',(-1.0,1.22460635382238E-16,0.0));
#6734=CARTESIAN_POINT('',(-21.982758293121,12.1690521710046,1.9));
#6735=DIRECTION('',(0.0,-0.0,1.0));
#6736=DIRECTION('',(6.12303176911189E-17,1.0,0.0));
#6737=CARTESIAN_POINT('',(-21.982758293121,12.1690521710046,1.9));
#6738=DIRECTION('',(0.0,-0.0,1.0));
#6739=DIRECTION('',(6.12303176911189E-17,1.0,0.0));
#6740=CARTESIAN_POINT('',(-21.982758293121,12.1690521710046,2.9));
#6741=DIRECTION('',(0.0,0.0,-1.0));
#6742=DIRECTION('',(6.12303176911189E-17,1.0,0.0));
#6743=CARTESIAN_POINT('',(-21.982758293121,12.1690521710046,0.0));
#6744=DIRECTION('',(0.0,-0.0,1.0));
#6745=DIRECTION('',(6.12303176911189E-17,1.0,0.0));
#6746=CARTESIAN_POINT('',(-24.522758293121,14.7090521710046,1.9));
#6747=DIRECTION('',(0.0,0.0,1.0));
#6748=DIRECTION('',(1.0,0.0,0.0));
#6749=CARTESIAN_POINT('',(-24.522758293121,14.7090521710046,1.9));
#6750=DIRECTION('',(0.0,0.0,1.0));
#6751=DIRECTION('',(1.0,0.0,0.0));
#6752=CARTESIAN_POINT('',(-24.522758293121,14.7090521710046,2.9));
#6753=DIRECTION('',(0.0,0.0,-1.0));
#6754=DIRECTION('',(1.0,0.0,0.0));
#6755=CARTESIAN_POINT('',(-24.522758293121,14.7090521710046,0.0));
#6756=DIRECTION('',(0.0,0.0,1.0));
#6757=DIRECTION('',(1.0,0.0,0.0));
#6758=CARTESIAN_POINT('',(-21.982758293121,14.7090521710046,-0.7));
#6759=DIRECTION('',(0.0,0.0,1.0));
#6760=DIRECTION('',(-1.0,0.0,0.0));
#6761=CARTESIAN_POINT('',(-21.982758293121,14.7090521710046,0.0));
#6762=DIRECTION('',(0.0,0.0,1.0));
#6763=DIRECTION('',(-1.0,0.0,0.0));
#6764=CARTESIAN_POINT('',(-24.9879621131638,17.7142559910474,2.9));
#6765=DIRECTION('',(-0.0,0.0,-1.0));
#6766=DIRECTION('',(-0.440307404091263,-0.897847086035486,0.0));
#6767=DIRECTION('',(0.0,0.0,1.0));
#6768=CARTESIAN_POINT('',(-24.9879621131638,17.7142559910474,0.0));
#6769=DIRECTION('',(-0.0,0.0,-1.0));
#6770=DIRECTION('',(-0.440307404091263,-0.897847086035486,0.0));
#6771=DIRECTION('',(0.0,0.0,1.0));
#6772=CARTESIAN_POINT('',(-24.1073473049813,19.5099501631185,2.9));
#6773=DIRECTION('',(0.0,0.0,1.0));
#6774=DIRECTION('',(-0.440307404091164,-0.897847086035535,0.0));
#6775=CARTESIAN_POINT('',(-24.1073473049813,19.5099501631185,0.0));
#6776=DIRECTION('',(0.0,0.0,1.0));
#6777=DIRECTION('',(-0.440307404091164,-0.897847086035535,0.0));
#6778=CARTESIAN_POINT('',(-21.982758293121,14.7090521710046,2.9));
#6779=DIRECTION('',(0.0,0.0,-1.0));
#6780=DIRECTION('',(0.91445676040263,-0.404683621306727,0.0));
#6781=DIRECTION('',(0.0,0.0,1.0));
#6782=CARTESIAN_POINT('',(-21.982758293121,14.7090521710046,0.0));
#6783=DIRECTION('',(0.0,0.0,-1.0));
#6784=DIRECTION('',(0.91445676040263,-0.404683621306727,0.0));
#6785=CARTESIAN_POINT('',(-26.7836562852349,16.8336411828649,2.9));
#6786=DIRECTION('',(0.0,0.0,1.0));
#6787=DIRECTION('',(0.914456760402654,-0.404683621306674,0.0));
#6788=CARTESIAN_POINT('',(-26.7836562852349,16.8336411828649,0.0));
#6789=DIRECTION('',(0.0,0.0,1.0));
#6790=DIRECTION('',(0.914456760402654,-0.404683621306674,0.0));
ENDSEC;
END-ISO-10303-21;
